"Gene_Name","Gene_ID","Homologene_ID","Species_Name","Hgene_Name","mRNA_ID","Protein_ID","Identity_Protein","Identity_DNA"
"ABCB1","5243","55496","H.sapiens","ABCB1","NM_000927.3","NP_000918.2","0.00","0.00"
"ABCB1","5243","55496","P.troglodytes","ABCB1","XM_001163342.1","XP_001163342.1","99.50","99.60"
"ABCB1","5243","55496","C.lupus","ABCB1","NM_001003215.1","NP_001003215.1","90.60","90.10"
"ABCB1","5243","55496","B.taurus","ABCB1","XM_590317.4","XP_590317.4","88.80","87.60"
"ABCB1","5243","55496","M.musculus","Abcb1a","NM_011076.1","NP_035206.1","87.50","86.00"
"ABCB1","5243","55496","R.norvegicus","Abcb1A","NM_133401.1","NP_596892.1","87.60","85.70"
"ABCB1","5243","55496","G.gallus","ABCB1","NM_204894.1","NP_990225.1","73.00","71.70"
"ABCB1","5243","55496","G.gallus","ABCB1","XM_418636.2","XP_418636.2","72.30","72.60"
"ABCB1","5243","55496","D.melanogaster","Mdr50","NM_079016.3","NP_523740.3","44.70","50.90"
"ABCB1","5243","55496","C.elegans","pgp-1","NM_070012.3","NP_502413.1","46.90","51.50"
"ABCB1","5243","55496","C.elegans","pgp-9","NM_075086.2","NP_507487.1","46.90","52.00"
"ABCB1","5243","55496","S.pombe","pmd1","NM_001023255.1","NP_588265.1","41.60","48.00"
"ABCB1","5243","55496","M.grisea","GeneID:2675205","XM_369103.2","XP_369103.2","42.00","48.60"
"ABCB1","5243","55496","N.crassa","NCU07546","XM_953966.2","XP_959059.2","43.60","49.70"
"ABCB1","5243","55496","A.thaliana","AT3G28345","NM_113754.2","NP_189475.1","39.50","48.80"
"ABCB1","5243","55496","A.thaliana","PGP17","NM_113758.1","NP_189479.1","38.40","47.80"
"ABCB1","5243","55496","A.thaliana","AT3G28415","NM_148757.1","NP_683599.1","38.60","48.20"
"ABCB1","5243","55496","A.thaliana","PGP18","NM_113759.1","NP_189480.1","38.40","48.30"
"ABCB1","5243","55496","A.thaliana","PGP16","NM_113756.5","NP_189477.4","38.30","48.20"
"ABCB1","5243","55496","O.sativa","Os02g0190300","NM_001052683.1","NP_001046148.1","39.70","47.70"
"ABCB1","5243","55496","O.sativa","Os02g0190000","NM_001052682.1","NP_001046147.1","39.90","47.70"
"ABCC3","8714","68364","H.sapiens","ABCC3","NM_003786.3","NP_003777.2","0.00","0.00"
"ABCC3","8714","68364","P.troglodytes","ABCC3","XM_001158914.1","XP_001158914.1","98.70","99.10"
"ABCC3","8714","68364","C.lupus","ABCC3","XM_548204.2","XP_548204.2","84.80","86.30"
"ABCC3","8714","68364","B.taurus","ABCC3","XM_612461.4","XP_612461.4","84.90","85.90"
"ABCC3","8714","68364","M.musculus","Abcc3","NM_029600.3","NP_083876.3","81.10","82.40"
"ABCC3","8714","68364","R.norvegicus","Abcc3","NM_080581.1","NP_542148.1","79.60","81.60"
"ABCC3","8714","68364","G.gallus","ABCC3","XM_420102.2","XP_420102.2","70.50","68.00"
"ABCC3","8714","68364","C.elegans","mrp-4","NM_077257.3","NP_509658.1","40.80","47.20"
"ABCC3","8714","68364","C.elegans","mrp-3","NM_078215.3","NP_510616.2","44.30","50.50"
"ABCC3","8714","68364","A.thaliana","ATMRP12","NM_102779.2","NP_174331.2","40.10","46.90"
"ABCC3","8714","68364","A.thaliana","ATMRP13","NM_102778.3","NP_174330.2","40.30","47.20"
"ACOT2","10965","25661","H.sapiens","ACOT2","NM_006821.4","NP_006812.3","0.00","0.00"
"ACOT2","10965","25661","P.troglodytes","ACOT2","XM_001152283.1","XP_001152283.1","98.60","98.60"
"ACOT2","10965","25661","C.lupus","ACOT2","XM_547892.2","XP_547892.2","81.30","84.70"
"ACOT2","10965","25661","B.taurus","ACOT2","NM_001101938.1","NP_001095408.1","81.20","85.70"
"ACOT2","10965","25661","B.taurus","ACOT2","XM_001253039.2","XP_001253040.1","78.20","83.60"
"ACOT2","10965","25661","M.musculus","Acot2","NM_134188.2","NP_598949.2","75.30","79.60"
"ACOT2","10965","25661","R.norvegicus","Acot2","NM_138907.2","NP_620262.2","75.10","79.30"
"ADAM3","80332","11881","H.sapiens","ADAM33","NM_025220.2","NP_079496.1","0.00","0.00"
"ADAM3","80332","11881","C.lupus","ADAM33","XM_542918.2","XP_542918.2","78.10","83.50"
"ADAM3","80332","11881","B.taurus","ADAM33","XM_601929.4","XP_601929.3","75.80","81.70"
"ADAM3","80332","11881","M.musculus","Adam33","NM_033615.1","NP_291093.1","72.70","78.40"
"ADAM3","80332","11881","R.norvegicus","Adam33","XM_230607.4","XP_230607.4","73.00","78.30"
"ADAM3","80332","11881","G.gallus","ADAM33","XM_420886.2","XP_420886.2","58.70","65.90"
"ADAM9","8754","20824","H.sapiens","ADAM9","NM_003816.2","NP_003807.1","0.00","0.00"
"ADAM9","8754","20824","P.troglodytes","ADAM9","XM_519719.2","XP_519719.2","99.80","99.80"
"ADAM9","8754","20824","C.lupus","ADAM9","XM_532798.2","XP_532798.2","92.60","92.10"
"ADAM9","8754","20824","B.taurus","ADAM9","XM_614306.4","XP_614306.4","86.80","87.90"
"ADAM9","8754","20824","M.musculus","Adam9","NM_007404.1","NP_031430.1","86.30","83.50"
"ADAM9","8754","20824","R.norvegicus","Adam9","NM_001014772.1","NP_001014772.1","85.30","83.30"
"ADAM9","8754","20824","G.gallus","ADAM9","NM_001031396.1","NP_001026567.1","71.80","71.90"
"ADAM9","8754","20824","D.rerio","LOC100331817","XM_002663215.1","XP_002663261.1","68.70","67.00"
"ADAMTS5","11096","5109","H.sapiens","ADAMTS5","NM_007038.3","NP_008969.2","0.00","0.00"
"ADAMTS5","11096","5109","P.troglodytes","ADAMTS5","XM_531407.2","XP_531407.2","99.70","99.60"
"ADAMTS5","11096","5109","C.lupus","ADAMTS5","XM_846025.1","XP_851118.1","95.90","90.10"
"ADAMTS5","11096","5109","B.taurus","ADAMTS5","XM_589193.2","XP_589193.2","92.00","87.60"
"ADAMTS5","11096","5109","M.musculus","Adamts5","NM_011782.2","NP_035912.2","90.90","86.00"
"ADAMTS5","11096","5109","R.norvegicus","Adamts5","NM_198761.1","NP_942056.1","91.60","86.00"
"ADAMTS5","11096","5109","G.gallus","ADAMTS5","XM_425541.2","XP_425541.2","85.70","79.10"
"ADAMTS5","11096","5109","D.rerio","LOC565053","XM_688362.4","XP_693454.4","62.60","62.60"
"ADD3","120","40893","H.sapiens","ADD3","NM_016824.3","NP_058432.1","0.00","0.00"
"ADD3","120","40893","P.troglodytes","ADD3","XM_001141198.1","XP_001141198.1","99.70","99.80"
"ADD3","120","40893","C.lupus","ADD3","XM_859166.1","XP_864259.1","96.30","92.60"
"ADD3","120","40893","B.taurus","ADD3","NM_001075194.1","NP_001068662.1","96.00","92.40"
"ADD3","120","40893","M.musculus","Add3","NM_013758.2","NP_038786.2","92.20","86.90"
"ADD3","120","40893","R.norvegicus","Add3","NM_031552.1","NP_113740.1","92.50","86.40"
"ADD3","120","40893","G.gallus","ADD3","NM_204103.1","NP_989434.1","85.90","79.30"
"ADD3","120","40893","D.rerio","add3a","NM_199663.1","NP_955957.1","71.10","67.10"
"AGR2","10551","4674","H.sapiens","AGR2","NM_006408.3","NP_006399.1","0.00","0.00"
"AGR2","10551","4674","C.lupus","AGR2","XM_539450.2","XP_539450.1","95.40","90.30"
"AGR2","10551","4674","B.taurus","AGR2","NM_001040500.1","NP_001035590.1","95.40","92.60"
"AGR2","10551","4674","M.musculus","Agr2","NM_011783.2","NP_035913.1","91.40","87.80"
"AGR2","10551","4674","R.norvegicus","Agr2","XM_216691.4","XP_216691.1","91.40","87.80"
"AGR2","10551","4674","G.gallus","AGR2","XM_418698.2","XP_418698.1","81.20","75.50"
"AGR2","10551","4674","D.rerio","agr2","NM_001012481.1","NP_001012499.1","73.90","69.10"
"AGR2","10551","4674","D.rerio","LOC100329406","XM_002662987.1","XP_002663033.1","73.90","68.90"
"AKT","207","3785","H.sapiens","AKT1","NM_001014431.1","NP_001014431.1","0.00","0.00"
"AKT","207","3785","C.lupus","AKT1","XM_548000.2","XP_548000.2","97.00","91.30"
"AKT","207","3785","B.taurus","AKT1","NM_173986.2","NP_776411.1","96.20","90.80"
"AKT","207","3785","M.musculus","Akt1","NM_009652.2","NP_033782.1","98.30","90.90"
"AKT","207","3785","R.norvegicus","Akt1","NM_033230.1","NP_150233.1","98.10","90.90"
"AKT","207","3785","G.gallus","AKT1","NM_205055.1","NP_990386.1","96.00","76.90"
"AKT","207","3785","D.rerio","akt2l","NM_212815.1","NP_997980.1","77.20","76.00"
"AKT","207","3785","C.elegans","akt-1","NM_001028474.3","NP_001023645.1","59.60","55.80"
"AKT","207","3785","C.elegans","akt-2","NM_077956.4","NP_510357.3","56.20","56.70"
"ALDH1A2","8854","68368","H.sapiens","ALDH1A2","NM_003888.2","NP_003879.2","0.00","0.00"
"ALDH1A2","8854","68368","P.troglodytes","ALDH1A2","XM_001172159.1","XP_001172159.1","99.60","99.40"
"ALDH1A2","8854","68368","C.lupus","ALDH1A2","XM_535494.2","XP_535494.2","99.60","94.20"
"ALDH1A2","8854","68368","M.musculus","Aldh1a2","NM_009022.3","NP_033048.1","97.60","90.20"
"ALDH1A2","8854","68368","R.norvegicus","Aldh1a2","NM_053896.1","NP_446348.1","97.80","90.30"
"ALDH1A2","8854","68368","G.gallus","ALDH1A2","NM_204995.1","NP_990326.1","95.80","83.00"
"ALDH1A2","8854","68368","D.rerio","aldh1a2","NM_131850.1","NP_571925.1","79.50","73.10"
"ALDH1A2","8854","68368","A.gambiae","AgaP_AGAP009944","XM_319075.4","XP_319075.3","62.30","61.40"
"ALDH1A2","8854","68368","S.cerevisiae","ALD6","ALD6_6325196","NP_015264.1","47.30","53.80"
"ALDH1A2","8854","68368","K.lactis","KLLA0E23057g","XM_454992.1","XP_454992.1","49.50","53.40"
"ALPPL2","251","122137","H.sapiens","ALPP","NM_001632.3","NP_001623.3","0.00","0.00"
"ALPPL2","251","122137","H.sapiens","ALPPL2","NM_031313.2","NP_112603.2","97.30","97.80"
"ALPPL2","251","122137","P.troglodytes","ALPPL2","XM_001146156.1","XP_001146156.1","96.40","97.10"
"ALPPL2","251","122137","M.musculus","Alppl2","NM_007433.3","NP_031459.3","75.20","77.40"
"ALPPL2","251","122137","R.norvegicus","Alppl2","XM_346070.3","XP_346071.3","70.90","74.20"
"ALPPL2","251","122137","D.melanogaster","CG3290","NM_137810.1","NP_611654.1","44.00","52.20"
"ALPPL2","251","122137","D.melanogaster","CG3292","NM_137809.1","NP_611653.1","43.40","50.90"
"ALPPL2","251","122137","D.melanogaster","CG3264","NM_137811.2","NP_611655.1","43.10","52.80"
"ANXA2","302","20857","H.sapiens","ANXA2","NM_001002858.2","NP_001002858.1","0.00","0.00"
"ANXA2","302","20857","P.troglodytes","ANXA2","XM_001155637.1","XP_001155637.1","99.10","98.60"
"ANXA2","302","20857","C.lupus","ANXA2","NM_001002961.1","NP_001002961.1","98.80","93.30"
"ANXA2","302","20857","B.taurus","ANXA2","NM_174716.1","NP_777141.1","98.20","93.00"
"ANXA2","302","20857","M.musculus","Anxa2","NM_007585.3","NP_031611.1","97.60","89.60"
"ANXA2","302","20857","R.norvegicus","Anxa2","NM_019905.1","NP_063970.1","96.80","89.60"
"ANXA2","302","20857","G.gallus","ANXA2","NM_205351.1","NP_990682.1","89.70","81.20"
"ANXA2","302","20857","D.rerio","anxa2a","NM_181761.2","NP_861426.1","67.40","67.30"
"ANXA2","302","20857","D.rerio","anxa2b","NM_001105600.1","NP_001099070.1","65.10","64.90"
"APC","324","30950","H.sapiens","APC","NM_000038.4","NP_000029.2","0.00","0.00"
"APC","324","30950","P.troglodytes","APC","XM_001143366.1","XP_001143366.1","98.90","99.10"
"APC","324","30950","C.lupus","APC","XM_536285.2","XP_536285.2","92.70","89.20"
"APC","324","30950","B.taurus","APC","XM_001787603.1","XP_001787655.1","94.80","91.90"
"APC","324","30950","M.musculus","Apc","NM_007462.2","NP_031488.2","90.80","87.50"
"APC","324","30950","R.norvegicus","Apc","NM_012499.1","NP_036631.1","90.30","86.10"
"APC","324","30950","G.gallus","APC","XM_001233410.1","XP_001233411.1","84.10","79.20"
"APC","324","30950","D.rerio","apc","NM_001143840.1","NP_001137312.1","70.80","66.80"
"AR","367","28","H.sapiens","AR","NM_000044.2","NP_000035.2","0.00","0.00"
"AR","367","28","C.lupus","AR","NM_001003053.1","NP_001003053.1","92.60","89.10"
"AR","367","28","B.taurus","AR","XM_001253942.2","XP_001253943.2","92.80","90.50"
"AR","367","28","M.musculus","Ar","NM_013476.3","NP_038504.1","89.50","87.90"
"AR","367","28","R.norvegicus","Ar","NM_012502.1","NP_036634.1","90.00","88.10"
"AR","367","28","G.gallus","AR","NM_001040090.1","NP_001035179.1","72.00","71.20"
"AREG","374","1252","H.sapiens","AREG","NM_001657.2","NP_001648.1","0.00","0.00"
"AREG","374","1252","H.sapiens","AREGB","XM_001125684.3","XP_001125684.1","100.00","99.90"
"AREG","374","1252","P.troglodytes","AREG","XM_517224.2","XP_517224.2","98.00","99.10"
"AREG","374","1252","C.lupus","AREGB","XM_532410.2","XP_532410.2","81.20","85.20"
"AREG","374","1252","B.taurus","AREGB","NM_001099092.1","NP_001092562.1","79.70","85.80"
"AREG","374","1252","M.musculus","Areg","NM_009704.3","NP_033834.1","72.20","78.10"
"AREG","374","1252","R.norvegicus","Areg","NM_017123.1","NP_058819.1","73.40","77.30"
"AREG","374","1252","G.gallus","AREGB","NM_001031537.1","NP_001026708.1","51.20","58.70"
"ARL4A","10124","4194","H.sapiens","ARL4A","NM_001037164.1","NP_001032241.1","0.00","0.00"
"ARL4A","10124","4194","P.troglodytes","ARL4A","XM_001147693.1","XP_001147693.1","100.00","99.50"
"ARL4A","10124","4194","B.taurus","ARL4A","NM_001076985.1","NP_001070453.1","99.50","94.50"
"ARL4A","10124","4194","M.musculus","Arl4a","NM_007487.3","NP_031513.1","99.50","92.50"
"ARL4A","10124","4194","R.norvegicus","Arl4a","NM_019186.1","NP_062059.1","99.50","93.30"
"ARL4A","10124","4194","G.gallus","ARL4A","XM_418690.2","XP_418690.1","96.50","80.80"
"ARL4A","10124","4194","D.rerio","arl4l","NM_200318.2","NP_956612.1","80.50","69.80"
"ARL4A","10124","4194","D.melanogaster","CG2219","NM_143648.1","NP_651905.1","56.80","58.00"
"ASRGL1","80150","11825","H.sapiens","ASRGL1","NM_001083926.1","NP_001077395.1","0.00","0.00"
"ASRGL1","80150","11825","P.troglodytes","ASRGL1","XM_001141096.1","XP_001141096.1","98.40","99.20"
"ASRGL1","80150","11825","C.lupus","ASRGL1","XM_540910.2","XP_540910.1","83.10","83.20"
"ASRGL1","80150","11825","B.taurus","ASRGL1","NM_001077035.1","NP_001070503.1","82.40","82.30"
"ASRGL1","80150","11825","M.musculus","Asrgl1","NM_025610.3","NP_079886.2","78.40","79.60"
"ASRGL1","80150","11825","R.norvegicus","Asrgl1","NM_145089.2","NP_659557.1","77.70","78.50"
"ASRGL1","80150","11825","G.gallus","ASRGL1","XM_419885.2","XP_419885.1","66.40","66.90"
"ASRGL1","80150","11825","D.rerio","zgc:103568","NM_001013529.1","NP_001013547.1","62.70","61.00"
"ASRGL1","80150","11825","D.melanogaster","CG7860","NM_132811.2","NP_573039.1","45.20","53.30"
"ASRGL1","80150","11825","A.gambiae","AgaP_AGAP011098","XM_309550.3","XP_309550.3","42.90","48.40"
"ASRGL1","80150","11825","A.thaliana","AT3G16150","NM_112485.3","NP_566536.1","45.00","49.70"
"ATAD2","29028","6044","H.sapiens","ATAD2","NM_014109.3","NP_054828.2","0.00","0.00"
"ATAD2","29028","6044","P.troglodytes","ATAD2","XM_001148894.1","XP_001148894.1","99.10","99.30"
"ATAD2","29028","6044","C.lupus","ATAD2","XM_845427.1","XP_850520.1","92.80","91.80"
"ATAD2","29028","6044","M.musculus","Atad2","NM_027435.2","NP_081711.2","85.10","85.40"
"ATAD2","29028","6044","R.norvegicus","Atad2","XM_235326.4","XP_235326.4","83.10","84.30"
"ATAD2","29028","6044","G.gallus","ATAD2","XM_418453.2","XP_418453.2","62.90","66.60"
"ATAD2","29028","6044","D.rerio","LOC563039","XM_686405.4","XP_691497.4","60.40","60.20"
"ATAD2","29028","6044","C.elegans","lex-1","NM_069888.5","NP_502289.2","38.60","47.80"
"ATAD2","29028","6044","A.thaliana","AT1G05910","NM_100472.1","NP_563753.1","41.50","51.20"
"ATAD2","29028","6044","O.sativa","Os09g0515100","NM_001070199.1","NP_001063664.1","48.80","54.60"
"ATP2C2","9914","73463","H.sapiens","ATP2C2","NM_014861.2","NP_055676.2","0.00","0.00"
"ATP2C2","9914","73463","P.troglodytes","ATP2C2","XM_511142.2","XP_511142.2","98.90","99.10"
"ATP2C2","9914","73463","C.lupus","ATP2C2","XM_536762.2","XP_536762.2","88.40","85.90"
"ATP2C2","9914","73463","B.taurus","ATP2C2","XM_587457.4","XP_587457.4","87.10","85.40"
"ATP2C2","9914","73463","M.musculus","Atp2c2","XM_486167.5","XP_486167.5","84.70","82.00"
"ATP8A2","51761","4443","H.sapiens","ATP8A2","NM_016529.4","NP_057613.4","0.00","0.00"
"ATP8A2","51761","4443","P.troglodytes","ATP8A2","XM_522636.2","XP_522636.2","99.80","99.70"
"ATP8A2","51761","4443","M.musculus","Atp8a2","NM_015803.2","NP_056618.1","94.60","86.70"
"ATP8A2","51761","4443","G.gallus","ATP8A2","XM_417130.2","XP_417130.2","83.70","78.40"
"ATP8A2","51761","4443","D.rerio","atp8a2","XM_002666649.1","XP_002666695.1","77.20","70.00"
"ATP8A2","51761","4443","S.pombe","SPBC887.12","NM_001022406.1","NP_596486.1","49.00","52.50"
"ATP8A2","51761","4443","S.cerevisiae","DRS2","DRS2_6319293","NP_009376.1","46.70","51.50"
"ATP8A2","51761","4443","K.lactis","KLLA0A04015g","XM_451177.1","XP_451177.1","48.30","51.10"
"ATP8A2","51761","4443","E.gossypii","AGOS_ADR350W","NM_209799.1","NP_984446.1","45.90","51.30"
"ATP8A2","51761","4443","M.grisea","GeneID:5048853","XM_001403411.1","XP_001403448.1","49.70","53.20"
"ATP8A2","51761","4443","N.crassa","NCU00352","XM_952730.1","XP_957823.1","47.40","51.90"
"ATP8A2","51761","4443","A.thaliana","ALA3","NM_104675.2","NP_176191.1","44.90","50.90"
"ATP8A2","51761","4443","O.sativa","Os10g0412000","NM_001071121.1","NP_001064586.1","45.60","50.70"
"ATP8A2","51761","4443","P.falciparum","ATPase2","XM_001350560.1","XP_001350596.1","37.00","46.20"
"ATP8B2","57198","23226","H.sapiens","ATP8B2","NM_020452.3","NP_065185.1","0.00","0.00"
"ATP8B2","57198","23226","P.troglodytes","ATP8B2","XM_001151835.1","XP_001151835.1","99.70","99.40"
"ATP8B2","57198","23226","C.lupus","ATP8B2","XM_547569.2","XP_547569.2","95.10","89.70"
"ATP8B2","57198","23226","B.taurus","ATP8B2","XM_001253648.1","XP_001253649.1","98.30","92.40"
"ATP8B2","57198","23226","M.musculus","Atp8b2","NM_001081182.1","NP_001074651.1","97.10","90.70"
"ATP8B2","57198","23226","R.norvegicus","LOC685152","XM_001062555.1","XP_001062555.1","97.40","90.60"
"ATP8B2","57198","23226","D.rerio","LOC559291","XM_682623.3","XP_687715.3","74.20","71.40"
"ATP8B2","57198","23226","D.melanogaster","CG14741","NM_169450.2","NP_731669.2","59.30","61.00"
"ATP8B2","57198","23226","A.gambiae","AgaP_AGAP002644","XM_312283.4","XP_312283.4","62.40","61.50"
"ATP8B2","57198","23226","C.elegans","tat-2","NM_001028081.1","NP_001023252.1","58.00","56.90"
"ATP8B2","57198","23226","S.pombe","SPAC24B11.12c","NM_001018250.1","NP_592849.1","40.20","47.80"
"ATP8B2","57198","23226","K.lactis","KLLA0C17644g","XM_452988.1","XP_452988.1","40.60","47.00"
"ATP8B2","57198","23226","E.gossypii","AGOS_AGR120C","NM_211848.1","NP_986786.1","39.30","48.20"
"ATP8B2","57198","23226","M.grisea","GeneID:2682772","XM_366691.2","XP_366691.2","40.10","51.50"
"ATP8B2","57198","23226","N.crassa","NCU07443","XM_959537.1","XP_964630.1","39.70","51.10"
"ATP8B2","57198","23226","A.thaliana","AT3G27870","NM_113703.1","NP_189425.1","40.90","49.40"
"ATP8B2","57198","23226","A.thaliana","ACA.l","NM_101192.2","NP_172780.1","43.00","51.50"
"ATP8B2","57198","23226","A.thaliana","AT1G26130","NM_102378.1","NP_173938.1","42.70","51.50"
"ATP8B2","57198","23226","A.thaliana","AT1G68710","NM_105543.5","NP_177038.1","42.30","50.00"
"ATP8B2","57198","23226","A.thaliana","AT1G54280","NM_104306.1","NP_175830.1","42.50","51.40"
"ATP8B2","57198","23226","A.thaliana","AT3G13900","NM_112244.4","NP_188006.4","43.00","50.60"
"ATP8B2","57198","23226","A.thaliana","AT1G72700","NM_105929.3","NP_177414.1","41.30","50.50"
"ATP8B2","57198","23226","A.thaliana","AT1G17500","NM_101612.3","NP_173193.2","41.00","49.70"
"ATP8B2","57198","23226","A.thaliana","AT3G25610","NM_113459.1","NP_189189.1","41.70","50.50"
"ATP9B","374868","21915","H.sapiens","ATP9B","NM_198531.3","NP_940933.3","0.00","0.00"
"ATP9B","374868","21915","P.troglodytes","ATP9B","XM_001143568.1","XP_001143568.1","99.70","99.60"
"ATP9B","374868","21915","C.lupus","ATP9B","XM_850875.1","XP_855968.1","92.70","88.10"
"ATP9B","374868","21915","B.taurus","ATP9B","NM_001080255.1","NP_001073724.1","92.20","86.40"
"ATP9B","374868","21915","M.musculus","Atp9b","NM_015805.2","NP_056620.2","93.30","86.80"
"ATP9B","374868","21915","R.norvegicus","Atp9b","XM_225706.4","XP_225706.3","93.00","87.60"
"ATP9B","374868","21915","D.rerio","atp9b","NM_001045154.1","NP_001038619.1","86.50","74.90"
"ATP9B","374868","21915","D.melanogaster","CG31729","NM_135790.3","NP_609634.1","65.80","61.80"
"ATP9B","374868","21915","A.gambiae","AgaP_AGAP008184","XM_317283.4","XP_317283.4","66.60","62.70"
"ATP9B","374868","21915","C.elegans","tat-5","NM_001047200.1","NP_001040665.1","61.60","59.00"
"ATP9B","374868","21915","C.elegans","tat-6","NM_071457.1","NP_503858.1","59.00","58.00"
"ATP9B","374868","21915","S.pombe","SPAC6C3.06c","NM_001019151.1","NP_593720.1","50.80","53.60"
"ATP9B","374868","21915","S.cerevisiae","NEO1","NEO1_6322141","NP_012216.1","52.90","53.90"
"ATP9B","374868","21915","K.lactis","KLLA0C08393g","XM_452573.1","XP_452573.1","52.20","53.60"
"ATP9B","374868","21915","E.gossypii","AGOS_ADL079C","NM_209370.1","NP_984017.1","52.70","53.60"
"ATP9B","374868","21915","M.grisea","GeneID:2677526","XM_361592.2","XP_361592.2","51.70","53.70"
"ATP9B","374868","21915","N.crassa","NCU03818","XM_956114.1","XP_961207.1","51.70","55.20"
"ATP9B","374868","21915","P.falciparum","PFL1125w","XM_001350595.1","XP_001350631.1","38.60","47.30"
"ATR","545","96916","H.sapiens","ATR","NM_001184.3","NP_001175.2","0.00","0.00"
"ATR","545","96916","P.troglodytes","ATR","XM_516792.2","XP_516792.2","99.60","99.70"
"ATR","545","96916","C.lupus","ATR","XM_534295.2","XP_534295.2","95.00","93.00"
"ATR","545","96916","B.taurus","ATR","XM_581054.4","XP_581054.3","93.60","92.00"
"ATR","545","96916","R.norvegicus","Atr","XM_001062084.1","XP_001062084.1","90.40","88.70"
"ATR","545","96916","D.rerio","atr","XM_691071.4","XP_696163.4","66.20","63.50"
"B3GAT3","26229","56554","H.sapiens","B3GAT3","NM_012200.2","NP_036332.2","0.00","0.00"
"B3GAT3","26229","56554","P.troglodytes","B3GAT3","XM_001142393.1","XP_001142393.1","86.90","90.80"
"B3GAT3","26229","56554","C.lupus","B3GAT3","XM_540906.2","XP_540906.2","96.10","91.80"
"B3GAT3","26229","56554","B.taurus","B3GAT3","NM_205805.2","NP_991374.2","95.50","91.50"
"B3GAT3","26229","56554","M.musculus","B3gat3","NM_024256.2","NP_077218.1","95.80","88.20"
"B3GAT3","26229","56554","D.rerio","b3gat3","NM_001015059.1","NP_001015059.1","60.40","63.80"
"B3GAT3","26229","56554","D.rerio","b3gat3","NM_001080062.1","NP_001073531.1","55.90","61.50"
"B3GAT3","26229","56554","D.melanogaster","GlcAT-I","NM_167003.2","NP_726910.1","53.10","55.50"
"B3GAT3","26229","56554","A.gambiae","AgaP_AGAP002801","XM_312113.4","XP_312113.4","55.60","56.90"
"B3GAT3","26229","56554","C.elegans","sqv-8","NM_063675.3","NP_496076.1","49.20","51.20"
"BAMBI","25805","8215","H.sapiens","BAMBI","NM_012342.2","NP_036474.1","0.00","0.00"
"BAMBI","25805","8215","P.troglodytes","BAMBI","XM_001150397.1","XP_001150397.1","98.70","99.00"
"BAMBI","25805","8215","C.lupus","BAMBI","XM_544209.2","XP_544209.1","96.50","92.10"
"BAMBI","25805","8215","B.taurus","BAMBI","NM_001046309.1","NP_001039774.1","94.60","87.60"
"BAMBI","25805","8215","M.musculus","Bambi","NM_026505.2","NP_080781.1","93.10","88.30"
"BAMBI","25805","8215","R.norvegicus","Bambi","NM_139082.2","NP_620782.1","95.80","88.80"
"BAMBI","25805","8215","G.gallus","BAMBI","XM_425974.2","XP_425974.2","93.40","86.00"
"BAMBI","25805","8215","D.rerio","bambia","NM_131784.1","NP_571859.1","77.30","70.10"
"BCAM","4059","21149","H.sapiens","BCAM","NM_005581.3","NP_005572.2","0.00","0.00"
"BCAM","4059","21149","P.troglodytes","BCAM","XM_001161836.1","XP_001161836.1","99.00","99.40"
"BCAM","4059","21149","C.lupus","BCAM","XM_541571.2","XP_541571.2","79.00","83.00"
"BCAM","4059","21149","B.taurus","BCAM","NM_174741.2","NP_777166.1","77.40","82.30"
"BCAM","4059","21149","M.musculus","Bcam","NM_020486.2","NP_065232.1","73.40","75.50"
"BCAM","4059","21149","R.norvegicus","Bcam","NM_031752.2","NP_113940.1","73.60","76.30"
"BCAM","4059","21149","D.rerio","bcam","NM_001076627.1","NP_001070095.1","36.70","47.30"
"BCL2L1","598","7639","H.sapiens","BCL2L1","NM_138578.1","NP_612815.1","0.00","0.00"
"BCL2L1","598","7639","P.troglodytes","BCL2L1","XM_514565.2","XP_514565.2","100.00","99.90"
"BCL2L1","598","7639","C.lupus","BCL2L1","NM_001003072.1","NP_001003072.1","100.00","96.60"
"BCL2L1","598","7639","B.taurus","BCL2L1","NM_001077486.2","NP_001070954.1","97.90","95.00"
"BCL2L1","598","7639","M.musculus","Bcl2l1","NM_009743.4","NP_033873.3","97.90","93.60"
"BCL2L1","598","7639","R.norvegicus","Bcl2l1","NM_001033670.1","NP_001028842.1","97.90","93.80"
"BCL2L1","598","7639","G.gallus","BCL2L1","NM_001025304.1","NP_001020475.1","74.70","75.50"
"BCL2L1","598","7639","D.rerio","bcl2l1","NM_131807.1","NP_571882.1","57.00","60.10"
"BEX5","340542","53470","H.sapiens","BEX5","NM_001012978.2","NP_001012996.1","0.00","0.00"
"BEX5","340542","53470","P.troglodytes","BEX5","XM_521186.2","XP_521186.1","99.10","99.10"
"BEX5","340542","53470","B.taurus","BEX5","NM_001075735.1","NP_001069203.1","76.60","85.60"
"BIRC5","332","37450","H.sapiens","BIRC5","NM_001168.2","NP_001159.2","0.00","0.00"
"BIRC5","332","37450","P.troglodytes","BIRC5","XM_001156931.1","XP_001156931.1","98.60","99.50"
"BIRC5","332","37450","C.lupus","BIRC5","NM_001003348.1","NP_001003348.1","90.80","90.10"
"BIRC5","332","37450","B.taurus","BIRC5","NM_001001855.2","NP_001001855.2","90.10","90.10"
"BIRC5","332","37450","M.musculus","Birc5","NM_009689.2","NP_033819.1","83.60","82.60"
"BIRC5","332","37450","G.gallus","BIRC5","NM_001012318.1","NP_001012318.1","61.00","65.90"
"BIRC5","332","37450","D.rerio","birc5a","NM_194397.2","NP_919378.1","54.30","58.00"
"BIRC5","332","37450","D.rerio","LOC100331847","XM_002663996.1","XP_002664042.1","68.90","65.60"
"BIRC5","332","37450","D.rerio","LOC100332126","XM_002664000.1","XP_002664046.1","54.30","58.00"
"BIRC5","332","37450","D.melanogaster","Det","NM_142351.2","NP_650608.1","41.00","48.70"
"BRAF","673","3197","H.sapiens","BRAF","NM_004333.4","NP_004324.2","0.00","0.00"
"BRAF","673","3197","P.troglodytes","BRAF","XM_001155024.1","XP_001155024.1","99.90","99.80"
"BRAF","673","3197","C.lupus","BRAF","XM_532749.2","XP_532749.2","98.70","94.90"
"BRAF","673","3197","B.taurus","BRAF","XM_864068.3","XP_869161.2","98.50","95.40"
"BRAF","673","3197","M.musculus","Braf","NM_139294.4","NP_647455.2","98.10","93.00"
"BRAF","673","3197","R.norvegicus","Braf","XM_231692.4","XP_231692.4","98.20","92.50"
"BRAF","673","3197","G.gallus","BRAF","NM_205302.1","NP_990633.1","94.60","85.70"
"BRAF","673","3197","D.rerio","braf","NM_205744.3","NP_991307.2","86.40","72.70"
"BRAF","673","3197","D.melanogaster","phl","NM_080308.2","NP_525047.1","48.20","50.90"
"BRAF","673","3197","A.gambiae","AgaP_AGAP004699","XM_318144.4","XP_318144.4","53.70","55.40"
"BRAF","673","3197","C.elegans","lin-45","NM_171367.4","NP_741430.3","48.30","51.80"
"BST2","684","48277","H.sapiens","BST2","NM_004335.2","NP_004326.1","0.00","0.00"
"BST2","684","48277","P.troglodytes","BST2","XM_512491.2","XP_512491.2","97.20","98.10"
"BST2","684","48277","B.taurus","BST2","XM_871059.2","XP_876152.2","48.20","65.20"
"BST2","684","48277","B.taurus","BST2","XM_584000.4","XP_584000.2","49.00","66.40"
"BST2","684","48277","M.musculus","Bst2","NM_198095.2","NP_932763.1","46.70","58.30"
"BST2","684","48277","R.norvegicus","Bst2","NM_198134.1","NP_937767.1","42.20","56.30"
"BTN2A1","11120","56017","H.sapiens","BTN2A1","NM_007049.2","NP_008980.1","0.00","0.00"
"BTN2A1","11120","56017","P.troglodytes","BTN2A1","XM_527269.2","XP_527269.2","98.20","98.70"
"C19ORF33","64073","0","-","-","-","-","0.00","0.00"
"C1QTNF3","114899","12788","H.sapiens","C1QTNF3","NM_181435.4","NP_852100.3","0.00","0.00"
"C1QTNF3","114899","12788","C.lupus","C1QTNF3","XM_848980.1","XP_854073.1","97.50","93.20"
"C1QTNF3","114899","12788","R.norvegicus","C1qtnf3","XM_226833.4","XP_226833.3","94.70","90.50"
"C1QTNF3","114899","12788","G.gallus","C1QTNF3","XM_425002.2","XP_425002.2","78.90","78.60"
"C20orf32","25927","9153","H.sapiens","CNRIP1","NM_015463.2","NP_056278.1","0.00","0.00"
"C20orf32","25927","9153","P.troglodytes","CNRIP1","XM_001167391.1","XP_001167391.1","100.00","99.40"
"C20orf32","25927","9153","C.lupus","CNRIP1","XM_850299.1","XP_855392.1","97.00","92.10"
"C20orf32","25927","9153","B.taurus","CNRIP1","NM_001076183.1","NP_001069651.1","97.00","93.50"
"C20orf32","25927","9153","M.musculus","Cnrip1","NM_029861.2","NP_084137.1","96.30","90.00"
"C20orf32","25927","9153","R.norvegicus","Cnrip1","NM_001014232.1","NP_001014254.1","95.70","89.80"
"C20orf32","25927","9153","G.gallus","CNRIP1","XM_419337.2","XP_419337.1","72.00","72.90"
"C20orf32","25927","9153","D.rerio","cnrip1","XM_679802.2","XP_684894.2","60.50","64.40"
"C8A","731","472","H.sapiens","C8A","NM_000562.2","NP_000553.1","0.00","0.00"
"C8A","731","472","P.troglodytes","C8A","XM_513435.2","XP_513435.2","99.50","99.50"
"C8A","731","472","C.lupus","C8A","XM_536695.2","XP_536695.2","77.90","84.20"
"C8A","731","472","B.taurus","C8A","NM_001046285.1","NP_001039750.1","76.70","82.60"
"C8A","731","472","M.musculus","C8a","NM_146148.1","NP_666260.1","72.60","78.90"
"C8A","731","472","R.norvegicus","C8a","XM_233251.4","XP_233251.4","74.10","79.30"
"C8A","731","472","G.gallus","C8A","XM_426667.2","XP_426667.2","55.00","61.00"
"C8A","731","472","D.rerio","c8a","NM_001003496.1","NP_001003496.1","44.10","52.10"
"CAPG","822","37523","H.sapiens","CAPG","NM_001747.2","NP_001738.2","0.00","0.00"
"CAPG","822","37523","P.troglodytes","CAPG","XM_001166228.1","XP_001166228.1","99.70","99.50"
"CAPG","822","37523","C.lupus","CAPG","XM_540197.2","XP_540197.2","95.10","91.20"
"CAPG","822","37523","B.taurus","CAPG","NM_178574.2","NP_848669.1","91.10","87.70"
"CAPG","822","37523","M.musculus","Capg","NM_001042534.2","NP_001035999.1","92.80","89.40"
"CAPG","822","37523","R.norvegicus","Capg","NM_001013086.1","NP_001013104.1","92.80","88.30"
"CAPG","822","37523","D.rerio","capg","NM_001001594.1","NP_001001594.1","58.20","62.40"
"CAPG","822","37523","D.rerio","LOC565410","XM_688690.3","XP_693782.2","58.30","62.70"
"CAPZA1","829","24376","H.sapiens","CAPZA1","NM_006135.2","NP_006126.1","0.00","0.00"
"CAPZA1","829","24376","P.troglodytes","CAPZA1","XM_513632.2","XP_513632.2","96.50","97.20"
"CAPZA1","829","24376","C.lupus","CAPZA1","XM_857739.1","XP_862832.1","97.20","96.50"
"CAPZA1","829","24376","B.taurus","CAPZA1","NM_001083480.1","NP_001076949.1","98.60","95.90"
"CAPZA1","829","24376","M.musculus","Gm3608","XM_001477985.1","XP_001478035.1","96.50","92.50"
"CAPZA1","829","24376","M.musculus","Capza1","NM_009797.1","NP_033927.1","96.20","92.50"
"CAPZA1","829","24376","R.norvegicus","Capza1","XM_001077010.1","XP_001077010.1","97.20","93.10"
"CAPZA1","829","24376","G.gallus","CAPZA1","NM_205515.1","NP_990846.1","92.30","84.60"
"CAPZA1","829","24376","D.rerio","capza1a","NM_212697.1","NP_997862.1","81.50","76.00"
"CAPZA1","829","24376","D.rerio","capza1b","XM_684025.2","XP_689117.1","81.50","74.60"
"CAPZA1","829","24376","D.melanogaster","cpa","NM_137695.2","NP_611539.1","65.00","61.00"
"CAPZA1","829","24376","A.gambiae","AgaP_AGAP006141","XM_001688742.1","XP_001688794.1","64.80","59.70"
"CAPZA1","829","24376","C.elegans","cap-1","NM_068744.2","NP_501145.1","57.50","57.50"
"CAPZA1","829","24376","A.thaliana","AT3G05520","NM_001161121.1","NP_001154593.1","31.00","47.90"
"CAPZA1","829","24376","O.sativa","Os07g0414800","NM_001065993.1","NP_001059458.1","34.90","49.10"
"CASC2","255082","0","-","-","-","-","0.00","0.00"
"CASP3","836","37912","H.sapiens","CASP3","NM_004346.3","NP_004337.2","0.00","0.00"
"CASP3","836","37912","P.troglodytes","CASP3","NM_001012433.1","NP_001012435.1","99.60","99.50"
"CASP3","836","37912","C.lupus","CASP3","NM_001003042.1","NP_001003042.1","89.20","89.50"
"CASP3","836","37912","B.taurus","CASP3","NM_001077840.1","NP_001071308.1","84.00","86.30"
"CASP3","836","37912","M.musculus","Casp3","NM_009810.2","NP_033940.1","86.60","83.60"
"CASP3","836","37912","R.norvegicus","Casp3","NM_012922.2","NP_037054.1","89.20","84.80"
"CASP3","836","37912","G.gallus","CASP3","NM_204725.1","NP_990056.1","66.90","70.80"
"CASP3","836","37912","A.gambiae","CASPS8","XM_318945.1","XP_318945.3","38.60","48.00"
"CASP7","840","11168","H.sapiens","CASP7","NM_033338.4","NP_203124.1","0.00","0.00"
"CASP7","840","11168","P.troglodytes","CASP7","XM_508043.2","XP_508043.2","99.70","99.40"
"CASP7","840","11168","C.lupus","CASP7","XM_544026.2","XP_544026.2","86.40","85.50"
"CASP7","840","11168","B.taurus","CASP7","XM_604643.4","XP_604643.3","89.40","87.00"
"CASP7","840","11168","M.musculus","Casp7","NM_007611.2","NP_031637.1","82.20","81.70"
"CASP7","840","11168","R.norvegicus","Casp7","NM_022260.2","NP_071596.1","85.10","82.30"
"CASP7","840","11168","G.gallus","CASP7","XM_421764.2","XP_421764.2","73.00","68.30"
"CASP7","840","11168","D.rerio","casp3b","NM_001048066.1","NP_001041531.1","51.40","57.30"
"CASP7","840","11168","D.rerio","casp3a","NM_131877.2","NP_571952.1","57.80","58.10"
"CASP7","840","11168","D.melanogaster","Ice","NM_079827.2","NP_524551.2","46.40","51.60"
"CASP7","840","11168","D.melanogaster","Dcp-1","NM_057626.3","NP_476974.1","44.60","49.60"
"CASP7","840","11168","A.gambiae","CASPS7","XM_316795.3","XP_316795.2","43.20","51.00"
"CCL2","6347","2245","H.sapiens","CCL2","NM_002982.3","NP_002973.1","0.00","0.00"
"CCL2","6347","2245","P.troglodytes","CCL2","XM_001174551.1","XP_001174551.1","100.00","98.70"
"CCL2","6347","2245","C.lupus","CCL2","NM_001003297.1","NP_001003297.1","79.20","84.40"
"CCL2","6347","2245","B.taurus","CCL2","NM_174006.2","NP_776431.1","72.40","81.30"
"CCL2","6347","2245","M.musculus","Ccl12","NM_011331.2","NP_035461.2","68.40","74.70"
"CCL2","6347","2245","R.norvegicus","Ccl12","XM_213425.2","XP_213425.1","64.20","75.10"
"CCL20","6364","3375","H.sapiens","CCL20","NM_004591.2","NP_004582.1","0.00","0.00"
"CCL20","6364","3375","P.troglodytes","CCL20","XM_516133.2","XP_516133.2","99.00","99.00"
"CCL20","6364","3375","C.lupus","CCL20","NM_001005254.1","NP_001005254.1","70.80","83.30"
"CCL20","6364","3375","B.taurus","CCL20","NM_174263.2","NP_776688.1","70.50","81.40"
"CCL20","6364","3375","M.musculus","Ccl20","NM_016960.1","NP_058656.1","64.20","73.00"
"CCL20","6364","3375","R.norvegicus","Ccl20","NM_019233.1","NP_062106.1","62.10","69.80"
"CCL20","6364","3375","G.gallus","CCL20","NM_204438.1","NP_989769.1","55.90","61.60"
"CCNA2","890","55562","H.sapiens","CCNA2","NM_001237.3","NP_001228.1","0.00","0.00"
"CCNA2","890","55562","P.troglodytes","CCNA2","XM_517420.2","XP_517420.1","99.50","99.50"
"CCNA2","890","55562","C.lupus","CCNA2","XM_540965.2","XP_540965.2","91.40","91.80"
"CCNA2","890","55562","B.taurus","CCNA2","NM_001075123.1","NP_001068591.1","90.70","90.60"
"CCNA2","890","55562","M.musculus","Ccna2","NM_009828.1","NP_033958.1","89.10","86.50"
"CCNA2","890","55562","R.norvegicus","Ccna2","NM_053702.1","NP_446154.1","95.00","90.80"
"CCNA2","890","55562","G.gallus","CCNA2","NM_205244.1","NP_990575.1","70.50","67.90"
"CCNA2","890","55562","D.rerio","ccna2","NM_152949.1","NP_694481.1","65.60","64.40"
"CCNA2","890","55562","D.melanogaster","CycA","NM_079306.2","NP_524030.2","49.80","52.80"
"CCNA2","890","55562","A.gambiae","AgaP_AGAP012413","XM_320142.3","XP_320142.3","56.00","56.90"
"CCNA2","890","55562","A.thaliana","CYCA3;4","NM_202254.2","NP_973983.1","45.90","52.40"
"CCNA2","890","55562","A.thaliana","CYCA3;3","NM_103616.1","NP_175155.1","45.90","54.10"
"CCNA2","890","55562","A.thaliana","CYCA3;2","NM_103614.4","NP_564499.3","45.10","53.00"
"CCNA2","890","55562","A.thaliana","CYCA3;1","NM_123674.1","NP_199122.1","43.70","51.20"
"CCNA2","890","55562","O.sativa","Os03g0607600","NM_001057175.1","NP_001050640.1","38.70","45.50"
"CCNA2","890","55562","O.sativa","Os12g0581800","NM_001073669.1","NP_001067137.1","41.20","47.10"
"CCND1","595","1334","H.sapiens","CCND1","NM_053056.2","NP_444284.1","0.00","0.00"
"CCND1","595","1334","C.lupus","CCND1","NM_001005757.1","NP_001005757.1","94.60","91.80"
"CCND1","595","1334","B.taurus","CCND1","NM_001046273.1","NP_001039738.1","93.90","92.60"
"CCND1","595","1334","M.musculus","Ccnd1","NM_007631.2","NP_031657.1","93.90","90.10"
"CCND1","595","1334","R.norvegicus","Ccnd1","NM_171992.2","NP_741989.2","92.90","88.90"
"CCND1","595","1334","G.gallus","CCND1","NM_205381.1","NP_990712.1","87.00","78.50"
"CCND1","595","1334","D.rerio","ccnd1","NM_131025.2","NP_571100.1","77.30","71.10"
"CCND1","595","1334","D.rerio","LOC100334747","XM_002662916.1","XP_002662962.1","77.30","71.20"
"CCNE1","898","14452","H.sapiens","CCNE1","NM_001238.1","NP_001229.1","0.00","0.00"
"CCNE1","898","14452","P.troglodytes","CCNE1","XM_512559.2","XP_512559.2","99.70","99.90"
"CCNE1","898","14452","C.lupus","CCNE1","XM_541724.2","XP_541724.2","86.60","86.60"
"CCNE1","898","14452","B.taurus","CCNE1","XM_612960.4","XP_612960.3","85.90","88.40"
"CCNE1","898","14452","M.musculus","Ccne1","NM_007633.2","NP_031659.2","79.70","79.30"
"CCNE1","898","14452","R.norvegicus","Ccne1","XM_574426.2","XP_574426.2","80.10","79.40"
"CCNE1","898","14452","G.gallus","CCNE1","NM_001031358.1","NP_001026529.1","73.80","74.40"
"CCNE1","898","14452","D.rerio","ccne","NM_130995.1","NP_571070.1","62.00","63.70"
"CCNE1","898","14452","D.melanogaster","CycE","NM_165125.2","NP_723926.1","49.30","52.40"
"CCNE1","898","14452","C.elegans","cye-1","NM_001025857.1","NP_001021028.1","33.60","47.60"
"CCR2","729230","537","H.sapiens","CCR2","NM_001123396.1","NP_001116868.1","0.00","0.00"
"CCR2","729230","537","P.troglodytes","CCR2","XM_001149592.1","XP_001149592.1","99.70","99.20"
"CCR2","729230","537","C.lupus","CCR2","XM_541906.1","XP_541906.1","77.70","80.60"
"CCR2","729230","537","B.taurus","CCR2","XM_584158.3","XP_584158.2","80.00","84.40"
"CCR2","729230","537","M.musculus","Ccr2","NM_009915.1","NP_034045.1","79.70","80.60"
"CCR2","729230","537","R.norvegicus","Ccr2","NM_021866.1","NP_068638.1","80.00","80.90"
"CCR2","729230","537","G.gallus","CCR2","NM_001045835.1","NP_001039300.1","58.30","63.70"
"CCR2","729230","537","D.rerio","LOC100005081","XM_001344184.3","XP_001344220.3","45.90","54.80"
"CCR2","729230","537","D.rerio","LOC100004625","XM_001343843.1","XP_001343879.1","45.40","53.80"
"CCR2","729230","537","D.rerio","LOC100004988","XM_001344115.1","XP_001344151.1","47.40","55.20"
"CCR2","729230","537","D.rerio","LOC100330391","XM_002667278.1","XP_002667324.1","44.40","54.60"
"CD24","100133941","122183","H.sapiens","CD24","NM_013230.2","NP_037362.1","0.00","0.00"
"CD24","100133941","122183","B.taurus","LOC786683","XM_001254294.1","XP_001254295.1","78.90","81.10"
"CD24","100133941","122183","B.taurus","LOC100138326","XM_001788106.1","XP_001788158.1","78.90","81.10"
"CD24","100133941","122183","B.taurus","CD24","XM_001787769.1","XP_001787821.1","78.90","81.10"
"CD248","57124","10699","H.sapiens","CD248","NM_020404.2","NP_065137.1","0.00","0.00"
"CD248","57124","10699","P.troglodytes","CD248","XM_522073.2","XP_522073.2","98.90","99.00"
"CD248","57124","10699","C.lupus","CD248","XM_540833.2","XP_540833.1","83.40","86.10"
"CD248","57124","10699","M.musculus","Cd248","NM_054042.2","NP_473383.1","79.90","82.40"
"CD248","57124","10699","R.norvegicus","Cd248","XM_238151.4","XP_238151.4","78.90","81.60"
"CD44","960","508","H.sapiens","CD44","NM_000610.3","NP_000601.3","0.00","0.00"
"CD44","960","508","P.troglodytes","CD44","XM_001152601.1","XP_001152601.1","98.50","99.10"
"CD44","960","508","M.musculus","Cd44","NM_009851.2","NP_033981.2","71.50","79.40"
"CD44","960","508","R.norvegicus","Cd44","NM_012924.2","NP_037056.2","72.00","80.40"
"CD44","960","508","G.gallus","CD44","XM_001232450.1","XP_001232451.1","54.70","60.50"
"CD44","960","508","D.rerio","LOC100330801","XM_002666970.1","XP_002667016.1","36.10","50.40"
"CD69","969","90963","H.sapiens","CD69","NM_001781.2","NP_001772.1","0.00","0.00"
"CD69","969","90963","P.troglodytes","CD69","XM_520732.2","XP_520732.2","99.50","99.70"
"CD69","969","90963","C.lupus","CD69","XM_534892.2","XP_534892.2","65.70","80.00"
"CD69","969","90963","B.taurus","CD69","NM_174014.2","NP_776439.1","62.30","78.10"
"CD69","969","90963","M.musculus","Cd69","NM_001033122.2","NP_001028294.1","58.40","70.60"
"CD69","969","90963","R.norvegicus","Cd69","NM_134327.1","NP_599154.1","60.20","70.90"
"CD69","969","90963","G.gallus","LOC426336","XM_423996.2","XP_423996.2","35.80","49.50"
"CD69","969","90963","G.gallus","17.5","NM_205429.1","NP_990760.1","39.90","50.20"
"CD69","969","90963","G.gallus","CD69","XM_416058.2","XP_416058.2","35.00","49.30"
"CD69","969","90963","G.gallus","LOC425783","XM_423496.2","XP_423496.2","35.50","48.80"
"CD69","969","90963","G.gallus","CLEC2D","XM_425310.2","XP_425310.2","29.60","46.10"
"CD69","969","90963","G.gallus","Y-Lec1","XM_001231949.1","XP_001231950.1","36.80","48.70"
"CD69","969","90963","G.gallus","LOC417073","XM_415360.2","XP_415360.2","30.50","43.20"
"CD69","969","90963","G.gallus","LOC769656","XM_001232943.1","XP_001232944.1","36.50","52.90"
"CD69","969","90963","G.gallus","LOC417078","XM_415365.2","XP_415365.2","32.90","47.70"
"CD69","969","90963","G.gallus","LOC769384","XM_001232652.1","XP_001232653.1","33.30","47.60"
"CD69","969","90963","G.gallus","LOC769354","XM_001231742.1","XP_001231743.1","35.00","47.90"
"CD69","969","90963","G.gallus","LOC776458","XM_001235978.1","XP_001235979.1","36.50","52.90"
"CD69","969","90963","G.gallus","LOC768754","XM_001231243.1","XP_001231244.1","37.90","50.00"
"CD69","969","90963","G.gallus","LOC425174","XM_422961.2","XP_422961.2","32.00","46.30"
"CD69","969","90963","G.gallus","LOC776463","XM_001235983.1","XP_001235984.1","34.70","46.20"
"CD69","969","90963","G.gallus","LOC769366","XM_001232626.1","XP_001232627.1","33.30","46.50"
"CD69","969","90963","G.gallus","CLEC2B","XM_001232526.1","XP_001232527.1","37.40","50.10"
"CD69","969","90963","G.gallus","CLEC2B","XM_001232735.1","XP_001232736.1","32.50","48.10"
"CD69","969","90963","G.gallus","LOC768352","XM_001231206.1","XP_001231207.1","33.30","46.50"
"CDC20B","166979","65056","H.sapiens","CDC20B","NM_001170402.1","NP_001163873.1","0.00","0.00"
"CDC20B","166979","65056","P.troglodytes","CDC20B","XM_001147536.1","XP_001147536.1","97.90","98.90"
"CDC20B","166979","65056","C.lupus","CDC20B","XM_535236.2","XP_535236.2","80.30","85.50"
"CDC20B","166979","65056","B.taurus","CDC20B","XM_600322.3","XP_600322.3","78.40","84.50"
"CDC20B","166979","65056","M.musculus","Cdc20b","XM_138861.5","XP_138861.5","73.00","78.90"
"CDC20B","166979","65056","G.gallus","CDC20B","XM_423833.2","XP_423833.2","51.80","59.00"
"CDC25B","994","41451","H.sapiens","CDC25B","NM_021873.2","NP_068659.1","0.00","0.00"
"CDC25B","994","41451","P.troglodytes","CDC25B","XM_001162706.1","XP_001162706.1","99.30","99.40"
"CDC25B","994","41451","C.lupus","CDC25B","XM_845093.1","XP_850186.1","86.40","86.40"
"CDC25B","994","41451","B.taurus","CDC25B","XM_866334.3","XP_871427.1","87.80","87.80"
"CDC25B","994","41451","M.musculus","Cdc25b","NM_023117.1","NP_075606.1","81.90","81.80"
"CDC25B","994","41451","R.norvegicus","Cdc25b","NM_133572.1","NP_598256.1","80.70","81.40"
"CDC25B","994","41451","D.rerio","cdc25","NM_001115095.2","NP_001108567.1","51.50","55.90"
"CDCP1","64866","11276","H.sapiens","CDCP1","NM_022842.3","NP_073753.3","0.00","0.00"
"CDCP1","64866","11276","P.troglodytes","CDCP1","XM_001147144.1","XP_001147144.1","98.60","99.10"
"CDCP1","64866","11276","C.lupus","CDCP1","XM_541913.2","XP_541913.2","85.40","86.70"
"CDCP1","64866","11276","B.taurus","CDCP1","XM_612363.4","XP_612363.4","80.30","83.90"
"CDCP1","64866","11276","M.musculus","Cdcp1","NM_133974.3","NP_598735.2","81.30","82.50"
"CDCP1","64866","11276","R.norvegicus","Cdcp1","XM_236747.4","XP_236747.1","81.50","82.40"
"CDCP1","64866","11276","G.gallus","CDCP1","XM_418802.2","XP_418802.2","54.30","59.40"
"CDCP1","64866","11276","D.rerio","zgc:113071","NM_001014333.1","NP_001014355.1","26.60","41.70"
"CDH1","999","20917","H.sapiens","CDH1","NM_004360.3","NP_004351.1","0.00","0.00"
"CDH1","999","20917","P.troglodytes","CDH1","XM_001168150.1","XP_001168150.1","99.70","99.20"
"CDH1","999","20917","C.lupus","CDH1","XM_536807.2","XP_536807.2","83.30","84.20"
"CDH1","999","20917","B.taurus","CDH1","NM_001002763.1","NP_001002763.1","82.20","83.10"
"CDH1","999","20917","M.musculus","Cdh1","NM_009864.2","NP_033994.1","81.40","79.60"
"CDH1","999","20917","R.norvegicus","Cdh1","NM_031334.1","NP_112624.1","81.30","80.10"
"CDH1","999","20917","G.gallus","CDH1","NM_001039258.1","NP_001034347.1","63.70","64.40"
"CDH1","999","20917","D.rerio","cdh1","NM_131820.1","NP_571895.1","45.30","51.90"
"CDH1","999","20917","D.rerio","LOC100330081","XM_002662927.1","XP_002662973.1","47.00","53.00"
"CDH1","999","20917","D.rerio","LOC791686","XM_001331392.3","XP_001331428.3","51.80","57.00"
"CDH1","999","20917","D.rerio","LOC100329859","XM_002662926.1","XP_002662972.1","47.80","53.00"
"CDH1","999","20917","D.rerio","LOC567602","XM_690906.4","XP_695998.4","53.80","57.20"
"CDH3","1001","20425","H.sapiens","CDH3","NM_001793.4","NP_001784.2","0.00","0.00"
"CDH3","1001","20425","P.troglodytes","CDH3","XM_001167934.1","XP_001167934.1","99.40","99.40"
"CDH3","1001","20425","C.lupus","CDH3","XM_848616.1","XP_853709.1","87.70","86.20"
"CDH3","1001","20425","B.taurus","CDH3","XM_614683.4","XP_614683.4","83.50","84.40"
"CDH3","1001","20425","M.musculus","Cdh3","NM_001037809.2","NP_001032898.1","83.30","82.50"
"CDH3","1001","20425","R.norvegicus","Cdh3","XM_226426.4","XP_226426.4","84.20","82.90"
"CDH6","1004","21027","H.sapiens","CDH6","NM_004932.2","NP_004923.1","0.00","0.00"
"CDH6","1004","21027","P.troglodytes","CDH6","XM_517822.2","XP_517822.2","98.90","98.80"
"CDH6","1004","21027","C.lupus","CDH6","XM_536515.2","XP_536515.2","94.40","89.10"
"CDH6","1004","21027","B.taurus","CDH6","NM_001034640.1","NP_001029812.1","97.60","93.00"
"CDH6","1004","21027","M.musculus","Cdh6","NM_007666.3","NP_031692.2","97.10","90.50"
"CDH6","1004","21027","R.norvegicus","Cdh6","NM_012927.1","NP_037059.1","96.10","89.40"
"CDH6","1004","21027","G.gallus","CDH6","NM_001001758.1","NP_001001758.1","87.20","80.80"
"CDH6","1004","21027","D.rerio","cdh6","NM_001013520.1","NP_001013538.1","65.90","65.60"
"CDK4","1019","55429","H.sapiens","CDK4","NM_000075.2","NP_000066.1","0.00","0.00"
"CDK4","1019","55429","P.troglodytes","CDK4","XM_509173.2","XP_509173.2","100.00","99.90"
"CDK4","1019","55429","C.lupus","CDK4","XM_538252.2","XP_538252.1","97.00","90.80"
"CDK4","1019","55429","B.taurus","CDK4","NM_001037594.1","NP_001032683.1","97.00","92.50"
"CDK4","1019","55429","M.musculus","Cdk4","NM_009870.2","NP_034000.1","94.70","88.10"
"CDK4","1019","55429","R.norvegicus","Cdk4","NM_053593.2","NP_446045.1","95.00","87.90"
"CDK4","1019","55429","D.rerio","zgc:153726","NM_001077777.1","NP_001071245.1","74.90","68.60"
"CDKN1A","1026","333","H.sapiens","CDKN1A","NM_000389.3","NP_000380.1","0.00","0.00"
"CDKN1A","1026","333","P.troglodytes","CDKN1A","XM_001157015.1","XP_001157015.1","100.00","99.80"
"CDKN1A","1026","333","C.lupus","CDKN1A","XM_532125.2","XP_532125.2","82.90","83.30"
"CDKN1A","1026","333","B.taurus","CDKN1A","NM_001098958.1","NP_001092428.1","82.00","82.40"
"CDKN1A","1026","333","M.musculus","Cdkn1a","NM_007669.3","NP_031695.1","79.20","76.50"
"CDKN1A","1026","333","R.norvegicus","Cdkn1a","NM_080782.3","NP_542960.1","76.50","76.50"
"CDKN1B","1027","2999","H.sapiens","CDKN1B","NM_004064.3","NP_004055.1","0.00","0.00"
"CDKN1B","1027","2999","P.troglodytes","CDKN1B","XM_522347.2","XP_522347.2","99.40","99.40"
"CDKN1B","1027","2999","C.lupus","CDKN1B","NM_001002957.1","NP_001002957.1","90.40","89.60"
"CDKN1B","1027","2999","B.taurus","CDKN1B","NM_001100346.1","NP_001093816.1","90.90","90.20"
"CDKN1B","1027","2999","M.musculus","Cdkn1b","NM_009875.3","NP_034005.2","87.80","87.20"
"CDKN1B","1027","2999","R.norvegicus","Cdkn1b","NM_031762.2","NP_113950.2","87.20","87.60"
"CDKN1B","1027","2999","G.gallus","CDKN1B","NM_204256.2","NP_989587.1","68.70","76.60"
"CDKN1B","1027","2999","G.gallus","CDKN1B","XM_001233186.1","XP_001233187.1","67.60","77.20"
"CDKN1B","1027","2999","D.rerio","cdkn1b","NM_212792.2","NP_997957.1","46.40","55.20"
"CDKN2A","1029","55430","H.sapiens","CDKN2A","NM_000077.4","NP_000068.1","0.00","0.00"
"CDKN2A","1029","55430","P.troglodytes","CDKN2A","XM_520513.2","XP_520513.1","99.40","99.10"
"CDKN2A","1029","55430","B.taurus","CDKN2A","XM_868375.3","XP_873468.3","83.90","85.90"
"CDKN2A","1029","55430","M.musculus","Cdkn2a","NM_001040654.1","NP_001035744.1","74.40","75.50"
"CDKN2A","1029","55430","R.norvegicus","Cdkn2a","NM_031550.1","NP_113738.1","78.00","77.00"
"CDKN2A","1029","55430","D.rerio","LOC100329528","XM_002660468.1","XP_002660514.1","47.90","52.70"
"CDKN3","1033","3805","H.sapiens","CDKN3","NM_005192.3","NP_005183.2","0.00","0.00"
"CDKN3","1033","3805","P.troglodytes","CDKN3","XM_510234.2","XP_510234.2","98.90","99.60"
"CDKN3","1033","3805","C.lupus","CDKN3","XM_846637.1","XP_851730.1","92.00","91.70"
"CDKN3","1033","3805","B.taurus","CDKN3","NM_001040582.1","NP_001035672.1","92.80","91.60"
"CDKN3","1033","3805","M.musculus","Cdkn3","XM_899867.2","XP_904960.1","89.60","88.50"
"CDKN3","1033","3805","R.norvegicus","Cdkn3","XM_214152.4","XP_214152.2","90.00","89.10"
"CDKN3","1033","3805","D.rerio","cdkn3","NM_001145681.1","NP_001139153.1","59.70","63.80"
"CDR2L","30850","35390","H.sapiens","CDR2L","NM_014603.2","NP_055418.2","0.00","0.00"
"CDR2L","30850","35390","P.troglodytes","CDR2L","XM_523717.2","XP_523717.2","99.60","99.50"
"CDR2L","30850","35390","C.lupus","CDR2L","XM_540425.2","XP_540425.2","95.90","91.50"
"CDR2L","30850","35390","B.taurus","CDR2L","XM_864523.3","XP_869616.3","94.60","91.40"
"CDR2L","30850","35390","M.musculus","Cdr2l","NM_001080929.1","NP_001074398.1","93.30","88.20"
"CDR2L","30850","35390","R.norvegicus","Cdr2l","XM_340933.3","XP_340934.3","94.10","88.50"
"CDR2L","30850","35390","G.gallus","CDR2L","XM_426243.2","XP_426243.2","76.40","76.40"
"CDR2L","30850","35390","D.rerio","zgc:77462","NM_205564.1","NP_991127.1","63.00","67.60"
"CEACAM1","634","113536","H.sapiens","CEACAM5","NM_004363.2","NP_004354.2","0.00","0.00"
"CEACAM1","634","113536","H.sapiens","CEACAM1","NM_001712.4","NP_001703.2","73.90","81.70"
"CEACAM1","634","113536","H.sapiens","CEACAM6","NM_002483.4","NP_002474.3","84.00","89.20"
"CEACAM1","634","113536","D.rerio","ceacam1","NM_001113794.1","NP_001107266.1","34.00","44.70"
"CEACAM1","634","113536","D.rerio","LOC100329893","XM_002664816.1","XP_002664862.1","34.60","45.00"
"CEP290","80184","77213","H.sapiens","CEP290","NM_025114.3","NP_079390.3","0.00","0.00"
"CEP290","80184","77213","C.lupus","CEP290","XM_539708.2","XP_539708.2","92.30","91.90"
"CEP290","80184","77213","B.taurus","CEP290","NM_174722.2","NP_777147.1","82.90","86.40"
"CEP290","80184","77213","R.norvegicus","Cep290","XM_235095.4","XP_235095.4","87.50","86.50"
"CEP290","80184","77213","G.gallus","CEP290","XM_416130.2","XP_416130.2","70.40","74.00"
"CLDN1","9076","9620","H.sapiens","CLDN1","NM_021101.4","NP_066924.1","0.00","0.00"
"CLDN1","9076","9620","P.troglodytes","CLDN1","XM_516949.2","XP_516949.2","100.00","99.50"
"CLDN1","9076","9620","C.lupus","CLDN1","XM_845155.1","XP_850248.1","93.40","91.80"
"CLDN1","9076","9620","B.taurus","CLDN1","NM_001001854.2","NP_001001854.1","92.90","91.30"
"CLDN1","9076","9620","M.musculus","Cldn1","NM_016674.3","NP_057883.1","90.50","88.20"
"CLDN1","9076","9620","R.norvegicus","Cldn1","NM_031699.2","NP_113887.2","90.50","87.20"
"CLDN1","9076","9620","G.gallus","CLDN1","NM_001013611.2","NP_001013629.1","74.40","73.00"
"CLDN1","9076","9620","D.rerio","cldn1","NM_131770.1","NP_571845.1","54.40","61.60"
"CLMP","79827","11705","H.sapiens","ASAM","NM_024769.2","NP_079045.1","0.00","0.00"
"CLMP","79827","11705","C.lupus","LOC489353","XM_546471.2","XP_546471.2","93.80","91.90"
"CLMP","79827","11705","B.taurus","ASAM","NM_001098043.1","NP_001091512.1","90.10","89.20"
"CLMP","79827","11705","M.musculus","9030425E11Rik","NM_133733.3","NP_598494.2","93.00","87.70"
"CLMP","79827","11705","R.norvegicus","Asam","NM_173154.1","NP_775177.1","93.20","87.60"
"CLMP","79827","11705","G.gallus","ASAM","XM_417886.2","XP_417886.2","66.80","67.80"
"CLMP","79827","11705","D.rerio","LOC567179","XM_690472.3","XP_695564.3","52.00","58.10"
"CMTM8","152189","12345","H.sapiens","CMTM8","NM_178868.3","NP_849199.2","0.00","0.00"
"CMTM8","152189","12345","P.troglodytes","CMTM8","XM_516349.2","XP_516349.2","100.00","100.00"
"CMTM8","152189","12345","C.lupus","CMTM8","XM_542744.2","XP_542744.1","98.80","94.00"
"CMTM8","152189","12345","B.taurus","CMTM8","NM_001046358.1","NP_001039823.1","95.40","91.90"
"CMTM8","152189","12345","M.musculus","Cmtm8","NM_027294.2","NP_081570.1","92.50","86.70"
"CMTM8","152189","12345","R.norvegicus","Cmtm8","NM_198754.2","NP_942049.1","91.30","87.30"
"CMTM8","152189","12345","G.gallus","CMTM8","XM_418764.2","XP_418764.2","82.70","79.00"
"CMTM8","152189","12345","D.rerio","zgc:158657","NM_001080645.1","NP_001074114.1","51.90","62.40"
"CNR2","1269","1389","H.sapiens","CNR2","NM_001841.2","NP_001832.1","0.00","0.00"
"CNR2","1269","1389","P.troglodytes","CNR2","XM_513201.2","XP_513201.1","99.70","99.30"
"CNR2","1269","1389","C.lupus","CNR2","XM_850030.1","XP_855123.1","82.20","85.00"
"CNR2","1269","1389","B.taurus","CNR2","XM_589285.3","XP_589285.2","82.70","84.20"
"CNR2","1269","1389","M.musculus","Cnr2","NM_009924.2","NP_034054.2","82.10","82.00"
"CNR2","1269","1389","R.norvegicus","Cnr2","NM_020543.3","NP_065418.2","83.10","82.50"
"CNR2","1269","1389","G.gallus","CNR2","XM_425791.1","XP_425791.1","51.20","56.60"
"CNR2","1269","1389","D.rerio","cnr2","NM_212964.3","NP_998129.3","45.70","51.90"
"CNR2","1269","1389","D.rerio","LOC100150020","XM_001920333.1","XP_001920368.1","45.70","50.80"
"CNTF","1270","8288","H.sapiens","CNTF","NM_000614.3","NP_000605.1","0.00","0.00"
"CNTF","1270","8288","C.lupus","CNTF","XM_540582.2","XP_540582.2","84.50","88.20"
"CNTF","1270","8288","M.musculus","Cntf","NM_170786.2","NP_740756.1","83.40","85.00"
"CNTF","1270","8288","R.norvegicus","Cntf","NM_013166.1","NP_037298.1","84.00","85.20"
"CNTF","1270","8288","G.gallus","CNTF","NM_205492.1","NP_990823.1","45.10","56.20"
"COL3A1","1281","55433","H.sapiens","COL3A1","NM_000090.3","NP_000081.1","0.00","0.00"
"COL3A1","1281","55433","P.troglodytes","COL3A1","XM_001163665.1","XP_001163665.1","100.00","99.90"
"COL3A1","1281","55433","C.lupus","COL3A1","XM_845916.1","XP_851009.1","93.10","87.20"
"COL3A1","1281","55433","B.taurus","COL3A1","NM_001076831.1","NP_001070299.1","91.80","89.60"
"COL3A1","1281","55433","M.musculus","Col3a1","NM_009930.1","NP_034060.1","90.90","87.80"
"COL3A1","1281","55433","R.norvegicus","Col3a1","NM_032085.1","NP_114474.1","90.90","87.50"
"COL3A1","1281","55433","G.gallus","COL3A1","XM_421847.2","XP_421847.2","74.70","72.80"
"COL3A1","1281","55433","A.thaliana","AT1G15830","NM_101451.1","NP_173035.1","37.70","45.80"
"COL4A5","1287","22422","H.sapiens","COL4A5","NM_000495.3","NP_000486.1","0.00","0.00"
"COL4A5","1287","22422","C.lupus","COL4A5","NM_001002979.1","NP_001002979.1","94.40","93.00"
"COL4A5","1287","22422","B.taurus","COL4A5","XM_001790133.1","XP_001790185.1","94.10","92.80"
"COL4A5","1287","22422","M.musculus","Col4a5","NM_007736.3","NP_031762.2","91.30","89.50"
"COL4A5","1287","22422","R.norvegicus","Col4a5","XM_343778.3","XP_343779.2","91.20","88.90"
"COL4A5","1287","22422","G.gallus","COL4A5","XM_420320.2","XP_420320.2","79.70","74.60"
"COL4A5","1287","22422","D.rerio","col4a5","NM_001123230.1","NP_001116702.1","66.60","64.70"
"COL4A5","1287","22422","D.melanogaster","Cg25C","NM_164617.1","NP_723046.1","50.60","50.50"
"COL4A5","1287","22422","A.gambiae","AgaP_AGAP009200","XM_319976.3","XP_319976.3","53.70","50.40"
"COL4A5","1287","22422","C.elegans","let-2","NM_078262.3","NP_510663.1","52.50","54.20"
"COL4A5","1287","22422","C.elegans","emb-9","NM_001027491.2","NP_001022662.1","56.70","55.30"
"COLEC11","78989","11423","H.sapiens","COLEC11","NM_024027.3","NP_076932.1","0.00","0.00"
"COLEC11","78989","11423","P.troglodytes","COLEC11","XM_001150689.1","XP_001150689.1","98.90","98.40"
"COLEC11","78989","11423","C.lupus","COLEC11","XM_843256.1","XP_848349.1","87.60","88.80"
"COLEC11","78989","11423","B.taurus","COLEC11","NM_001076303.1","NP_001069771.1","86.10","85.00"
"COLEC11","78989","11423","M.musculus","Colec11","NM_027866.1","NP_082142.1","91.90","87.00"
"COLEC11","78989","11423","G.gallus","COLEC11","NM_001044665.1","NP_001038130.1","82.70","77.60"
"COLEC11","78989","11423","D.rerio","colec11","NM_001007331.1","NP_001007332.1","69.00","69.00"
"COPS2","9318","3124","H.sapiens","COPS2","NM_004236.3","NP_004227.1","0.00","0.00"
"COPS2","9318","3124","P.troglodytes","COPS2","XM_510388.2","XP_510388.2","100.00","99.90"
"COPS2","9318","3124","C.lupus","COPS2","XM_856916.1","XP_862009.1","99.50","97.20"
"COPS2","9318","3124","B.taurus","COPS2","XM_001250691.2","XP_001250692.2","100.00","97.80"
"COPS2","9318","3124","M.musculus","Cops2","NM_009939.2","NP_034069.2","100.00","94.50"
"COPS2","9318","3124","R.norvegicus","Cops2","NM_153297.1","NP_695209.1","100.00","93.90"
"COPS2","9318","3124","G.gallus","COPS2","NM_001031596.1","NP_001026767.1","99.80","90.80"
"COPS2","9318","3124","D.rerio","cops2","NM_001002055.1","NP_001002055.1","99.30","81.30"
"COPS2","9318","3124","D.melanogaster","alien","NM_078793.5","NP_523517.1","84.00","72.20"
"COPS2","9318","3124","A.gambiae","AgaP_AGAP008598","XM_314698.4","XP_314698.1","84.00","69.20"
"COPS2","9318","3124","C.elegans","csn-2","NM_059339.5","NP_491740.1","67.00","65.20"
"COPS2","9318","3124","S.pombe","csn2","NM_001018700.1","NP_001018220.1","48.80","58.00"
"COPS2","9318","3124","M.grisea","GeneID:2681900","XM_366105.1","XP_366105.1","52.30","54.90"
"COPS2","9318","3124","N.crassa","NCU00593","XM_960640.1","XP_965733.1","52.00","55.60"
"COPS2","9318","3124","A.thaliana","FUS12","NM_128257.3","NP_565632.1","61.50","62.30"
"COPS2","9318","3124","O.sativa","Os01g0279200","NM_001049281.1","NP_001042746.1","65.70","64.30"
"COX7A1","1346","48051","H.sapiens","COX7A1","NM_001864.2","NP_001855.1","0.00","0.00"
"COX7A1","1346","48051","C.lupus","LOC612614","XM_850347.1","XP_855440.1","85.70","84.80"
"COX7A1","1346","48051","B.taurus","COX7A1","NM_176674.2","NP_788847.1","84.40","84.80"
"COX7A1","1346","48051","M.musculus","Cox7a1","NM_009944.3","NP_034074.1","72.70","77.10"
"CRABP2","1382","1415","H.sapiens","CRABP2","NM_001878.2","NP_001869.1","0.00","0.00"
"CRABP2","1382","1415","P.troglodytes","CRABP2","XM_001166367.1","XP_001166367.1","100.00","99.80"
"CRABP2","1382","1415","C.lupus","CRABP2","XM_849822.1","XP_854915.1","95.70","89.90"
"CRABP2","1382","1415","B.taurus","CRABP2","NM_001008670.1","NP_001008670.1","97.10","94.00"
"CRABP2","1382","1415","M.musculus","Crabp2","NM_007759.2","NP_031785.1","93.50","89.40"
"CRABP2","1382","1415","R.norvegicus","Crabp2","NM_017244.1","NP_058940.1","94.20","88.40"
"CRABP2","1382","1415","D.rerio","crabp2b","NM_001012483.2","NP_001012501.2","74.60","70.80"
"CRABP2","1382","1415","D.rerio","crabp2a","NM_182859.1","NP_878279.1","74.60","70.80"
"CRABP2","1382","1415","D.rerio","LOC100332539","XM_002664818.1","XP_002664864.1","70.60","69.60"
"CREB1","1385","3223","H.sapiens","CREB1","NM_134442.3","NP_604391.1","0.00","0.00"
"CREB1","1385","3223","P.troglodytes","CREB1","XM_001139927.1","XP_001139927.1","100.00","99.90"
"CREB1","1385","3223","C.lupus","CREB1","XM_855436.1","XP_860529.1","100.00","96.00"
"CREB1","1385","3223","B.taurus","CREB1","NM_174285.1","NP_776710.1","99.10","95.40"
"CREB1","1385","3223","M.musculus","Creb1","NM_133828.2","NP_598589.2","99.70","95.20"
"CREB1","1385","3223","R.norvegicus","Creb1","NM_134443.1","NP_604392.1","98.50","94.80"
"CREB1","1385","3223","G.gallus","CREB1","NM_204450.2","NP_989781.1","98.80","85.70"
"CREB1","1385","3223","D.rerio","creb1","NM_200909.1","NP_957203.1","91.20","76.50"
"CRISPLD2","83716","41792","H.sapiens","CRISPLD2","NM_031476.3","NP_113664.1","0.00","0.00"
"CRISPLD2","83716","41792","P.troglodytes","CRISPLD2","XM_511148.2","XP_511148.2","95.20","95.50"
"CRISPLD2","83716","41792","C.lupus","CRISPLD2","XM_546797.2","XP_546797.2","87.60","85.70"
"CRISPLD2","83716","41792","B.taurus","CRISPLD2","NM_001100299.1","NP_001093769.1","83.90","84.40"
"CRISPLD2","83716","41792","M.musculus","Crispld2","NM_030209.2","NP_084485.1","77.90","79.00"
"CRISPLD2","83716","41792","G.gallus","CRISPLD2","XM_414180.2","XP_414180.2","73.60","72.70"
"CSNK2B","1460","55572","H.sapiens","CSNK2B","NM_001320.5","NP_001311.3","0.00","0.00"
"CSNK2B","1460","55572","C.lupus","CSNK2B","XM_532075.2","XP_532075.2","100.00","95.70"
"CSNK2B","1460","55572","B.taurus","CSNK2B","NM_001046454.1","NP_001039919.1","100.00","94.90"
"CSNK2B","1460","55572","M.musculus","Csnk2b","NM_009975.2","NP_034105.1","100.00","93.60"
"CSNK2B","1460","55572","R.norvegicus","Csnk2b","NM_001035238.1","NP_001030315.1","100.00","94.40"
"CSNK2B","1460","55572","D.rerio","ck2b","NM_131187.1","NP_571262.1","99.10","85.10"
"CSNK2B","1460","55572","D.rerio","LOC557674","XM_002665529.1","XP_002665575.1","99.10","85.30"
"CSNK2B","1460","55572","D.melanogaster","CkIIbeta","NM_206692.1","NP_996415.1","88.40","74.70"
"CSNK2B","1460","55572","C.elegans","kin-10","NM_059853.2","NP_492254.1","81.70","70.20"
"CSNK2B","1460","55572","S.pombe","ckb1","NM_001020034.1","NP_594606.1","63.80","58.70"
"CSNK2B","1460","55572","S.cerevisiae","CKB2","CKB2_6324613","NP_014682.1","47.60","51.80"
"CSNK2B","1460","55572","K.lactis","KLLA0E21869g","XM_454941.1","XP_454941.1","47.00","50.20"
"CSNK2B","1460","55572","E.gossypii","AGOS_ACR087C","NM_208842.1","NP_983489.1","47.50","56.80"
"CSNK2B","1460","55572","M.grisea","GeneID:2676027","XM_360277.2","XP_360277.2","53.70","58.20"
"CSNK2B","1460","55572","N.crassa","NCU02754","XM_001728354.1","XP_001728406.1","52.90","57.80"
"CSNK2B","1460","55572","A.thaliana","CKB3","NM_115889.4","NP_191584.1","55.70","56.40"
"CSNK2B","1460","55572","A.thaliana","CKB4","NM_130032.2","NP_181996.1","57.80","56.20"
"CTHRC1","115908","16320","H.sapiens","CTHRC1","NM_138455.2","NP_612464.1","0.00","0.00"
"CTHRC1","115908","16320","P.troglodytes","CTHRC1","XM_001157002.1","XP_001157002.1","100.00","99.60"
"CTHRC1","115908","16320","B.taurus","CTHRC1","NM_001081536.1","NP_001075005.1","95.50","90.90"
"CTHRC1","115908","16320","M.musculus","Cthrc1","NM_026778.2","NP_081054.1","94.70","88.10"
"CTHRC1","115908","16320","R.norvegicus","Cthrc1","NM_172333.1","NP_758836.1","95.50","87.90"
"CTHRC1","115908","16320","G.gallus","CTHRC1","XM_418373.2","XP_418373.2","86.60","76.00"
"CTNNB1","1499","1434","H.sapiens","CTNNB1","NM_001098209.1","NP_001091679.1","0.00","0.00"
"CTNNB1","1499","1434","P.troglodytes","CTNNB1","XM_001138191.1","XP_001138191.1","100.00","99.70"
"CTNNB1","1499","1434","C.lupus","CTNNB1","XM_856043.1","XP_861136.1","99.50","95.60"
"CTNNB1","1499","1434","B.taurus","CTNNB1","NM_001076141.1","NP_001069609.1","99.90","94.60"
"CTNNB1","1499","1434","M.musculus","Ctnnb1","NM_007614.2","NP_031640.1","99.90","90.50"
"CTNNB1","1499","1434","R.norvegicus","Ctnnb1","NM_053357.2","NP_445809.2","99.70","89.80"
"CTNNB1","1499","1434","G.gallus","CTNNB1","NM_205081.1","NP_990412.1","99.40","84.60"
"CTNNB1","1499","1434","D.rerio","ctnnb1","NM_131059.2","NP_571134.2","97.30","78.40"
"CTNNB1","1499","1434","D.melanogaster","arm","NM_057317.3","NP_476665.2","73.30","64.30"
"CTNNB1","1499","1434","A.gambiae","AgaP_AGAP001043","XM_309245.4","XP_309245.4","71.40","62.70"
"CTNNB1","1499","1434","C.elegans","hmp-2","NM_061165.4","NP_493566.1","37.30","46.70"
"CTNND1","1500","1017","H.sapiens","CTNND1","NM_001085458.1","NP_001078927.1","0.00","0.00"
"CTNND1","1500","1017","P.troglodytes","CTNND1","XM_001140660.1","XP_001140660.1","99.80","99.70"
"CTNND1","1500","1017","C.lupus","CTNND1","XM_844539.1","XP_849632.1","98.00","93.80"
"CTNND1","1500","1017","B.taurus","CTNND1","XM_593164.4","XP_593164.4","95.80","88.10"
"CTNND1","1500","1017","M.musculus","Ctnnd1","NM_007615.3","NP_031641.2","97.80","90.80"
"CTNND1","1500","1017","R.norvegicus","Ctnnd1","XM_242062.4","XP_242062.4","98.10","91.20"
"CTNND1","1500","1017","G.gallus","CTNND1","XM_001232050.1","XP_001232051.1","85.90","77.40"
"CTNND1","1500","1017","D.rerio","LOC556726","XM_679599.4","XP_684691.4","63.90","62.00"
"CTNND1","1500","1017","D.rerio","LOC100334714","XM_002660535.1","XP_002660581.1","63.30","61.70"
"CTSB","1508","37550","H.sapiens","CTSB","NM_001908.3","NP_001899.1","0.00","0.00"
"CTSB","1508","37550","P.troglodytes","CTSB","XM_519607.2","XP_519607.2","96.70","95.90"
"CTSB","1508","37550","C.lupus","CTSB","XM_543203.2","XP_543203.2","84.70","86.20"
"CTSB","1508","37550","B.taurus","CTSB","NM_174031.2","NP_776456.1","83.60","85.30"
"CTSB","1508","37550","M.musculus","Ctsb","NM_007798.2","NP_031824.1","79.50","80.30"
"CTSB","1508","37550","R.norvegicus","Ctsb","NM_022597.2","NP_072119.2","79.50","80.40"
"CTSB","1508","37550","G.gallus","CTSB","NM_205371.1","NP_990702.1","77.40","75.50"
"CTSB","1508","37550","D.rerio","ctsba","NM_213336.2","NP_998501.1","73.20","69.70"
"CTSB","1508","37550","D.melanogaster","CG10992","NM_132692.2","NP_572920.1","60.10","59.80"
"CTSB","1508","37550","A.gambiae","AgaP_AGAP004533","XM_313835.4","XP_313835.4","59.90","58.60"
"CTSB","1508","37550","A.thaliana","AT1G02305","NM_100111.3","NP_563648.1","50.30","53.70"
"CTSB","1508","37550","A.thaliana","AT1G02300","NM_100110.2","NP_563647.1","53.10","55.40"
"CTSB","1508","37550","A.thaliana","AT4G01610","NM_116392.3","NP_567215.1","52.40","54.20"
"CTSD","1509","55616","H.sapiens","CTSD","NM_001909.3","NP_001900.1","0.00","0.00"
"CTSD","1509","55616","C.lupus","CTSD","NM_001025621.1","NP_001020792.1","88.50","87.70"
"CTSD","1509","55616","B.taurus","CTSD","XM_609913.4","XP_609913.4","83.80","85.60"
"CTSD","1509","55616","M.musculus","Ctsd","NM_009983.2","NP_034113.1","81.90","80.40"
"CTSD","1509","55616","R.norvegicus","Ctsd","NM_134334.2","NP_599161.2","83.30","81.30"
"CTSD","1509","55616","G.gallus","CTSD","NM_205177.1","NP_990508.1","69.90","71.70"
"CTSD","1509","55616","D.rerio","ctsd","NM_131710.1","NP_571785.1","67.60","66.80"
"CTSD","1509","55616","D.melanogaster","cathD","NM_143756.2","NP_652013.1","55.80","61.00"
"CTSD","1509","55616","A.gambiae","AgaP_AGAP003277","XM_307784.3","XP_307784.1","58.80","62.10"
"CTSD","1509","55616","C.elegans","asp-4","NM_077790.4","NP_510191.1","60.20","58.80"
"CTSD","1509","55616","S.cerevisiae","PEP4","PEP4_6325103","NP_015171.1","43.70","49.20"
"CTSD","1509","55616","K.lactis","KLLA0D05929g","XM_453326.1","XP_453326.1","43.60","48.20"
"CTSD","1509","55616","M.grisea","GeneID:2674470","XM_368322.1","XP_368322.1","46.80","55.60"
"CTSD","1509","55616","N.crassa","NCU02273","XM_954824.2","XP_959917.1","45.30","53.40"
"CTSD","1509","55616","A.thaliana","AT4G04460","NM_116684.3","NP_192355.","50.40","54.60"
"CTSH","1512","36159","H.sapiens","CTSH","NM_004390.3","NP_004381.2","0.00","0.00"
"CTSH","1512","36159","P.troglodytes","CTSH","XM_001153217.1","XP_001153217.1","99.70","99.50"
"CTSH","1512","36159","C.lupus","CTSH","XM_536212.2","XP_536212.2","88.40","85.50"
"CTSH","1512","36159","B.taurus","CTSH","NM_001034385.1","NP_001029557.1","86.30","86.80"
"CTSH","1512","36159","M.musculus","Ctsh","NM_007801.1","NP_031827.1","83.20","82.70"
"CTSH","1512","36159","R.norvegicus","Ctsh","NM_012939.1","NP_037071.1","83.20","83.50"
"CTSH","1512","36159","G.gallus","CTSH","XM_001232764.1","XP_001232765.1","80.10","74.90"
"CTSH","1512","36159","D.rerio","ctsh","NM_212688.1","NP_997853.1","67.50","67.80"
"CTSH","1512","36159","A.thaliana","AT3G45310","NM_114400.3","NP_566880.1","52.10","53.90"
"CTSH","1512","36159","A.thaliana","AALP","NM_125429.3","NP_568921.1","53.90","54.80"
"CTSH","1512","36159","O.sativa","Os09g0442300","NM_001069824.1","NP_001063289.1","50.70","56.20"
"CTSW","1521","37471","H.sapiens","CTSW","NM_001335.3","NP_001326.2","0.00","0.00"
"CTSW","1521","37471","P.troglodytes","CTSW","XM_001170363.1","XP_001170363.1","98.90","99.50"
"CTSW","1521","37471","C.lupus","CTSW","XM_540846.2","XP_540846.2","73.50","80.70"
"CTSW","1521","37471","M.musculus","Ctsw","NM_009985.3","NP_034115.2","69.00","76.60"
"CTSW","1521","37471","R.norvegicus","Ctsw","NM_001024242.1","NP_001019413.1","70.40","76.90"
"CXCL12","6387","507","H.sapiens","CXCL12","NM_001033886.2","NP_001029058.1","0.00","0.00"
"CXCL12","6387","507","M.musculus","Cxcl12","NM_001012477.1","NP_001012495.1","95.00","92.70"
"CXCL12","6387","507","R.norvegicus","Cxcl12","NM_001033883.1","NP_001029055.1","93.30","91.60"
"CXCL12","6387","507","G.gallus","CXCL12","NM_204510.1","NP_989841.1","73.00","75.30"
"CXCL17","284340","18875","H.sapiens","CXCL17","NM_198477.1","NP_940879.1","0.00","0.00"
"CXCL17","284340","18875","P.troglodytes","CXCL17","XM_001154726.1","XP_001154726.1","98.30","98.60"
"CXCL17","284340","18875","B.taurus","CXCL17","NM_001083799.1","NP_001077268.1","78.00","84.70"
"CXCL17","284340","18875","M.musculus","Cxcl17","NM_153576.2","NP_705804.2","71.40","80.40"
"CXCL17","284340","18875","R.norvegicus","Cxcl17","XM_218339.4","XP_218339.2","62.20","77.00"
"CXCL5","6374","88672","H.sapiens","CXCL5","NM_002994.3","NP_002985.1","0.00","0.00"
"CXCL5","6374","88672","P.troglodytes","CXCL5","XM_001155862.1","XP_001155862.1","97.40","98.50"
"CXCL5","6374","88672","C.lupus","CXCL5","XM_849650.1","XP_854743.1","68.30","72.90"
"CXCL5","6374","88672","B.taurus","CXCL5","NM_174300.2","NP_776725.1","77.10","81.30"
"CXCL9","4283","1813","H.sapiens","CXCL9","NM_002416.1","NP_002407.1","0.00","0.00"
"CXCL9","4283","1813","P.troglodytes","CXCL9","XM_526582.2","XP_526582.1","100.00","100.00"
"CXCL9","4283","1813","B.taurus","CXCL9","XM_001789886.1","XP_001789938.1","73.40","83.30"
"CXCL9","4283","1813","M.musculus","Cxcl9","NM_008599.3","NP_032625.2","71.90","77.70"
"CXCL9","4283","1813","R.norvegicus","Cxcl9","NM_145672.3","NP_663705.1","66.40","76.80"
"CXCR4","7852","20739","H.sapiens","CXCR4","NM_003467.2","NP_003458.1","0.00","0.00"
"CXCR4","7852","20739","P.troglodytes","CXCR4","NM_001009047.1","NP_001009047.1","100.00","99.80"
"CXCR4","7852","20739","C.lupus","CXCR4","XM_541020.2","XP_541020.2","96.00","91.30"
"CXCR4","7852","20739","B.taurus","CXCR4","NM_174301.3","NP_776726.1","92.60","90.20"
"CXCR4","7852","20739","M.musculus","Cxcr4","NM_009911.3","NP_034041.2","91.10","86.60"
"CXCR4","7852","20739","R.norvegicus","Cxcr4","NM_022205.3","NP_071541.2","91.40","85.50"
"CXCR4","7852","20739","G.gallus","CXCR4","NM_204617.1","NP_989948.1","82.60","74.80"
"CXCR4","7852","20739","D.rerio","LOC100332872","XM_002664222.1","XP_002664268.1","70.50","67.20"
"CXCR4","7852","20739","D.rerio","cxcr4b","NM_131834.1","NP_571909.1","70.50","67.20"
"CXCR4","7852","20739","D.rerio","LOC100332777","XM_002663317.1","XP_002663363.1","70.20","67.30"
"CXCR4","7852","20739","D.rerio","cxcr4a","NM_131882.2","NP_571957.2","65.50","65.40"
"CYP17","1586","73875","H.sapiens","CYP17A1","NM_000102.3","NP_000093.1","0.00","0.00"
"CYP17","1586","73875","P.troglodytes","CYP17A1","NM_001009052.1","NP_001009052.1","99.60","99.40"
"CYP17","1586","73875","C.lupus","LOC477807","XM_846133.1","XP_851226.1","78.90","83.80"
"CYP17","1586","73875","B.taurus","CYP17A1","XM_001251231.1","XP_001251232.1","71.10","80.10"
"CYP17","1586","73875","B.taurus","CYP17A1","NM_174304.1","NP_776729.1","71.10","80.10"
"CYP17","1586","73875","B.taurus","LOC785462","XM_001253477.1","XP_001253478.1","71.10","80.10"
"CYP17","1586","73875","B.taurus","LOC784256","XM_001250368.1","XP_001250369.1","70.20","79.10"
"CYP17","1586","73875","M.musculus","Cyp17a1","NM_007809.2","NP_031835.2","66.90","74.80"
"CYP17","1586","73875","R.norvegicus","Cyp17a1","NM_012753.1","NP_036885.1","68.40","76.20"
"CYP17","1586","73875","A.thaliana","CYP706A6","NM_117302.5","NP_192969.4","29.00","43.80"
"CYP17","1586","73875","A.thaliana","CYP706A4","NM_117300.2","NP_192967.1","29.20","43.80"
"CYP17","1586","73875","A.thaliana","CYP706A1","NM_118395.2","NP_567665.2","28.70","42.30"
"CYP17","1586","73875","A.thaliana","CYP706A2","NM_118397.3","NP_194002.1","28.60","41.90"
"CYP17","1586","73875","A.thaliana","CYP706A3","NM_123829.2","NP_199275.1","28.50","40.70"
"CYP17","1586","73875","A.thaliana","CYP706A7","NM_117303.2","NP_192970.1","28.30","41.70"
"CYP17","1586","73875","A.thaliana","CYP706A5","NM_117301.8","NP_192968.3","27.30","41.70"
"CYP17","1586","73875","O.sativa","Os01g0700500","NM_001050520.1","NP_001043985.1","29.20","44.20"
"CYP17","1586","73875","O.sativa","Os08g0547900","NM_001068966.1","NP_001062431.1","26.10","44.70"
"CYP19A1","1588","30955","H.sapiens","CYP19A1","NM_000103.3","NP_000094.2","0.00","0.00"
"CYP19A1","1588","30955","P.troglodytes","CYP19A1","XM_001169384.1","XP_001169384.1","99.80","99.80"
"CYP19A1","1588","30955","C.lupus","CYP19A1","NM_001008715.1","NP_001008715.1","86.30","88.00"
"CYP19A1","1588","30955","B.taurus","CYP19A1","NM_174305.1","NP_776730.1","84.10","86.40"
"CYP19A1","1588","30955","M.musculus","Cyp19a1","NM_007810.2","NP_031836.1","79.50","81.40"
"CYP19A1","1588","30955","R.norvegicus","Cyp19a1","NM_017085.1","NP_058781.1","77.80","80.70"
"CYP19A1","1588","30955","G.gallus","CYP19A1","NM_001001761.1","NP_001001761.1","72.10","71.80"
"CYP19A1","1588","30955","D.rerio","cyp19a1b","NM_131642.1","NP_571717.1","51.80","59.40"
"CYP19A1","1588","30955","D.rerio","cyp19a1a","NM_131154.2","NP_571229.2","57.00","61.50"
"CYP1A1","1543","68062","H.sapiens","CYP1A1","NM_000499.3","NP_000490.1","0.00","0.00"
"CYP1A1","1543","68062","P.troglodytes","LOC453744","XM_001137654.1","XP_001137654.1","99.80","99.70"
"CYP1A1","1543","68062","B.taurus","CYP1A1","XM_588298.4","XP_588298.2","81.30","85.50"
"CYP1A1","1543","68062","M.musculus","Cyp1a1","NM_009992.3","NP_034122.1","80.60","82.70"
"CYP1A1","1543","68062","R.norvegicus","Cyp1a1","NM_012540.2","NP_036672.2","79.60","82.40"
"CYP1A1","1543","68062","G.gallus","CYP1A1","NM_205146.1","NP_990477.1","62.40","67.10"
"CYP1A1","1543","68062","G.gallus","CYP1A4","NM_205147.1","NP_990478.1","60.80","66.90"
"CYP1A1","1543","68062","D.rerio","cyp1a","NM_131879.1","NP_571954.1","57.90","60.90"
"CYP1A1","1543","68062","A.thaliana","CYP93D1","NM_120772.1","NP_196307.1","28.30","41.30"
"CYP1A1","1543","68062","O.sativa","Os06g0613600","NM_001064607.1","NP_001058072.1","27.80","43.00"
"CYP1A1","1543","68062","O.sativa","Os04g0101400","NM_001058526.1","NP_001051991.1","28.10","43.70"
"CYP1A1","1543","68062","O.sativa","Os06g0102100","NM_001063068.1","NP_001056533.1","32.30","46.10"
"CYP1B1","1545","68035","H.sapiens","CYP1B1","NM_000104.3","NP_000095.2","0.00","0.00"
"CYP1B1","1545","68035","P.troglodytes","LOC459163","XM_001167556.1","XP_001167556.1","98.30","99.30"
"CYP1B1","1545","68035","C.lupus","CYP1B1","XM_540153.2","XP_540153.2","84.00","87.00"
"CYP1B1","1545","68035","B.taurus","CYP1B1","XM_588813.4","XP_588813.1","82.60","85.10"
"CYP1B1","1545","68035","M.musculus","Cyp1b1","NM_009994.1","NP_034124.1","81.00","81.70"
"CYP1B1","1545","68035","R.norvegicus","Cyp1b1","NM_012940.1","NP_037072.1","80.30","82.00"
"CYP1B1","1545","68035","G.gallus","LOC428832","XM_001233594.1","XP_001233595.1","54.00","62.10"
"CYP1B1","1545","68035","D.rerio","cyp1b1","NM_001045256.1","NP_001038721.1","57.00","61.00"
"CYP39A1","51302","9580","H.sapiens","CYP39A1","NM_016593.3","NP_057677.2","0.00","0.00"
"CYP39A1","51302","9580","P.troglodytes","CYP39A1","XM_518518.2","XP_518518.2","99.10","99.60"
"CYP39A1","51302","9580","C.lupus","LOC481825","XM_538946.2","XP_538946.2","85.00","88.90"
"CYP39A1","51302","9580","B.taurus","CYP39A1","NM_001098938.1","NP_001092408.1","79.70","85.60"
"CYP39A1","51302","9580","M.musculus","Cyp39a1","NM_018887.3","NP_061375.1","75.80","80.70"
"CYP39A1","51302","9580","R.norvegicus","Cyp39a1","XM_236983.4","XP_236983.4","76.90","80.70"
"CYP39A1","51302","9580","G.gallus","CYP39A1","XM_420063.2","XP_420063.2","59.20","64.30"
"CYP39A1","51302","9580","D.rerio","si:dkey-69h9.1","NM_001030189.1","NP_001025360.1","49.60","57.30"
"CYP3A7","1551","121493","H.sapiens","CYP3A7","NM_000765.3","NP_000756.2","0.00","0.00"
"CYP3A7","1551","121493","P.troglodytes","CYP3A7","XM_001141411.1","XP_001141411.1","92.20","96.20"
"CYP3A7","1551","121493","M.musculus","Cyp3a13","NM_007819.3","NP_031845.1","72.50","79.60"
"CYP3A7","1551","121493","R.norvegicus","Cyp3a9","NM_147206.1","NP_671739.1","73.00","79.10"
"CYP3A7","1551","121493","G.gallus","CYP3A7","NM_001001751.1","NP_001001751.1","58.70","64.30"
"CYP3A7","1551","121493","D.melanogaster","Cyp9c1","NM_079126.2","NP_523850.1","32.90","45.90"
"CYP3A7","1551","121493","D.melanogaster","Cyp9b1","NM_078921.3","NP_523645.1","33.40","44.80"
"CYP3A7","1551","121493","D.melanogaster","Cyp9h1","NM_136976.1","NP_610820.1","32.20","45.40"
"CYP3A7","1551","121493","D.melanogaster","Cyp9b2","NM_078922.3","NP_523646.1","32.10","45.40"
"CYP3A7","1551","121493","C.elegans","cyp-13A6","NM_063712.2","NP_496113.1","32.20","46.70"
"CYP3A7","1551","121493","C.elegans","cyp-13A10","NM_063684.3","NP_496085.3","28.40","43.80"
"CYP3A7","1551","121493","C.elegans","cyp-13A1","NM_063707.3","NP_496108.1","33.50","47.10"
"CYP3A7","1551","121493","C.elegans","cyp-13A12","NM_067304.2","NP_499705.1","32.40","45.00"
"CYP3A7","1551","121493","C.elegans","cyp-13A2","NM_063708.2","NP_496109.1","32.60","44.50"
"CYP3A7","1551","121493","C.elegans","cyp-13A4","NM_063710.1","NP_496111.1","32.10","47.20"
"CYP3A7","1551","121493","C.elegans","cyp-13A3","NM_063709.1","NP_496110.1","32.20","46.80"
"CYP3A7","1551","121493","C.elegans","cyp-13A5","NM_063711.3","NP_496112.1","31.60","46.50"
"CYP3A7","1551","121493","C.elegans","cyp-13A7","NM_063713.1","NP_496114.1","32.10","46.80"
"CYP3A7","1551","121493","C.elegans","cyp-13A11","NM_067303.1","NP_499704.1","33.80","47.20"
"CYP3A7","1551","121493","C.elegans","cyp-13A8","NM_063714.1","NP_496115.1","35.10","48.90"
"CYP3A7","1551","121493","C.elegans","cyp-13B1","NM_077832.2","NP_510233.1","30.50","44.00"
"CYP3A7","1551","121493","C.elegans","cyp-13B2","NM_077968.2","NP_510369.2","30.00","44.70"
"CYP3A7","1551","121493","N.crassa","NCU09419","XM_953066.1","XP_958159.1","29.70","42.80"
"CYP4X1","260293","75853","H.sapiens","CYP4X1","NM_178033.1","NP_828847.1","0.00","0.00"
"CYP4X1","260293","75853","P.troglodytes","LOC456833","XM_001162991.1","XP_001162991.1","99.40","99.50"
"CYP4X1","260293","75853","C.lupus","CYP4X1","XM_539622.2","XP_539622.2","74.50","84.30"
"CYP4X1","260293","75853","B.taurus","LOC515036","XM_592978.4","XP_592978.4","67.70","79.40"
"CYP4X1","260293","75853","M.musculus","Cyp4x1","NM_001003947.1","NP_001003947.1","71.20","81.10"
"CYP4X1","260293","75853","R.norvegicus","Cyp4x1","NM_145675.1","NP_663708.1","70.00","80.50"
"CYP4X1","260293","75853","A.thaliana","CYP714A1","NM_122400.2","NP_568463.1","30.40","42.90"
"CYP4X1","260293","75853","A.thaliana","CYP714A2","NM_122399.2","NP_197872.1","30.00","44.10"
"Cyr61","3491","1194","H.sapiens","CYR61","NM_001554.4","NP_001545.2","0.00","0.00"
"Cyr61","3491","1194","P.troglodytes","CYR61","XM_513529.2","XP_513529.2","97.30","97.30"
"Cyr61","3491","1194","C.lupus","CYR61","XM_537091.2","XP_537091.2","94.20","90.60"
"Cyr61","3491","1194","B.taurus","CYR61","NM_001034340.1","NP_001029512.1","93.20","92.70"
"Cyr61","3491","1194","M.musculus","Cyr61","NM_010516.1","NP_034646.1","92.80","88.90"
"Cyr61","3491","1194","R.norvegicus","Cyr61","NM_031327.2","NP_112617.2","92.80","88.80"
"Cyr61","3491","1194","G.gallus","CYR61","NM_001031563.1","NP_001026734.1","84.60","78.80"
"Cyr61","3491","1194","D.rerio","zgc:85866","NM_001001826.1","NP_001001826.1","69.00","68.80"
"DAB2IP","153090","13058","H.sapiens","DAB2IP","NM_032552.2","NP_115941.2","0.00","0.00"
"DAB2IP","153090","13058","C.lupus","DAB2IP","XM_548477.2","XP_548477.2","95.30","89.90"
"DAB2IP","153090","13058","B.taurus","DAB2IP","XM_001789245.1","XP_001789297.1","96.90","90.60"
"DAB2IP","153090","13058","M.musculus","Dab2ip","NM_001001602.1","NP_001001602.1","97.50","89.70"
"DAB2IP","153090","13058","R.norvegicus","Dab2ip","NM_138710.1","NP_619724.1","97.40","90.10"
"DAB2IP","153090","13058","G.gallus","DAB2IP","XM_415400.2","XP_415400.2","84.10","78.80"
"DAB2IP","153090","13058","D.rerio","dab2ip","NM_001122857.1","NP_001116329.1","77.20","71.80"
"DACH1","1602","7288","H.sapiens","DACH1","NM_080759.4","NP_542937.2","0.00","0.00"
"DACH1","1602","7288","P.troglodytes","DACH1","XM_522679.2","XP_522679.2","98.90","99.10"
"DACH1","1602","7288","C.lupus","DACH1","XM_542608.2","XP_542608.2","99.50","94.60"
"DACH1","1602","7288","B.taurus","DACH1","XM_617340.4","XP_617340.4","100.00","95.00"
"DACH1","1602","7288","M.musculus","Dach1","NM_007826.2","NP_031852.1","98.00","92.30"
"DACH1","1602","7288","G.gallus","DACH1","XM_417018.2","XP_417018.2","93.60","86.70"
"DACH1","1602","7288","D.rerio","zgc:158869","NM_001080673.1","NP_001074142.1","85.00","74.20"
"DARS","1615","1032","H.sapiens","DARS","NM_001349.2","NP_001340.2","0.00","0.00"
"DARS","1615","1032","P.troglodytes","DARS","XM_515810.2","XP_515810.2","99.60","99.70"
"DARS","1615","1032","C.lupus","DARS","XM_843573.1","XP_848666.1","97.40","93.90"
"DARS","1615","1032","B.taurus","DARS","NM_001035085.1","NP_001030257.1","96.00","93.20"
"DARS","1615","1032","M.musculus","Dars","NM_145507.1","NP_663482.1","96.20","91.90"
"DARS","1615","1032","R.norvegicus","Dars","NM_053799.1","NP_446251.1","95.60","91.00"
"DARS","1615","1032","G.gallus","DARS","NM_001006528.1","NP_001006528.1","89.80","82.20"
"DARS","1615","1032","D.rerio","dars","NM_001077611.1","NP_001071079.1","83.50","75.50"
"DARS","1615","1032","D.melanogaster","Aats-asp","NM_057261.2","NP_476609.1","67.70","62.90"
"DARS","1615","1032","A.gambiae","AgaP_AGAP005576","XM_315584.4","XP_315584.3","68.70","60.10"
"DARS","1615","1032","C.elegans","drs-1","NM_066688.2","NP_499089.1","63.70","61.60"
"DARS","1615","1032","S.pombe","drs1","NM_001023343.1","NP_588352.1","53.80","55.80"
"DARS","1615","1032","S.cerevisiae","DPS1","DPS1_6323011","NP_013083.1","57.80","57.70"
"DARS","1615","1032","K.lactis","KLLA0D03839g","XM_453236.1","XP_453236.1","57.80","58.00"
"DARS","1615","1032","E.gossypii","AGOS_ADL039C","NM_209410.1","NP_984057.1","55.50","55.50"
"DARS","1615","1032","A.thaliana","AT4G26870","NM_118821.5","NP_194417.2","50.60","55.90"
"DARS","1615","1032","A.thaliana","AT4G31180","NM_119268.4","NP_194847.3","53.00","55.80"
"DARS","1615","1032","O.sativa","Os02g0686400","NM_001054305.1","NP_001047770.1","53.30","55.80"
"DARS","1615","1032","P.falciparum","PFA_0145c","XM_001350925.1","XP_001350961.1","49.20","55.90"
"DDR1","780","68212","H.sapiens","DDR1","NM_013993.2","NP_054699.2","0.00","0.00"
"DDR1","780","68212","P.troglodytes","DDR1","XM_001150123.1","XP_001150123.1","100.00","99.70"
"DDR1","780","68212","C.lupus","DDR1","XM_532062.2","XP_532062.2","95.80","91.20"
"DDR1","780","68212","M.musculus","Ddr1","NM_007584.2","NP_031610.1","93.90","87.80"
"DDR1","780","68212","R.norvegicus","Ddr1","NM_013137.1","NP_037269.1","94.10","87.10"
"DDR1","780","68212","D.rerio","ddr1","XM_001345793.4","XP_001345829.3","63.50","64.70"
"DEPDC1","55635","9834","H.sapiens","DEPDC1","NM_001114120.1","NP_001107592.1","0.00","0.00"
"DEPDC1","55635","9834","P.troglodytes","DEPDC1","XM_001165339.1","XP_001165339.1","99.50","99.80"
"DEPDC1","55635","9834","C.lupus","DEPDC1","XM_537116.2","XP_537116.2","87.00","91.30"
"DEPDC1","55635","9834","B.taurus","DEPDC1","XM_001787336.1","XP_001787388.1","85.90","89.30"
"DEPDC1","55635","9834","M.musculus","Depdc1a","NM_029523.2","NP_083799.2","83.00","87.10"
"DEPDC1","55635","9834","R.norvegicus","Depdc1","XM_227798.4","XP_227798.4","82.50","86.80"
"DEPDC1","55635","9834","G.gallus","DEPDC1","NM_001012928.1","NP_001012946.1","72.40","72.70"
"DEPDC1","55635","9834","D.rerio","depdc1a","NM_198872.1","NP_942573.1","51.80","55.40"
"DHX16","8449","2658","H.sapiens","DHX16","NM_003587.4","NP_003578.2","0.00","0.00"
"DHX16","8449","2658","P.troglodytes","DHX16","NM_001042380.1","NP_001035839.1","99.90","99.80"
"DHX16","8449","2658","C.lupus","DHX16","XM_851701.1","XP_856794.1","96.90","91.30"
"DHX16","8449","2658","B.taurus","DHX16","XM_867366.2","XP_872459.1","98.00","91.80"
"DHX16","8449","2658","M.musculus","Dhx16","NM_026987.1","NP_081263.1","96.10","88.10"
"DHX16","8449","2658","R.norvegicus","Dhx16","NM_212496.1","NP_997661.1","96.30","87.90"
"DHX16","8449","2658","D.rerio","dhx16","NM_200024.1","NP_956318.1","74.40","68.20"
"DHX16","8449","2658","D.melanogaster","l(2)37Cb","NM_136102.3","NP_609946.1","66.90","65.70"
"DHX16","8449","2658","A.gambiae","AgaP_AGAP009093","XM_319843.4","XP_319843.4","66.10","63.10"
"DHX16","8449","2658","C.elegans","mog-4","NM_064626.3","NP_497027.1","57.70","57.40"
"DHX16","8449","2658","S.cerevisiae","PRP2","PRP2_6324338","NP_014408.1","50.10","50.60"
"DHX16","8449","2658","K.lactis","KLLA0F06204g","XM_455361.1","XP_455361.1","45.60","49.20"
"DHX16","8449","2658","E.gossypii","AGOS_ADR287C","NM_209736.1","NP_984383.1","51.80","56.50"
"DHX16","8449","2658","M.grisea","GeneID:2683421","XM_367590.1","XP_367590.1","51.30","54.90"
"DHX16","8449","2658","N.crassa","NCU08928","XM_955702.1","XP_960795.1","52.50","54.60"
"DHX16","8449","2658","A.thaliana","ESP3","NM_102984.4","NP_174527.2","56.40","56.60"
"DHX16","8449","2658","A.thaliana","MEE29","NM_129086.3","NP_181077.3","55.00","56.40"
"DHX16","8449","2658","O.sativa","Os08g0335000","NM_001068110.1","NP_001061575.1","56.60","56.00"
"DKK4","27121","8680","H.sapiens","DKK4","NM_014420.2","NP_055235.1","0.00","0.00"
"DKK4","27121","8680","P.troglodytes","DKK4","XM_001144036.1","XP_001144036.1","99.10","99.60"
"DKK4","27121","8680","C.lupus","DKK4","XM_843820.1","XP_848913.1","80.70","84.30"
"DKK4","27121","8680","M.musculus","Dkk4","NM_145592.2","NP_663567.1","76.00","75.70"
"DKK4","27121","8680","R.norvegicus","Dkk4","XM_577537.1","XP_577537.1","76.50","75.10"
"DLX5","1749","3825","H.sapiens","DLX5","NM_005221.5","NP_005212.1","0.00","0.00"
"DLX5","1749","3825","P.troglodytes","DLX5","XM_519218.2","XP_519218.2","100.00","99.80"
"DLX5","1749","3825","C.lupus","DLX5","XM_539430.2","XP_539430.2","97.60","94.90"
"DLX5","1749","3825","B.taurus","DLX5","NM_001075313.1","NP_001068781.1","97.60","94.80"
"DLX5","1749","3825","M.musculus","Dlx5","NM_010056.2","NP_034186.2","96.50","93.00"
"DLX5","1749","3825","R.norvegicus","Dlx5","NM_012943.1","NP_037075.1","95.50","91.80"
"DLX5","1749","3825","G.gallus","DLX5","NM_204159.1","NP_989490.1","86.70","83.80"
"DLX5","1749","3825","D.rerio","dlx5a","NM_131306.1","NP_571381.1","74.40","69.20"
"DLX5","1749","3825","C.elegans","ceh-43","NM_065503.2","NP_497904.1","44.90","44.60"
"DNAJA2","10294","21193","H.sapiens","DNAJA2","NM_005880.3","NP_005871.1","0.00","0.00"
"DNAJA2","10294","21193","P.troglodytes","DNAJA2","XM_528644.2","XP_528644.2","100.00","99.80"
"DNAJA2","10294","21193","B.taurus","DNAJA2","NM_001040491.1","NP_001035581.1","99.50","93.90"
"DNAJA2","10294","21193","M.musculus","Dnaja2","NM_019794.2","NP_062768.1","99.50","92.60"
"DNAJA2","10294","21193","R.norvegicus","Dnaja2","NM_032079.2","NP_114468.2","99.50","92.40"
"DNAJA2","10294","21193","G.gallus","DNAJA2","NM_001005841.1","NP_001005841.1","95.10","86.50"
"DNAJA2","10294","21193","C.elegans","dnj-19","NM_072051.3","NP_504452.1","54.00","56.80"
"DNAJA2","10294","21193","S.pombe","SPBC1734.11","NM_001021336.1","NP_595428.1","51.50","54.50"
"DNAJA2","10294","21193","S.cerevisiae","YDJ1","YDJ1_6324265","NP_014335.1","51.30","56.40"
"DNAJA2","10294","21193","K.lactis","KLLA0F03333g","XM_455231.1","XP_455231.1","51.30","57.10"
"DNAJA2","10294","21193","E.gossypii","AGOS_ADL257C","NM_209192.1","NP_983839.1","51.50","54.10"
"DNAJA2","10294","21193","M.grisea","GeneID:2678160","XM_362017.2","XP_362017.2","53.20","53.10"
"DNAJA2","10294","21193","N.crassa","NCU07414","XM_953322.1","XP_958415.1","48.90","52.40"
"DNAJA2","10294","21193","A.thaliana","ATJ2","NM_122127.2","NP_568412.1","54.30","56.40"
"DNAJA2","10294","21193","A.thaliana","ATJ3","NM_114279.3","NP_189997.1","54.90","57.30"
"DNAJA2","10294","21193","O.sativa","Os03g0648400","NM_001057314.1","NP_001050779.1","53.60","55.20"
"DNAJA2","10294","21193","O.sativa","Os03g0787300","NM_001058032.1","NP_001051497.1","56.70","55.60"
"DNMT1","1786","124344","H.sapiens","DNMT1","NM_001130823.1","NP_001124295.1","0.00","0.00"
"DNMT1","1786","124344","P.troglodytes","DNMT1","XM_001163764.1","XP_001163764.1","99.90","99.40"
"DNMT1","1786","124344","C.lupus","DNMT1","XM_533919.2","XP_533919.2","91.40","87.50"
"DNMT1","1786","124344","B.taurus","DNMT1","NM_182651.1","NP_872592.1","89.20","86.30"
"DNMT1","1786","124344","M.musculus","Dnmt1","NM_010066.3","NP_034196.3","78.80","78.70"
"DNMT1","1786","124344","R.norvegicus","Dnmt1","NM_053354.1","NP_445806.1","79.50","79.10"
"DPP6","1804","22560","H.sapiens","DPP6","NM_130797.2","NP_570629.2","0.00","0.00"
"DPP6","1804","22560","P.troglodytes","DPP6","NM_001034161.1","NP_001029333.1","98.50","98.40"
"DPP6","1804","22560","B.taurus","DPP6","NM_174040.2","NP_776465.1","92.10","87.40"
"DPP6","1804","22560","M.musculus","Dpp6","NM_010075.1","NP_034205.1","92.40","84.80"
"DPP6","1804","22560","R.norvegicus","Dpp6","NM_022850.1","NP_074041.1","93.40","86.40"
"DPP6","1804","22560","G.gallus","DPP6","XM_418545.2","XP_418545.2","82.10","76.70"
"DPP6","1804","22560","D.rerio","dpp6b","NM_001115122.1","NP_001108594.1","60.90","63.30"
"ECM2","1842","1064","H.sapiens","ECM2","NM_001393.2","NP_001384.1","0.00","0.00"
"ECM2","1842","1064","P.troglodytes","ECM2","XM_001148362.1","XP_001148362.1","99.20","99.20"
"ECM2","1842","1064","C.lupus","ECM2","XM_533562.2","XP_533562.2","79.30","83.00"
"ECM2","1842","1064","B.taurus","ECM2","NM_001034597.1","NP_001029769.1","80.60","85.30"
"ECM2","1842","1064","M.musculus","Ecm2","NM_001012324.2","NP_001012324.1","76.20","80.90"
"ECM2","1842","1064","G.gallus","ECM2","XM_414297.2","XP_414297.1","62.50","67.40"
"ECM2","1842","1064","D.rerio","ecm2","XM_681415.2","XP_686507.2","52.10","56.20"
"EDNRB","1910","89","H.sapiens","EDNRB","NM_000115.2","NP_000106.1","0.00","0.00"
"EDNRB","1910","89","P.troglodytes","EDNRB","XM_001141537.1","XP_001141537.1","100.00","99.70"
"EDNRB","1910","89","C.lupus","EDNRB","NM_001010943.1","NP_001010943.1","97.30","94.30"
"EDNRB","1910","89","B.taurus","EDNRB","NM_174309.2","NP_776734.1","89.10","87.40"
"EDNRB","1910","89","M.musculus","Ednrb","NM_007904.3","NP_031930.1","89.10","85.50"
"EDNRB","1910","89","R.norvegicus","Ednrb","NM_017333.1","NP_059029.1","89.10","85.70"
"EDNRB","1910","89","G.gallus","EDNRB","XM_417001.2","XP_417001.2","86.00","77.60"
"EDNRB","1910","89","D.rerio","LOC560081","XM_683473.3","XP_688565.1","67.30","66.80"
"EFEMP1","2202","3028","H.sapiens","EFEMP1","NM_004105.3","NP_004096.2","0.00","0.00"
"EFEMP1","2202","3028","P.troglodytes","LOC741921","XM_001156698.1","XP_001156698.1","100.00","99.90"
"EFEMP1","2202","3028","P.troglodytes","LOC455416","XM_512129.2","XP_512129.2","100.00","99.90"
"EFEMP1","2202","3028","C.lupus","EFEMP1","XM_531834.2","XP_531834.1","96.30","92.40"
"EFEMP1","2202","3028","B.taurus","EFEMP1","NM_001081717.1","NP_001075186.1","94.90","92.20"
"EFEMP1","2202","3028","M.musculus","Efemp1","NM_146015.1","NP_666127.1","95.90","89.00"
"EFEMP1","2202","3028","R.norvegicus","Efemp1","NM_001012039.1","NP_001012039.1","93.30","87.80"
"EFEMP1","2202","3028","G.gallus","EFEMP1","XM_426097.2","XP_426097.2","85.80","78.50"
"EFEMP1","2202","3028","D.rerio","LOC100332567","XM_002664071.1","XP_002664117.1","64.60","62.70"
"EFHA2","286097","15058","H.sapiens","EFHA2","NM_181723.2","NP_859074.1","0.00","0.00"
"EFHA2","286097","15058","P.troglodytes","EFHA2","XM_519613.2","XP_519613.2","99.40","99.50"
"EFHA2","286097","15058","C.lupus","EFHA2","XM_843419.1","XP_848512.1","91.90","90.90"
"EFHA2","286097","15058","B.taurus","EFHA2","XM_616557.3","XP_616557.2","92.80","92.30"
"EFHA2","286097","15058","M.musculus","Efha2","XM_357872.6","XP_357872.6","92.70","90.30"
"EFHA2","286097","15058","R.norvegicus","Efha2","XM_344525.3","XP_344526.3","89.10","87.10"
"EFHA2","286097","15058","G.gallus","EFHA2","XM_420691.2","XP_420691.2","82.90","79.80"
"EFHA2","286097","15058","D.rerio","LOC100333412","XM_002660413.1","XP_002660459.1","63.10","61.50"
"EFHA2","286097","15058","D.melanogaster","CG4662","NM_169877.1","NP_732455.1","51.60","52.00"
"EFHA2","286097","15058","A.gambiae","AgaP_AGAP004179","XM_313067.4","XP_313067.4","51.30","53.50"
"EFHA2","286097","15058","C.elegans","C56A3.6","NM_073955.5","NP_506356.3","35.80","48.50"
"EFNB2","1948","3019","H.sapiens","EFNB2","NM_004093.2","NP_004084.1","0.00","0.00"
"EFNB2","1948","3019","P.troglodytes","EFNB2","XM_001134800.1","XP_001134800.1","100.00","99.70"
"EFNB2","1948","3019","C.lupus","EFNB2","XM_849457.1","XP_854550.1","96.10","93.10"
"EFNB2","1948","3019","B.taurus","EFNB2","XM_001787920.1","XP_001787972.1","96.00","93.60"
"EFNB2","1948","3019","M.musculus","Efnb2","NM_010111.3","NP_034241.2","97.00","93.00"
"EFNB2","1948","3019","R.norvegicus","Efnb2","XM_225050.4","XP_225050.4","93.90","91.20"
"EFNB2","1948","3019","G.gallus","EFNB2","NM_204824.1","NP_990155.1","90.00","83.30"
"EFNB2","1948","3019","D.rerio","efnb2a","NM_131023.1","NP_571098.1","66.40","66.10"
"EFNB2","1948","3019","C.elegans","efn-2","NM_069554.4","NP_501955.2","44.60","51.80"
"EFS","10278","4284","H.sapiens","EFS","NM_005864.2","NP_005855.1","0.00","0.00"
"EFS","10278","4284","P.troglodytes","EFS","XM_509854.2","XP_509854.2","99.50","99.30"
"EFS","10278","4284","C.lupus","EFS","XM_537374.2","XP_537374.2","87.70","87.50"
"EFS","10278","4284","B.taurus","EFS","NM_001098910.1","NP_001092380.1","86.50","86.90"
"EFS","10278","4284","M.musculus","Efs","NM_010112.3","NP_034242.2","80.90","81.10"
"EFS","10278","4284","R.norvegicus","Efs","XM_237944.4","XP_237944.3","81.40","81.80"
"EGF","1950","1483","H.sapiens","EGF","NM_001963.4","NP_001954.2","0.00","0.00"
"EGF","1950","1483","P.troglodytes","EGF","XM_517395.2","XP_517395.2","98.60","99.10"
"EGF","1950","1483","C.lupus","EGF","NM_001003094.1","NP_001003094.1","79.40","85.80"
"EGF","1950","1483","M.musculus","Egf","NM_010113.2","NP_034243.1","67.70","76.90"
"EGF","1950","1483","R.norvegicus","Egf","NM_012842.1","NP_036974.1","67.70","76.60"
"EGF","1950","1483","G.gallus","EGF","NM_001001292.1","NP_001001292.1","55.30","65.40"
"EGF","1950","1483","D.rerio","egf","NM_205731.1","NP_991294.1","44.10","53.80"
"EGFL6","25975","9166","H.sapiens","EGFL6","NM_015507.3","NP_056322.2","0.00","0.00"
"EGFL6","25975","9166","P.troglodytes","EGFL6","XM_528894.2","XP_528894.1","99.50","99.60"
"EGFL6","25975","9166","C.lupus","EGFL6","XM_548865.2","XP_548865.2","83.20","86.10"
"EGFL6","25975","9166","M.musculus","Egfl6","NM_019397.2","NP_062270.1","78.60","83.40"
"EGFL6","25975","9166","R.norvegicus","Egfl6","XM_228918.4","XP_228918.3","80.60","83.50"
"EGFL6","25975","9166","G.gallus","EGFL6","XM_416835.2","XP_416835.2","61.40","69.30"
"EGFL6","25975","9166","D.rerio","egfl6","NM_001002457.1","NP_001002457.1","48.20","56.50"
"EGFR","1956","74545","H.sapiens","EGFR","NM_005228.3","NP_005219.2","0.00","0.00"
"EGFR","1956","74545","P.troglodytes","EGFR","XM_001156495.1","XP_001156495.1","98.70","98.60"
"EGFR","1956","74545","C.lupus","EGFR","XM_533073.2","XP_533073.2","90.90","86.80"
"EGFR","1956","74545","B.taurus","EGFR","XM_592211.4","XP_592211.3","88.30","85.70"
"EGFR","1956","74545","M.musculus","Egfr","NM_207655.2","NP_997538.1","90.60","85.10"
"EGFR","1956","74545","R.norvegicus","Egfr","NM_031507.1","NP_113695.1","90.60","84.90"
"EGFR","1956","74545","D.rerio","egfra","NM_194424.1","NP_919405.1","65.70","65.20"
"EHD2","30846","22825","H.sapiens","EHD2","NM_014601.3","NP_055416.2","0.00","0.00"
"EHD2","30846","22825","P.troglodytes","EHD2","XM_001169733.1","XP_001169733.1","99.60","99.40"
"EHD2","30846","22825","C.lupus","EHD2","XM_541532.2","XP_541532.2","99.30","92.90"
"EHD2","30846","22825","B.taurus","EHD2","NM_001046431.1","NP_001039896.1","98.70","92.40"
"EHD2","30846","22825","M.musculus","Ehd2","NM_153068.3","NP_694708.2","96.70","87.50"
"EHD2","30846","22825","R.norvegicus","Ehd2","NM_001024897.1","NP_001020068.1","97.10","87.80"
"EHD2","30846","22825","D.rerio","ehd2","NM_200063.1","NP_956357.1","82.90","75.00"
"EIF4EBP1","1978","3021","H.sapiens","EIF4EBP1","NM_004095.3","NP_004086.1","0.00","0.00"
"EIF4EBP1","1978","3021","P.troglodytes","EIF4EBP1","XM_531121.2","XP_531121.2","100.00","99.40"
"EIF4EBP1","1978","3021","C.lupus","EIF4EBP1","XM_549448.2","XP_549448.2","94.90","92.90"
"EIF4EBP1","1978","3021","B.taurus","EIF4EBP1","NM_001077893.1","NP_001071361.1","92.40","89.80"
"EIF4EBP1","1978","3021","M.musculus","Eif4ebp1","NM_007918.3","NP_031944.3","91.50","90.60"
"EIF4EBP1","1978","3021","R.norvegicus","Eif4ebp1","NM_053857.1","NP_446309.1","93.20","90.90"
"EIF4EBP1","1978","3021","G.gallus","EIF4EBP1","XM_424384.2","XP_424384.1","67.00","67.50"
"EIF4EBP1","1978","3021","D.rerio","zgc:64137","NM_199645.1","NP_955939.1","61.70","62.60"
"ELF1","1997","7303","H.sapiens","ELF1","NM_172373.3","NP_758961.1","0.00","0.00"
"ELF1","1997","7303","P.troglodytes","ELF1","XM_001149288.1","XP_001149288.1","99.80","99.80"
"ELF1","1997","7303","C.lupus","ELF1","XM_534137.2","XP_534137.1","92.60","91.90"
"ELF1","1997","7303","B.taurus","ELF1","NM_001077853.1","NP_001071321.1","87.90","87.60"
"ELF1","1997","7303","M.musculus","Elf1","NM_007920.3","NP_031946.1","89.90","87.70"
"ELF1","1997","7303","R.norvegicus","Elf1","NM_053520.2","NP_445972.2","87.50","86.30"
"ELF1","1997","7303","G.gallus","ELF1","NM_001006269.1","NP_001006269.1","76.70","76.50"
"ELF1","1997","7303","D.rerio","ef1","NM_131159.1","NP_571234.1","59.50","62.50"
"ELF5","2001","7702","H.sapiens","ELF5","NM_198381.1","NP_938195.1","0.00","0.00"
"ELF5","2001","7702","P.troglodytes","ELF5","XM_001141593.1","XP_001141593.1","99.20","99.60"
"ELF5","2001","7702","C.lupus","ELF5","XM_846059.1","XP_851152.1","95.70","91.40"
"ELF5","2001","7702","B.taurus","ELF5","NM_001024569.1","NP_001019740.1","94.90","91.90"
"ELF5","2001","7702","M.musculus","Elf5","NM_010125.2","NP_034255.1","94.90","88.30"
"ELF5","2001","7702","R.norvegicus","Elf5","XM_345409.3","XP_345410.2","94.90","88.90"
"ELF5","2001","7702","G.gallus","ELF5","XM_426416.2","XP_426416.2","78.40","77.60"
"EMILIN1","11117","5117","H.sapiens","EMILIN1","NM_007046.3","NP_008977.1","0.00","0.00"
"EMILIN1","11117","5117","P.troglodytes","EMILIN1","XM_515351.2","XP_515351.2","99.20","99.40"
"EMILIN1","11117","5117","C.lupus","EMILIN1","XM_532903.2","XP_532903.2","92.00","88.90"
"EMILIN1","11117","5117","B.taurus","EMILIN1","XM_594120.4","XP_594120.1","90.40","87.90"
"EMILIN1","11117","5117","M.musculus","Emilin1","NM_133918.2","NP_598679.1","87.00","84.10"
"EMILIN1","11117","5117","R.norvegicus","Emilin1","XM_238447.4","XP_238447.2","87.80","84.50"
"EMILIN1","11117","5117","D.rerio","emilin1a","NM_001030207.1","NP_001025378.1","40.50","51.60"
"EMP2","2013","1089","H.sapiens","EMP2","NM_001424.4","NP_001415.1","0.00","0.00"
"EMP2","2013","1089","P.troglodytes","EMP2","XM_001138855.1","XP_001138855.1","98.80","99.20"
"EMP2","2013","1089","C.lupus","EMP2","XM_547130.2","XP_547130.2","85.00","87.60"
"EMP2","2013","1089","B.taurus","EMP2","NM_001075324.1","NP_001068792.1","81.40","84.00"
"EMP2","2013","1089","M.musculus","Emp2","NM_007929.2","NP_031955.2","77.80","80.20"
"EMP2","2013","1089","R.norvegicus","Emp2","NM_001007721.1","NP_001007722.1","76.60","80.80"
"EMP2","2013","1089","G.gallus","EMP2","XM_414935.2","XP_414935.1","71.10","68.70"
"EMP2","2013","1089","D.rerio","emp2","NM_001004119.1","NP_001004119.1","56.90","62.30"
"ENOSF1","55556","9703","H.sapiens","ENOSF1","NM_017512.4","NP_059982.2","0.00","0.00"
"ENOSF1","55556","9703","P.troglodytes","ENOSF1","XM_001149584.1","XP_001149584.1","99.10","99.20"
"ENOSF1","55556","9703","C.lupus","ENOSF1","XM_843532.1","XP_848625.1","91.20","88.40"
"ENOSF1","55556","9703","B.taurus","ENOSF1","NM_001046550.1","NP_001040015.1","88.70","86.30"
"ENOSF1","55556","9703","D.rerio","zgc:153148","NM_001076742.2","NP_001070210.2","73.00","68.40"
"ENOSF1","55556","9703","A.gambiae","AgaP_AGAP007421","XM_001687879.1","XP_001687931.1","56.60","55.30"
"ENOSF1","55556","9703","M.grisea","GeneID:2679581","XM_363374.2","XP_363374.2","55.00","58.10"
"ENOSF1","55556","9703","N.crassa","NCU07064","XM_955236.2","XP_960329.2","53.00","57.60"
"ENSA","2029","37924","H.sapiens","ENSA","NM_004436.2","NP_004427.1","0.00","0.00"
"ENSA","2029","37924","P.troglodytes","ENSA","XM_001169491.1","XP_001169491.1","100.00","99.70"
"ENSA","2029","37924","C.lupus","ENSA","XM_855901.1","XP_860994.1","100.00","98.10"
"ENSA","2029","37924","B.taurus","ENSA","NM_174050.1","NP_776475.1","99.20","97.00"
"ENSA","2029","37924","M.musculus","Ensa","NM_019561.2","NP_062507.1","98.30","96.10"
"ENSA","2029","37924","R.norvegicus","Ensa","NM_021842.2","NP_068614.1","98.30","95.60"
"ENSA","2029","37924","G.gallus","ENSA","NM_001007965.1","NP_001007966.1","89.70","80.40"
"ENSA","2029","37924","D.rerio","ensab","XM_002664912.1","XP_002664958.1","83.00","73.50"
"EPDR1","54749","9714","H.sapiens","EPDR1","NM_017549.3","NP_060019.1","0.00","0.00"
"EPDR1","54749","9714","C.lupus","EPDR1","XM_846651.1","XP_851744.1","92.50","87.60"
"EPDR1","54749","9714","B.taurus","EPDR1","NM_001102288.1","NP_001095758.1","86.60","87.10"
"EPDR1","54749","9714","M.musculus","Epdr1","NM_134065.3","NP_598826.2","79.80","82.20"
"EPDR1","54749","9714","R.norvegicus","Epdr1","NM_001007625.1","NP_001007626.1","81.80","83.50"
"EPDR1","54749","9714","G.gallus","EPDR1","XM_418830.2","XP_418830.2","71.80","73.70"
"EPDR1","54749","9714","D.rerio","epdr1","NM_001002416.1","NP_001002416.1","61.00","64.00"
"EPHB2","2048","37925","H.sapiens","EPHB2","NM_004442.6","NP_004433.2","0.00","0.00"
"EPHB2","2048","37925","P.troglodytes","EPHB2","XM_513189.2","XP_513189.2","100.00","99.70"
"EPHB2","2048","37925","C.lupus","EPHB2","XM_544506.2","XP_544506.2","99.70","93.50"
"EPHB2","2048","37925","B.taurus","EPHB2","XM_880519.3","XP_885612.3","99.60","92.90"
"EPHB2","2048","37925","M.musculus","Ephb2","NM_010142.2","NP_034272.1","99.50","90.90"
"EPHB2","2048","37925","R.norvegicus","Ephb2","XM_233574.4","XP_233574.4","99.10","91.30"
"EPHB2","2048","37925","G.gallus","EPHB2","NM_206951.1","NP_996834.1","96.00","84.60"
"EPHB2","2048","37925","D.rerio","LOC562176","XM_001919987.2","XP_001920022.2","86.90","77.70"
"EPHB4","2050","20939","H.sapiens","EPHB4","NM_004444.4","NP_004435.3","0.00","0.00"
"EPHB4","2050","20939","P.troglodytes","EPHB4","XM_519269.2","XP_519269.2","99.30","99.30"
"EPHB4","2050","20939","C.lupus","EPHB4","XM_546948.2","XP_546948.2","96.90","89.40"
"EPHB4","2050","20939","B.taurus","EPHB4","XM_869400.3","XP_874493.3","96.00","90.70"
"EPHB4","2050","20939","M.musculus","Ephb4","NM_010144.4","NP_034274.3","92.60","86.40"
"EPHB4","2050","20939","D.rerio","ephb4a","NM_131414.1","NP_571489.1","64.30","64.00"
"EPHB4","2050","20939","D.rerio","ephb4b","NM_131417.1","NP_571492.1","61.50","64.00"
"EPPK1","83481","20006","H.sapiens","EPPK1","NM_031308.1","NP_112598.2","0.00","0.00"
"EPPK1","83481","20006","P.troglodytes","EPPK1","XM_520007.2","XP_520007.2","97.90","98.20"
"EPPK1","83481","20006","C.lupus","EPPK1","XM_532347.2","XP_532347.2","75.50","80.90"
"EPPK1","83481","20006","M.musculus","Eppk1","NM_144848.2","NP_659097.2","75.50","78.00"
"EPPK1","83481","20006","R.norvegicus","Eppk1","XM_001059215.1","XP_001059215.1","70.30","74.20"
"EPPK1","83481","20006","D.rerio","LOC100151336","XM_001922629.2","XP_001922664.2","48.30","52.80"
"EPPK1","83481","20006","D.rerio","LOC100330962","XM_002665539.1","XP_002665585.1","48.80","53.10"
"ErbB2","2064","3273","H.sapiens","ERBB2","NM_004448.2","NP_004439.2","0.00","0.00"
"ErbB2","2064","3273","C.lupus","ERBB2","NM_001003217.1","NP_001003217.1","92.70","90.80"
"ErbB2","2064","3273","M.musculus","Erbb2","NM_001003817.1","NP_001003817.1","87.70","85.60"
"ErbB2","2064","3273","R.norvegicus","Erbb2","NM_017003.2","NP_058699.2","88.10","85.90"
"ErbB2","2064","3273","G.gallus","ERBB2","NM_001044661.1","NP_001038126.1","71.80","73.10"
"ErbB2","2064","3273","D.rerio","erbb2","NM_200119.2","NP_956413.2","59.10","60.70"
"ERO1L","30001","49392","H.sapiens","ERO1L","NM_014584.1","NP_055399.1","0.00","0.00"
"ERO1L","30001","49392","P.troglodytes","ERO1L","XM_509950.2","XP_509950.2","99.60","99.60"
"ERO1L","30001","49392","C.lupus","ERO1L","XM_547813.2","XP_547813.2","96.40","92.90"
"ERO1L","30001","49392","B.taurus","ERO1L","NM_001103348.1","NP_001096818.1","95.30","93.40"
"ERO1L","30001","49392","M.musculus","Ero1l","NM_015774.2","NP_056589.1","92.70","87.10"
"ERO1L","30001","49392","R.norvegicus","Ero1l","NM_138528.1","NP_612537.1","92.00","86.30"
"ERO1L","30001","49392","G.gallus","ERO1L","XM_421473.2","XP_421473.2","81.50","75.40"
"ERO1L","30001","49392","D.rerio","ero1l","NM_200350.1","NP_956644.1","72.40","66.80"
"ERO1L","30001","49392","C.elegans","ero-1","NM_001026533.4","NP_001021704.1","46.20","52.70"
"ERO1L","30001","49392","S.pombe","ero12","NM_001023303.1","NP_588313.1","37.20","47.60"
"ERO1L","30001","49392","S.cerevisiae","ERO1","ERO1_6323505","NP_013576.1","39.40","50.70"
"ERO1L","30001","49392","K.lactis","KLLA0D10241g","XM_453517.1","XP_453517.1","39.60","50.70"
"ERO1L","30001","49392","E.gossypii","AGOS_ADL348W","NM_209100.1","NP_983747.1","37.90","44.50"
"ERO1L","30001","49392","M.grisea","GeneID:2675010","XM_368561.2","XP_368561.2","40.50","44.40"
"ERO1L","30001","49392","N.crassa","NCU02074","XM_959508.1","XP_964601.1","38.60","45.10"
"ERO1L","30001","49392","A.thaliana","AERO2","NM_201908.1","NP_973637.1","41.20","50.80"
"ESM1","11082","5107","H.sapiens","ESM1","NM_007036.4","NP_008967.1","0.00","0.00"
"ESM1","11082","5107","P.troglodytes","ESM1","XM_518187.2","XP_518187.2","100.00","99.80"
"ESM1","11082","5107","C.lupus","ESM1","XM_546319.2","XP_546319.2","85.20","83.70"
"ESM1","11082","5107","B.taurus","ESM1","NM_001098101.1","NP_001091570.1","80.90","84.90"
"ESM1","11082","5107","M.musculus","Esm1","NM_023612.3","NP_076101.1","75.40","81.20"
"ESM1","11082","5107","R.norvegicus","Esm1","NM_022604.2","NP_072126.1","74.90","79.60"
"ESM1","11082","5107","D.rerio","zgc:153027","NM_001076741.1","NP_001070209.1","51.80","55.30"
"ESPN","83715","23164","H.sapiens","ESPN","NM_031475.2","NP_113663.2","0.00","0.00"
"ESPN","83715","23164","P.troglodytes","ESPN","XM_514338.2","XP_514338.2","57.00","66.10"
"ESPN","83715","23164","C.lupus","ESPN","XM_546751.2","XP_546751.2","90.50","89.50"
"ESPN","83715","23164","M.musculus","Espn","NM_207687.2","NP_997570.1","84.40","84.20"
"ESPN","83715","23164","R.norvegicus","Espn","NM_019622.1","NP_062568.1","85.20","84.60"
"ESPN","83715","23164","G.gallus","ESPN","XM_417532.2","XP_417532.2","71.20","72.20"
"ESPN","83715","23164","D.rerio","LOC567061","NM_001123282.1","NP_001116754.1","63.00","63.00"
"ESR1","2099","47906","H.sapiens","ESR1","NM_001122742.1","NP_001116214.1","0.00","0.00"
"ESR1","2099","47906","C.lupus","ESR1","XM_533454.2","XP_533454.2","90.60","89.90"
"ESR1","2099","47906","B.taurus","ESR1","NM_001001443.1","NP_001001443.1","91.90","89.60"
"ESR1","2099","47906","M.musculus","Esr1","NM_007956.3","NP_031982.1","89.60","86.10"
"ESR1","2099","47906","R.norvegicus","Esr1","NM_012689.1","NP_036821.1","88.90","85.30"
"ESR1","2099","47906","G.gallus","ESR1","NM_205183.1","NP_990514.1","79.60","76.00"
"ESR1","2099","47906","D.rerio","esr1","NM_152959.1","NP_694491.1","58.20","60.50"
"ESR2","2100","1100","H.sapiens","ESR2","NM_001437.2","NP_001428.1","0.00","0.00"
"ESR2","2100","1100","P.troglodytes","ESR2","XM_001170268.1","XP_001170268.1","99.20","99.60"
"ESR2","2100","1100","C.lupus","ESR2","XM_861005.1","XP_866098.1","88.10","87.00"
"ESR2","2100","1100","B.taurus","ESR2","NM_174051.2","NP_776476.1","89.20","87.30"
"ESR2","2100","1100","M.musculus","Esr2","NM_207707.1","NP_997590.1","88.70","84.70"
"ESR2","2100","1100","R.norvegicus","Esr2","NM_012754.1","NP_036886.1","88.70","85.40"
"ESR2","2100","1100","G.gallus","ESR2","NM_204794.1","NP_990125.1","80.70","74.80"
"ESR2","2100","1100","D.rerio","esr2a","NM_180966.2","NP_851297.1","58.50","61.90"
"ESR2","2100","1100","D.rerio","esr2b","NM_174862.3","NP_777287.2","61.90","61.10"
"ETS1","2113","3837","H.sapiens","ETS1","NM_005238.3","NP_005229.1","0.00","0.00"
"ETS1","2113","3837","C.lupus","ETS1","XM_546405.2","XP_546405.2","99.10","95.10"
"ETS1","2113","3837","B.taurus","ETS1","NM_001099106.1","NP_001092576.1","98.40","92.00"
"ETS1","2113","3837","M.musculus","Ets1","NM_011808.2","NP_035938.2","97.30","92.30"
"ETS1","2113","3837","R.norvegicus","Ets1","NM_012555.1","NP_036687.1","98.90","92.60"
"ETS1","2113","3837","G.gallus","ETS1","XM_001231220.1","XP_001231221.1","96.10","84.70"
"ETV5","2119","3276","H.sapiens","ETV5","NM_004454.2","NP_004445.1","0.00","0.00"
"ETV5","2119","3276","P.troglodytes","ETV5","XM_001152492.1","XP_001152492.1","99.40","99.40"
"ETV5","2119","3276","C.lupus","ETV5","XM_844784.1","XP_849877.1","96.70","93.30"
"ETV5","2119","3276","B.taurus","ETV5","XM_614853.4","XP_614853.2","97.60","93.70"
"ETV5","2119","3276","M.musculus","Etv5","NM_023794.2","NP_076283.2","95.50","90.10"
"ETV5","2119","3276","R.norvegicus","Etv5","XM_221387.4","XP_221387.4","94.70","89.70"
"ETV5","2119","3276","G.gallus","ETV5","XM_422651.2","XP_422651.2","84.20","78.70"
"ETV5","2119","3276","D.rerio","etv5a","NM_001126461.1","NP_001119933.1","64.50","63.20"
"ETV5","2119","3276","D.rerio","LOC100332865","XM_002662313.1","XP_002662359.1","68.40","67.40"
"ETV5","2119","3276","D.rerio","etv5b","NM_131205.1","NP_571280.1","79.50","73.40"
"F10","2159","30976","H.sapiens","F10","NM_000504.3","NP_000495.1","0.00","0.00"
"F10","2159","30976","P.troglodytes","F10","XM_509746.2","XP_509746.2","100.00","99.50"
"F10","2159","30976","C.lupus","F10","XM_850853.1","XP_855946.1","74.60","77.20"
"F10","2159","30976","B.taurus","F10","XM_613822.4","XP_613822.3","71.20","77.00"
"F10","2159","30976","B.taurus","F10","XM_001256721.1","XP_001256722.1","72.30","77.20"
"F10","2159","30976","M.musculus","F10","NM_007972.3","NP_031998.3","77.50","78.00"
"F10","2159","30976","R.norvegicus","F10","NM_017143.2","NP_058839.1","75.70","77.30"
"F10","2159","30976","G.gallus","F10","NM_205022.1","NP_990353.1","57.30","59.80"
"F10","2159","30976","D.rerio","f10","NM_201462.2","NP_958870.2","50.60","58.00"
"F10","2159","30976","D.melanogaster","CG11836","NM_001170247.1","NP_001163718.1","39.80","48.90"
"F10","2159","30976","A.gambiae","AgaP_AGAP004570","XM_313874.4","XP_313874.4","39.40","46.80"
"F13A1","2162","20077","H.sapiens","F13A1","NM_000129.3","NP_000120.2","0.00","0.00"
"F13A1","2162","20077","P.troglodytes","F13A1","XM_518220.2","XP_518220.2","99.50","99.50"
"F13A1","2162","20077","C.lupus","F13A1","XM_535876.2","XP_535876.2","88.10","87.70"
"F13A1","2162","20077","B.taurus","F13A1","XM_588122.4","XP_588122.3","86.70","84.70"
"F13A1","2162","20077","M.musculus","F13a1","NM_028784.2","NP_083060.2","86.90","84.70"
"F13A1","2162","20077","R.norvegicus","F13a1","NM_021698.1","NP_067730.1","84.30","84.20"
"F13A1","2162","20077","G.gallus","F13A1","NM_204685.1","NP_990016.1","65.80","67.80"
"F13A1","2162","20077","D.rerio","f13a1","NM_001077154.1","NP_001070622.1","48.80","55.60"
"FAM20A","54757","9719","H.sapiens","FAM20A","NM_017565.3","NP_060035.2","0.00","0.00"
"FAM20A","54757","9719","P.troglodytes","LOC454846","XM_511648.2","XP_511648.2","99.50","99.10"
"FAM20A","54757","9719","C.lupus","LOC480458","XM_537576.2","XP_537576.2","92.00","88.90"
"FAM20A","54757","9719","B.taurus","LOC521099","XM_599356.4","XP_599356.4","88.90","85.30"
"FAM20A","54757","9719","M.musculus","Fam20a","NM_153782.1","NP_722477.1","85.80","85.50"
"FAM20A","54757","9719","R.norvegicus","Fam20a","XM_573215.2","XP_573215.2","85.40","86.10"
"FAM20A","54757","9719","G.gallus","FAM20A","XM_415690.2","XP_415690.2","76.20","75.20"
"FAM20A","54757","9719","D.rerio","fam20a","NM_001130780.1","NP_001124252.1","63.10","63.90"
"FAM46C","54855","56783","H.sapiens","FAM46C","NM_017709.3","NP_060179.2","0.00","0.00"
"FAM46C","54855","56783","P.troglodytes","LOC469434","XM_524818.2","XP_524818.2","99.50","99.00"
"FAM46C","54855","56783","C.lupus","LOC483142","XM_540260.2","XP_540260.2","96.70","88.80"
"FAM46C","54855","56783","R.norvegicus","LOC310721","NM_001014041.1","NP_001014063.1","96.20","90.30"
"FAM46C","54855","56783","G.gallus","FAM46C","NM_001007972.1","NP_001007973.1","89.50","78.80"
"FAM46C","54855","56783","D.rerio","fam46c","NM_200507.2","NP_956801.2","76.50","72.10"
"FAM46C","54855","56783","D.melanogaster","CG30497","NM_136477.3","NP_610321.2","63.50","62.90"
"FAM46C","54855","56783","A.gambiae","AgaP_AGAP005088","XM_001230961.2","XP_001230962.2","64.00","64.30"
"FAM46C","54855","56783","C.elegans","pqn-44","NM_059179.1","NP_491580.1","48.30","52.30"
"FAM65C","140876","15438","H.sapiens","FAM65C","NM_080829.2","NP_543019.2","0.00","0.00"
"FAM65C","140876","15438","P.troglodytes","LOC458333","XM_001167914.1","XP_001167914.1","0.00","0.00"
"FAM65C","140876","15438","B.taurus","LOC516658","XM_594815.3","XP_594815.3","83.80","84.80"
"FAM65C","140876","15438","M.musculus","Fam65c","NM_001080708.1","NP_001074177.1","76.70","79.10"
"FAM65C","140876","15438","R.norvegicus","Fam65c","XM_001067223.1","XP_001067223.1","76.90","80.20"
"FAM65C","140876","15438","G.gallus","C20orf175","XM_425727.2","XP_425727.2","56.60","59.80"
"FAM65C","140876","15438","D.rerio","zgc:113070","NM_001012499.1","NP_001012517.1","41.90","51.60"
"FAM89B","23625","18749","H.sapiens","FAM89B","NM_001098785.1","NP_001092255.1","0.00","0.00"
"FAM89B","23625","18749","P.troglodytes","LOC466664","XM_001169812.1","XP_001169812.1","96.20","97.00"
"FAM89B","23625","18749","C.lupus","LOC483735","XM_540856.2","XP_540856.2","96.60","89.20"
"FAM89B","23625","18749","B.taurus","MGC140823","NM_001075517.1","NP_001068985.1","96.30","88.90"
"FAM89B","23625","18749","M.musculus","Mtvr2","NM_181452.1","NP_852117.1","95.80","87.80"
"FAM89B","23625","18749","R.norvegicus","Mtvr2","NM_001015013.1","NP_001015013.1","96.30","87.30"
"Fas","355","27","H.sapiens","FAS","NM_000043.3","NP_000034.1","0.00","0.00"
"Fas","355","27","P.troglodytes","FAS","XM_001139138.1","XP_001139138.1","98.50","99.20"
"Fas","355","27","C.lupus","FAS","XM_543595.2","XP_543595.2","57.30","65.50"
"Fas","355","27","B.taurus","FAS","NM_174662.2","NP_777087.1","58.70","71.20"
"Fas","355","27","M.musculus","Fas","NM_007987.1","NP_032013.1","50.60","65.80"
"Fas","355","27","R.norvegicus","Fas","NM_139194.2","NP_631933.2","51.20","64.00"
"Fas","355","27","G.gallus","FAS","XM_421659.2","XP_421659.2","36.00","49.60"
"Fas","355","27","D.rerio","fas","XM_685355.3","XP_690447.3","32.30","47.10"
"FBN1","2200","30958","H.sapiens","FBN1","NM_000138.4","NP_000129.3","0.00","0.00"
"FBN1","2200","30958","P.troglodytes","FBN1","XM_001149266.1","XP_001149266.1","99.90","99.70"
"FBN1","2200","30958","C.lupus","FBN1","XM_856699.1","XP_861792.1","97.00","91.80"
"FBN1","2200","30958","B.taurus","FBN1","NM_174053.1","NP_776478.1","97.80","92.80"
"FBN1","2200","30958","M.musculus","Fbn1","NM_007993.2","NP_032019.2","96.30","88.90"
"FBN1","2200","30958","R.norvegicus","Fbn1","NM_031825.1","NP_114013.1","96.00","88.60"
"FBN1","2200","30958","G.gallus","FBN1","XM_413815.2","XP_413815.2","85.40","78.80"
"FBXO32","114907","12182","H.sapiens","FBXO32","NM_058229.2","NP_478136.1","0.00","0.00"
"FBXO32","114907","12182","P.troglodytes","FBXO32","XM_001149252.1","XP_001149252.1","97.50","97.70"
"FBXO32","114907","12182","C.lupus","FBXO32","XM_856600.1","XP_861693.1","93.50","90.40"
"FBXO32","114907","12182","B.taurus","FBXO32","NM_001046155.1","NP_001039620.1","98.00","93.60"
"FBXO32","114907","12182","M.musculus","Fbxo32","NM_026346.1","NP_080622.1","96.60","91.20"
"FBXO32","114907","12182","R.norvegicus","Fbxo32","NM_133521.1","NP_598205.1","96.60","91.00"
"FBXO32","114907","12182","G.gallus","FBXO32","NM_001030956.1","NP_001026127.1","92.70","84.00"
"FBXO32","114907","12182","D.rerio","fbxo32","NM_200917.1","NP_957211.1","76.30","72.00"
"FBXO32","114907","12182","D.melanogaster","CG11658","NM_206338.1","NP_996060.1","31.30","48.40"
"FBXO32","114907","12182","A.gambiae","AgaP_AGAP012127","XM_320404.3","XP_320404.2","35.40","49.80"
"FBXW7","55294","117451","H.sapiens","FBXW7","NM_033632.2","NP_361014.1","0.00","0.00"
"FBXW7","55294","117451","P.troglodytes","FBXW7","XM_001153672.1","XP_001153672.1","100.00","99.90"
"FBXW7","55294","117451","C.lupus","FBXW7","XM_862627.1","XP_867720.1","98.70","96.40"
"FBXW7","55294","117451","B.taurus","FBXW7","NM_001076249.1","NP_001069717.1","100.00","94.00"
"FBXW7","55294","117451","M.musculus","Fbxw7","NM_080428.2","NP_536353.2","99.40","92.40"
"FBXW7","55294","117451","G.gallus","FBXW7","XM_420447.2","XP_420447.2","94.70","85.80"
"FBXW7","55294","117451","D.rerio","fbxw7","XM_688301.4","XP_693393.4","95.00","77.20"
"FBXW7","55294","117451","D.melanogaster","ago","NM_079198.2","NP_523922.1","75.40","63.70"
"FBXW7","55294","117451","A.gambiae","AgaP_AGAP005359","XM_315369.4","XP_315369.4","72.70","61.60"
"FBXW7","55294","117451","C.elegans","sel-10","NM_001028804.1","NP_001023975.1","53.30","55.70"
"FGF2","2247","1521","H.sapiens","FGF2","NM_002006.4","NP_001997.5","0.00","0.00"
"FGF2","2247","1521","B.taurus","FGF2","NM_174056.3","NP_776481.1","98.70","95.30"
"FGF2","2247","1521","M.musculus","Fgf2","NM_008006.1","NP_032032.1","95.50","89.60"
"FGF2","2247","1521","R.norvegicus","Fgf2","NM_019305.1","NP_062178.1","97.40","89.20"
"FGF2","2247","1521","G.gallus","FGF2","NM_205433.1","NP_990764.1","92.20","84.00"
"FGF2","2247","1521","D.rerio","fgf2","NM_212823.1","NP_997988.1","75.80","69.10"
"FGFR1","2260","69065","H.sapiens","FGFR1","NM_001174067.1","NP_001167538.1","0.00","0.00"
"FGFR1","2260","69065","P.troglodytes","FGFR1","XM_519715.2","XP_519715.2","97.10","97.10"
"FGFR1","2260","69065","C.lupus","FGFR1","XM_851785.1","XP_856878.1","95.30","90.30"
"FGFR1","2260","69065","B.taurus","FGFR1","NM_001110207.1","NP_001103677.1","98.80","92.00"
"FGFR1","2260","69065","M.musculus","Fgfr1","NM_010206.2","NP_034336.2","98.50","89.80"
"FGFR1","2260","69065","R.norvegicus","Fgfr1","NM_024146.1","NP_077060.1","97.80","89.50"
"FGFR1","2260","69065","G.gallus","FGFR1","NM_205510.1","NP_990841.1","92.00","83.40"
"FGFR1","2260","69065","D.rerio","fgfr1a","NM_152962.2","NP_694494.1","75.00","71.90"
"FHIT","2272","21661","H.sapiens","FHIT","NM_002012.2","NP_002003.1","0.00","0.00"
"FHIT","2272","21661","P.troglodytes","FHIT","XM_001156390.1","XP_001156390.1","98.50","99.00"
"FHIT","2272","21661","B.taurus","FHIT","NM_001040646.1","NP_001035736.1","90.50","87.10"
"FHIT","2272","21661","M.musculus","Fhit","NM_010210.2","NP_034340.1","91.20","87.10"
"FHIT","2272","21661","R.norvegicus","Fhit","NM_021774.1","NP_068542.1","88.40","84.60"
"FHIT","2272","21661","G.gallus","FHIT","XM_414409.2","XP_414409.2","80.60","76.20"
"FHIT","2272","21661","D.rerio","LOC100331277","XM_002662551.1","XP_002662597.1","77.90","69.70"
"FHIT","2272","21661","D.rerio","fhit","NM_200740.1","NP_957034.1","77.90","69.90"
"FHIT","2272","21661","S.pombe","aph1","NM_001022829.1","NP_587836.1","52.30","51.10"
"FHIT","2272","21661","M.grisea","GeneID:2679160","XM_363591.1","XP_363591.1","56.00","57.90"
"FHIT","2272","21661","N.crassa","NCU08293","XM_957413.2","XP_962506.2","54.80","56.20"
"FHIT","2272","21661","A.thaliana","AT5G58240","NM_125209.3","NP_200632.2","52.40","54.70"
"FHIT","2272","21661","O.sativa","Os11g0120600","NM_001072141.1","NP_001065609.1","47.50","54.10"
"FLRT2","23768","8291","H.sapiens","FLRT2","NM_013231.4","NP_037363.1","0.00","0.00"
"FLRT2","23768","8291","P.troglodytes","FLRT2","XM_510103.2","XP_510103.2","99.50","99.50"
"FLRT2","23768","8291","C.lupus","FLRT2","XM_547942.2","XP_547942.2","96.50","89.20"
"FLRT2","23768","8291","M.musculus","Flrt2","NM_201518.2","NP_958926.1","97.30","89.70"
"FLRT2","23768","8291","R.norvegicus","Flrt2","XM_234361.4","XP_234361.4","96.40","89.10"
"FLRT2","23768","8291","G.gallus","FLRT2","XM_426456.2","XP_426456.1","88.30","81.60"
"FLRT2","23768","8291","D.rerio","sc:d0374","NM_001100043.1","NP_001093513.1","65.00","62.80"
"FOLH1","2346","121694","H.sapiens","FOLH1","NM_004476.1","NP_004467.1","0.00","0.00"
"FOLH1","2346","121694","P.troglodytes","FOLH1","XM_001170546.1","XP_001170546.1","98.80","99.20"
"FOLH1","2346","121694","C.lupus","FOLH1","XM_533980.2","XP_533980.2","93.10","91.00"
"FOLH1","2346","121694","B.taurus","FOLH1","NM_001101858.1","NP_001095328.1","89.70","88.40"
"FOLH1","2346","121694","G.gallus","FOLH1","XM_417205.2","XP_417205.2","78.40","76.00"
"FOLH1","2346","121694","C.elegans","C35C5.11","NM_001029275.1","NP_001024446.1","33.80","46.70"
"FOLH1","2346","121694","C.elegans","C35C5.2","NM_077527.2","NP_509928.2","35.40","48.10"
"FOLH1","2346","121694","C.elegans","R57.1","NM_075684.4","NP_508085.2","37.20","48.70"
"FOLH1","2346","121694","S.pombe","SPBC354.09c","NM_001021139.1","NP_595233.1","28.50","42.10"
"FOLH1","2346","121694","M.grisea","GeneID:2675634","XM_359689.1","XP_359689.1","31.80","43.50"
"FOLH1","2346","121694","N.crassa","NCU06285","XM_957454.1","XP_962547.1","33.20","42.50"
"FOXA1","3169","3307","H.sapiens","FOXA1","NM_004496.2","NP_004487.2","0.00","0.00"
"FOXA1","3169","3307","P.troglodytes","FOXA1","XM_001144389.1","XP_001144389.1","99.60","99.60"
"FOXA1","3169","3307","C.lupus","FOXA1","XM_847261.1","XP_852354.1","94.60","91.50"
"FOXA1","3169","3307","B.taurus","FOXA1","XM_613201.3","XP_613201.1","95.10","90.80"
"FOXA1","3169","3307","M.musculus","Foxa1","NM_008259.3","NP_032285.2","95.70","91.70"
"FOXA1","3169","3307","R.norvegicus","Foxa1","NM_012742.1","NP_036874.1","92.90","90.40"
"FOXA1","3169","3307","D.rerio","foxa1","NM_131284.1","NP_571359.1","66.90","67.10"
"FOXA2","3170","7762","H.sapiens","FOXA2","NM_021784.4","NP_068556.2","0.00","0.00"
"FOXA2","3170","7762","C.lupus","FOXA2","XM_542865.2","XP_542865.2","97.60","94.50"
"FOXA2","3170","7762","B.taurus","FOXA2","XM_599153.4","XP_599153.4","97.90","94.90"
"FOXA2","3170","7762","M.musculus","Foxa2","NM_010446.1","NP_034576.1","97.40","90.40"
"FOXA2","3170","7762","R.norvegicus","Foxa2","NM_012743.1","NP_036875.1","96.50","89.30"
"FOXA2","3170","7762","D.rerio","foxa2","NM_130949.1","NP_571024.1","73.80","71.30"
"FOXA2","3170","7762","D.melanogaster","fkh","NM_001170291.1","NP_001163762.1","48.50","56.70"
"FOXA2","3170","7762","A.gambiae","AgaP_AGAP001671","XM_321425.3","XP_321425.3","47.20","59.20"
"FOXC1","2296","20373","H.sapiens","FOXC1","NM_001453.2","NP_001444.2","0.00","0.00"
"FOXC1","2296","20373","P.troglodytes","FOXC1","XM_001174718.1","XP_001174718.1","99.60","99.40"
"FOXC1","2296","20373","M.musculus","Foxc1","NM_008592.2","NP_032618.2","94.70","91.40"
"FOXC1","2296","20373","D.rerio","foxc1a","NM_131728.2","NP_571803.1","78.00","75.20"
"FOXL2","668","74992","H.sapiens","FOXL2","NM_023067.3","NP_075555.1","0.00","0.00"
"FOXL2","668","74992","P.troglodytes","FOXL2","XM_526323.2","XP_526323.2","99.70","99.50"
"FOXL2","668","74992","B.taurus","FOXL2","NM_001031750.1","NP_001026920.1","97.60","92.50"
"FOXL2","668","74992","M.musculus","Foxl2","NM_012020.1","NP_036150.1","97.00","89.80"
"FOXL2","668","74992","R.norvegicus","Foxl2","XM_345975.3","XP_345976.3","96.80","90.60"
"FOXL2","668","74992","G.gallus","FOXL2","NM_001012612.1","NP_001012630.1","79.30","79.50"
"FOXL2","668","74992","D.rerio","foxl2","NM_001045252.1","NP_001038717.1","71.80","69.40"
"FUCA1","2517","20078","H.sapiens","FUCA1","NM_000147.4","NP_000138.2","0.00","0.00"
"FUCA1","2517","20078","P.troglodytes","FUCA1","XM_524607.2","XP_524607.2","72.30","79.30"
"FUCA1","2517","20078","C.lupus","FUCA1","NM_001003250.1","NP_001003250.1","84.40","86.10"
"FUCA1","2517","20078","B.taurus","FUCA1","NM_001046035.1","NP_001039500.1","85.20","85.00"
"FUCA1","2517","20078","M.musculus","Fuca1","NM_024243.3","NP_077205.2","84.20","83.30"
"FUCA1","2517","20078","R.norvegicus","Fuca1","NM_012562.1","NP_036694.1","80.80","81.80"
"FUCA1","2517","20078","G.gallus","FUCA1","XM_417835.2","XP_417835.2","70.20","69.80"
"FUCA1","2517","20078","D.rerio","fuca1","NM_212740.1","NP_997905.1","66.30","64.50"
"FUCA1","2517","20078","D.rerio","zgc:101116","NM_001003559.1","NP_001003559.1","66.70","63.60"
"FUCA1","2517","20078","M.grisea","GeneID:2674808","XM_368928.1","XP_368928.1","34.10","45.70"
"FUCA1","2517","20078","M.grisea","GeneID:2675003","XM_369202.2","XP_369202.2","37.80","49.90"
"GAD1","2571","635","H.sapiens","GAD1","NM_000817.2","NP_000808.2","0.00","0.00"
"GAD1","2571","635","P.troglodytes","GAD1","NM_001034113.1","NP_001029285.1","99.50","99.40"
"GAD1","2571","635","C.lupus","GAD1","XM_535958.2","XP_535958.2","98.00","93.70"
"GAD1","2571","635","B.taurus","GAD1","NM_001075756.1","NP_001069224.1","98.00","92.80"
"GAD1","2571","635","M.musculus","Gad1","NM_008077.3","NP_032103.2","97.30","91.40"
"GAD1","2571","635","R.norvegicus","Gad1","NM_017007.1","NP_058703.1","97.30","90.90"
"GAD1","2571","635","G.gallus","GAD1","NM_204913.1","NP_990244.1","93.10","83.30"
"GAD1","2571","635","D.rerio","LOC100006588","XM_001345255.2","XP_001345291.2","81.00","74.90"
"GAD1","2571","635","D.rerio","gad1b","NM_194419.1","NP_919400.1","81.00","74.90"
"GAD1","2571","635","D.rerio","LOC100329827","XM_002663304.1","XP_002663350.1","84.30","76.00"
"GAD1","2571","635","D.melanogaster","Gad1","NM_079190.2","NP_523914.2","58.80","61.30"
"GAD1","2571","635","A.gambiae","AgaP_AGAP005866","XM_315894.3","XP_315894.2","56.70","60.40"
"GAD1","2571","635","C.elegans","unc-25","NM_067288.3","NP_499689.1","56.80","58.30"
"GAD1","2571","635","M.grisea","GeneID:2677270","XM_361395.1","XP_361395.1","35.40","49.80"
"GAD1","2571","635","N.crassa","NCU06112","XM_954881.1","XP_959974.1","37.10","47.50"
"GADD45G","10912","21334","H.sapiens","GADD45G","NM_006705.3","NP_006696.1","0.00","0.00"
"GADD45G","10912","21334","P.troglodytes","GADD45G","XM_001141972.1","XP_001141972.1","99.40","99.60"
"GADD45G","10912","21334","C.lupus","GADD45G","XM_541314.2","XP_541314.2","96.20","88.90"
"GADD45G","10912","21334","B.taurus","GADD45G","NM_001045901.1","NP_001039366.1","95.60","89.10"
"GADD45G","10912","21334","M.musculus","Gadd45g","NM_011817.1","NP_035947.1","95.60","87.80"
"GADD45G","10912","21334","R.norvegicus","Gadd45g","XM_237999.4","XP_237999.4","96.20","88.30"
"GADD45G","10912","21334","G.gallus","GADD45B","XM_001232965.1","XP_001232966.1","71.30","74.70"
"GADD45G","10912","21334","D.rerio","gadd45g","NM_205691.1","NP_991254.1","67.10","67.30"
"GAS6","2621","638","H.sapiens","GAS6","NM_000820.2","NP_000811.1","0.00","0.00"
"GAS6","2621","638","P.troglodytes","GAS6","XM_001146448.1","XP_001146448.1","87.00","88.90"
"GAS6","2621","638","C.lupus","GAS6","XM_844530.1","XP_849623.1","83.30","83.20"
"GAS6","2621","638","B.taurus","GAS6","XM_580667.4","XP_580667.3","79.90","82.20"
"GAS6","2621","638","M.musculus","Gas6","NM_019521.1","NP_062394.1","82.00","80.00"
"GAS6","2621","638","R.norvegicus","Gas6","NM_057100.1","NP_476441.1","83.40","80.80"
"GAS6","2621","638","G.gallus","GAS6","XM_416936.2","XP_416936.2","67.50","67.00"
"GAS6","2621","638","D.rerio","gas6","NM_199978.1","NP_956272.1","52.40","59.80"
"GCNT3","9245","20993","H.sapiens","GCNT3","NM_004751.2","NP_004742.1","0.00","0.00"
"GCNT3","9245","20993","P.troglodytes","GCNT3","XM_510451.2","XP_510451.2","98.40","98.90"
"GCNT3","9245","20993","C.lupus","GCNT3","XM_544703.2","XP_544703.2","81.00","85.00"
"GCNT3","9245","20993","B.taurus","GCNT3","NM_205809.1","NP_991378.1","83.80","84.70"
"GCNT3","9245","20993","M.musculus","Gcnt3","NM_028087.2","NP_082363.2","77.10","78.90"
"GCNT3","9245","20993","R.norvegicus","Gcnt3","NM_173312.1","NP_775434.1","78.00","79.60"
"GCNT3","9245","20993","G.gallus","GCNT3","XM_425064.2","XP_425064.2","60.30","62.20"
"GCNT3","9245","20993","D.rerio","LOC100332076","XM_002666917.1","XP_002666963.1","60.80","62.30"
"GCNT3","9245","20993","C.elegans","beta-1;6-N-acetylglucosaminyltransferase","NM_059614.2","NP_492015.1","29.10","42.70"
"GCNT3","9245","20993","C.elegans","beta-1;6-N-acetylglucosaminyltransferase","NM_059613.4","NP_492014.4","29.60","45.30"
"GCNT3","9245","20993","C.elegans","gly-16","NM_060734.4","NP_493135.2","29.90","42.50"
"GCNT3","9245","20993","C.elegans","gly-17","NM_060733.2","NP_493134.2","33.60","44.90"
"GCNT3","9245","20993","C.elegans","beta-1;6-N-acetylglucosaminyltransferase","NM_063944.3","NP_496345.1","30.70","42.50"
"GCNT3","9245","20993","C.elegans","gly-15","NM_060763.2","NP_493164.2","29.30","40.50"
"GLT8D2","83468","41826","H.sapiens","GLT8D2","NM_031302.3","NP_112592.1","0.00","0.00"
"GLT8D2","83468","41826","P.troglodytes","GLT8D2","XM_001159068.1","XP_001159068.1","99.70","99.40"
"GLT8D2","83468","41826","C.lupus","GLT8D2","XM_849976.1","XP_855069.1","94.30","91.00"
"GLT8D2","83468","41826","B.taurus","GLT8D2","NM_001046266.1","NP_001039731.1","95.40","90.50"
"GLT8D2","83468","41826","M.musculus","Glt8d2","NM_029102.2","NP_083378.1","92.20","87.20"
"GLT8D2","83468","41826","R.norvegicus","Glt8d2","XM_345809.3","XP_345810.3","95.20","87.00"
"GLT8D2","83468","41826","G.gallus","GLT8D2","XM_416320.2","XP_416320.2","85.70","80.50"
"GLT8D2","83468","41826","D.rerio","si:dkey-22l11.1","NM_001039931.1","NP_001035020.1","62.90","65.10"
"GLT8D2","83468","41826","A.thaliana","GATL4","NM_111501.2","NP_187277.1","29.70","45.00"
"GLT8D2","83468","41826","O.sativa","Os03g0359600","NM_001056686.1","NP_001050151.1","29.70","42.30"
"GLT8D2","83468","41826","O.sativa","Os07g0646800","NM_001067000.1","NP_001060465.1","30.30","42.70"
"GLTP","51228","41133","H.sapiens","GLTP","NM_016433.3","NP_057517.1","0.00","0.00"
"GLTP","51228","41133","P.troglodytes","GLTP","XM_521856.2","XP_521856.2","94.70","96.00"
"GLTP","51228","41133","C.lupus","GLTP","XM_849301.1","XP_854394.1","99.00","94.60"
"GLTP","51228","41133","B.taurus","GLTP","NM_175799.2","NP_786993.1","98.10","90.30"
"GLTP","51228","41133","M.musculus","Gltp","NM_019821.2","NP_062795.2","93.30","88.80"
"GLTP","51228","41133","R.norvegicus","Gltp","XM_213793.4","XP_213793.4","93.80","88.70"
"GLTP","51228","41133","G.gallus","GLTP","XM_427091.1","XP_427091.1","80.90","79.80"
"GLTP","51228","41133","D.rerio","gltpa","NM_001099988.1","NP_001093458.1","79.90","72.10"
"GLTP","51228","41133","C.elegans","Y82E9BR.14","NM_001027787.2","NP_001022958.1","29.80","44.70"
"GNLY","10578","117711","H.sapiens","GNLY","NM_006433.3","NP_006424.2","0.00","0.00"
"GNLY","10578","117711","P.troglodytes","GNLY","XM_001168573.1","XP_001168573.1","93.80","97.50"
"GP2","2813","114817","H.sapiens","GP2","NM_001007240.1","NP_001007241.2","0.00","0.00"
"GP2","2813","114817","P.troglodytes","GP2","XM_001155840.1","XP_001155840.1","98.30","98.60"
"GP2","2813","114817","C.lupus","GP2","NM_001003371.1","NP_001003371.1","77.60","84.20"
"GP2","2813","114817","B.taurus","GP2","NM_001075950.1","NP_001069418.1","77.60","83.50"
"GP2","2813","114817","M.musculus","Gp2","NM_025989.2","NP_080265.2","68.20","74.10"
"GP2","2813","114817","R.norvegicus","Gp2","NM_134418.1","NP_599245.1","68.20","75.50"
"GP2","2813","114817","D.rerio","LOC100007639","XM_001346011.3","XP_001346047.3","37.70","50.20"
"GP2","2813","114817","D.rerio","zgc:153932","NM_001083007.1","NP_001076476.1","47.90","52.10"
"GP2","2813","114817","D.rerio","LOC568241","XM_691562.4","XP_696654.4","31.20","45.70"
"GP2","2813","114817","D.rerio","LOC794558","XM_001921100.2","XP_001921135.2","36.70","49.10"
"GP2","2813","114817","D.rerio","LOC568496","XM_001921160.1","XP_001921195.1","35.70","48.90"
"GP2","2813","114817","D.rerio","LOC100005723","XM_001344660.3","XP_001344696.2","38.00","50.00"
"GP2","2813","114817","D.rerio","LOC568542","XM_691874.4","XP_696966.4","37.00","50.30"
"GP2","2813","114817","D.rerio","LOC100005636","XM_001922840.1","XP_001922875.1","32.50","45.50"
"GP2","2813","114817","D.rerio","LOC100005128","XM_001344222.3","XP_001344258.3","47.10","52.10"
"GP2","2813","114817","D.rerio","LOC569102","XM_001920174.1","XP_001920209.1","45.80","53.40"
"GP2","2813","114817","D.rerio","LOC100005544","XM_001344530.2","XP_001344566.2","44.00","48.60"
"GP2","2813","114817","D.rerio","LOC568930","XM_692289.4","XP_697381.4","38.60","50.20"
"GP2","2813","114817","D.rerio","LOC100005948","XM_001344808.4","XP_001344844.3","44.40","51.90"
"GP2","2813","114817","D.rerio","LOC794334","XM_001334250.3","XP_001334286.2","36.40","49.10"
"GP2","2813","114817","D.rerio","LOC794261","XM_001334161.3","XP_001334197.2","38.00","49.80"
"GP2","2813","114817","D.rerio","LOC568975","XM_001920122.2","XP_001920157.2","36.60","49.30"
"GP2","2813","114817","D.rerio","LOC100330360","XM_002660574.1","XP_002660620.1","36.10","48.70"
"GP2","2813","114817","D.rerio","LOC100332029","XM_002662072.1","XP_002662118.1","36.80","49.00"
"GP2","2813","114817","D.rerio","LOC100002415","XM_002664031.1","XP_002664077.1","36.40","48.90"
"GP2","2813","114817","D.rerio","LOC100149947","XM_001922621.2","XP_001922656.2","46.60","54.20"
"GP2","2813","114817","D.rerio","LOC568294","XM_691616.4","XP_696708.4","36.40","49.20"
"GP2","2813","114817","D.rerio","LOC100001921","XM_001341787.3","XP_001341823.3","35.70","48.70"
"GP2","2813","114817","D.rerio","LOC100151584","XM_001919735.2","XP_001919770.2","36.40","49.10"
"GP2","2813","114817","D.rerio","LOC571499","XM_695097.3","XP_700189.3","35.00","46.70"
"GP2","2813","114817","D.rerio","LOC100149475","XM_001919786.2","XP_001919821.2","36.60","48.90"
"GP2","2813","114817","D.rerio","LOC100150869","XM_001919758.2","XP_001919793.2","0.00","0.00"
"GP2","2813","114817","D.rerio","LOC100148026","XM_001919814.2","XP_001919849.2","0.00","0.00"
"GP2","2813","114817","D.rerio","LOC100148750","XM_001919801.2","XP_001919836.2","0.00","0.00"
"GP2","2813","114817","D.rerio","LOC100331512","XM_002664021.1","XP_002664067.1","0.00","0.00"
"GP2","2813","114817","D.rerio","LOC100002124","XM_001341944.2","XP_001341980.2","0.00","0.00"
"GP2","2813","114817","D.rerio","LOC100001307","XM_001341293.3","XP_001341329.3","0.00","0.00"
"GP2","2813","114817","D.rerio","LOC100002054","XM_001341895.3","XP_001341931.3","0.00","0.00"
"GP2","2813","114817","D.rerio","LOC100331375","XM_002664020.1","XP_002664066.1","0.00","0.00"
"GP2","2813","114817","D.rerio","LOC100002252","XM_001342045.1","XP_001342081.1","0.00","0.00"
"GP2","2813","114817","D.rerio","LOC568793","XM_692148.4","XP_697240.4","0.00","0.00"
"GP2","2813","114817","D.rerio","si:dkey-9l20.3","XM_695383.4","XP_700475.4","0.00","0.00"
"GP2","2813","114817","D.rerio","LOC100332399","XM_002664023.1","XP_002664069.1","0.00","0.00"
"GP2","2813","114817","D.rerio","LOC100332467","XM_002664024.1","XP_002664070.1","0.00","0.00"
"GPR133","283383","34616","H.sapiens","GPR133","NM_198827.3","NP_942122.2","0.00","0.00"
"GPR133","283383","34616","C.lupus","GPR133","XM_543354.2","XP_543354.2","78.60","81.70"
"GPR133","283383","34616","B.taurus","GPR133","NM_001034564.1","NP_001029736.1","77.20","81.70"
"GPR133","283383","34616","M.musculus","Gpr133","NM_001081342.1","NP_001074811.1","80.80","79.00"
"GPR133","283383","34616","G.gallus","GPR133","XM_415094.2","XP_415094.2","70.00","68.70"
"GPR133","283383","34616","D.rerio","gpr133","NM_001008601.1","NP_001008601.1","74.60","72.90"
"GSTP1","2950","660","H.sapiens","GSTP1","NM_000852.3","NP_000843.1","0.00","0.00"
"GSTP1","2950","660","P.troglodytes","GSTP1","XM_001152516.1","XP_001152516.1","97.10","97.70"
"GSTP1","2950","660","C.lupus","LOC476005","XM_533213.2","XP_533213.2","85.70","86.00"
"GSTP1","2950","660","C.lupus","LOC475191","XM_532423.2","XP_532423.2","87.10","86.80"
"GSTP1","2950","660","C.lupus","LOC480844","XM_537961.2","XP_537961.2","83.80","85.60"
"GSTP1","2950","660","C.lupus","LOC611366","XM_849024.1","XP_854117.1","87.10","86.80"
"GSTP1","2950","660","C.lupus","LOC480657","XM_537776.2","XP_537776.1","85.60","86.00"
"GSTP1","2950","660","B.taurus","GSTP1","NM_177516.1","NP_803482.1","86.20","87.80"
"GSTP1","2950","660","R.norvegicus","Gstp2","NM_138974.1","NP_620430.1","85.70","82.70"
"GSTP1","2950","660","R.norvegicus","Gstp1","NM_012577.1","NP_036709.1","85.70","82.90"
"GSTP1","2950","660","D.rerio","gstp1","NM_131734.3","NP_571809.1","60.60","63.10"
"GSTP1","2950","660","D.rerio","gstp2","NM_001020513.1","NP_001018349.1","59.10","62.30"
"GSTP1","2950","660","C.elegans","gst-1","NM_066605.4","NP_499006.1","40.60","49.30"
"GSTP1","2950","660","C.elegans","gst-25","NM_058456.2","NP_490857.1","40.60","49.30"
"GSTP1","2950","660","C.elegans","gst-10","NM_071300.6","NP_503701.1","40.40","49.90"
"GSTP1","2950","660","C.elegans","gst-41","NM_072493.2","NP_504894.1","38.80","46.60"
"GSTP1","2950","660","C.elegans","gst-23","NM_071488.1","NP_503889.1","39.90","47.90"
"GSTP1","2950","660","C.elegans","Y45G12C.3","NM_071297.2","NP_503698.2","36.30","46.10"
"GSTP1","2950","660","C.elegans","F56A4.4","NM_071270.2","NP_503671.2","35.10","42.70"
"GSTP1","2950","660","C.elegans","F56A4.3","NM_071272.3","NP_503673.2","0.00","0.00"
"GZMA","3001","21237","H.sapiens","GZMA","NM_006144.3","NP_006135.1","0.00","0.00"
"GZMA","3001","21237","P.troglodytes","GZMA","XM_001148261.1","XP_001148261.1","98.10","99.20"
"GZMA","3001","21237","C.lupus","GZMA","XM_544335.2","XP_544335.2","73.50","81.70"
"GZMA","3001","21237","B.taurus","GZMA","NM_001099095.1","NP_001092565.1","73.40","82.80"
"GZMA","3001","21237","M.musculus","Gzma","NM_010370.2","NP_034500.1","68.80","76.70"
"GZMA","3001","21237","R.norvegicus","Gzma","NM_153468.1","NP_703198.1","70.50","77.90"
"GZMA","3001","21237","G.gallus","GZMA","NM_204457.1","NP_989788.1","54.00","61.90"
"HDAC2","3066","68187","H.sapiens","HDAC2","NM_001527.3","NP_001518.3","0.00","0.00"
"HDAC2","3066","68187","P.troglodytes","LOC462950","XM_518700.2","XP_518700.2","100.00","99.90"
"HDAC2","3066","68187","C.lupus","HDAC2","XM_532270.2","XP_532270.2","98.50","94.00"
"HDAC2","3066","68187","B.taurus","HDAC2","NM_001075146.1","NP_001068614.1","99.40","94.00"
"HDAC2","3066","68187","M.musculus","Hdac2","NM_008229.2","NP_032255.2","99.60","91.60"
"HDAC2","3066","68187","R.norvegicus","Hdac2","XM_342149.3","XP_342150.2","99.00","89.70"
"HDAC2","3066","68187","G.gallus","HDAC2","NM_204831.1","NP_990162.1","98.20","85.70"
"HDAC2","3066","68187","C.elegans","hda-3","NM_060625.3","NP_493026.1","62.70","61.30"
"HDAC2","3066","68187","A.thaliana","HDA6","NM_125705.3","NP_201116.1","59.80","58.80"
"HDAC2","3066","68187","O.sativa","Os08g0344100","NM_001068131.1","NP_001061596.1","60.80","59.10"
"HGD","3081","156","H.sapiens","HGD","NM_000187.3","NP_000178.2","0.00","0.00"
"HGD","3081","156","P.troglodytes","HGD","XM_516674.2","XP_516674.2","99.30","99.80"
"HGD","3081","156","C.lupus","HGD","XM_535754.2","XP_535754.2","94.10","91.00"
"HGD","3081","156","M.musculus","Hgd","NM_013547.2","NP_038575.1","92.60","88.40"
"HGD","3081","156","R.norvegicus","Hgd","NM_001012145.1","NP_001012145.1","91.20","88.40"
"HGD","3081","156","G.gallus","HGD","XM_416553.1","XP_416553.1","83.60","76.90"
"HGD","3081","156","D.rerio","hgd","NM_152966.2","NP_694498.2","80.80","72.50"
"HGD","3081","156","D.melanogaster","hgo","NM_078820.2","NP_523544.2","67.40","65.60"
"HGD","3081","156","A.gambiae","AgaP_AGAP009609","XM_318638.4","XP_318638.4","67.10","61.30"
"HGD","3081","156","C.elegans","hgo-1","NM_060032.5","NP_492433.1","67.00","61.70"
"HGD","3081","156","M.grisea","GeneID:2675249","XM_368813.1","XP_368813.1","53.60","56.90"
"HGD","3081","156","N.crassa","NCU05499","XM_955368.1","XP_960461.1","53.50","55.10"
"HGD","3081","156","A.thaliana","HGO","NM_124787.3","NP_200219.1","60.20","60.30"
"HGD","3081","156","O.sativa","Os06g0103300","NM_001063075.1","NP_001056540.1","59.90","58.10"
"HIF1A","3091","1171","H.sapiens","HIF1A","NM_001530.3","NP_001521.1","0.00","0.00"
"HIF1A","3091","1171","P.troglodytes","HIF1A","XM_001168785.1","XP_001168785.1","99.80","99.90"
"HIF1A","3091","1171","C.lupus","HIF1A","XM_537471.2","XP_537471.2","95.90","94.30"
"HIF1A","3091","1171","B.taurus","HIF1A","NM_174339.3","NP_776764.2","95.60","94.20"
"HIF1A","3091","1171","M.musculus","Hif1a","NM_010431.1","NP_034561.1","91.10","89.30"
"HIF1A","3091","1171","R.norvegicus","Hif1a","NM_024359.1","NP_077335.1","90.90","88.70"
"HIF1A","3091","1171","G.gallus","HIF1A","NM_204297.1","NP_989628.1","79.70","79.20"
"HIF1A","3091","1171","D.rerio","hif1ab","NM_200233.1","NP_956527.1","70.10","65.70"
"HIF1A","3091","1171","D.melanogaster","sima","NM_079845.3","NP_524584.2","36.30","45.00"
"HKDC1","80201","56070","H.sapiens","HKDC1","NM_025130.3","NP_079406.3","0.00","0.00"
"HKDC1","80201","56070","C.lupus","HKDC1","XM_546137.2","XP_546137.2","93.60","89.30"
"HKDC1","80201","56070","M.musculus","Hkdc1","NM_145419.1","NP_663394.1","91.50","86.80"
"HKDC1","80201","56070","G.gallus","HKDC1","XM_421579.2","XP_421579.2","84.60","75.40"
"HKDC1","80201","56070","D.rerio","hkdc1","NM_001115125.1","NP_001108597.1","75.20","69.90"
"HKDC1","80201","56070","S.pombe","hxk2","NM_001019294.1","NP_593865.1","34.50","45.80"
"HKDC1","80201","56070","S.cerevisiae","GLK1","GLK1_6319809","NP_009890.1","38.60","47.40"
"HKDC1","80201","56070","K.lactis","KLLA0C01155g","XM_452246.1","XP_452246.1","38.30","46.30"
"HKDC1","80201","56070","E.gossypii","AGOS_AFR716C","NM_212400.1","NP_986264.1","39.50","49.70"
"HKDC1","80201","56070","M.grisea","GeneID:2682594","XM_366965.1","XP_366965.1","39.10","50.30"
"HKDC1","80201","56070","N.crassa","NCU00575","XM_959643.2","XP_964736.1","40.40","50.00"
"HKDC1","80201","56070","O.sativa","Os01g0190400","NM_001048799.1","NP_001042264.1","41.50","48.10"
"HMGB1","3146","110676","H.sapiens","HMGB1","NM_002128.4","NP_002119.1","0.00","0.00"
"HMGB1","3146","110676","P.troglodytes","HMGB1","XM_001140879.1","XP_001140879.1","99.50","99.70"
"HMGB1","3146","110676","C.lupus","HMGB1","NM_001002937.1","NP_001002937.1","100.00","95.20"
"HMGB1","3146","110676","B.taurus","HMGB1","NM_176612.1","NP_788785.1","99.50","94.30"
"HMGB1","3146","110676","M.musculus","Hmg1l1","XM_485920.4","XP_485920.1","97.20","90.90"
"HMGB1","3146","110676","R.norvegicus","Hmgb1-ps4","XM_001055841.1","XP_001055841.1","98.60","91.30"
"HMGB1","3146","110676","G.gallus","HMGB1","NM_204902.2","NP_990233.1","90.70","85.40"
"HMGB1","3146","110676","D.rerio","hmgb1","NM_199555.2","NP_955849.2","78.50","74.80"
"HMGB1","3146","110676","D.melanogaster","Dsp1","NM_206762.1","NP_996485.1","47.10","55.80"
"HMGB1","3146","110676","A.gambiae","AgaP_AGAP000005","XM_311155.3","XP_311155.3","48.80","57.00"
"HMGB1","3146","110676","C.elegans","hmg-1.2","NM_065974.6","NP_498375.1","44.70","55.70"
"HOXA10","3206","7365","H.sapiens","HOXA10","NM_018951.3","NP_061824.3","0.00","0.00"
"HOXA10","3206","7365","C.lupus","HOXA10","XM_849064.1","XP_854157.1","96.10","92.60"
"HOXA10","3206","7365","M.musculus","Hoxa10","NM_008263.1","NP_032289.1","92.10","88.80"
"HOXA10","3206","7365","R.norvegicus","Hoxa10","XM_347220.3","XP_347221.2","92.80","90.10"
"HOXA10","3206","7365","G.gallus","HOXA10","XM_001235692.1","XP_001235693.1","77.20","77.40"
"HOXA10","3206","7365","D.rerio","hoxa10b","NM_131155.1","NP_571230.1","60.10","61.00"
"HOXA11","3207","4033","H.sapiens","HOXA11","NM_005523.5","NP_005514.1","0.00","0.00"
"HOXA11","3207","4033","P.troglodytes","HOXA11","XM_519012.2","XP_519012.2","99.60","99.60"
"HOXA11","3207","4033","M.musculus","Hoxa11","NM_010450.2","NP_034580.1","98.10","95.50"
"HOXA11","3207","4033","G.gallus","HOXA11","NM_204619.1","NP_989950.1","85.50","85.00"
"HOXA11","3207","4033","D.rerio","hoxa11b","NM_131147.1","NP_571222.1","73.60","69.00"
"HP","3240","121756","H.sapiens","HP","NM_001126102.1","NP_001119574.1","0.00","0.00"
"HP","3240","121756","C.lupus","HP","XM_536799.2","XP_536799.2","81.00","84.70"
"HP","3240","121756","B.taurus","HP","NM_001040470.1","NP_001035560.1","78.60","81.90"
"HP","3240","121756","M.musculus","Hp","NM_017370.1","NP_059066.1","79.80","79.30"
"HP","3240","121756","R.norvegicus","Hp","NM_012582.2","NP_036714.2","79.50","78.40"
"HSPA8","3312","68524","H.sapiens","HSPA8","NM_006597.3","NP_006588.1","0.00","0.00"
"HSPA8","3312","68524","P.troglodytes","HSPA8","XM_508830.2","XP_508830.2","100.00","99.30"
"HSPA8","3312","68524","C.lupus","HSPA8","XM_536543.2","XP_536543.1","100.00","91.10"
"HSPA8","3312","68524","B.taurus","HSPA8","NM_174345.3","NP_776770.2","99.80","92.10"
"HSPA8","3312","68524","M.musculus","Hspa8","NM_031165.4","NP_112442.2","99.80","89.50"
"HSPA8","3312","68524","R.norvegicus","Hspa8","XM_001053026.1","XP_001053026.1","99.70","89.70"
"HSPA8","3312","68524","G.gallus","HSPA8","NM_205003.1","NP_990334.1","98.00","84.40"
"HSPA8","3312","68524","D.rerio","hspa8","NM_001110403.1","NP_001103873.1","95.50","82.30"
"HSPA8","3312","68524","D.melanogaster","Hsc70-1","NM_079339.2","NP_524063.1","80.80","70.60"
"HSPA8","3312","68524","C.elegans","hsp-1","NM_070667.3","NP_503068.1","86.10","73.40"
"HSPA8","3312","68524","S.cerevisiae","SSA4","SSA4_6320950","NP_011029.1","75.10","64.90"
"HSPA8","3312","68524","A.thaliana","AT5G02490","NM_120327.4","NP_195869.1","77.00","69.30"
"HSPA8","3312","68524","A.thaliana","HSC70-1","NM_120328.4","NP_195870.1","77.80","70.10"
"HSPA8","3312","68524","O.sativa","Os03g0277300","NM_001056254.1","NP_001049719.1","78.70","68.00"
"HTR1B","3351","669","H.sapiens","HTR1B","NM_000863.1","NP_000854.1","0.00","0.00"
"HTR1B","3351","669","P.troglodytes","HTR1B","NM_001009102.1","NP_001009102.1","100.00","99.70"
"HTR1B","3351","669","B.taurus","HTR1B","XM_583895.4","XP_583895.2","90.50","89.40"
"HTR1B","3351","669","M.musculus","Htr1b","NM_010482.1","NP_034612.1","93.50","89.80"
"HTR1B","3351","669","R.norvegicus","Htr1b","NM_022225.1","NP_071561.1","94.00","89.80"
"HTR1B","3351","669","G.gallus","HTR1B","XM_419875.2","XP_419875.1","85.40","80.10"
"HTR1B","3351","669","D.rerio","LOC561647","NM_001128709.1","NP_001122181.1","67.50","66.00"
"HTR1B","3351","669","D.melanogaster","5-HT7","NM_079860.2","NP_524599.1","40.20","51.80"
"HTR1B","3351","669","A.gambiae","GPRNNA20","XM_313127.2","XP_313127.2","42.80","54.40"
"HTR1B","3351","669","A.gambiae","GPR5HT7","XM_313129.1","XP_313129.1","45.40","53.50"
"HTRA1","5654","31114","H.sapiens","HTRA1","NM_002775.4","NP_002766.1","0.00","0.00"
"HTRA1","5654","31114","P.troglodytes","HTRA1","XM_508084.2","XP_508084.2","84.40","88.00"
"HTRA1","5654","31114","B.taurus","HTRA1","XM_612097.4","XP_612097.3","94.40","89.20"
"HTRA1","5654","31114","M.musculus","Htra1","NM_019564.2","NP_062510.1","91.00","84.90"
"HTRA1","5654","31114","R.norvegicus","Htra1","NM_031721.1","NP_113909.1","91.90","85.60"
"HTRA1","5654","31114","D.rerio","htra1a","NM_001002219.1","NP_001002219.1","70.80","67.90"
"HTRA1","5654","31114","D.rerio","htra1b","NM_001111182.1","NP_001104652.1","76.10","70.40"
"HTRA2","27429","113300","H.sapiens","HTRA2","NM_013247.4","NP_037379.1","0.00","0.00"
"HTRA2","27429","113300","B.taurus","HTRA2","NM_001077956.1","NP_001071424.1","89.50","90.00"
"HTRA2","27429","113300","M.musculus","Htra2","NM_019752.2","NP_062726.2","84.50","86.00"
"HTRA2","27429","113300","R.norvegicus","Htra2","XM_001054494.1","XP_001054494.1","87.30","86.20"
"HTRA2","27429","113300","D.rerio","LOC797876","XM_001923732.2","XP_001923767.2","67.80","63.00"
"HTRA2","27429","113300","D.rerio","zgc:173425","NM_001105142.1","NP_001098612.1","68.30","63.50"
"HTRA2","27429","113300","D.rerio","LOC793110","XM_001332768.3","XP_001332804.3","68.60","63.90"
"HTRA2","27429","113300","D.rerio","LOC560917","XM_002663591.1","XP_002663637.1","66.30","62.60"
"HTRA2","27429","113300","D.rerio","LOC799006","XM_001339375.3","XP_001339411.3","67.30","63.30"
"HTRA2","27429","113300","D.rerio","LOC560704","XM_001921275.2","XP_001921310.1","68.30","63.80"
"HTRA2","27429","113300","D.rerio","zgc:174193","NM_001114706.1","NP_001108178.1","64.90","62.10"
"HTRA2","27429","113300","D.rerio","LOC793521","XM_001333269.3","XP_001333305.1","66.80","63.00"
"HTRA2","27429","113300","D.rerio","LOC100330375","XM_002664109.1","XP_002664155.1","66.40","63.00"
"HTRA2","27429","113300","D.rerio","LOC100149563","NM_001128820.1","NP_001122292.1","68.50","63.60"
"HTRA2","27429","113300","D.rerio","LOC799537","NM_001110170.1","NP_001103640.1","69.40","64.10"
"HTRA2","27429","113300","D.rerio","LOC100003308","NM_001109735.1","NP_001103205.1","67.00","62.80"
"HTRA2","27429","113300","D.rerio","LOC100329860","XM_002664106.1","XP_002664152.1","66.80","63.90"
"HTRA2","27429","113300","D.rerio","LOC797799","NM_001110528.1","NP_001103998.1","68.20","64.20"
"HTRA2","27429","113300","D.rerio","LOC100149280","XM_002665850.1","XP_002665896.1","68.50","64.20"
"HTRA2","27429","113300","D.rerio","LOC799634","XM_001335165.3","XP_001335201.1","67.40","63.20"
"HTRA2","27429","113300","D.rerio","LOC100331049","XM_002665855.1","XP_002665901.1","67.30","63.50"
"HTRA2","27429","113300","D.rerio","LOC799834","XM_002665860.1","XP_002665906.1","67.50","63.10"
"HTRA2","27429","113300","D.rerio","LOC100330996","XM_002664115.1","XP_002664161.1","66.00","62.10"
"HTRA2","27429","113300","D.rerio","LOC100150281","XM_001923368.2","XP_001923403.2","67.80","63.50"
"HTRA2","27429","113300","D.rerio","si:dkey-33c12.2","XM_702479.4","XP_707571.2","68.80","64.30"
"HTRA2","27429","113300","D.melanogaster","HtrA2","NM_142109.1","NP_650366.1","53.40","55.70"
"HTRA2","27429","113300","A.gambiae","AgaP_AGAP000240","XM_310886.4","XP_310886.4","57.60","58.50"
"HTRA3","94031","12697","H.sapiens","HTRA3","NM_053044.2","NP_444272.1","0.00","0.00"
"HTRA3","94031","12697","M.musculus","Htra3","NM_030127.2","NP_084403.2","92.70","87.60"
"HTRA3","94031","12697","R.norvegicus","Htra3","XM_341237.3","XP_341238.1","92.30","86.20"
"HTRA3","94031","12697","G.gallus","HTRA3","XM_420813.2","XP_420813.2","80.40","72.70"
"HTRA3","94031","12697","D.rerio","zgc:91963","NM_001003502.1","NP_001003502.1","70.40","67.20"
"HYAL1","3373","5277","H.sapiens","HYAL1","NM_007312.3","NP_009296.1","0.00","0.00"
"HYAL1","3373","5277","P.troglodytes","HYAL1","XM_001168739.1","XP_001168739.1","99.30","99.70"
"HYAL1","3373","5277","C.lupus","HYAL1","XM_845674.1","XP_850767.1","82.00","86.70"
"HYAL1","3373","5277","B.taurus","HYAL1","NM_001017941.1","NP_001017941.1","80.50","84.90"
"HYAL1","3373","5277","M.musculus","Hyal1","NM_008317.3","NP_032343.2","73.70","80.70"
"HYAL1","3373","5277","R.norvegicus","Hyal1","NM_207616.1","NP_997499.1","74.60","80.20"
"HYAL1","3373","5277","G.gallus","HYAL1","XM_424356.2","XP_424356.1","52.60","61.40"
"HYAL1","3373","5277","D.rerio","zgc:136804","NM_001039997.1","NP_001035086.1","46.70","52.80"
"HYAL1","3373","5277","C.elegans","hyaluronidase","NM_063429.2","NP_495830.1","33.10","40.70"
"HYAL2","8692","7776","H.sapiens","HYAL2","NM_003773.4","NP_003764.3","0.00","0.00"
"HYAL2","8692","7776","P.troglodytes","HYAL2","XM_001168504.1","XP_001168504.1","99.60","99.30"
"HYAL2","8692","7776","C.lupus","HYAL2","XM_541876.2","XP_541876.2","89.20","86.60"
"HYAL2","8692","7776","B.taurus","HYAL2","NM_174347.2","NP_776772.1","86.20","85.70"
"HYAL2","8692","7776","M.musculus","Hyal2","NM_010489.2","NP_034619.2","82.00","83.40"
"HYAL2","8692","7776","R.norvegicus","Hyal2","NM_172040.1","NP_742037.1","81.40","82.00"
"HYAL2","8692","7776","G.gallus","HYAL2","XM_414258.2","XP_414258.2","58.70","65.40"
"HYAL2","8692","7776","D.rerio","hyal2","XM_682548.3","XP_687640.2","50.20","57.30"
"HYAL2","8692","7776","D.rerio","LOC100330444","XM_002662547.1","XP_002662593.1","50.20","57.30"
"HYAL2","8692","7776","D.rerio","LOC567869","XM_691176.3","XP_696268.3","48.90","55.90"
"ID4","3400","1186","H.sapiens","ID4","NM_001546.2","NP_001537.1","0.00","0.00"
"ID4","3400","1186","P.troglodytes","ID4","XM_001170946.1","XP_001170946.1","96.60","98.20"
"ID4","3400","1186","M.musculus","Id4","NM_031166.2","NP_112443.1","98.10","93.20"
"ID4","3400","1186","R.norvegicus","Id4","NM_175582.1","NP_783172.1","95.70","93.00"
"ID4","3400","1186","G.gallus","ID4","NM_204282.1","NP_989613.1","83.90","80.90"
"ID4","3400","1186","D.rerio","id4","NM_001039990.1","NP_001035079.1","69.60","66.10"
"IFIT4","3437","1189","H.sapiens","IFIT3","NM_001031683.2","NP_001026853.1","0.00","0.00"
"IFIT4","3437","1189","B.taurus","IFIT3","NM_001075414.1","NP_001068882.1","72.40","79.70"
"IFIT4","3437","1189","M.musculus","Ifit3","NM_010501.1","NP_034631.1","61.10","71.70"
"IFIT4","3437","1189","M.musculus","I830012O16Rik","XM_001000862.1","XP_001000862.1","60.60","71.40"
"IFIT4","3437","1189","R.norvegicus","Ifit3","NM_001007694.1","NP_001007695.1","63.30","72.30"
"IGF1","3479","515","H.sapiens","IGF1","NM_001111285.1","NP_001104755.1","0.00","0.00"
"IGF1","3479","515","P.troglodytes","IGF1","XM_001156459.1","XP_001156459.1","99.50","99.80"
"IGF1","3479","515","C.lupus","IGF1","XM_848024.1","XP_853117.1","97.00","93.30"
"IGF1","3479","515","B.taurus","IGF1","NM_001077828.1","NP_001071296.1","96.30","93.00"
"IGF1","3479","515","M.musculus","Igf1","NM_184052.2","NP_908941.1","82.80","83.70"
"IGF1","3479","515","R.norvegicus","Igf1","NM_178866.2","NP_849197.1","93.50","87.30"
"IGF1","3479","515","G.gallus","IGF1","NM_001004384.1","NP_001004384.1","85.10","80.30"
"IGF1","3479","515","D.rerio","igf1","NM_131825.2","NP_571900.1","59.90","63.00"
"IGF2","3481","510","H.sapiens","IGF2","NM_001127598.1","NP_001121070.1","0.00","0.00"
"IGF2","3481","510","P.troglodytes","IGF2","XM_001153640.1","XP_001153640.1","84.30","87.00"
"IGF2","3481","510","C.lupus","IGF2","XM_858107.1","XP_863200.1","92.20","91.30"
"IGF2","3481","510","B.taurus","IGF2","NM_174087.3","NP_776512.2","84.80","86.50"
"IGF2","3481","510","M.musculus","Igf2","NM_010514.2","NP_034644.1","83.90","86.90"
"IGF2","3481","510","R.norvegicus","Igf2","NM_031511.1","NP_113699.1","85.00","86.70"
"IGF2","3481","510","G.gallus","IGF2","XM_421026.2","XP_421026.2","60.80","64.90"
"IGF2","3481","510","D.rerio","igf2b","NM_001001815.1","NP_001001815.1","52.60","56.10"
"IGF2","3481","510","D.rerio","igf2a","NM_131433.1","NP_571508.1","60.00","59.60"
"IGF2BP2","10644","4774","H.sapiens","IGF2BP2","NM_006548.4","NP_006539.3","0.00","0.00"
"IGF2BP2","10644","4774","P.troglodytes","IGF2BP2","XM_001151234.1","XP_001151234.1","100.00","99.90"
"IGF2BP2","10644","4774","C.lupus","IGF2BP2","XM_535832.2","XP_535832.2","98.30","95.00"
"IGF2BP2","10644","4774","B.taurus","IGF2BP2","XM_597236.4","XP_597236.3","98.50","95.00"
"IGF2BP2","10644","4774","M.musculus","Igf2bp2","NM_183029.1","NP_898850.1","94.40","90.30"
"IGF2BP2","10644","4774","R.norvegicus","Igf2bp2","XM_221343.4","XP_221343.4","95.80","90.30"
"IGF2BP2","10644","4774","D.rerio","igf2bp2a","NM_001114558.2","NP_001108030.2","78.60","73.20"
"IGF2BP3","10643","4773","H.sapiens","IGF2BP3","NM_006547.2","NP_006538.2","0.00","0.00"
"IGF2BP3","10643","4773","P.troglodytes","IGF2BP3","XM_001157593.1","XP_001157593.1","100.00","99.90"
"IGF2BP3","10643","4773","C.lupus","IGF2BP3","XM_858217.1","XP_863310.1","96.50","93.30"
"IGF2BP3","10643","4773","B.taurus","IGF2BP3","XM_588560.4","XP_588560.2","97.80","91.40"
"IGF2BP3","10643","4773","M.musculus","Igf2bp3","NM_023670.2","NP_076159.2","96.40","91.80"
"IGF2BP3","10643","4773","R.norvegicus","Igf2bp3","XM_231739.4","XP_231739.3","96.90","91.70"
"IGF2BP3","10643","4773","G.gallus","IGF2BP3","NM_001006359.1","NP_001006359.1","86.00","81.90"
"IGF2BP3","10643","4773","D.rerio","igf2bp3","NM_131491.2","NP_571566.1","77.80","69.80"
"IGFBP1","3484","498","H.sapiens","IGFBP1","NM_000596.2","NP_000587.1","0.00","0.00"
"IGFBP1","3484","498","P.troglodytes","IGFBP1","XM_519083.2","XP_519083.2","98.50","99.30"
"IGFBP1","3484","498","C.lupus","IGFBP1","XM_537927.2","XP_537927.2","66.30","72.40"
"IGFBP1","3484","498","M.musculus","Igfbp1","NM_008341.3","NP_032367.2","71.20","75.50"
"IGFBP1","3484","498","R.norvegicus","Igfbp1","NM_013144.1","NP_037276.1","72.80","74.90"
"IGFBP1","3484","498","G.gallus","IGFBP1","NM_001001294.1","NP_001001294.1","54.80","61.60"
"IGFBP1","3484","498","D.rerio","igfbp1a","NM_173283.3","NP_775390.2","45.70","55.10"
"IGFBP1","3484","498","D.rerio","igfbp1b","NM_001098257.1","NP_001091727.1","45.40","56.40"
"IGFBP3","3486","500","H.sapiens","IGFBP3","NM_001013398.1","NP_001013416.1","0.00","0.00"
"IGFBP3","3486","500","P.troglodytes","IGFBP3","XM_519084.2","XP_519084.2","100.00","99.30"
"IGFBP3","3486","500","C.lupus","IGFBP3","XM_548740.2","XP_548740.2","80.30","82.10"
"IGFBP3","3486","500","B.taurus","IGFBP3","NM_174556.1","NP_776981.1","83.70","83.60"
"IGFBP3","3486","500","M.musculus","Igfbp3","NM_008343.2","NP_032369.2","82.10","83.30"
"IGFBP3","3486","500","R.norvegicus","Igfbp3","NM_012588.1","NP_036720.1","82.40","83.70"
"IGFBP3","3486","500","D.rerio","LOC100333909","XM_002665656.1","XP_002665702.1","58.30","61.90"
"IGFBP3","3486","500","D.rerio","igfbp3","NM_205751.2","NP_991314.2","58.30","61.90"
"IGFBP6","3489","1641","H.sapiens","IGFBP6","NM_002178.2","NP_002169.1","0.00","0.00"
"IGFBP6","3489","1641","P.troglodytes","IGFBP6","XM_509089.2","XP_509089.2","99.60","99.40"
"IGFBP6","3489","1641","C.lupus","IGFBP6","XM_844250.1","XP_849343.1","84.90","86.10"
"IGFBP6","3489","1641","B.taurus","IGFBP6","NM_001040495.1","NP_001035585.1","84.70","86.90"
"IGFBP6","3489","1641","M.musculus","Igfbp6","NM_008344.2","NP_032370.1","71.90","77.50"
"IGFBP6","3489","1641","R.norvegicus","Igfbp6","NM_013104.2","NP_037236.1","71.80","76.70"
"IGFBP6","3489","1641","D.rerio","igfbp6b","NM_001161402.1","NP_001154874.1","42.40","49.80"
"IGFBP6","3489","1641","D.rerio","igfbp6a","NM_001161401.1","NP_001154873.1","42.80","53.20"
"IGJ","3512","16958","H.sapiens","IGJ","NM_144646.3","NP_653247.1","0.00","0.00"
"IGJ","3512","16958","P.troglodytes","IGJ","XM_517248.2","XP_517248.1","98.70","99.40"
"IGJ","3512","16958","C.lupus","LOC475166","XM_532398.2","XP_532398.1","83.40","89.60"
"IGJ","3512","16958","B.taurus","IGJ","NM_175773.2","NP_786967.1","77.70","84.70"
"IGJ","3512","16958","M.musculus","Igj","NM_152839.1","NP_690052.1","75.90","82.30"
"IGJ","3512","16958","R.norvegicus","Igj","XM_341195.3","XP_341196.2","76.60","82.90"
"IGJ","3512","16958","G.gallus","IGJ","NM_204263.1","NP_989594.1","57.00","63.80"
"IL11","3589","535","H.sapiens","IL11","NM_000641.2","NP_000632.1","0.00","0.00"
"IL11","3589","535","P.troglodytes","IL11","XM_001136017.1","XP_001136017.1","100.00","99.50"
"IL11","3589","535","C.lupus","IL11","XM_848962.1","XP_854055.1","93.50","87.40"
"IL11","3589","535","M.musculus","Il11","NM_008350.2","NP_032376.1","87.90","82.90"
"IL11","3589","535","R.norvegicus","Il11","NM_133519.1","NP_598203.1","87.90","82.20"
"IL20RA","53832","8685","H.sapiens","IL20RA","NM_014432.2","NP_055247.2","0.00","0.00"
"IL20RA","53832","8685","P.troglodytes","IL20RA","XM_518765.2","XP_518765.2","99.50","99.30"
"IL20RA","53832","8685","C.lupus","IL20RA","XM_541119.2","XP_541119.2","74.50","80.90"
"IL20RA","53832","8685","B.taurus","IL20RA","XM_585919.4","XP_585919.4","75.80","82.10"
"IL20RA","53832","8685","M.musculus","Il20ra","NM_172786.2","NP_766374.1","65.00","74.20"
"IL20RA","53832","8685","R.norvegicus","Il20ra","XM_218776.2","XP_218776.2","64.40","74.10"
"IL20RA","53832","8685","G.gallus","IL20RA","XM_419723.2","XP_419723.1","42.80","55.30"
"IL20RA","53832","8685","D.rerio","crfb8","NM_001079676.1","NP_001073144.1","30.90","43.90"
"IL8","3576","47937","H.sapiens","IL8","NM_000584.2","NP_000575.1","0.00","0.00"
"IL8","3576","47937","P.troglodytes","IL8","XM_001156375.1","XP_001156375.1","100.00","99.30"
"IL8","3576","47937","C.lupus","IL8","XM_850481.1","XP_855574.1","77.30","81.40"
"IL8","3576","47937","B.taurus","IL8","NM_173925.2","NP_776350.1","79.40","83.50"
"IL8","3576","47937","G.gallus","IL8","NM_205018.1","NP_990349.1","48.50","56.90"
"IL8","3576","47937","G.gallus","IL8","NM_205498.1","NP_990829.1","52.10","60.80"
"INPP5F","22876","8962","H.sapiens","INPP5F","NM_014937.2","NP_055752.1","0.00","0.00"
"INPP5F","22876","8962","P.troglodytes","INPP5F","XM_508074.2","XP_508074.2","99.70","99.80"
"INPP5F","22876","8962","C.lupus","INPP5F","XM_535034.2","XP_535034.2","94.20","92.10"
"INPP5F","22876","8962","M.musculus","Inpp5f","NM_178641.4","NP_848756.2","90.70","87.00"
"INPP5F","22876","8962","R.norvegicus","Inpp5f","XM_219372.4","XP_219372.4","90.60","87.10"
"INPP5F","22876","8962","G.gallus","INPP5F","XM_421792.2","XP_421792.2","83.70","78.30"
"INPP5F","22876","8962","D.rerio","inpp5f","NM_001126432.1","NP_001119904.1","73.50","68.40"
"INPP5F","22876","8962","D.melanogaster","CG7956","NM_001043275.1","NP_001036740.1","38.70","45.70"
"INPP5F","22876","8962","A.gambiae","AgaP_AGAP000483","XM_310609.3","XP_310609.3","45.20","48.90"
"INPP5F","22876","8962","C.elegans","W09C5.7","NM_060992.3","NP_493393.1","36.40","46.10"
"IP6K1","9807","56602","H.sapiens","IP6K1","NM_153273.3","NP_695005.1","0.00","0.00"
"IP6K1","9807","56602","P.troglodytes","IP6K1","XM_516467.2","XP_516467.2","99.80","99.50"
"IP6K1","9807","56602","C.lupus","IP6K1","XM_856749.1","XP_861842.1","96.40","92.30"
"IP6K1","9807","56602","B.taurus","IP6K1","NM_001076010.1","NP_001069478.1","96.10","92.10"
"IP6K1","9807","56602","M.musculus","Ip6k1","NM_013785.2","NP_038813.2","96.80","91.60"
"IP6K1","9807","56602","R.norvegicus","Ip6k1","NM_053316.1","NP_445768.1","96.50","91.40"
"IP6K1","9807","56602","D.rerio","LOC564478","XM_687812.4","XP_692904.2","74.20","70.90"
"IP6K1","9807","56602","C.elegans","F30A10.3","NM_060118.3","NP_492519.2","43.60","47.10"
"ITGAV","3685","20510","H.sapiens","ITGAV","NM_002210.3","NP_002201.1","0.00","0.00"
"ITGAV","3685","20510","P.troglodytes","ITGAV","XM_515967.2","XP_515967.2","99.90","99.70"
"ITGAV","3685","20510","C.lupus","ITGAV","XM_845896.1","XP_850989.1","95.10","89.70"
"ITGAV","3685","20510","B.taurus","ITGAV","NM_174367.1","NP_776792.1","95.50","92.00"
"ITGAV","3685","20510","M.musculus","Itgav","NM_008402.1","NP_032428.1","92.30","87.10"
"ITGAV","3685","20510","R.norvegicus","Itgav","XM_230950.4","XP_230950.4","89.70","84.60"
"ITGAV","3685","20510","G.gallus","ITGAV","NM_205439.1","NP_990770.1","83.00","78.00"
"ITGAV","3685","20510","D.rerio","itgav","NM_001033721.1","NP_001028893.1","61.60","62.70"
"ITGAV","3685","20510","D.melanogaster","if","NM_001169306.1","NP_001162777.1","33.70","45.30"
"ITGAV","3685","20510","A.gambiae","AgaP_AGAP000032","XM_311131.4","XP_311131.4","36.30","44.00"
"ITPKC","80271","11868","H.sapiens","ITPKC","NM_025194.2","NP_079470.1","0.00","0.00"
"ITPKC","80271","11868","P.troglodytes","ITPKC","XM_524271.2","XP_524271.2","99.00","99.30"
"ITPKC","80271","11868","C.lupus","ITPKC","XM_850219.1","XP_855312.1","85.40","86.00"
"ITPKC","80271","11868","B.taurus","ITPKC","NM_001076011.1","NP_001069479.1","82.30","86.40"
"ITPKC","80271","11868","M.musculus","Itpkc","NM_181593.2","NP_853624.1","77.10","81.60"
"ITPKC","80271","11868","R.norvegicus","Itpkc","NM_178094.2","NP_835195.1","76.80","81.20"
"JPH4","84502","13034","H.sapiens","JPH4","NM_001146028.1","NP_001139500.1","0.00","0.00"
"JPH4","84502","13034","C.lupus","JPH4","XM_547737.2","XP_547737.2","96.50","94.50"
"JPH4","84502","13034","B.taurus","JPH4","XM_001249445.2","XP_001249446.2","96.00","93.20"
"JPH4","84502","13034","M.musculus","Jph4","NM_177049.4","NP_796023.2","96.20","89.80"
"JPH4","84502","13034","R.norvegicus","Jph4","NM_001003711.1","NP_001003711.1","96.20","89.30"
"KANK4","163782","18244","H.sapiens","KANK4","NM_181712.4","NP_859063.3","0.00","0.00"
"KANK4","163782","18244","B.taurus","KANK4","NM_001102053.1","NP_001095523.1","89.80","89.70"
"KANK4","163782","18244","M.musculus","Kank4","NM_172872.2","NP_766460.2","75.10","79.00"
"KANK4","163782","18244","R.norvegicus","Kank4","XM_233215.4","XP_233215.4","74.70","78.90"
"KANK4","163782","18244","G.gallus","ANKRD38","XM_422516.2","XP_422516.2","50.90","58.20"
"KANK4","163782","18244","D.rerio","LOC100334982","XM_002662464.1","XP_002662510.1","41.20","49.70"
"KIAA1324","57535","23249","H.sapiens","KIAA1324","NM_020775.3","NP_065826.2","0.00","0.00"
"KIAA1324","57535","23249","C.lupus","LOC479917","XM_537043.2","XP_537043.2","92.90","91.00"
"KIAA1324","57535","23249","B.taurus","LOC784449","XM_001252338.2","XP_001252339.1","93.00","90.50"
"KIAA1324","57535","23249","M.musculus","5330417C22Rik","NM_001033304.1","NP_001028476.1","90.80","87.40"
"KIAA1324","57535","23249","D.rerio","si:ch211-163l21.8","XM_690959.2","XP_696051.1","57.70","61.30"
"KIF1A","547","99729","H.sapiens","KIF1A","NM_004321.4","NP_004312.2","0.00","0.00"
"KIF1A","547","99729","B.taurus","KIF1A","XM_606290.4","XP_606290.4","96.40","90.00"
"KIF1A","547","99729","M.musculus","Kif1a","NM_008440.2","NP_032466.1","97.50","89.10"
"KIF1A","547","99729","G.gallus","KIF1A","XM_422660.2","XP_422660.2","92.60","84.10"
"KIF1A","547","99729","D.melanogaster","unc-104","NM_137311.3","NP_611155.3","61.50","61.40"
"KIF1A","547","99729","A.gambiae","AgaP_AGAP010519","XM_314493.4","XP_314493.3","62.20","61.00"
"KIF1A","547","99729","C.elegans","unc-104","NM_001026870.3","NP_001022041.1","56.10","53.10"
"KIF1A","547","99729","M.grisea","GeneID:2680191","XM_364410.2","XP_364410.2","42.80","51.00"
"KIF1A","547","99729","N.crassa","NCU06733","XM_955568.2","XP_960661.2","43.40","50.70"
"KIF26A","26153","18970","H.sapiens","KIF26A","NM_015656.1","NP_056471.1","0.00","0.00"
"KIF26A","26153","18970","M.musculus","Kif26a","XM_001477732.1","XP_001477782.1","79.00","79.00"
"KIF26A","26153","18970","R.norvegicus","Kif26a","XM_234565.4","XP_234565.4","77.80","78.20"
"KIF26A","26153","18970","G.gallus","KIF26A","XM_421394.2","XP_421394.2","61.70","60.50"
"KIF26A","26153","18970","D.rerio","LOC561709","XM_685123.4","XP_690215.3","55.40","57.20"
"KLK10","5655","26428","H.sapiens","KLK10","NM_001077500.1","NP_001070968.1","0.00","0.00"
"KLK10","5655","26428","P.troglodytes","KLK10","XM_001174085.1","XP_001174085.1","98.20","98.80"
"KLK10","5655","26428","B.taurus","KLK10","NM_001075890.1","NP_001069358.1","83.70","83.20"
"KLK10","5655","26428","M.musculus","Klk10","NM_133712.2","NP_598473.1","69.00","76.80"
"KLK10","5655","26428","R.norvegicus","Klk10","NM_001004100.1","NP_001004100.1","69.80","75.50"
"KLK6","5653","68279","H.sapiens","KLK6","NM_001012964.1","NP_001012982.1","0.00","0.00"
"KLK6","5653","68279","C.lupus","KLK6","XM_533605.2","XP_533605.2","86.00","87.90"
"KLK6","5653","68279","B.taurus","KLK6","NM_001101140.1","NP_001094610.1","80.70","83.70"
"KLK6","5653","68279","M.musculus","Klk6","NM_011177.1","NP_035307.1","68.40","75.00"
"KLK6","5653","68279","R.norvegicus","Klk6","NM_019175.1","NP_062048.1","66.80","75.30"
"KLRT32","3882","68246","H.sapiens","KRT32","NM_002278.3","NP_002269.3","0.00","0.00"
"KLRT32","3882","68246","P.troglodytes","KRT32","XM_511486.2","XP_511486.2","98.90","99.40"
"KLRT32","3882","68246","C.lupus","KRT32","XM_548108.2","XP_548108.2","83.50","87.40"
"KLRT32","3882","68246","B.taurus","KRT32","NM_001101302.1","NP_001094772.1","75.20","81.60"
"KLRT32","3882","68246","M.musculus","Krt32","NM_010665.2","NP_034795.1","81.10","82.80"
"KLRT32","3882","68246","R.norvegicus","Krt32","NM_001008818.1","NP_001008818.1","79.50","80.90"
"KRAS","3845","37990","H.sapiens","KRAS","NM_004985.3","NP_004976.2","0.00","0.00"
"KRAS","3845","37990","P.troglodytes","KRAS","XM_528758.2","XP_528758.2","100.00","100.00"
"KRAS","3845","37990","C.lupus","KRAS","XM_540523.2","XP_540523.2","86.10","70.20"
"KRAS","3845","37990","B.taurus","KRAS","NM_001110001.1","NP_001103471.1","99.50","98.20"
"KRAS","3845","37990","M.musculus","Kras","NM_021284.4","NP_067259.3","96.80","93.30"
"KRAS","3845","37990","R.norvegicus","Kras","NM_031515.1","NP_113703.1","97.30","94.50"
"KRAS","3845","37990","G.gallus","KRAS","XM_416436.2","XP_416436.1","98.90","90.60"
"KRAS","3845","37990","D.rerio","kras","NM_001003744.1","NP_001003744.1","96.30","79.40"
"KRAS","3845","37990","D.melanogaster","Ras85D","NM_057351.3","NP_476699.1","79.80","67.70"
"KRAS","3845","37990","A.gambiae","AgaP_AGAP002219","XM_307965.4","XP_307965.3","80.90","67.90"
"KRAS","3845","37990","C.elegans","let-60","NM_069812.2","NP_502213.3","79.30","67.60"
"KYNU","8942","2925","H.sapiens","KYNU","NM_003937.2","NP_003928.1","0.00","0.00"
"KYNU","8942","2925","P.troglodytes","KYNU","XM_515818.2","XP_515818.2","99.60","99.70"
"KYNU","8942","2925","C.lupus","KYNU","XM_541027.2","XP_541027.2","87.70","89.50"
"KYNU","8942","2925","B.taurus","KYNU","XM_001788685.1","XP_001788737.1","86.60","88.80"
"KYNU","8942","2925","M.musculus","Kynu","NM_027552.1","NP_081828.1","83.80","84.30"
"KYNU","8942","2925","R.norvegicus","Kynu","NM_053902.1","NP_446354.1","85.30","84.60"
"KYNU","8942","2925","G.gallus","KYNU","XM_422147.2","XP_422147.1","71.40","71.10"
"KYNU","8942","2925","D.rerio","LOC100334830","XM_002662246.1","XP_002662292.1","62.30","63.00"
"KYNU","8942","2925","C.elegans","kynureninase","NM_076622.3","NP_509023.1","50.50","55.00"
"KYNU","8942","2925","M.grisea","GeneID:2677723","XM_361892.1","XP_361892.1","47.30","50.20"
"KYNU","8942","2925","N.crassa","NCU09183","XM_954000.1","XP_959093.1","47.10","49.20"
"LAMB1","3912","1722","H.sapiens","LAMB1","NM_002291.2","NP_002282.2","0.00","0.00"
"LAMB1","3912","1722","P.troglodytes","LAMB1","XM_001165667.1","XP_001165667.1","99.60","99.50"
"LAMB1","3912","1722","C.lupus","LAMB1","XM_533089.2","XP_533089.2","92.40","87.70"
"LAMB1","3912","1722","M.musculus","Lamb1","NM_008482.2","NP_032508.2","92.80","86.70"
"LAMB1","3912","1722","R.norvegicus","Lamb1","XM_216679.4","XP_216679.4","92.60","86.40"
"LAMB1","3912","1722","G.gallus","LAMB1","XM_415943.2","XP_415943.2","80.00","75.70"
"LAMB1","3912","1722","D.rerio","lamb1a","NM_173275.1","NP_775382.1","67.40","65.70"
"LCDB2","9079","989","H.sapiens","LDB2","NM_001290.3","NP_001281.1","0.00","0.00"
"LCDB2","9079","989","P.troglodytes","LDB2","XM_001161726.1","XP_001161726.1","99.70","99.40"
"LCDB2","9079","989","B.taurus","LDB2","NM_001046611.1","NP_001040076.1","99.10","93.80"
"LCDB2","9079","989","M.musculus","Ldb2","NM_010698.3","NP_034828.3","97.60","92.80"
"LCDB2","9079","989","R.norvegicus","Ldb2","XM_214054.4","XP_214054.4","98.40","93.80"
"LCDB2","9079","989","G.gallus","LDB2","NM_204829.1","NP_990160.1","97.30","87.40"
"LCDB2","9079","989","D.rerio","ldb2a","NM_131314.1","NP_571389.1","88.60","77.80"
"LCDB2","9079","989","D.melanogaster","Chi","NM_166650.1","NP_726403.2","68.60","66.60"
"LCDB2","9079","989","A.gambiae","AgaP_AGAP004691","XM_318175.4","XP_318175.4","74.50","66.10"
"LCN2","3934","4064","H.sapiens","LCN2","NM_005564.3","NP_005555.2","0.00","0.00"
"LCN2","3934","4064","P.troglodytes","LCN2","XM_001153985.1","XP_001153985.1","99.00","99.30"
"LCN2","3934","4064","C.lupus","LCN2","XM_548441.2","XP_548441.1","67.90","78.10"
"LCN2","3934","4064","B.taurus","LCN2","XM_605012.4","XP_605012.3","70.10","77.50"
"LCN2","3934","4064","M.musculus","Lcn2","NM_008491.1","NP_032517.1","62.40","72.40"
"LCN2","3934","4064","R.norvegicus","Lcn2","NM_130741.1","NP_570097.1","63.50","71.20"
"LGALS3","3958","37608","H.sapiens","LGALS3","NM_002306.3","NP_002297.2","0.00","0.00"
"LGALS3","3958","37608","P.troglodytes","LGALS3","XM_001148424.1","XP_001148424.1","98.00","99.10"
"LGALS3","3958","37608","C.lupus","LGALS3","XM_848582.1","XP_853675.1","86.00","85.70"
"LGALS3","3958","37608","B.taurus","LGALS3","NM_001102341.1","NP_001095811.1","84.40","84.70"
"LGALS3","3958","37608","M.musculus","Lgals3","NM_010705.2","NP_034835.1","85.70","83.30"
"LGALS3","3958","37608","R.norvegicus","Lgals3","NM_031832.1","NP_114020.1","83.50","81.90"
"LGALS3","3958","37608","G.gallus","LGALS3","NM_214591.1","NP_999756.1","61.70","62.60"
"LGALS3","3958","37608","D.rerio","si:ch211-67f24.5","XM_699180.4","XP_704272.2","48.40","54.70"
"LIMS1","3987","123779","H.sapiens","LIMS1","NM_001193485.1","NP_001180414.1","0.00","0.00"
"LIMS1","3987","123779","P.troglodytes","LIMS1","XM_515679.2","XP_515679.2","99.50","99.30"
"LIMS1","3987","123779","G.gallus","LIMS1","NM_001001766.1","NP_001001766.1","96.30","82.90"
"LIMS1","3987","123779","D.rerio","lims1","NM_001024389.1","NP_001019560.1","96.00","81.20"
"LMOD1","25802","8118","H.sapiens","LMOD1","NM_012134.2","NP_036266.2","0.00","0.00"
"LMOD1","25802","8118","P.troglodytes","LMOD1","XM_001148071.1","XP_001148071.1","98.50","98.60"
"LMOD1","25802","8118","B.taurus","LMOD1","NM_001083715.1","NP_001077184.1","80.00","80.20"
"LMOD1","25802","8118","M.musculus","Lmod1","NM_053106.2","NP_444336.2","84.00","84.20"
"LMOD1","25802","8118","R.norvegicus","Lmod1","XM_222660.4","XP_222660.4","79.50","83.00"
"LMOD1","25802","8118","G.gallus","LMOD1","XM_426094.2","XP_426094.2","87.60","84.00"
"LMOD1","25802","8118","D.rerio","LOC795335","XM_001335460.2","XP_001335496.2","49.30","55.60"
"LOX","4015","1741","H.sapiens","LOX","NM_002317.5","NP_002308.2","0.00","0.00"
"LOX","4015","1741","P.troglodytes","LOX","XM_001153015.1","XP_001153015.1","99.00","99.20"
"LOX","4015","1741","C.lupus","LOX","XM_538599.2","XP_538599.2","92.90","89.50"
"LOX","4015","1741","B.taurus","LOX","NM_173932.3","NP_776357.2","90.60","88.50"
"LOX","4015","1741","M.musculus","Lox","NM_010728.1","NP_034858.1","87.30","84.30"
"LOX","4015","1741","R.norvegicus","Lox","NM_017061.1","NP_058757.1","86.40","82.60"
"LOX","4015","1741","D.rerio","lox","NM_207089.1","NP_996972.1","71.40","65.40"
"LOXL3","84695","56591","H.sapiens","LOXL3","NM_032603.2","NP_115992.1","0.00","0.00"
"LOXL3","84695","56591","P.troglodytes","LOXL3","XM_001161407.1","XP_001161407.1","99.30","99.60"
"LOXL3","84695","56591","C.lupus","LOXL3","XM_540217.2","XP_540217.2","95.40","91.20"
"LOXL3","84695","56591","B.taurus","LOXL3","XM_864547.3","XP_869640.2","96.00","91.70"
"LOXL3","84695","56591","M.musculus","Loxl3","NM_013586.3","NP_038614.2","92.80","88.00"
"LOXL3","84695","56591","R.norvegicus","Loxl3","XM_232107.4","XP_232107.3","92.70","88.00"
"LOXL3","84695","56591","G.gallus","LOXL3","XM_423667.2","XP_423667.2","70.20","69.90"
"LOXL3","84695","56591","D.rerio","loxl3","NM_001145684.1","NP_001139156.1","72.10","68.60"
"LRCH2","57631","32491","H.sapiens","LRCH2","NM_020871.3","NP_065922.3","0.00","0.00"
"LRCH2","57631","32491","C.lupus","LRCH2","XM_549199.2","XP_549199.2","96.50","94.70"
"LRCH2","57631","32491","B.taurus","LRCH2","XM_618181.3","XP_618181.3","93.90","93.60"
"LRCH2","57631","32491","M.musculus","Lrch2","NM_001081173.1","NP_001074642.1","93.20","90.30"
"LRCH2","57631","32491","R.norvegicus","RGD1562632_predicted","XM_346281.3","XP_346282.3","92.90","90.30"
"LRCH2","57631","32491","G.gallus","LRCH2","XM_420210.2","XP_420210.2","82.70","79.60"
"LRCH2","57631","32491","D.rerio","LOC568771","XM_692123.3","XP_697215.3","73.30","67.10"
"LRCH2","57631","32491","D.melanogaster","CG6860","NM_165212.1","NP_724046.1","37.30","44.10"
"LRCH2","57631","32491","A.gambiae","AgaP_AGAP010012","XM_319156.4","XP_319156.4","51.70","51.50"
"LRP1","4035","1744","H.sapiens","LRP1","NM_002332.2","NP_002323.2","0.00","0.00"
"LRP1","4035","1744","C.lupus","LRP1","XM_538245.2","XP_538245.2","97.00","91.30"
"LRP1","4035","1744","M.musculus","Lrp1","NM_008512.2","NP_032538.2","98.00","89.60"
"LRP1","4035","1744","R.norvegicus","Lrp1","XM_243524.4","XP_243524.3","98.00","89.60"
"LRP1","4035","1744","D.rerio","LOC565797","XM_001920556.2","XP_001920591.2","76.80","72.30"
"LRP1","4035","1744","D.melanogaster","CG33087","NM_176104.1","NP_788284.1","40.70","50.10"
"LRP1","4035","1744","A.gambiae","AgaP_AGAP012372","XM_320185.4","XP_320185.4","40.90","51.20"
"LRRN1","57633","32036","H.sapiens","LRRN1","NM_020873.5","NP_065924.3","0.00","0.00"
"LRRN1","57633","32036","P.troglodytes","LRRN1","XM_526119.2","XP_526119.2","99.70","99.50"
"LRRN1","57633","32036","C.lupus","LRRN1","XM_541797.2","XP_541797.2","97.30","91.90"
"LRRN1","57633","32036","B.taurus","LRRN1","NM_001080738.1","NP_001074207.1","96.20","91.80"
"LRRN1","57633","32036","M.musculus","Lrrn1","NM_008516.2","NP_032542.1","95.50","87.50"
"LRRN1","57633","32036","R.norvegicus","Lrrn1","NM_001037363.1","NP_001032440.1","95.50","87.80"
"LRRN1","57633","32036","G.gallus","LRRN1","XM_001234385.1","XP_001234386.1","92.70","80.50"
"LRRN1","57633","32036","D.rerio","lrrn1","NM_001130694.1","NP_001124166.1","80.50","71.60"
"LTBP4","8425","2645","H.sapiens","LTBP4","NM_001042544.1","NP_001036009.1","0.00","0.00"
"LTBP4","8425","2645","C.lupus","LTBP4","XM_533664.2","XP_533664.2","92.90","89.90"
"LTBP4","8425","2645","M.musculus","Ltbp4","NM_175641.1","NP_783572.1","89.00","84.90"
"LTBP4","8425","2645","R.norvegicus","Ltbp4","XM_238093.4","XP_238093.4","89.30","84.70"
"LTBP4","8425","2645","D.rerio","LOC100333499","XM_002667632.1","XP_002667678.1","44.30","50.40"
"MAPRE1","22919","56129","H.sapiens","MAPRE1","NM_012325.2","NP_036457.1","0.00","0.00"
"MAPRE1","22919","56129","P.troglodytes","MAPRE1","XM_001154462.1","XP_001154462.1","99.30","99.50"
"MAPRE1","22919","56129","C.lupus","MAPRE1","XM_845932.1","XP_851025.1","97.00","93.70"
"MAPRE1","22919","56129","B.taurus","MAPRE1","NM_001075334.1","NP_001068802.1","97.00","91.90"
"MAPRE1","22919","56129","M.musculus","Mapre1","NM_007896.3","NP_031922.1","97.00","91.50"
"MAPRE1","22919","56129","R.norvegicus","Mapre1","NM_138509.3","NP_612518.2","96.60","90.30"
"MAPRE1","22919","56129","G.gallus","MAPRE1","NM_001030860.1","NP_001026031.1","90.30","80.60"
"MAPRE1","22919","56129","D.rerio","mapre1","NM_213640.1","NP_998805.1","78.70","70.90"
"MAPRE1","22919","56129","S.pombe","mal3","NM_001019110.1","NP_593678.1","40.70","48.20"
"MAPRE1","22919","56129","S.cerevisiae","BIM1","BIM1_6320853","NP_010932.1","41.20","50.60"
"MAPRE1","22919","56129","K.lactis","KLLA0B11550g","XM_452044.1","XP_452044.1","41.10","48.90"
"MAPRE1","22919","56129","E.gossypii","AGOS_AAR024W","NM_207918.1","NP_982565.1","40.60","50.10"
"MAPRE1","22919","56129","M.grisea","GeneID:2675964","XM_360052.2","XP_360052.2","46.80","51.10"
"MAPRE1","22919","56129","N.crassa","NCU00243","XM_952621.2","XP_957714.2","44.40","50.40"
"MAPRE1","22919","56129","A.thaliana","ATEB1C","NM_126127.3","NP_201528.1","41.90","50.30"
"MAPRE1","22919","56129","O.sativa","Os10g0498900","NM_001071507.1","NP_001064972.1","43.40","50.90"
"MARCO","8685","4928","H.sapiens","MARCO","NM_006770.3","NP_006761.1","0.00","0.00"
"MARCO","8685","4928","P.troglodytes","MARCO","XM_515756.2","XP_515756.1","97.90","98.50"
"MARCO","8685","4928","C.lupus","MARCO","XM_533324.2","XP_533324.2","72.80","79.90"
"MARCO","8685","4928","M.musculus","Marco","NM_010766.2","NP_034896.1","68.10","74.60"
"MARCO","8685","4928","R.norvegicus","Marco","XM_346122.3","XP_346123.3","68.10","74.90"
"MARCO","8685","4928","G.gallus","MARCO","NM_204736.1","NP_990067.1","43.30","51.60"
"MARCO","8685","4928","D.rerio","LOC571584","XM_695188.3","XP_700280.3","43.50","47.50"
"MASP1","5648","89143","H.sapiens","MASP1","NM_139125.3","NP_624302.1","0.00","0.00"
"MASP1","5648","89143","C.lupus","MASP1","XM_845180.1","XP_850273.1","91.60","90.30"
"MASP1","5648","89143","B.taurus","MASP1","NM_001076968.1","NP_001070436.1","91.20","88.90"
"MASP1","5648","89143","G.gallus","MASP1","NM_213586.1","NP_998751.1","75.90","74.50"
"MASP1","5648","89143","D.rerio","LOC100002060","XM_001341900.2","XP_001341936.1","58.30","61.50"
"MDM2","4193","1793","H.sapiens","MDM2","NM_002392.3","NP_002383.2","0.00","0.00"
"MDM2","4193","1793","P.troglodytes","MDM2","XM_001154940.1","XP_001154940.1","99.60","99.80"
"MDM2","4193","1793","C.lupus","MDM2","NM_001003103.1","NP_001003103.1","93.20","93.00"
"MDM2","4193","1793","B.taurus","MDM2","NM_001099107.1","NP_001092577.1","94.50","92.20"
"MDM2","4193","1793","M.musculus","Mdm2","NM_010786.3","NP_034916.1","83.20","82.70"
"MDM2","4193","1793","R.norvegicus","Mdm2","XM_235169.4","XP_235169.4","84.30","83.20"
"MDM2","4193","1793","D.rerio","mdm2","NM_131364.2","NP_571439.2","51.80","56.60"
"MED13L","23389","25256","H.sapiens","MED13L","NM_015335.4","NP_056150.1","0.00","0.00"
"MED13L","23389","25256","C.lupus","MED13L","XM_534693.2","XP_534693.2","96.80","93.70"
"MED13L","23389","25256","B.taurus","MED13L","XM_595505.4","XP_595505.3","96.50","92.60"
"MED13L","23389","25256","M.musculus","Med13l","NM_172424.3","NP_766012.2","92.60","87.90"
"MED13L","23389","25256","R.norvegicus","Med13l","XM_341090.3","XP_341091.3","91.50","86.60"
"MED13L","23389","25256","G.gallus","MED13L","XM_415317.2","XP_415317.2","87.50","81.10"
"MED13L","23389","25256","D.melanogaster","skd","NM_168880.2","NP_730591.2","37.90","46.90"
"MEG3","55384","0","-","-","-","-","0.00","0.00"
"MGC16121","84848","0","-","-","-","-","0.00","0.00"
"MLH1","4292","208","H.sapiens","MLH1","NM_000249.3","NP_000240.1","0.00","0.00"
"MLH1","4292","208","P.troglodytes","MLH1","XM_001170433.1","XP_001170433.1","99.60","99.70"
"MLH1","4292","208","C.lupus","MLH1","XM_534219.2","XP_534219.2","93.40","90.90"
"MLH1","4292","208","B.taurus","MLH1","XM_001790552.1","XP_001790604.1","91.30","89.20"
"MLH1","4292","208","M.musculus","Mlh1","NM_026810.1","NP_081086.1","88.60","87.30"
"MLH1","4292","208","R.norvegicus","Mlh1","NM_031053.1","NP_112315.1","87.30","85.40"
"MLH1","4292","208","G.gallus","MLH1","XM_418828.1","XP_418828.1","80.40","73.70"
"MLH1","4292","208","D.rerio","mlh1","NM_200659.1","NP_956953.1","71.40","66.60"
"MLH1","4292","208","D.melanogaster","Mlh1","NM_057674.2","NP_477022.1","52.50","55.60"
"MLH1","4292","208","A.gambiae","AgaP_AGAP012192","XM_320342.4","XP_320342.4","52.80","55.60"
"MLH1","4292","208","S.pombe","mlh1","NM_001022118.1","NP_596199.1","42.10","48.70"
"MLH1","4292","208","S.cerevisiae","MLH1","MLH1_6323819","NP_013890.1","40.60","48.00"
"MLH1","4292","208","K.lactis","KLLA0D09955g","XM_453504.1","XP_453504.1","41.40","49.40"
"MLH1","4292","208","E.gossypii","AGOS_AFL199C","NM_210705.1","NP_985351.1","40.50","47.40"
"MLH1","4292","208","M.grisea","GeneID:2683243","XM_367196.2","XP_367196.2","46.00","49.40"
"MLH1","4292","208","N.crassa","NCU08309","XM_957429.1","XP_962522.1","48.90","51.60"
"MLH1","4292","208","A.thaliana","MLH1","NM_116983.2","NP_567345.2","45.30","52.20"
"MLH1","4292","208","O.sativa","Os01g0958900","NM_001051992.1","NP_001045457.1","52.40","56.40"
"MLH3","27030","91153","H.sapiens","MLH3","NM_001040108.1","NP_001035197.1","0.00","0.00"
"MLH3","27030","91153","P.troglodytes","MLH3","XM_001158381.1","XP_001158381.1","99.00","99.40"
"MLH3","27030","91153","C.lupus","MLH3","XM_537511.2","XP_537511.2","79.20","86.70"
"MLH3","27030","91153","M.musculus","Mlh3","NM_175337.1","NP_780546.1","72.90","81.10"
"MLH3","27030","91153","R.norvegicus","Mlh3","XM_234420.4","XP_234420.4","72.10","80.10"
"MLH3","27030","91153","D.rerio","si:dkey-31b16.12","XM_691647.3","XP_696739.3","46.70","54.30"
"MME","4311","5275","H.sapiens","MME","NM_000902.3","NP_000893.2","0.00","0.00"
"MME","4311","5275","P.troglodytes","MME","XM_516827.2","XP_516827.1","99.70","99.60"
"MME","4311","5275","C.lupus","MME","XM_534313.2","XP_534313.2","93.20","91.40"
"MME","4311","5275","B.taurus","MME","XM_616885.4","XP_616885.3","90.80","90.90"
"MME","4311","5275","M.musculus","Mme","NM_008604.3","NP_032630.2","94.10","90.90"
"MME","4311","5275","R.norvegicus","Mme","NM_012608.2","NP_036740.1","94.30","91.00"
"MME","4311","5275","G.gallus","MME","NM_001004412.1","NP_001004412.1","78.80","77.30"
"MMP10","4319","20546","H.sapiens","MMP10","NM_002425.2","NP_002416.1","0.00","0.00"
"MMP10","4319","20546","P.troglodytes","MMP10","XM_001153881.1","XP_001153881.1","98.90","99.30"
"MMP10","4319","20546","M.musculus","Mmp10","NM_019471.2","NP_062344.1","76.40","80.40"
"MMP10","4319","20546","R.norvegicus","Mmp10","NM_133514.1","NP_598198.1","75.60","79.80"
"MMP10","4319","20546","D.rerio","mmp30","NM_001040291.1","NP_001035381.1","43.90","53.10"
"MMP26","56547","49684","H.sapiens","MMP26","NM_021801.3","NP_068573.2","0.00","0.00"
"MMP26","56547","49684","P.troglodytes","MMP26","XM_508241.2","XP_508241.2","97.30","99.00"
"MMP26","56547","49684","C.lupus","MMP26","XM_847508.1","XP_852601.1","67.00","78.70"
"MMP7","4316","37619","H.sapiens","MMP7","NM_002423.3","NP_002414.1","0.00","0.00"
"MMP7","4316","37619","P.troglodytes","MMP7","XM_508721.2","XP_508721.2","98.50","98.80"
"MMP7","4316","37619","C.lupus","MMP7","XM_546550.2","XP_546550.2","78.80","81.30"
"MMP7","4316","37619","B.taurus","MMP7","NM_001075130.1","NP_001068598.1","74.20","80.50"
"MMP7","4316","37619","M.musculus","Mmp7","NM_010810.3","NP_034940.2","70.60","74.60"
"MMP7","4316","37619","R.norvegicus","Mmp7","NM_012864.1","NP_036996.1","70.60","73.90"
"MMP7","4316","37619","G.gallus","MMP7","NM_001006278.1","NP_001006278.1","53.50","59.60"
"MMP7","4316","37619","A.thaliana","AT4G16640","NM_117765.3","NP_193397.1","43.90","49.70"
"MMP7","4316","37619","O.sativa","Os10g0557900","NM_001071893.1","NP_001065361.1","40.50","45.70"
"MMP9","4318","3659","H.sapiens","MMP9","NM_004994.2","NP_004985.2","0.00","0.00"
"MMP9","4318","3659","P.troglodytes","MMP9","XM_514689.2","XP_514689.2","99.40","99.60"
"MMP9","4318","3659","C.lupus","MMP9","NM_001003219.1","NP_001003219.1","81.00","85.50"
"MMP9","4318","3659","B.taurus","MMP9","NM_174744.2","NP_777169.1","80.90","84.50"
"MMP9","4318","3659","M.musculus","Mmp9","NM_013599.2","NP_038627.1","75.00","78.70"
"MMP9","4318","3659","R.norvegicus","Mmp9","NM_031055.1","NP_112317.1","74.90","79.10"
"MMP9","4318","3659","G.gallus","MMP9","NM_204667.1","NP_989998.1","62.50","67.00"
"MMP9","4318","3659","D.rerio","mmp9","NM_213123.1","NP_998288.1","60.90","61.60"
"MMP9","4318","3659","A.thaliana","AT2G45040","NM_130068.2","NP_182030.1","44.10","52.80"
"MRPL3","11222","31431","H.sapiens","MRPL3","NM_007208.2","NP_009139.1","0.00","0.00"
"MRPL3","11222","31431","P.troglodytes","MRPL3","XM_516751.2","XP_516751.2","99.40","99.60"
"MRPL3","11222","31431","C.lupus","MRPL3","XM_534263.2","XP_534263.2","85.60","89.70"
"MRPL3","11222","31431","B.taurus","MRPL3","NM_001080317.1","NP_001073786.1","85.30","87.70"
"MRPL3","11222","31431","M.musculus","Mrpl3","NM_053159.3","NP_444389.2","82.20","83.40"
"MRPL3","11222","31431","R.norvegicus","Mrpl3","XM_217239.4","XP_217239.4","83.00","83.10"
"MRPL3","11222","31431","G.gallus","MRPL3","NM_001006366.1","NP_001006366.1","65.80","69.20"
"MRPL3","11222","31431","D.rerio","mrpl3","NM_200007.1","NP_956301.1","69.70","67.00"
"MRPL3","11222","31431","D.melanogaster","mRpL3","NM_078611.3","NP_511166.2","42.40","49.30"
"MRPL3","11222","31431","A.gambiae","AgaP_AGAP000857","XM_316827.4","XP_316827.4","40.50","45.40"
"MRPL3","11222","31431","C.elegans","C26E6.6","NM_065644.3","NP_498045.2","43.60","50.30"
"MRPL3","11222","31431","S.pombe","mrpl9","NM_001019315.1","NP_593885.1","39.60","49.00"
"MRPL3","11222","31431","S.cerevisiae","MRPL9","MRPL9_6321659","NP_011736.1","42.20","50.30"
"MRPL3","11222","31431","K.lactis","KLLA0E16039g","XM_454671.1","XP_454671.1","35.60","48.30"
"MRPL3","11222","31431","E.gossypii","AGOS_ADL129W","NM_209320.1","NP_983967.1","37.50","47.50"
"MRPL3","11222","31431","M.grisea","GeneID:2681608","XM_365809.2","XP_365809.2","35.70","44.10"
"MRPL3","11222","31431","N.crassa","NCU06749","XM_958428.1","XP_963521.1","37.80","45.20"
"MRPL3","11222","31431","A.thaliana","RPL3P","NM_112626.2","NP_566579.1","41.90","49.60"
"MRPL3","11222","31431","O.sativa","Os01g0251100","NM_001049134.1","NP_001042599.1","43.30","51.50"
"MS4A6","64231","83320","H.sapiens","MS4A6A","NM_152852.1","NP_690591.1","0.00","0.00"
"MS4A6","64231","83320","P.troglodytes","MS4A6A","XM_001137246.1","XP_001137246.1","97.20","98.70"
"MS4A6","64231","83320","C.lupus","MS4A6A","XM_850284.1","XP_855377.1","57.50","73.50"
"MS4A6","64231","83320","M.musculus","Ms4a6b","NM_027209.3","NP_081485.2","54.10","67.90"
"MS4A6","64231","83320","R.norvegicus","Ms4a6b","NM_001006975.1","NP_001006976.1","53.80","67.80"
"MS4A6","64231","83320","R.norvegicus","Ms4a6a","XM_215145.4","XP_215145.4","52.10","66.90"
"MSX2","4488","1837","H.sapiens","MSX2","NM_002449.4","NP_002440.2","0.00","0.00"
"MSX2","4488","1837","C.lupus","MSX2","NM_001003098.1","NP_001003098.1","93.60","90.40"
"MSX2","4488","1837","B.taurus","MSX2","NM_001079614.1","NP_001073082.1","96.60","92.80"
"MSX2","4488","1837","M.musculus","Msx2","NM_013601.2","NP_038629.2","92.50","88.00"
"MSX2","4488","1837","R.norvegicus","Msx2","NM_012982.2","NP_037114.1","97.80","90.40"
"MSX2","4488","1837","G.gallus","MSX2","NM_204559.1","NP_989890.1","85.80","79.90"
"MSX2","4488","1837","D.rerio","msxd","NM_131276.2","NP_571351.2","63.60","63.60"
"MT1E","4493","81614","H.sapiens","MT1E","NM_175617.3","NP_783316.2","0.00","0.00"
"MT1E","4493","81614","P.troglodytes","MT1F","XM_001144626.1","XP_001144626.1","100.00","99.50"
"MT1E","4493","81614","C.lupus","MT1F","NM_001003173.1","NP_001003173.1","93.40","92.30"
"MT1E","4493","81614","B.taurus","MT1A","NM_001040492.1","NP_001035582.1","88.50","88.00"
"MT1E","4493","81614","B.taurus","MT1E","NM_001078134.1","NP_001071602.1","82.00","86.90"
"MT1E","4493","81614","M.musculus","Mt1","NM_013602.2","NP_038630.1","85.20","85.80"
"MT1E","4493","81614","R.norvegicus","Mt1a","NM_138826.4","NP_620181.1","86.90","87.40"
"MTHFR","4524","4349","H.sapiens","MTHFR","NM_005957.4","NP_005948.3","0.00","0.00"
"MTHFR","4524","4349","P.troglodytes","MTHFR","XM_001141362.1","XP_001141362.1","99.80","99.50"
"MTHFR","4524","4349","C.lupus","MTHFR","XM_535405.2","XP_535405.2","91.00","89.30"
"MTHFR","4524","4349","B.taurus","MTHFR","NM_001011685.1","NP_001011685.1","90.70","88.70"
"MTHFR","4524","4349","M.musculus","Mthfr","NM_010840.2","NP_034970.2","90.80","87.10"
"MTHFR","4524","4349","R.norvegicus","Mthfr","XM_342975.2","XP_342976.2","89.10","86.00"
"MTHFR","4524","4349","G.gallus","MTHFR","XM_417645.2","XP_417645.2","84.00","77.20"
"MTHFR","4524","4349","D.rerio","LOC567547","NM_001128255.1","NP_001121727.1","79.80","73.80"
"MTHFR","4524","4349","C.elegans","C06A8.1","NM_171024.3","NP_741027.1","49.30","53.30"
"MTHFR","4524","4349","S.pombe","met9","NM_001018621.1","NP_593224.1","44.40","49.50"
"MTHFR","4524","4349","S.cerevisiae","MET13","MET13_27808705","NP_011390.2","44.10","51.40"
"MTHFR","4524","4349","K.lactis","KLLA0F09647g","XM_455518.1","XP_455518.1","45.20","49.30"
"MTHFR","4524","4349","E.gossypii","AGOS_AAR170W","NM_208066.1","NP_982713.1","45.10","54.40"
"MTHFR","4524","4349","M.grisea","GeneID:2679748","XM_363802.2","XP_363802.2","47.70","54.50"
"MTHFR","4524","4349","N.crassa","NCU07690","XM_956636.1","XP_961729.1","47.70","55.20"
"MTHFR","4524","4349","A.thaliana","MTHFR2","NM_129979.2","NP_566011.1","45.50","52.00"
"MTHFR","4524","4349","A.thaliana","MTHFR1","NM_115860.3","NP_191556.1","45.30","53.20"
"MTHFR","4524","4349","O.sativa","Os03g0815200","NM_001058218.1","NP_001051683.1","46.70","53.80"
"MUM1L1","139221","51851","H.sapiens","MUM1L1","NM_001171020.1","NP_001164491.1","0.00","0.00"
"MUM1L1","139221","51851","P.troglodytes","MUM1L1","XM_001142672.1","XP_001142672.1","98.60","99.40"
"MUM1L1","139221","51851","C.lupus","MUM1L1","XM_847691.1","XP_852784.1","77.70","85.10"
"MUM1L1","139221","51851","B.taurus","MUM1L1","XM_586767.3","XP_586767.3","77.50","84.50"
"MUM1L1","139221","51851","M.musculus","Mum1l1","NM_175541.2","NP_780750.1","67.50","75.20"
"MUM1L1","139221","51851","R.norvegicus","Mum1l1","XM_577028.2","XP_577028.2","68.30","76.20"
"MVD","4597","1843","H.sapiens","MVD","NM_002461.1","NP_002452.1","0.00","0.00"
"MVD","4597","1843","P.troglodytes","MVD","XM_001135547.1","XP_001135547.1","95.00","95.50"
"MVD","4597","1843","C.lupus","MVD","XM_546783.2","XP_546783.2","86.80","85.20"
"MVD","4597","1843","B.taurus","MVD","NM_001075424.1","NP_001068892.1","83.50","84.30"
"MVD","4597","1843","M.musculus","Mvd","NM_138656.1","NP_619597.1","84.60","82.60"
"MVD","4597","1843","R.norvegicus","Mvd","NM_031062.1","NP_112324.1","85.10","83.40"
"MVD","4597","1843","G.gallus","MVD","XM_423130.2","XP_423130.2","75.20","76.30"
"MVD","4597","1843","D.rerio","zgc:100824","NM_001007422.1","NP_001007423.1","67.50","65.50"
"MVD","4597","1843","D.melanogaster","CG8239","NM_132840.4","NP_573068.3","50.70","54.30"
"MVD","4597","1843","A.gambiae","AgaP_AGAP001611","XM_321487.3","XP_321487.3","53.10","57.10"
"MVD","4597","1843","S.pombe","mvd1","NM_001019452.1","NP_594027.1","51.20","51.50"
"MVD","4597","1843","S.cerevisiae","MVD1","MVD1_6324371","NP_014441.1","48.80","49.00"
"MVD","4597","1843","K.lactis","KLLA0F10285g","XM_455548.1","XP_455548.1","51.10","50.50"
"MVD","4597","1843","E.gossypii","AGOS_AGL232C","NM_211497.1","NP_986435.1","51.20","57.20"
"MVD","4597","1843","M.grisea","GeneID:2680749","XM_364905.1","XP_364905.1","52.90","56.80"
"MVD","4597","1843","N.crassa","NCU11381","XM_001728016.1","XP_001728068.1","51.80","53.60"
"MVD","4597","1843","A.thaliana","AT3G54250","NM_115285.2","NP_566995.1","53.00","52.80"
"MVD","4597","1843","A.thaliana","MVD1","NM_129427.4","NP_181404.1","51.90","52.10"
"MVD","4597","1843","O.sativa","Os02g0109100","NM_001052177.1","NP_001045642.1","55.70","56.70"
"NCOA3","8202","4764","H.sapiens","NCOA3","NM_001174087.1","NP_001167558.1","0.00","0.00"
"NCOA3","8202","4764","C.lupus","NCOA3","XM_543039.2","XP_543039.2","92.80","91.20"
"NCOA3","8202","4764","B.taurus","NCOA3","XM_602010.4","XP_602010.3","91.20","89.50"
"NCOA3","8202","4764","M.musculus","Ncoa3","NM_008679.2","NP_032705.2","85.60","84.10"
"NCOA3","8202","4764","R.norvegicus","Ncoa3","XM_215947.4","XP_215947.4","85.40","84.40"
"NCOA3","8202","4764","G.gallus","NCOA3","XM_417385.2","XP_417385.2","77.60","74.80"
"NCOA3","8202","4764","D.rerio","LOC100333349","XM_002663760.1","XP_002663806.1","58.10","59.60"
"NCOA3","8202","4764","D.rerio","ncoa3","XM_687846.4","XP_692938.4","57.50","59.10"
"NDC80","10403","38141","H.sapiens","NDC80","NM_006101.2","NP_006092.1","0.00","0.00"
"NDC80","10403","38141","P.troglodytes","NDC80","XM_001146732.1","XP_001146732.1","99.70","99.70"
"NDC80","10403","38141","C.lupus","NDC80","XM_537313.2","XP_537313.2","92.50","92.20"
"NDC80","10403","38141","B.taurus","NDC80","XM_582722.4","XP_582722.3","89.50","90.10"
"NDC80","10403","38141","M.musculus","Ndc80","NM_023294.1","NP_075783.1","83.80","84.20"
"NDC80","10403","38141","R.norvegicus","Ndc80","XM_217489.4","XP_217489.4","85.20","85.40"
"NDC80","10403","38141","G.gallus","NDC80","NM_204477.2","NP_989808.2","71.90","73.30"
"NDC80","10403","38141","D.rerio","kntc2l","NM_001003863.1","NP_001003863.1","46.70","55.70"
"NDC80","10403","38141","C.elegans","ndc-80","NM_069429.3","NP_501830.1","24.90","43.30"
"NDC80","10403","38141","S.pombe","ndc80","NM_001022313.1","NP_596392.1","23.70","41.60"
"NDC80","10403","38141","S.cerevisiae","TID3","TID3_6322047","NP_012122.1","23.10","41.90"
"NDC80","10403","38141","K.lactis","KLLA0E13003g","XM_454536.1","XP_454536.1","20.50","39.70"
"NDC80","10403","38141","E.gossypii","AGOS_AFR281C","NM_211183.1","NP_985828.1","27.60","43.00"
"NDC80","10403","38141","M.grisea","GeneID:2674944","XM_368217.1","XP_368217.1","26.20","39.50"
"NDC80","10403","38141","N.crassa","NCU03899","XM_952445.2","XP_957538.2","25.10","40.60"
"NDC80","10403","38141","A.thaliana","AT3G54630","NM_115320.2","NP_191024.1","27.60","41.90"
"NDC80","10403","38141","O.sativa","Os08g0468400","NM_001068543.1","NP_001062008.1","25.90","38.80"
"NDN","4692","20559","H.sapiens","NDN","NM_002487.2","NP_002478.1","0.00","0.00"
"NDN","4692","20559","P.troglodytes","NDN","XM_510257.2","XP_510257.2","100.00","99.90"
"NDN","4692","20559","C.lupus","NDN","XM_545810.2","XP_545810.1","88.20","89.00"
"NDN","4692","20559","B.taurus","NDN","NM_001014982.1","NP_001014982.1","89.40","87.30"
"NDN","4692","20559","M.musculus","Ndn","NM_010882.3","NP_035012.2","83.20","85.00"
"NDN","4692","20559","R.norvegicus","Ndn","NM_001008558.1","NP_001008558.1","83.50","84.00"
"NDRG1","10397","55953","H.sapiens","NDRG1","NM_001135242.1","NP_001128714.1","0.00","0.00"
"NDRG1","10397","55953","P.troglodytes","NDRG1","XM_001140704.1","XP_001140704.1","99.70","99.20"
"NDRG1","10397","55953","C.lupus","NDRG1","XM_539170.2","XP_539170.2","96.60","91.20"
"NDRG1","10397","55953","B.taurus","NDRG1","NM_001035009.1","NP_001030181.1","94.80","89.50"
"NDRG1","10397","55953","M.musculus","Ndrg1","NM_008681.2","NP_032707.2","93.70","86.40"
"NDRG1","10397","55953","R.norvegicus","Ndrg1","NM_001011991.1","NP_001011991.1","93.40","86.40"
"NDRG1","10397","55953","G.gallus","NDRG1","XM_418430.2","XP_418430.2","83.20","76.60"
"NDRG1","10397","55953","D.rerio","ndrg1","NM_213348.3","NP_998513.2","68.50","70.30"
"NDRG1","10397","55953","O.sativa","Os05g0196200","NM_001061400.1","NP_001054865.1","32.00","45.00"
"NDRG1","10397","55953","O.sativa","Os01g0192600","NM_001048813.1","NP_001042278.1","32.70","44.50"
"NDRG1","10397","55953","O.sativa","Os02g0224800","NM_001052871.1","NP_001046336.1","29.60","43.10"
"NDRG1","10397","55953","O.sativa","Os06g0563000","NM_001064413.1","NP_001057878.1","32.70","45.30"
"NDUFA2","4695","37628","H.sapiens","NDUFA2","NM_002488.4","NP_002479.1","0.00","0.00"
"NDUFA2","4695","37628","P.troglodytes","NDUFA2","XM_001140910.1","XP_001140910.1","96.00","98.30"
"NDUFA2","4695","37628","C.lupus","NDUFA2","XM_535211.2","XP_535211.1","85.90","86.90"
"NDUFA2","4695","37628","B.taurus","NDUFA2","NM_175815.2","NP_787009.1","93.90","89.60"
"NDUFA2","4695","37628","B.taurus","NDUFA2","XM_001252688.2","XP_001252689.1","90.90","88.60"
"NDUFA2","4695","37628","M.musculus","Ndufa2","NM_010885.3","NP_035015.2","85.90","83.50"
"NDUFA2","4695","37628","R.norvegicus","Ndufa2","XM_214570.4","XP_214570.1","85.40","83.70"
"NDUFA2","4695","37628","G.gallus","NDUFA2","XM_001232015.1","XP_001232016.1","66.70","71.90"
"NDUFA2","4695","37628","D.rerio","zgc:112340","NM_001024420.1","NP_001019591.1","67.30","68.70"
"NDUFA2","4695","37628","D.melanogaster","CG15434","NM_144084.1","NP_652341.1","50.60","57.40"
"NDUFA2","4695","37628","A.gambiae","AgaP_AGAP003367","XM_314269.3","XP_314269.3","54.90","58.10"
"NDUFA2","4695","37628","A.gambiae","AgaP_AGAP012823","XM_307497.3","XP_307497.3","54.50","58.90"
"NDUFA2","4695","37628","A.thaliana","AT5G47890","NM_124163.4","NP_199600.1","52.40","51.60"
"NFE2L2","4780","2412","H.sapiens","NFE2L2","NM_006164.3","NP_006155.2","0.00","0.00"
"NFE2L2","4780","2412","P.troglodytes","NFE2L2","XM_001145876.1","XP_001145876.1","100.00","100.00"
"NFE2L2","4780","2412","C.lupus","NFE2L2","XM_857091.1","XP_862184.1","88.90","89.40"
"NFE2L2","4780","2412","B.taurus","NFE2L2","NM_001011678.2","NP_001011678.2","89.10","90.50"
"NFE2L2","4780","2412","M.musculus","Nfe2l2","NM_010902.3","NP_035032.1","82.50","83.40"
"NFE2L2","4780","2412","R.norvegicus","Nfe2l2","NM_031789.1","NP_113977.1","83.20","83.80"
"NFE2L2","4780","2412","G.gallus","NFE2L2","NM_205117.1","NP_990448.1","67.40","72.60"
"NFE2L2","4780","2412","D.rerio","nfe2l2","NM_182889.1","NP_878309.1","49.10","54.60"
"NFIB","4781","4087","H.sapiens","NFIB","NM_001190737.1","NP_001177666.1","0.00","0.00"
"NFIB","4781","4087","P.troglodytes","NFIB","XM_001147620.1","XP_001147620.1","99.20","99.50"
"NFIB","4781","4087","C.lupus","NFIB","XM_531936.2","XP_531936.2","99.20","97.20"
"NFIB","4781","4087","B.taurus","NFIB","NM_001076104.1","NP_001069572.1","99.50","97.30"
"NFIB","4781","4087","R.norvegicus","Nfib","XM_342854.3","XP_342855.2","99.00","94.80"
"NFIB","4781","4087","G.gallus","NFIB","NM_205272.1","NP_990603.1","97.10","91.60"
"NFKB1","4790","2971","H.sapiens","NFKB1","NM_003998.3","NP_003989.2","0.00","0.00"
"NFKB1","4790","2971","P.troglodytes","NFKB1","XM_001168506.1","XP_001168506.1","100.00","99.70"
"NFKB1","4790","2971","C.lupus","NFKB1","NM_001003344.1","NP_001003344.1","91.50","89.90"
"NFKB1","4790","2971","B.taurus","NFKB1","NM_001076409.1","NP_001069877.1","92.00","89.00"
"NFKB1","4790","2971","M.musculus","Nfkb1","NM_008689.2","NP_032715.2","87.70","84.50"
"NFKB1","4790","2971","R.norvegicus","Nfkb1","XM_342346.3","XP_342347.2","87.40","84.40"
"NFKB1","4790","2971","G.gallus","NFKB1","NM_205134.1","NP_990465.1","74.30","71.70"
"NFKB1","4790","2971","D.melanogaster","Rel","NM_057746.3","NP_477094.1","30.30","41.90"
"NFKB1","4790","2971","A.gambiae","REL2","XM_308995.4","XP_308995.3","33.90","44.30"
"NGFRAP1","27018","7642","H.sapiens","NGFRAP1","NM_014380.1","NP_055195.1","0.00","0.00"
"NGFRAP1","27018","7642","P.troglodytes","NGFRAP1","XM_001136904.1","XP_001136904.1","100.00","100.00"
"NGFRAP1","27018","7642","M.musculus","Ngfrap1","NM_009750.1","NP_033880.1","92.80","88.90"
"NGFRAP1","27018","7642","R.norvegicus","Ngfrap1","NM_053401.1","NP_445853.1","93.10","90.80"
"NID","4811","1878","H.sapiens","NID1","NM_002508.2","NP_002499.2","0.00","0.00"
"NID","4811","1878","P.troglodytes","NID1","XM_001156001.1","XP_001156001.1","99.10","99.00"
"NID","4811","1878","C.lupus","NID1","XM_546076.2","XP_546076.2","88.00","86.80"
"NID","4811","1878","B.taurus","NID1","NM_001101155.1","NP_001094625.1","86.80","86.30"
"NID","4811","1878","M.musculus","Nid1","NM_010917.1","NP_035047.1","85.40","83.70"
"NID","4811","1878","R.norvegicus","Nid1","XM_213954.4","XP_213954.4","85.40","83.40"
"NID","4811","1878","G.gallus","NID1","XM_419556.2","XP_419556.2","69.70","68.30"
"NID","4811","1878","D.rerio","LOC100330039","XM_002664237.1","XP_002664283.1","53.70","57.50"
"NKX2-1","7080","2488","H.sapiens","NKX2-1","NM_001079668.2","NP_001073136.1","0.00","0.00"
"NKX2-1","7080","2488","P.troglodytes","NKX2-1","XM_509911.2","XP_509911.2","99.30","99.50"
"NKX2-1","7080","2488","C.lupus","NKX2-1","NM_001003260.1","NP_001003260.1","98.70","96.10"
"NKX2-1","7080","2488","B.taurus","NKX2-1","XM_874978.2","XP_880071.2","97.00","95.20"
"NKX2-1","7080","2488","M.musculus","Nkx2-1","NM_009385.2","NP_033411.2","98.10","92.80"
"NKX2-1","7080","2488","R.norvegicus","Nkx2-1","XM_216720.4","XP_216720.4","98.70","92.50"
"NKX2-1","7080","2488","G.gallus","NKX2-1","NM_204616.1","NP_989947.1","81.90","80.00"
"NKX2-1","7080","2488","D.rerio","nkx2.1b","NM_131776.1","NP_571851.1","73.30","71.40"
"NKX2-1","7080","2488","D.melanogaster","scro","NM_001015473.2","NP_001015473.1","54.00","50.40"
"NME1","4830","56418","H.sapiens","NME1","NM_198175.1","NP_937818.1","0.00","0.00"
"NME1","4830","56418","C.lupus","NME1","XM_533973.2","XP_533973.2","88.80","86.40"
"NME1","4830","56418","M.musculus","Nme1","NM_008704.2","NP_032730.1","94.10","87.70"
"NME1","4830","56418","R.norvegicus","Nme1","NM_138548.1","NP_612557.1","95.40","88.20"
"NME1","4830","56418","G.gallus","NME1","XM_420097.2","XP_420097.1","84.50","75.70"
"NME1","4830","56418","D.rerio","nme2b.1","NM_130926.1","NP_571001.1","84.80","77.50"
"NME1","4830","56418","A.thaliana","AT4G23900","NM_118522.3","NP_567690.1","64.00","63.60"
"NME1","4830","56418","A.thaliana","NDPK3","NM_117171.3","NP_192839.1","62.00","62.20"
"NME1","4830","56418","O.sativa","Os05g0595400","NM_001063050.1","NP_001056515.1","62.70","60.90"
"NME2","4831","39553","H.sapiens","NME2","NM_001018137.1","NP_001018147.1","0.00","0.00"
"NME2","4831","39553","P.troglodytes","NME2","XM_001147407.1","XP_001147407.1","92.70","95.80"
"NME2","4831","39553","C.lupus","NME2","NM_001024637.1","NP_001019808.1","88.80","81.80"
"NME2","4831","39553","B.taurus","NBR-B","NM_205777.1","NP_991346.1","90.10","80.90"
"NME2","4831","39553","M.musculus","Nme2","NM_008705.4","NP_032731.1","98.00","90.40"
"NME2","4831","39553","R.norvegicus","Nme2","NM_031833.2","NP_114021.2","98.00","91.20"
"NME2","4831","39553","G.gallus","NME2","NM_205047.1","NP_990378.1","92.70","83.90"
"NME2","4831","39553","D.rerio","nme2b.2","NM_130927.1","NP_571002.1","79.70","75.50"
"NME2","4831","39553","C.elegans","F25H2.5","NM_060360.5","NP_492761.1","69.10","62.30"
"NME2","4831","39553","S.pombe","ndk1","NM_001018258.1","NP_592857.1","56.80","55.40"
"NME2","4831","39553","S.cerevisiae","YNK1","YNK1_6322783","NP_012856.1","61.50","59.90"
"NME2","4831","39553","K.lactis","KLLA0D03696g","XM_453229.1","XP_453229.1","64.50","61.00"
"NME2","4831","39553","E.gossypii","AGOS_ABR096C","NM_208395.1","NP_983042.1","60.80","59.90"
"NME2","4831","39553","M.grisea","GeneID:2679051","XM_363038.2","XP_363038.2","66.20","65.30"
"NME2","4831","39553","N.crassa","NCU04202","XM_956069.2","XP_961162.1","63.20","64.50"
"NME2","4831","39553","A.thaliana","NDPK1","NM_117000.2","NP_567346.1","62.20","62.20"
"NME2","4831","39553","O.sativa","Os10g0563700","NM_001071936.1","NP_001065404.1","61.50","63.30"
"NME2","4831","39553","P.falciparum","PF13_0349","XM_001350340.1","XP_001350376.1","61.90","59.60"
"NPDC1","56654","32050","H.sapiens","NPDC1","NM_015392.3","NP_056207.3","0.00","0.00"
"NPDC1","56654","32050","P.troglodytes","NPDC1","XM_520386.2","XP_520386.2","99.50","99.70"
"NPDC1","56654","32050","C.lupus","NPDC1","XM_537787.2","XP_537787.2","78.70","80.40"
"NPDC1","56654","32050","M.musculus","Npdc1","NM_008721.3","NP_032747.2","78.70","78.10"
"NPDC1","56654","32050","R.norvegicus","Npdc1","NM_001004231.1","NP_001004231.1","78.30","78.50"
"NPDC1","56654","32050","G.gallus","NPDC1","XM_001233958.1","XP_001233959.1","54.30","62.60"
"NPDC1","56654","32050","D.rerio","LOC100334347","XM_002665919.1","XP_002665965.1","45.50","52.90"
"NPDC1","56654","32050","D.rerio","zgc:194693","NM_001128783.1","NP_001122255.1","43.80","52.30"
"NPDC1","56654","32050","D.rerio","LOC556607","XM_679448.4","XP_684540.3","45.50","52.90"
"NPR1","4881","37367","H.sapiens","NPR1","NM_000906.3","NP_000897.3","0.00","0.00"
"NPR1","4881","37367","C.lupus","NPR1","XM_547577.2","XP_547577.2","92.60","90.00"
"NPR1","4881","37367","B.taurus","NPR1","XM_612318.3","XP_612318.3","93.50","91.10"
"NPR1","4881","37367","M.musculus","Npr1","NM_008727.5","NP_032753.5","91.20","86.80"
"NPR1","4881","37367","R.norvegicus","Npr1","NM_012613.1","NP_036745.1","91.20","87.30"
"NPR1","4881","37367","G.gallus","LOC431640","XM_429192.2","XP_429192.2","43.40","50.30"
"NPR1","4881","37367","D.rerio","npr1a","NM_001044937.2","NP_001038402.1","64.50","66.10"
"NPR1","4881","37367","D.melanogaster","CG3216","NM_166415.2","NP_726013.2","45.40","54.40"
"NPR1","4881","37367","A.gambiae","AgaP_AGAP008691","XM_314790.4","XP_314790.4","46.50","54.40"
"NPTX1","4884","1891","H.sapiens","NPTX1","NM_002522.3","NP_002513.2","0.00","0.00"
"NPTX1","4884","1891","P.troglodytes","NPTX1","XM_523739.2","XP_523739.2","99.80","99.50"
"NPTX1","4884","1891","C.lupus","NPTX1","XM_540475.2","XP_540475.2","95.80","93.20"
"NPTX1","4884","1891","B.taurus","NPTX1","XM_591233.4","XP_591233.2","97.00","93.60"
"NPTX1","4884","1891","M.musculus","Nptx1","NM_008730.2","NP_032756.1","96.30","91.70"
"NPTX1","4884","1891","R.norvegicus","Nptx1","NM_153735.1","NP_714957.1","95.80","91.00"
"NPTX1","4884","1891","D.rerio","zgc:85889","NM_212936.1","NP_998101.1","78.00","74.10"
"NR3C1","2908","30960","H.sapiens","NR3C1","NM_001024094.1","NP_001019265.1","0.00","0.00"
"NR3C1","2908","30960","P.troglodytes","NR3C1","XM_001154683.1","XP_001154683.1","99.50","99.70"
"NR3C1","2908","30960","C.lupus","NR3C1","XM_535225.2","XP_535225.2","93.70","91.80"
"NR3C1","2908","30960","B.taurus","NR3C1","XM_612999.4","XP_612999.2","94.60","92.00"
"NR3C1","2908","30960","M.musculus","Nr3c1","NM_008173.3","NP_032199.3","90.70","89.60"
"NR3C1","2908","30960","R.norvegicus","Nr3c1","NM_012576.1","NP_036708.1","90.80","88.80"
"NR3C1","2908","30960","G.gallus","NR3C1","NM_001037826.1","NP_001032915.1","75.80","74.30"
"NR3C1","2908","30960","D.rerio","nr3c1","NM_001020711.2","NP_001018547.2","53.20","57.80"
"NSDHL","50814","5951","H.sapiens","NSDHL","NM_001129765.1","NP_001123237.1","0.00","0.00"
"NSDHL","50814","5951","C.lupus","NSDHL","XM_538199.2","XP_538199.2","88.60","89.70"
"NSDHL","50814","5951","B.taurus","NSDHL","NM_001035482.1","NP_001030559.1","90.40","88.80"
"NSDHL","50814","5951","M.musculus","Nsdhl","NM_010941.3","NP_035071.3","85.90","85.20"
"NSDHL","50814","5951","R.norvegicus","Nsdhl","NM_001009399.1","NP_001009399.1","85.00","84.80"
"NSDHL","50814","5951","G.gallus","NSDHL","XM_420279.2","XP_420279.1","75.90","74.30"
"NSDHL","50814","5951","D.rerio","nsdhl","NM_001017674.1","NP_001017674.1","67.70","65.50"
"NSDHL","50814","5951","S.pombe","SPBC3F6.02c","NM_001022667.1","NP_596741.1","35.80","47.40"
"NSDHL","50814","5951","S.cerevisiae","ERG26","ERG26_6321437","NP_011514.1","40.90","48.50"
"NSDHL","50814","5951","K.lactis","KLLA0C18513g","XM_453025.1","XP_453025.1","40.90","47.10"
"NSDHL","50814","5951","E.gossypii","AGOS_AFR001W","NM_210902.1","NP_985548.1","40.60","49.50"
"NSDHL","50814","5951","M.grisea","GeneID:5051352","XM_001413913.1","XP_001413950.1","38.20","49.70"
"NSDHL","50814","5951","N.crassa","NCU02693","XM_960373.2","XP_965466.1","40.30","48.60"
"NSDHL","50814","5951","A.thaliana","AT3BETAHSD/D2","NM_128183.3","NP_180194.2","42.10","46.40"
"NSDHL","50814","5951","A.thaliana","AT3BETAHSD/D1","NM_179448.3","NP_849779.1","43.20","47.80"
"NSDHL","50814","5951","O.sativa","Os03g0405000","NM_001056862.1","NP_001050327.1","43.00","50.00"
"NT5E","4907","1895","H.sapiens","NT5E","NM_002526.2","NP_002517.1","0.00","0.00"
"NT5E","4907","1895","P.troglodytes","NT5E","XM_518619.2","XP_518619.2","99.80","99.70"
"NT5E","4907","1895","C.lupus","NT5E","XM_532221.2","XP_532221.2","91.10","90.90"
"NT5E","4907","1895","B.taurus","NT5E","NM_174129.3","NP_776554.2","89.90","89.40"
"NT5E","4907","1895","M.musculus","Nt5e","NM_011851.3","NP_035981.1","86.80","85.40"
"NT5E","4907","1895","R.norvegicus","Nt5e","NM_021576.1","NP_067587.1","87.60","85.50"
"NT5E","4907","1895","G.gallus","NT5E","XM_419855.2","XP_419855.2","65.00","65.80"
"NT5E","4907","1895","D.rerio","nt5e","NM_200932.1","NP_957226.1","65.20","64.30"
"NT5E","4907","1895","D.rerio","LOC100334175","XM_002665631.1","XP_002665677.1","65.00","64.20"
"NT5E","4907","1895","D.melanogaster","CG30104","NM_137374.2","NP_611218.1","39.80","47.00"
"NT5E","4907","1895","D.melanogaster","veil","NM_137373.2","NP_611217.1","41.20","49.10"
"NT5E","4907","1895","D.melanogaster","CG30103","NM_166233.3","NP_725682.2","41.30","49.00"
"NT5E","4907","1895","A.gambiae","AgaP_AGAP003629","XM_313394.3","XP_313394.3","44.60","50.50"
"NT5E","4907","1895","M.grisea","GeneID:5051068","XM_001412488.1","XP_001412525.1","36.50","48.20"
"NT5E","4907","1895","N.crassa","NCU09659","XM_953632.1","XP_958725.1","35.20","48.20"
"NUP107","57122","5555","H.sapiens","NUP107","NM_020401.2","NP_065134.1","0.00","0.00"
"NUP107","57122","5555","P.troglodytes","NUP107","XM_001153762.1","XP_001153762.1","98.90","99.20"
"NUP107","57122","5555","B.taurus","NUP107","XM_581000.4","XP_581000.4","92.10","90.30"
"NUP107","57122","5555","M.musculus","Nup107","NM_134010.2","NP_598771.1","91.50","84.80"
"NUP107","57122","5555","R.norvegicus","Nup107","NM_053830.1","NP_446282.1","91.80","84.90"
"NUP107","57122","5555","G.gallus","NUP107","XM_416082.2","XP_416082.2","82.30","76.30"
"NUP107","57122","5555","D.rerio","nup107","NM_001030167.1","NP_001025338.1","68.70","65.90"
"NUP107","57122","5555","D.melanogaster","Nup107","NM_135602.2","NP_609446.1","35.90","43.00"
"NUP107","57122","5555","A.gambiae","AgaP_AGAP001685","XM_001238473.2","XP_001238474.2","38.10","44.10"
"OGN","4969","8542","H.sapiens","OGN","NM_014057.3","NP_054776.1","0.00","0.00"
"OGN","4969","8542","P.troglodytes","OGN","XM_001145422.1","XP_001145422.1","99.70","99.90"
"OGN","4969","8542","C.lupus","OGN","XM_848247.1","XP_853340.1","90.90","90.60"
"OGN","4969","8542","B.taurus","OGN","NM_173946.2","NP_776371.1","92.90","92.40"
"OGN","4969","8542","M.musculus","Ogn","NM_008760.3","NP_032786.1","85.20","88.70"
"OGN","4969","8542","R.norvegicus","Ogn","XM_214441.3","XP_214441.1","85.60","88.70"
"OGN","4969","8542","G.gallus","OGN","NM_204209.1","NP_989540.1","66.80","70.50"
"OLFM1","10439","8612","H.sapiens","OLFM1","NM_014279.4","NP_055094.1","0.00","0.00"
"OLFM1","10439","8612","C.lupus","OLFM1","XM_537805.2","XP_537805.2","97.40","92.50"
"OLFM1","10439","8612","M.musculus","Olfm1","NM_001038613.1","NP_001033702.1","97.80","90.90"
"OLFM1","10439","8612","R.norvegicus","Olfm1","NM_053573.1","NP_446025.1","98.40","91.70"
"OLFM1","10439","8612","G.gallus","OLFM1","NM_204767.1","NP_990098.1","95.90","86.70"
"OSR2","116039","14200","H.sapiens","OSR2","NM_001142462.1","NP_001135934.1","0.00","0.00"
"OSR2","116039","14200","P.troglodytes","OSR2","XM_519877.2","XP_519877.1","100.00","99.70"
"OSR2","116039","14200","C.lupus","OSR2","XM_539101.2","XP_539101.1","98.70","95.60"
"OSR2","116039","14200","B.taurus","OSR2","NM_001034328.1","NP_001029500.1","97.60","92.80"
"OSR2","116039","14200","M.musculus","Osr2","NM_054049.2","NP_473390.1","97.60","92.50"
"OSR2","116039","14200","R.norvegicus","Osr2","NM_001012118.1","NP_001012118.1","98.80","92.50"
"OSR2","116039","14200","G.gallus","OSR2","XM_001234796.1","XP_001234797.1","92.20","82.70"
"OSR2","116039","14200","D.rerio","osr2","NM_001017694.1","NP_001017694.1","79.70","75.30"
"OSR2","116039","14200","A.gambiae","ODR2","XM_555242.1","XP_555242.1","88.40","75.40"
"P2RY14","9934","15769","H.sapiens","P2RY14","NM_001081455.1","NP_001074924.1","0.00","0.00"
"P2RY14","9934","15769","P.troglodytes","P2RY14","XM_001145005.1","XP_001145005.1","99.10","98.80"
"P2RY14","9934","15769","C.lupus","P2RY14","XM_542838.2","XP_542838.2","83.70","84.50"
"P2RY14","9934","15769","B.taurus","P2RY14","NM_001077009.1","NP_001070477.1","79.20","81.90"
"P2RY14","9934","15769","M.musculus","P2ry14","NM_001008497.1","NP_001008497.1","83.10","81.60"
"P2RY14","9934","15769","R.norvegicus","P2ry14","NM_133577.1","NP_598261.1","80.50","79.90"
"P2RY14","9934","15769","G.gallus","P2RY14","XM_422841.2","XP_422841.1","60.50","62.40"
"P2RY14","9934","15769","D.rerio","LOC793750","XM_001333545.2","XP_001333581.2","45.60","54.80"
"PA2G4","5036","4513","H.sapiens","PA2G4","NM_006191.2","NP_006182.2","0.00","0.00"
"PA2G4","5036","4513","P.troglodytes","PA2G4","XM_001169403.1","XP_001169403.1","100.00","99.80"
"PA2G4","5036","4513","C.lupus","PA2G4","XM_531629.2","XP_531629.2","99.70","96.50"
"PA2G4","5036","4513","B.taurus","PA2G4","NM_001034699.1","NP_001029871.1","99.70","95.90"
"PA2G4","5036","4513","M.musculus","Pa2g4","NM_011119.3","NP_035249.1","99.00","92.10"
"PA2G4","5036","4513","R.norvegicus","Pa2g4","NM_001004206.1","NP_001004206.1","99.00","91.90"
"PA2G4","5036","4513","G.gallus","PA2G4","XM_423059.2","XP_423059.2","92.70","81.40"
"PA2G4","5036","4513","D.rerio","pa2g4a","NM_001002070.2","NP_001002070.1","85.10","76.30"
"PA2G4","5036","4513","D.rerio","pa2g4b","NM_212641.2","NP_997806.1","83.20","76.00"
"PA2G4","5036","4513","D.melanogaster","CG10576","NM_139727.1","NP_647984.1","55.40","57.50"
"PA2G4","5036","4513","A.gambiae","AgaP_AGAP005108","XM_313985.4","XP_313985.4","52.30","56.50"
"PA2G4","5036","4513","C.elegans","peptidase","NM_067910.5","NP_500311.1","49.20","54.10"
"PA2G4","5036","4513","S.pombe","cdb4","NM_001018829.1","NP_593397.1","42.10","49.60"
"PA2G4","5036","4513","M.grisea","GeneID:2684471","XM_369801.2","XP_369801.2","35.50","47.00"
"PA2G4","5036","4513","N.crassa","NCU00422","XM_951593.2","XP_956686.1","34.30","46.20"
"PA2G4","5036","4513","A.thaliana","ATG2","NM_115039.3","NP_190748.1","50.50","56.30"
"PA2G4","5036","4513","O.sativa","Os05g0350500","NM_001061809.1","NP_001055274.1","50.90","57.00"
"PAFAHIB3","5050","1933","H.sapiens","PAFAH1B3","NM_001145939.1","NP_001139411.1","0.00","0.00"
"PAFAHIB3","5050","1933","P.troglodytes","PAFAH1B3","XM_001154079.1","XP_001154079.1","100.00","99.60"
"PAFAHIB3","5050","1933","C.lupus","PAFAH1B3","XM_533656.2","XP_533656.1","96.50","91.50"
"PAFAHIB3","5050","1933","B.taurus","PAFAH1B3","NM_174665.2","NP_777090.1","97.40","91.50"
"PAFAHIB3","5050","1933","M.musculus","Pafah1b3","NM_008776.1","NP_032802.1","96.50","88.60"
"PAFAHIB3","5050","1933","R.norvegicus","Pafah1b3","NM_053654.2","NP_446106.1","96.50","88.90"
"PAFAHIB3","5050","1933","D.rerio","pafah1b3","NM_201058.1","NP_957352.1","65.30","64.70"
"PAK3","5063","55664","H.sapiens","PAK3","NM_001128168.1","NP_001121640.1","0.00","0.00"
"PAK3","5063","55664","P.troglodytes","PAK3","NM_001009039.1","NP_001009039.1","100.00","99.70"
"PAK3","5063","55664","C.lupus","PAK3","XM_858334.1","XP_863427.1","95.30","91.30"
"PAK3","5063","55664","B.taurus","PAK3","XM_001252145.2","XP_001252146.2","99.60","95.30"
"PAK3","5063","55664","M.musculus","Pak3","NM_008778.2","NP_032804.2","98.50","92.30"
"PAK3","5063","55664","R.norvegicus","Pak3","NM_019210.1","NP_062083.1","98.70","93.00"
"PAK3","5063","55664","G.gallus","PAK3","XM_420314.2","XP_420314.2","96.30","86.40"
"PAK3","5063","55664","D.rerio","LOC100333149","XM_002665286.1","XP_002665332.1","83.90","72.40"
"PAPPA","5069","31097","H.sapiens","PAPPA","NM_002581.3","NP_002572.2","0.00","0.00"
"PAPPA","5069","31097","C.lupus","PAPPA","XM_538813.2","XP_538813.2","92.10","89.70"
"PAPPA","5069","31097","B.taurus","PAPPA","XM_613511.4","XP_613511.4","89.10","88.20"
"PAPPA","5069","31097","M.musculus","Pappa","NM_021362.1","NP_067337.1","91.40","88.80"
"PAPPA","5069","31097","R.norvegicus","Pappa","XM_233037.4","XP_233037.3","91.70","88.70"
"PAPPA","5069","31097","G.gallus","PAPPA","XM_415522.2","XP_415522.2","79.40","78.10"
"PAPPA","5069","31097","D.rerio","LOC100004323","XM_001919080.2","XP_001919115.2","60.90","63.30"
"PAPPA","5069","31097","D.rerio","LOC566095","XM_689363.3","XP_694455.3","57.70","61.40"
"PAPPA","5069","31097","D.rerio","LOC100334228","XM_002667728.1","XP_002667774.1","60.20","62.60"
"PARM1","25849","41036","H.sapiens","PARM1","NM_015393.3","NP_056208.2","0.00","0.00"
"PARM1","25849","41036","P.troglodytes","PARM1","XM_001155067.1","XP_001155067.1","97.70","98.60"
"PARM1","25849","41036","B.taurus","PARM1","NM_001075771.1","NP_001069239.1","74.00","79.10"
"PARM1","25849","41036","M.musculus","Parm1","NM_145562.2","NP_663537.1","65.90","75.90"
"PARM1","25849","41036","R.norvegicus","Parm1","NM_173114.1","NP_775137.1","65.90","75.80"
"PARM1","25849","41036","G.gallus","PARM1","XM_429964.2","XP_429964.2","41.60","48.10"
"PARP1","142","1222","H.sapiens","PARP1","NM_001618.3","NP_001609.2","0.00","0.00"
"PARP1","142","1222","C.lupus","PARP1","XM_858704.1","XP_863797.1","94.10","88.40"
"PARP1","142","1222","B.taurus","PARP1","NM_174751.2","NP_777176.1","90.40","88.40"
"PARP1","142","1222","M.musculus","Parp1","NM_007415.2","NP_031441.2","92.60","86.70"
"PARP1","142","1222","R.norvegicus","Parp1","NM_013063.2","NP_037195.1","91.90","86.30"
"PARP1","142","1222","G.gallus","PARP1","NM_205263.1","NP_990594.1","79.50","75.20"
"PARP1","142","1222","D.rerio","parp1","NM_001044942.1","NP_001038407.1","72.10","69.50"
"PARP1","142","1222","D.melanogaster","Parp","NM_001110982.2","NP_001104452.1","43.80","49.60"
"PARP1","142","1222","A.gambiae","AgaP_AGAP003230","XM_312938.3","XP_312938.3","46.50","52.80"
"PARP1","142","1222","C.elegans","pme-1","NM_058671.6","NP_491072.1","41.00","48.30"
"PARP1","142","1222","A.thaliana","PARP2","NM_179834.1","NP_850165.1","42.00","49.70"
"PARP1","142","1222","O.sativa","Os07g0413700","NM_001065988.1","NP_001059453.1","42.70","51.50"
"PAWR","5074","1940","H.sapiens","PAWR","NM_002583.2","NP_002574.2","0.00","0.00"
"PAWR","5074","1940","P.troglodytes","PAWR","XM_509236.2","XP_509236.2","98.80","99.40"
"PAWR","5074","1940","B.taurus","PAWR","XM_001788015.1","XP_001788067.1","90.10","88.80"
"PAWR","5074","1940","M.musculus","Pawr","NM_054056.2","NP_473397.1","79.50","82.20"
"PAWR","5074","1940","R.norvegicus","Pawr","NM_033485.2","NP_277020.1","78.90","81.40"
"PAWR","5074","1940","G.gallus","PAWR","XM_416112.2","XP_416112.2","68.80","71.40"
"PAWR","5074","1940","D.rerio","pawrl","NM_001006015.1","NP_001006015.1","55.80","56.80"
"PDGFRA","5156","31361","H.sapiens","PDGFRA","NM_006206.4","NP_006197.1","0.00","0.00"
"PDGFRA","5156","31361","C.lupus","PDGFRA","XM_532374.2","XP_532374.2","95.70","91.00"
"PDGFRA","5156","31361","B.taurus","PDGFRA","XM_590921.4","XP_590921.4","94.10","90.10"
"PDGFRA","5156","31361","M.musculus","Pdgfra","NM_001083316.1","NP_001076785.1","91.80","86.50"
"PDGFRA","5156","31361","R.norvegicus","Pdgfra","XM_214030.3","XP_214030.2","91.20","86.00"
"PDGFRA","5156","31361","G.gallus","PDGFRA","NM_204749.1","NP_990080.1","80.60","75.80"
"PDGFRA","5156","31361","D.rerio","pdgfra","NM_131459.2","NP_571534.1","62.70","64.70"
"PDYN","5173","10321","H.sapiens","PDYN","NM_001190899.1","NP_001177828.1","0.00","0.00"
"PDYN","5173","10321","P.troglodytes","PDYN","XM_001154951.1","XP_001154951.1","98.00","98.80"
"PDYN","5173","10321","C.lupus","PDYN","XM_542932.2","XP_542932.2","78.70","85.10"
"PDYN","5173","10321","M.musculus","Pdyn","NM_018863.2","NP_061351.1","66.00","74.10"
"PDYN","5173","10321","R.norvegicus","Pdyn","NM_019374.2","NP_062247.1","67.20","76.50"
"PEG3","5178","31363","H.sapiens","PEG3","NM_001146184.1","NP_001139656.1","0.00","0.00"
"PEG3","5178","31363","P.troglodytes","PEG3","XM_001141226.1","XP_001141226.1","99.20","99.50"
"PEG3","5178","31363","C.lupus","PEG3","XM_533574.2","XP_533574.2","76.30","82.50"
"PEG3","5178","31363","B.taurus","PEG3","NM_001002887.1","NP_001002887.1","56.30","63.80"
"PEG3","5178","31363","M.musculus","Peg3","NM_008817.2","NP_032843.2","64.80","71.50"
"PGGT1B","5229","3685","H.sapiens","PGGT1B","NM_005023.3","NP_005014.2","0.00","0.00"
"PGGT1B","5229","3685","P.troglodytes","PGGT1B","XM_526978.2","XP_526978.2","99.70","99.60"
"PGGT1B","5229","3685","C.lupus","PGGT1B","XM_538560.2","XP_538560.2","97.90","94.10"
"PGGT1B","5229","3685","B.taurus","PGGT1B","NM_001015560.1","NP_001015560.1","98.70","92.50"
"PGGT1B","5229","3685","M.musculus","Pggt1b","NM_172627.2","NP_766215.1","96.80","87.20"
"PGGT1B","5229","3685","R.norvegicus","Pggt1b","NM_031082.1","NP_112344.1","97.60","89.90"
"PGGT1B","5229","3685","D.rerio","pggt1b","NM_001030255.1","NP_001025426.1","75.20","65.70"
"PGGT1B","5229","3685","D.melanogaster","betaggt-I","NM_080361.2","NP_525100.2","45.30","51.20"
"PGGT1B","5229","3685","A.gambiae","AgaP_AGAP008406","XM_317045.4","XP_317045.4","51.90","52.00"
"PGGT1B","5229","3685","C.elegans","Y48E1B.3","NM_064447.4","NP_496848.1","44.40","50.90"
"PGGT1B","5229","3685","A.thaliana","PGGT-I","NM_129513.3","NP_181487.1","41.90","51.00"
"PGGT1B","5229","3685","O.sativa","Os01g0150100","NM_001048566.1","NP_001042031.1","43.20","52.70"
"PGR","5241","713","H.sapiens","PGR","NM_000926.4","NP_000917.3","0.00","0.00"
"PGR","5241","713","C.lupus","PGR","NM_001003074.1","NP_001003074.1","77.60","82.70"
"PGR","5241","713","M.musculus","Pgr","NM_008829.2","NP_032855.2","81.00","80.10"
"PGR","5241","713","R.norvegicus","Pgr","NM_022847.1","NP_074038.1","82.10","80.70"
"PGR","5241","713","G.gallus","PGR","NM_205262.1","NP_990593.1","67.30","69.50"
"PID1","55022","9924","H.sapiens","PID1","NM_001100818.1","NP_001094288.1","0.00","0.00"
"PID1","55022","9924","P.troglodytes","PID1","XM_526050.2","XP_526050.2","100.00","99.70"
"PID1","55022","9924","C.lupus","PID1","XM_534594.2","XP_534594.2","94.90","91.00"
"PID1","55022","9924","B.taurus","PID1","NM_001079584.1","NP_001073052.1","97.50","92.80"
"PID1","55022","9924","M.musculus","Pid1","NM_001003948.1","NP_001003948.1","96.10","89.50"
"PID1","55022","9924","R.norvegicus","Pid1","XM_576601.2","XP_576601.2","96.30","89.60"
"PID1","55022","9924","G.gallus","PID1","XM_422605.2","XP_422605.2","93.50","82.60"
"PID1","55022","9924","D.rerio","pid1","NM_001013504.1","NP_001013522.1","72.40","71.90"
"PITX1","5307","20584","H.sapiens","PITX1","NM_002653.4","NP_002644.4","0.00","0.00"
"PITX1","5307","20584","P.troglodytes","PITX1","XM_001168135.1","XP_001168135.1","100.00","99.80"
"PITX1","5307","20584","C.lupus","PITX1","XM_845680.1","XP_850773.1","98.70","95.50"
"PITX1","5307","20584","M.musculus","Pitx1","NM_011097.2","NP_035227.1","96.80","91.50"
"PITX1","5307","20584","R.norvegicus","Pitx1","NM_053624.2","NP_446076.1","95.90","90.80"
"PITX1","5307","20584","G.gallus","PITX1","XM_001233835.1","XP_001233836.1","84.80","80.50"
"PITX1","5307","20584","D.rerio","pitx1","NM_001040346.2","NP_001035436.3","78.40","77.10"
"PLA2G4A","5321","32059","H.sapiens","PLA2G4A","NM_024420.2","NP_077734.1","0.00","0.00"
"PLA2G4A","5321","32059","P.troglodytes","PLA2G4A","XM_001165694.1","XP_001165694.1","100.00","99.70"
"PLA2G4A","5321","32059","C.lupus","PLA2G4A","XM_537170.2","XP_537170.2","93.70","91.30"
"PLA2G4A","5321","32059","B.taurus","PLA2G4A","NM_001075864.1","NP_001069332.1","93.30","90.60"
"PLA2G4A","5321","32059","M.musculus","Pla2g4a","NM_008869.3","NP_032895.1","94.90","88.20"
"PLA2G4A","5321","32059","R.norvegicus","Pla2g4a","NM_133551.1","NP_598235.1","94.00","88.70"
"PLA2G4A","5321","32059","G.gallus","PLA2G4A","NM_205423.1","NP_990754.1","83.90","77.10"
"PLA2G4A","5321","32059","D.rerio","cpla2","NM_131295.1","NP_571370.1","73.70","67.90"
"PLA2G4A","5321","32059","D.rerio","pla2g4a","XM_682393.2","XP_687485.1","72.40","69.60"
"PLAG1","5324","1993","H.sapiens","PLAG1","NM_001114634.1","NP_001108106.1","0.00","0.00"
"PLAG1","5324","1993","P.troglodytes","PLAG1","XM_001155249.1","XP_001155249.1","100.00","100.00"
"PLAG1","5324","1993","C.lupus","PLAG1","XM_544089.2","XP_544089.1","98.40","92.30"
"PLAG1","5324","1993","B.taurus","PLAG1","XM_585648.2","XP_585648.1","96.60","85.00"
"PLAG1","5324","1993","M.musculus","Plag1","NM_019969.2","NP_064353.1","95.40","90.70"
"PLAG1","5324","1993","R.norvegicus","Plag1","NM_001008316.1","NP_001008317.1","96.20","90.80"
"PLAG1","5324","1993","G.gallus","PLAG1","NM_001031577.1","NP_001026748.1","91.40","87.20"
"PLAU","5328","55670","H.sapiens","PLAU","NM_002658.3","NP_002649.1","0.00","0.00"
"PLAU","5328","55670","C.lupus","PLAU","XM_536394.2","XP_536394.2","79.30","84.40"
"PLAU","5328","55670","B.taurus","PLAU","NM_174147.2","NP_776572.1","75.40","82.90"
"PLAU","5328","55670","M.musculus","Plau","NM_008873.2","NP_032899.1","69.50","76.90"
"PLAU","5328","55670","R.norvegicus","Plau","NM_013085.2","NP_037217.2","71.20","77.40"
"PLAU","5328","55670","G.gallus","PLAU","NM_205443.1","NP_990774.1","50.10","56.40"
"PLAUR","5329","48120","H.sapiens","PLAUR","NM_002659.2","NP_002650.1","0.00","0.00"
"PLAUR","5329","48120","P.troglodytes","PLAUR","NM_001009031.1","NP_001009031.1","99.10","99.30"
"PLAUR","5329","48120","C.lupus","PLAUR","XM_533652.2","XP_533652.2","71.70","80.60"
"PLAUR","5329","48120","B.taurus","PLAUR","NM_174423.2","NP_776848.1","61.80","76.00"
"PLAUR","5329","48120","M.musculus","Plaur","NM_011113.2","NP_035243.1","63.30","69.80"
"PLEKHH2","130271","35317","H.sapiens","CTSW","NM_001335.3","NP_001326.2","0.00","0.00"
"PLEKHH2","130271","35317","P.troglodytes","CTSW","XM_001170363.1","XP_001170363.1","98.90","99.50"
"PLEKHH2","130271","35317","C.lupus","CTSW","XM_540846.2","XP_540846.2","73.50","80.70"
"PLEKHH2","130271","35317","M.musculus","Ctsw","NM_009985.3","NP_034115.2","69.00","76.60"
"PLEKHH2","130271","35317","R.norvegicus","Ctsw","NM_001024242.1","NP_001019413.1","70.40","76.90"
"POLE3","54107","9694","H.sapiens","POLE3","NM_017443.4","NP_059139.3","0.00","0.00"
"POLE3","54107","9694","P.troglodytes","POLE3","XM_001153365.1","XP_001153365.1","100.00","100.00"
"POLE3","54107","9694","C.lupus","POLE3","XM_850281.1","XP_855374.1","98.60","91.40"
"POLE3","54107","9694","B.taurus","POLE3","NM_001034390.1","NP_001029562.1","100.00","93.90"
"POLE3","54107","9694","M.musculus","Pole3","NM_021498.2","NP_067473.2","94.50","89.70"
"POLE3","54107","9694","R.norvegicus","Pole3","NM_001007652.2","NP_001007653.1","97.20","90.30"
"POLE3","54107","9694","G.gallus","POLE3","NM_001025354.1","NP_001020525.1","82.30","75.80"
"POLE3","54107","9694","D.rerio","pole3","NM_200801.1","NP_957095.1","75.50","72.10"
"POLE3","54107","9694","D.melanogaster","Chrac-14","NM_057299.3","NP_476647.2","47.70","54.40"
"POLE3","54107","9694","A.gambiae","AgaP_AGAP005051","XM_313924.4","XP_313924.3","48.00","56.80"
"POLE3","54107","9694","A.gambiae","AgaP_AGAP012825","XM_306148.3","XP_306148.3","50.90","57.90"
"POLR2H","5437","4540","H.sapiens","POLR2H","NM_006232.2","NP_006223.2","0.00","0.00"
"POLR2H","5437","4540","P.troglodytes","POLR2H","XM_526411.2","XP_526411.2","99.20","99.50"
"POLR2H","5437","4540","C.lupus","POLR2H","XM_535826.2","XP_535826.1","100.00","93.10"
"POLR2H","5437","4540","B.taurus","POLR2H","XM_581913.4","XP_581913.1","100.00","93.80"
"POLR2H","5437","4540","M.musculus","Polr2h","NM_145632.2","NP_663607.1","100.00","92.20"
"POLR2H","5437","4540","R.norvegicus","Polr2hl","XM_213574.4","XP_213574.3","100.00","90.70"
"POLR2H","5437","4540","R.norvegicus","Polr2h","XM_573313.2","XP_573313.1","100.00","90.40"
"POLR2H","5437","4540","G.gallus","POLR2H","XM_422761.2","XP_422761.1","100.00","82.40"
"POLR2H","5437","4540","D.rerio","zgc:110289","NM_001017600.1","NP_001017600.1","97.30","79.60"
"POLR2H","5437","4540","D.rerio","LOC792188","XM_001331053.2","XP_001331089.1","97.30","79.80"
"POLR2H","5437","4540","D.melanogaster","Rpb8","NM_141095.2","NP_649352.1","78.50","68.90"
"POLR2H","5437","4540","A.gambiae","AgaP_AGAP012397","XM_320161.2","XP_320161.2","76.00","65.30"
"POLR2H","5437","4540","C.elegans","rpb-8","NM_065635.2","NP_498036.1","64.20","63.10"
"POLR2H","5437","4540","S.cerevisiae","RPB8","RPB8_6324798","NP_014867.1","38.80","48.70"
"POLR2H","5437","4540","K.lactis","KLLA0D07139g","XM_453379.1","XP_453379.1","34.80","47.00"
"POLR2H","5437","4540","E.gossypii","AGOS_ACR111C","NM_208866.1","NP_983513.1","38.30","47.50"
"POLR2H","5437","4540","M.grisea","GeneID:2682965","XM_367155.1","XP_367155.1","40.70","51.60"
"POLR2H","5437","4540","N.crassa","NCU08030","XM_957607.1","XP_962700.1","47.40","52.80"
"POLR2H","5437","4540","A.thaliana","NRPB8A","NM_104303.2","NP_175827.1","49.60","56.70"
"POLR2H","5437","4540","A.thaliana","NRPB8B","NM_115822.3","NP_191519.1","49.60","56.00"
"POLR2H","5437","4540","O.sativa","Os03g0845700","NM_001058415.1","NP_001051880.1","47.60","57.60"
"POM121","9883","70878","H.sapiens","POM121C","NM_001099415.1","NP_001092885.1","0.00","0.00"
"POM121","9883","70878","H.sapiens","POM121","NM_172020.2","NP_742017.1","97.80","98.70"
"POM121","9883","70878","P.troglodytes","POM121","XM_001144107.1","XP_001144107.1","97.10","98.40"
"POM121","9883","70878","P.troglodytes","POM121C","XM_001154568.1","XP_001154568.1","96.60","98.40"
"POM121","9883","70878","C.lupus","LOC489812","XM_546930.2","XP_546930.2","59.60","65.70"
"POM121","9883","70878","B.taurus","POM121","XM_596969.4","XP_596969.4","74.60","79.50"
"POM121","9883","70878","M.musculus","Pom121","NM_148932.1","NP_683734.1","70.80","75.90"
"POM121","9883","70878","R.norvegicus","Pom121","NM_053622.1","NP_446074.1","70.00","75.90"
"POM121","9883","70878","G.gallus","POM121","XM_415711.2","XP_415711.2","54.50","60.30"
"POM121","9883","70878","D.rerio","pom121","XM_691621.4","XP_696713.3","44.70","50.20"
"POM121","9883","70878","D.melanogaster","CG14712","NM_141839.2","NP_650096.1","33.30","42.20"
"POM121","9883","70878","A.gambiae","AgaP_AGAP003983","XM_554380.3","XP_554380.3","31.20","39.50"
"PPAP2C","8612","2752","H.sapiens","PPAP2C","NM_003712.2","NP_003703.1","0.00","0.00"
"PPAP2C","8612","2752","C.lupus","PPAP2C","XM_850170.1","XP_855263.1","92.70","87.40"
"PPAP2C","8612","2752","B.taurus","PPAP2C","NM_001045890.1","NP_001039355.1","90.60","86.50"
"PPAP2C","8612","2752","M.musculus","Ppap2c","NM_015817.2","NP_056632.2","90.50","84.50"
"PPAP2C","8612","2752","R.norvegicus","Ppap2c","NM_139252.1","NP_640345.1","91.20","84.30"
"PPAP2C","8612","2752","D.rerio","LOC563806","XM_687169.4","XP_692261.4","70.80","69.10"
"PPM1D","8493","31185","H.sapiens","PPM1D","NM_003620.2","NP_003611.1","0.00","0.00"
"PPM1D","8493","31185","P.troglodytes","PPM1D","XM_511612.2","XP_511612.2","99.30","99.50"
"PPM1D","8493","31185","C.lupus","PPM1D","XM_847666.1","XP_852759.1","94.40","93.10"
"PPM1D","8493","31185","M.musculus","Ppm1d","NM_016910.2","NP_058606.2","89.80","87.10"
"PPM1D","8493","31185","R.norvegicus","Ppm1d","XM_213418.4","XP_213418.4","90.90","87.70"
"PPM1D","8493","31185","G.gallus","PPM1D","XM_415890.2","XP_415890.2","77.10","73.60"
"PPM1D","8493","31185","D.rerio","zgc:103518","NM_001007340.1","NP_001007341.1","59.10","59.60"
"PPM1D","8493","31185","D.rerio","LOC100334701","XM_002662125.1","XP_002662171.1","63.60","61.70"
"PPM1D","8493","31185","D.rerio","ppm1d","NM_201090.2","NP_957384.2","58.70","59.10"
"PPPDE1","51029","56741","H.sapiens","PPPDE1","NM_016076.3","NP_057160.2","0.00","0.00"
"PPPDE1","51029","56741","P.troglodytes","PPPDE1","XM_001137311.1","XP_001137311.1","100.00","100.00"
"PPPDE1","51029","56741","C.lupus","PPPDE1","XM_846096.1","XP_851189.1","98.90","89.30"
"PPPDE1","51029","56741","B.taurus","PPPDE1","NM_001100384.1","NP_001093854.1","98.90","93.80"
"PPPDE1","51029","56741","M.musculus","Pppde1","NM_024282.3","NP_077244.1","96.90","90.70"
"PPPDE1","51029","56741","R.norvegicus","Pppde1","NM_001013873.1","NP_001013895.1","96.40","89.50"
"PPPDE1","51029","56741","G.gallus","C1orf121","NM_001008460.1","NP_001008460.1","95.30","85.20"
"PPPDE1","51029","56741","D.rerio","pppde1","NM_001003532.1","NP_001003532.1","85.20","75.30"
"PPPDE1","51029","56741","D.melanogaster","CG7222","NM_136769.2","NP_610613.1","63.60","62.20"
"PPPDE1","51029","56741","A.gambiae","AgaP_AGAP012058","XM_320465.2","XP_320465.2","65.60","61.20"
"PPPDE1","51029","56741","C.elegans","F36D4.5","NM_171507.3","NP_741592.1","56.80","57.80"
"PPPDE1","51029","56741","A.thaliana","AT4G17486","NM_117853.3","NP_567528.2","43.10","49.70"
"PPPDE1","51029","56741","A.thaliana","AT5G47310","NM_124102.4","NP_199542.1","38.60","50.20"
"PPPDE1","51029","56741","O.sativa","Os03g0100900","NM_001055183.1","NP_001048648.1","39.40","50.50"
"PRKAR1B","5575","37665","H.sapiens","PRKAR1B","NM_002735.2","NP_002726.1","0.00","0.00"
"PRKAR1B","5575","37665","C.lupus","PRKAR1B","XM_850911.1","XP_856004.1","92.60","85.80"
"PRKAR1B","5575","37665","M.musculus","Prkar1b","NM_008923.2","NP_032949.2","94.50","86.10"
"PRKAR1B","5575","37665","R.norvegicus","Prkar1b","NM_001033679.1","NP_001028851.1","95.20","84.50"
"PRKAR1B","5575","37665","G.gallus","PRKAR1B","XM_414754.2","XP_414754.1","93.20","80.50"
"PRKAR1B","5575","37665","D.rerio","prkar1b","NM_001076623.1","NP_001070091.1","94.60","82.40"
"PRKAR1B","5575","37665","C.elegans","kin-2","NM_001083302.1","NP_001076771.1","59.60","59.00"
"PRKCA","5578","55679","H.sapiens","PRKCA","NM_002737.2","NP_002728.1","0.00","0.00"
"PRKCA","5578","55679","C.lupus","PRKCA","XM_548026.2","XP_548026.2","99.30","92.00"
"PRKCA","5578","55679","B.taurus","PRKCA","NM_174435.1","NP_776860.1","97.80","88.10"
"PRKCA","5578","55679","M.musculus","Prkca","NM_011101.2","NP_035231.1","98.20","90.10"
"PRKCA","5578","55679","R.norvegicus","Prkca","XM_343975.3","XP_343976.3","99.20","90.20"
"PRKCA","5578","55679","G.gallus","PRKCA","NM_001012804.1","NP_001012822.1","94.50","83.30"
"PRKCA","5578","55679","D.rerio","prkca","XM_002662404.1","XP_002662450.1","85.30","75.10"
"PRKCA","5578","55679","D.melanogaster","Pkc53E","NM_166201.1","NP_725626.1","70.80","66.90"
"PRKCA","5578","55679","A.gambiae","AgaP_AGAP012252","XM_320290.4","XP_320290.4","70.00","65.70"
"PRKCA","5578","55679","C.elegans","pkc-2","NM_001029346.1","NP_001024517.1","69.00","63.90"
"PRKCD","5580","55963","H.sapiens","PRKCD","NM_006254.3","NP_006245.2","0.00","0.00"
"PRKCD","5580","55963","C.lupus","PRKCD","NM_001008716.1","NP_001008716.1","91.70","89.50"
"PRKCD","5580","55963","B.taurus","PRKCD","NM_001077855.1","NP_001071323.1","88.30","87.50"
"PRKCD","5580","55963","M.musculus","Prkcd","NM_011103.2","NP_035233.1","90.80","87.30"
"PRKCD","5580","55963","R.norvegicus","Prkcd","NM_133307.1","NP_579841.1","89.90","87.70"
"PRKCD","5580","55963","G.gallus","PRKCD","NM_001006133.1","NP_001006133.1","85.60","76.90"
"PRKCD","5580","55963","D.rerio","LOC100150844","XM_001919871.2","XP_001919906.2","77.70","73.50"
"PRKCD","5580","55963","D.rerio","prkcd","NM_214708.1","NP_999873.1","78.70","71.50"
"PRKCD","5580","55963","D.melanogaster","Pkcdelta","NM_001144719.1","NP_001138191.1","57.50","60.20"
"PRKCD","5580","55963","C.elegans","tpa-1","NM_067459.2","NP_499860.1","51.20","55.20"
"PSMA3","5684","2082","H.sapiens","PSMA3","NM_002788.2","NP_002779.1","0.00","0.00"
"PSMA3","5684","2082","P.troglodytes","PSMA3","XM_001164848.1","XP_001164848.1","100.00","99.70"
"PSMA3","5684","2082","C.lupus","PSMA3","XM_537460.2","XP_537460.2","99.20","94.60"
"PSMA3","5684","2082","B.taurus","PSMA3","NM_001034235.1","NP_001029407.1","98.80","93.90"
"PSMA3","5684","2082","M.musculus","Psma3","NM_011184.3","NP_035314.2","98.40","91.60"
"PSMA3","5684","2082","R.norvegicus","Psma3l","NM_001004094.1","NP_001004094.1","98.80","93.20"
"PSMA3","5684","2082","R.norvegicus","Psma3","NM_017280.2","NP_058976.1","98.80","93.30"
"PSMA3","5684","2082","G.gallus","PSMA3","NM_001006491.1","NP_001006491.1","96.10","85.10"
"PSMA3","5684","2082","D.melanogaster","Prosalpha7","NM_165703.2","NP_724834.1","57.80","58.60"
"PSMA3","5684","2082","A.gambiae","AgaP_AGAP001973","XM_321089.3","XP_321089.3","57.40","56.50"
"PSMA3","5684","2082","C.elegans","pas-7","NM_063776.2","NP_496177.2","49.20","56.00"
"PSMA3","5684","2082","S.pombe","pre10","NM_001023032.1","NP_588040.1","49.80","54.90"
"PSMA3","5684","2082","S.cerevisiae","PRE10","PRE10_6324938","NP_015007.1","51.80","56.00"
"PSMA3","5684","2082","E.gossypii","AGOS_ADR401C","NM_209849.1","NP_984496.1","54.90","56.10"
"PSMA3","5684","2082","M.grisea","GeneID:2683654","XM_367823.1","XP_367823.1","54.50","54.90"
"PSMA3","5684","2082","N.crassa","NCU02493","XM_959994.2","XP_965087.1","54.20","55.70"
"PSMA3","5684","2082","A.thaliana","PAG1","NM_128260.4","NP_180270.1","61.50","60.60"
"PSMA3","5684","2082","O.sativa","Os01g0811100","NM_001051123.1","NP_001044588.1","62.30","62.10"
"PSMA3","5684","2082","O.sativa","Os05g0490800","NM_001062439.1","NP_001055904.1","62.30","60.60"
"PTEN","5728","265","H.sapiens","PTEN","NM_000314.4","NP_000305.3","0.00","0.00"
"PTEN","5728","265","P.troglodytes","PTEN","XM_521544.2","XP_521544.2","100.00","99.80"
"PTEN","5728","265","C.lupus","PTEN","NM_001003192.1","NP_001003192.1","100.00","96.70"
"PTEN","5728","265","B.taurus","PTEN","XM_613125.4","XP_613125.4","99.40","97.90"
"PTEN","5728","265","M.musculus","Pten","NM_008960.2","NP_032986.1","99.80","96.20"
"PTEN","5728","265","R.norvegicus","Pten","NM_031606.1","NP_113794.1","99.50","95.50"
"PTEN","5728","265","G.gallus","PTEN","XM_421555.2","XP_421555.1","95.10","91.60"
"PTEN","5728","265","D.rerio","ptenb","NM_001001822.2","NP_001001822.1","87.00","79.20"
"PTEN","5728","265","D.melanogaster","Pten","NM_001169462.1","NP_001162933.1","49.80","54.00"
"PTEN","5728","265","A.gambiae","AgaP_AGAP009628","XM_553421.2","XP_553421.2","50.50","53.10"
"PTGS1","5742","743","H.sapiens","PTGS1","NM_000962.2","NP_000953.2","0.00","0.00"
"PTGS1","5742","743","P.troglodytes","PTGS1","XM_520238.2","XP_520238.2","98.80","99.10"
"PTGS1","5742","743","C.lupus","PTGS1","NM_001003023.1","NP_001003023.1","92.50","89.50"
"PTGS1","5742","743","B.taurus","PTGS1","XM_864482.3","XP_869575.1","91.20","88.60"
"PTGS1","5742","743","M.musculus","Ptgs1","NM_008969.3","NP_032995.1","89.80","85.60"
"PTGS1","5742","743","R.norvegicus","Ptgs1","NM_017043.1","NP_058739.1","86.90","84.10"
"PTGS1","5742","743","G.gallus","PTGS1","XM_425326.2","XP_425326.2","77.40","75.50"
"PTGS1","5742","743","D.rerio","ptgs1","NM_153656.1","NP_705942.1","68.70","66.50"
"PTGS2","5743","31000","H.sapiens","PTGS2","NM_000963.2","NP_000954.1","0.00","0.00"
"PTGS2","5743","31000","P.troglodytes","PTGS2","XM_524999.2","XP_524999.2","99.70","99.60"
"PTGS2","5743","31000","C.lupus","PTGS2","NM_001003354.1","NP_001003354.1","90.10","88.40"
"PTGS2","5743","31000","B.taurus","PTGS2","NM_174445.2","NP_776870.1","88.90","87.70"
"PTGS2","5743","31000","M.musculus","Ptgs2","NM_011198.3","NP_035328.2","86.80","84.80"
"PTGS2","5743","31000","R.norvegicus","Ptgs2","NM_017232.2","NP_058928.2","84.90","83.20"
"PTGS2","5743","31000","G.gallus","PTGS2","XM_422297.2","XP_422297.1","81.80","77.60"
"PTGS2","5743","31000","D.rerio","ptgs2b","NM_001025504.2","NP_001020675.1","75.30","70.90"
"PTPRC","5788","2126","H.sapiens","PTPRC","NM_002838.3","NP_002829.2","0.00","0.00"
"PTPRC","5788","2126","P.troglodytes","PTPRC","XM_001142088.1","XP_001142088.1","98.50","99.00"
"PTPRC","5788","2126","C.lupus","PTPRC","XM_547374.2","XP_547374.2","71.90","79.60"
"PTPRC","5788","2126","B.taurus","PTPRC","XM_599431.4","XP_599431.3","69.60","75.00"
"PTPRC","5788","2126","M.musculus","Ptprc","NM_011210.2","NP_035340.2","70.60","74.30"
"PTPRC","5788","2126","R.norvegicus","Ptprc","XM_001062978.1","XP_001062978.1","67.50","73.50"
"PTPRC","5788","2126","G.gallus","PTPRC","NM_204417.1","NP_989748.1","54.70","62.70"
"PTPRC","5788","2126","D.rerio","ptprc","XM_682470.4","XP_687562.3","55.10","61.60"
"PYCARD","29108","8307","H.sapiens","PYCARD","NM_013258.3","NP_037390.2","0.00","0.00"
"PYCARD","29108","8307","P.troglodytes","PYCARD","XM_001158687.1","XP_001158687.1","99.00","99.30"
"PYCARD","29108","8307","C.lupus","PYCARD","XM_843515.1","XP_848608.1","77.30","77.80"
"PYCARD","29108","8307","B.taurus","PYCARD","NM_174730.2","NP_777155.1","75.40","81.50"
"PYCARD","29108","8307","M.musculus","Pycard","NM_023258.3","NP_075747.2","72.00","74.10"
"PYCARD","29108","8307","R.norvegicus","Pycard","NM_172322.1","NP_758825.1","70.50","74.10"
"RAB2A","5862","20628","H.sapiens","RAB2A","NM_002865.1","NP_002856.1","0.00","0.00"
"RAB2A","5862","20628","P.troglodytes","RAB2A","XM_001158465.1","XP_001158465.1","99.50","99.80"
"RAB2A","5862","20628","C.lupus","RAB2A","NM_001003318.1","NP_001003318.1","100.00","96.20"
"RAB2A","5862","20628","B.taurus","RAB2A","NM_001075354.1","NP_001068822.1","99.50","95.60"
"RAB2A","5862","20628","M.musculus","Rab2a","NM_021518.3","NP_067493.1","98.60","92.00"
"RAB2A","5862","20628","R.norvegicus","Rab2a","NM_031718.1","NP_113906.1","98.60","92.10"
"RAB2A","5862","20628","G.gallus","RAB2A","NM_205228.1","NP_990559.1","99.50","87.40"
"RAB2A","5862","20628","D.rerio","rab2a","NM_201454.1","NP_958862.1","98.10","81.80"
"RAB2A","5862","20628","D.melanogaster","Rab2","NM_057742.3","NP_477090.1","90.10","72.00"
"RAB2A","5862","20628","A.gambiae","AgaP_AGAP005393","XM_556035.3","XP_556035.3","90.10","70.60"
"RAB2A","5862","20628","C.elegans","unc-108","NM_058832.3","NP_491233.1","88.70","73.00"
"RAB2A","5862","20628","A.thaliana","RABB1C","NM_117821.3","NP_193450.1","79.00","71.30"
"RAB2A","5862","20628","O.sativa","Os02g0586400","NM_001053802.1","NP_001047267.1","79.90","69.50"
"RAB2A","5862","20628","P.falciparum","Rab2","XM_001350670.1","XP_001350706.1","76.90","71.70"
"RAD51","5888","2155","H.sapiens","RAD51","NM_002875.4","NP_002866.2","0.00","0.00"
"RAD51","5888","2155","P.troglodytes","RAD51","XM_510313.2","XP_510313.1","100.00","99.80"
"RAD51","5888","2155","C.lupus","RAD51","NM_001003043.1","NP_001003043.1","99.10","94.20"
"RAD51","5888","2155","B.taurus","RAD51","NM_001046179.1","NP_001039644.1","99.40","93.20"
"RAD51","5888","2155","M.musculus","Rad51","NM_011234.3","NP_035364.1","98.80","91.10"
"RAD51","5888","2155","R.norvegicus","Rad51","XM_575211.2","XP_575211.1","99.40","91.40"
"RAD51","5888","2155","G.gallus","RAD51","NM_205173.1","NP_990504.1","95.60","81.50"
"RAD51","5888","2155","D.rerio","rad51","NM_213206.1","NP_998371.1","91.00","77.30"
"RAD51","5888","2155","D.melanogaster","spn-A","NM_079844.3","NP_524583.1","68.60","65.10"
"RAD51","5888","2155","C.elegans","rad-51","NM_001028294.1","NP_001023465.1","59.20","58.20"
"RAD51","5888","2155","S.pombe","rhp51","NM_001019312.1","NP_593882.1","75.10","66.30"
"RAD51","5888","2155","S.cerevisiae","RAD51","RAD51_6320942","NP_011021.1","67.80","60.20"
"RAD51","5888","2155","K.lactis","KLLA0E20241g","XM_454867.1","XP_454867.1","69.90","64.60"
"RAD51","5888","2155","E.gossypii","AGOS_ACR226W","NM_208981.1","NP_983628.1","71.50","63.70"
"RAD51","5888","2155","M.grisea","GeneID:2678143","XM_362387.2","XP_362387.2","74.10","63.60"
"RAD51","5888","2155","N.crassa","NCU02741","XM_960033.1","XP_965126.1","75.90","65.20"
"RAD51","5888","2155","A.thaliana","ATRAD51","NM_122092.2","NP_568402.1","71.30","66.00"
"RAD51","5888","2155","O.sativa","Os11g0615800","NM_001074811.1","NP_001068279.1","69.30","66.30"
"RAD51","5888","2155","O.sativa","Os12g0497300","NM_001073338.1","NP_001066806.1","70.30","66.30"
"RAD51","5888","2155","P.falciparum","Rad51","XM_001347726.1","XP_001347762.1","63.10","57.90"
"RAMP1","10267","4275","H.sapiens","RAMP1","NM_005855.2","NP_005846.1","0.00","0.00"
"RAMP1","10267","4275","P.troglodytes","RAMP1","XM_516183.2","XP_516183.2","98.00","99.10"
"RAMP1","10267","4275","B.taurus","RAMP1","NM_001083777.1","NP_001077246.1","70.20","83.00"
"RAMP1","10267","4275","M.musculus","Ramp1","NM_016894.2","NP_058590.1","70.90","79.30"
"RAMP1","10267","4275","R.norvegicus","Ramp1","NM_031645.1","NP_113833.1","71.60","79.50"
"RAMP1","10267","4275","G.gallus","RAMP1","XM_421873.2","XP_421873.2","61.70","71.90"
"RAMP1","10267","4275","D.rerio","zgc:91818","NM_001002693.1","NP_001002693.1","51.80","57.60"
"RAMP1","10267","4275","D.rerio","LOC100007315","NM_001111251.1","NP_001104721.1","51.10","57.60"
"RARRES1","5918","2166","H.sapiens","RARRES1","NM_206963.1","NP_996846.1","0.00","0.00"
"RARRES1","5918","2166","P.troglodytes","RARRES1","XM_001154736.1","XP_001154736.1","88.40","91.20"
"RARRES1","5918","2166","B.taurus","RARRES1","NM_001075430.1","NP_001068898.1","70.50","80.20"
"RARRES1","5918","2166","M.musculus","Rarres1","XM_001475793.1","XP_001475843.1","73.30","76.70"
"RARRES1","5918","2166","R.norvegicus","Rarres1","NM_001014790.1","NP_001014790.1","74.00","78.70"
"RARRES1","5918","2166","G.gallus","RARRES1","NM_204534.4","NP_989865.1","36.40","53.10"
"RASGEF1A","221002","17067","H.sapiens","RASGEF1A","NM_145313.2","NP_660356.2","0.00","0.00"
"RASGEF1A","221002","17067","C.lupus","RASGEF1A","XM_534955.2","XP_534955.2","94.40","90.80"
"RASGEF1A","221002","17067","B.taurus","RASGEF1A","NM_001015601.1","NP_001015601.1","96.10","91.30"
"RASGEF1A","221002","17067","M.musculus","Rasgef1a","XM_986257.1","XP_991351.1","94.00","89.10"
"RASGEF1A","221002","17067","R.norvegicus","Rasgef1a","XM_232315.4","XP_232315.4","93.30","88.80"
"RASSF1","11186","10499","H.sapiens","RASSF1","NM_170714.1","NP_733832.1","0.00","0.00"
"RASSF1","11186","10499","P.troglodytes","RASSF1","XM_001168270.1","XP_001168270.1","99.70","99.60"
"RASSF1","11186","10499","C.lupus","RASSF1","XM_845162.1","XP_850255.1","93.50","89.20"
"RASSF1","11186","10499","R.norvegicus","Rassf1","NM_001037555.1","NP_001032644.1","90.30","85.30"
"RASSF1","11186","10499","G.gallus","RASSF1","XM_422923.1","XP_422923.1","72.30","70.80"
"RASSF1","11186","10499","D.rerio","rassf1","NM_001004550.1","NP_001004550.1","57.10","61.80"
"RASSF1","11186","10499","C.elegans","T24F1.3","NM_001027190.3","NP_001022361.1","42.10","49.90"
"RASSF2","9770","22840","H.sapiens","RASSF2","NM_014737.2","NP_055552.1","0.00","0.00"
"RASSF2","9770","22840","P.troglodytes","RASSF2","XM_514496.2","XP_514496.2","99.70","99.30"
"RASSF2","9770","22840","C.lupus","RASSF2","XM_542904.2","XP_542904.2","95.70","91.00"
"RASSF2","9770","22840","M.musculus","Rassf2","NM_175445.3","NP_780654.1","92.60","87.30"
"RASSF2","9770","22840","R.norvegicus","Rassf2","NM_001037096.1","NP_001032173.1","93.30","87.60"
"RASSF2","9770","22840","G.gallus","RASSF2","NM_001030884.1","NP_001026055.1","82.70","78.20"
"RASSF2","9770","22840","D.rerio","rassf2","NM_001004676.1","NP_001004676.1","67.40","66.00"
"RASSF6","166824","37125","H.sapiens","RASSF6","NM_201431.1","NP_958834.1","0.00","0.00"
"RASSF6","166824","37125","P.troglodytes","RASSF6","XM_526588.2","XP_526588.2","99.70","99.90"
"RASSF6","166824","37125","C.lupus","RASSF6","XM_539314.2","XP_539314.2","79.60","86.10"
"RASSF6","166824","37125","B.taurus","RASSF6","XM_598333.4","XP_598333.4","82.80","86.80"
"RASSF6","166824","37125","M.musculus","Rassf6","NM_028478.2","NP_082754.2","78.00","81.20"
"RASSF6","166824","37125","R.norvegicus","Rassf6","NM_001025671.1","NP_001020842.1","76.20","80.20"
"RASSF6","166824","37125","G.gallus","RASSF6","XM_420607.2","XP_420607.2","59.30","66.40"
"RASSF6","166824","37125","D.rerio","rassf6","NM_001045339.1","NP_001038804.1","50.00","59.10"
"RBP1","5947","2175","H.sapiens","RBP1","NM_002899.3","NP_002890.2","0.00","0.00"
"RBP1","5947","2175","P.troglodytes","RBP1","XM_001158395.1","XP_001158395.1","98.50","99.30"
"RBP1","5947","2175","C.lupus","RBP1","XM_534285.2","XP_534285.2","95.60","93.00"
"RBP1","5947","2175","B.taurus","RBP1","NM_001025343.1","NP_001020514.1","97.80","93.30"
"RBP1","5947","2175","M.musculus","Rbp1","NM_011254.5","NP_035384.1","97.00","90.50"
"RBP1","5947","2175","R.norvegicus","Rbp1","NM_012733.4","NP_036865.1","97.00","90.30"
"RBP1","5947","2175","G.gallus","RBP1","XM_422635.2","XP_422635.1","85.20","74.60"
"RBP1","5947","2175","D.rerio","si:ch211-119o8.7","NM_001114899.1","NP_001108371.1","75.80","71.20"
"RBP7","116362","32521","H.sapiens","RBP7","NM_052960.2","NP_443192.1","0.00","0.00"
"RBP7","116362","32521","P.troglodytes","RBP7","XM_001161299.1","XP_001161299.1","100.00","99.80"
"RBP7","116362","32521","C.lupus","RBP7","XM_536740.2","XP_536740.1","92.80","91.00"
"RBP7","116362","32521","B.taurus","RBP7","XM_866271.3","XP_871364.3","90.80","91.40"
"RBP7","116362","32521","M.musculus","Rbp7","NM_022020.2","NP_071303.1","89.60","87.10"
"RBP7","116362","32521","R.norvegicus","Rbp7","XM_575960.2","XP_575960.1","88.10","85.60"
"RBP7","116362","32521","G.gallus","RBP7","XM_417606.2","XP_417606.2","78.00","77.70"
"RBP7","116362","32521","D.rerio","zgc:194658","NM_001128750.1","NP_001122222.1","67.90","69.90"
"RHOC","389","90945","H.sapiens","RHOC","NM_001042678.1","NP_001036143.1","0.00","0.00"
"RHOC","389","90945","C.lupus","RHOC","XM_540336.2","XP_540336.2","100.00","93.10"
"RHOC","389","90945","B.taurus","RHOC","NM_001046138.1","NP_001039603.1","100.00","93.40"
"RHOC","389","90945","M.musculus","Rhoc","NM_007484.1","NP_031510.1","99.50","91.90"
"RHOC","389","90945","R.norvegicus","Rhoc","XM_215659.4","XP_215659.1","99.50","92.40"
"RHOC","389","90945","G.gallus","RHOC","NM_001029849.1","NP_001025020.1","96.90","85.10"
"RHOC","389","90945","D.melanogaster","Rho1","NM_206129.1","NP_995851.1","86.70","72.20"
"RHOC","389","90945","A.gambiae","AgaP_AGAP005160","XM_001688458.1","XP_001688510.1","87.50","72.60"
"RHOC","389","90945","C.elegans","rho-1","NM_070558.5","NP_502959.1","84.90","70.50"
"RHOC","389","90945","E.gossypii","AGOS_ABR182W","NM_208483.1","NP_983130.1","64.70","62.80"
"RNF213","57674","45439","H.sapiens","RNF213","NM_020914.4","NP_065965.4","0.00","0.00"
"RNF213","57674","45439","P.troglodytes","RNF213","XM_511726.2","XP_511726.2","98.10","98.90"
"RNF213","57674","45439","B.taurus","RNF213","XM_590465.4","XP_590465.4","71.00","77.70"
"RNF213","57674","45439","M.musculus","Rnf213","XM_001477846.1","XP_001477896.1","51.50","64.80"
"RNF213","57674","45439","R.norvegicus","Rnf213","XM_221191.4","XP_221191.4","65.70","72.00"
"RNF213","57674","45439","G.gallus","RNF213","XM_420083.2","XP_420083.2","57.20","63.00"
"RNF213","57674","45439","D.rerio","rnf213","XM_001920995.2","XP_001921030.2","52.10","57.50"
"RORB","6096","38250","H.sapiens","RORB","NM_006914.3","NP_008845.2","0.00","0.00"
"RORB","6096","38250","P.troglodytes","RORB","XM_528326.2","XP_528326.2","100.00","99.70"
"RORB","6096","38250","C.lupus","RORB","XM_541280.2","XP_541280.2","97.40","93.80"
"RORB","6096","38250","B.taurus","RORB","XM_606804.4","XP_606804.4","98.90","95.10"
"RORB","6096","38250","M.musculus","Rorb","NM_146095.3","NP_666207.3","98.20","92.90"
"RORB","6096","38250","R.norvegicus","Rorb","XM_219749.4","XP_219749.3","98.30","94.00"
"RORB","6096","38250","G.gallus","RORB","NM_205093.1","NP_990424.1","96.90","88.50"
"RORB","6096","38250","D.rerio","rorb","NM_001082856.1","NP_001076325.1","85.70","75.10"
"RORB","6096","38250","D.melanogaster","Hr46","NM_176121.1","NP_788301.1","42.10","49.80"
"RORB","6096","38250","A.gambiae","AgaP_AGAP009002","XM_319750.4","XP_319750.4","46.90","52.20"
"RORB","6096","38250","C.elegans","nhr-23","NM_001037882.2","NP_001032971.1","37.10","45.70"
"RP54X","6191","90857","H.sapiens","RPS4X","NM_001007.4","NP_000998.1","0.00","0.00"
"RP54X","6191","90857","P.troglodytes","RPS4X","XM_001138805.1","XP_001138805.1","100.00","99.90"
"RP54X","6191","90857","C.lupus","RPS4X","XM_537399.2","XP_537399.1","99.20","92.00"
"RP54X","6191","90857","B.taurus","RPS4X","NM_001035445.1","NP_001030522.1","100.00","90.20"
"RP54X","6191","90857","M.musculus","Rps4x","NM_009094.1","NP_033120.1","100.00","91.00"
"RP54X","6191","90857","R.norvegicus","Rps4x","NM_001007600.1","NP_001007601.1","100.00","91.10"
"RP54X","6191","90857","G.gallus","RPS4X","NM_205108.1","NP_990439.1","98.50","83.90"
"RP54X","6191","90857","D.rerio","rps4x","NM_001005589.1","NP_001005589.1","93.50","83.30"
"RP54X","6191","90857","D.melanogaster","RpS4","NM_079329.2","NP_524053.2","76.10","69.20"
"RP54X","6191","90857","A.gambiae","AgaP_AGAP006871","XM_308886.4","XP_308886.4","71.40","65.60"
"RP54X","6191","90857","C.elegans","rps-4","NM_068702.3","NP_501103.1","65.00","62.00"
"RP54X","6191","90857","S.pombe","rps403","NM_001019599.1","NP_594174.1","71.80","65.30"
"RP54X","6191","90857","S.pombe","rps401","NM_001022270.1","NP_596350.1","71.40","66.90"
"RP54X","6191","90857","S.pombe","rps402","NM_001021572.1","NP_595677.1","72.20","65.10"
"RP54X","6191","90857","S.cerevisiae","RPS4B","RPS4B_6321997","NP_012073.1","73.20","65.10"
"RP54X","6191","90857","S.cerevisiae","RPS4A","RPS4A_6322605","NP_012679.1","73.20","65.90"
"RP54X","6191","90857","K.lactis","KLLA0B03652g","XM_451697.1","XP_451697.1","73.20","65.90"
"RP54X","6191","90857","E.gossypii","AGOS_ADL391C","NM_209058.1","NP_983705.1","74.30","67.20"
"RP54X","6191","90857","M.grisea","GeneID:2682729","XM_366671.2","XP_366671.2","73.80","66.50"
"RP54X","6191","90857","N.crassa","NCU02181","XM_959158.2","XP_964251.2","75.00","68.90"
"RP54X","6191","90857","A.thaliana","AT5G07090","NM_120791.3","NP_568179.1","70.10","63.50"
"RP54X","6191","90857","A.thaliana","AT5G58420","NM_125228.3","NP_200650.1","69.80","64.50"
"RP54X","6191","90857","A.thaliana","AT2G17360","NM_127291.3","NP_565414.1","69.80","64.00"
"RP54X","6191","90857","O.sativa","Os01g0358400","NM_001049550.1","NP_001043015.1","71.00","64.50"
"RP54X","6191","90857","O.sativa","Os02g0105900","NM_001052159.1","NP_001045624.1","70.60","65.10"
"RP54X","6191","90857","O.sativa","Os05g0368300","NM_001061877.1","NP_001055342.1","70.80","64.20"
"RP54X","6191","90857","P.falciparum","PF11_0065","XM_001347705.1","XP_001347741.1","59.40","59.10"
"RPS6KB1","6198","81703","H.sapiens","RPS6KB1","NM_003161.2","NP_003152.1","0.00","0.00"
"RPS6KB1","6198","81703","P.troglodytes","RPS6KB1","XM_001139182.1","XP_001139182.1","100.00","99.90"
"RPS6KB1","6198","81703","C.lupus","RPS6KB1","XM_537702.2","XP_537702.1","99.80","97.30"
"RPS6KB1","6198","81703","B.taurus","RPS6KB1","NM_205816.1","NP_991385.1","99.80","96.40"
"RPS6KB1","6198","81703","R.norvegicus","Rps6kb1","NM_031985.1","NP_114191.1","99.40","95.90"
"RPS6KB1","6198","81703","G.gallus","RPS6KB1","NM_001030721.1","NP_001025892.1","97.20","88.60"
"RPS6KB1","6198","81703","D.rerio","rps6kb1","NM_213076.1","NP_998241.1","85.70","74.40"
"RPS6KB1","6198","81703","D.melanogaster","S6k","NM_079217.2","NP_523941.2","73.20","65.90"
"RPS6KB1","6198","81703","A.gambiae","AgaP_AGAP007333","XM_308496.4","XP_308496.4","67.10","61.90"
"RPS6KB1","6198","81703","C.elegans","rsks-1","NM_067046.2","NP_499447.1","63.10","61.10"
"RPS6KB2","6199","68374","H.sapiens","RPS6KB2","NM_003952.2","NP_003943.2","0.00","0.00"
"RPS6KB2","6199","68374","P.troglodytes","RPS6KB2","XM_001172909.1","XP_001172909.1","99.20","99.60"
"RPS6KB2","6199","68374","C.lupus","RPS6KB2","XM_846878.1","XP_851971.1","95.40","91.50"
"RPS6KB2","6199","68374","B.taurus","RPS6KB2","XM_582478.4","XP_582478.4","95.20","90.40"
"RPS6KB2","6199","68374","M.musculus","Rps6kb2","NM_021485.2","NP_067460.1","93.20","88.50"
"RPS6KB2","6199","68374","S.pombe","psk1","NM_001022823.1","NP_587830.1","50.50","50.80"
"RPS6KB2","6199","68374","M.grisea","GeneID:2679644","XM_363334.1","XP_363334.1","46.30","56.20"
"RPS6KB2","6199","68374","N.crassa","NCU03197","XM_960204.1","XP_965297.1","45.00","53.20"
"RUNX1","861","1331","H.sapiens","RUNX1","NM_001754.4","NP_001745.2","0.00","0.00"
"RUNX1","861","1331","P.troglodytes","RUNX1","XM_001168376.1","XP_001168376.1","100.00","99.90"
"RUNX1","861","1331","C.lupus","RUNX1","XM_544871.2","XP_544871.2","98.00","93.40"
"RUNX1","861","1331","B.taurus","RUNX1","XM_865771.2","XP_870864.1","98.10","93.50"
"RUNX1","861","1331","R.norvegicus","Runx1","NM_017325.1","NP_059021.1","96.00","90.50"
"RUNX1","861","1331","D.rerio","runx1","NM_131603.2","NP_571678.1","79.60","75.90"
"RUNX1T1","862","3801","H.sapiens","RUNX1T1","NM_175634.1","NP_783552.1","0.00","0.00"
"RUNX1T1","862","3801","P.troglodytes","RUNX1T1","XM_528188.2","XP_528188.2","98.50","98.10"
"RUNX1T1","862","3801","C.lupus","RUNX1T1","XM_845321.1","XP_850414.1","99.20","93.10"
"RUNX1T1","862","3801","M.musculus","Runx1t1","NM_009822.1","NP_033952.1","99.30","91.90"
"RUNX1T1","862","3801","R.norvegicus","Runx1t1","XM_342808.3","XP_342809.3","98.50","91.90"
"RUNX1T1","862","3801","G.gallus","RUNX1T1","NM_204744.1","NP_990075.1","96.90","89.70"
"RUNX1T1","862","3801","D.rerio","runx1t1","NM_001076776.3","NP_001070244.2","91.50","78.50"
"RUVBL1","8607","37839","H.sapiens","RUVBL1","NM_003707.2","NP_003698.1","0.00","0.00"
"RUVBL1","8607","37839","C.lupus","RUVBL1","XM_533718.2","XP_533718.2","100.00","94.00"
"RUVBL1","8607","37839","B.taurus","RUVBL1","NM_001101076.1","NP_001094546.1","99.10","89.60"
"RUVBL1","8607","37839","M.musculus","Ruvbl1","NM_019685.2","NP_062659.1","99.80","89.40"
"RUVBL1","8607","37839","R.norvegicus","Ruvbl1","NM_147177.1","NP_671706.1","99.80","90.30"
"RUVBL1","8607","37839","G.gallus","RUVBL1","NM_001006138.1","NP_001006138.1","96.30","83.20"
"RUVBL1","8607","37839","D.rerio","ruvbl1","NM_173835.3","NP_776196.2","91.90","76.80"
"RUVBL1","8607","37839","D.melanogaster","pont","NM_144351.3","NP_652608.1","79.60","70.10"
"RUVBL1","8607","37839","C.elegans","ruvb-1","NM_073166.3","NP_505567.1","63.40","60.00"
"RUVBL1","8607","37839","S.pombe","rvb1","NM_001020211.1","NP_594783.1","71.40","64.90"
"RUVBL1","8607","37839","S.cerevisiae","RVB1","RVB1_6320396","NP_010476.1","70.70","62.20"
"RUVBL1","8607","37839","K.lactis","KLLA0D18502g","XM_453880.1","XP_453880.1","70.40","63.30"
"RUVBL1","8607","37839","E.gossypii","AGOS_AGL119C","NM_211610.1","NP_986548.1","69.80","64.10"
"RUVBL1","8607","37839","M.grisea","GeneID:2677341","XM_361484.2","XP_361484.2","70.10","65.70"
"RUVBL1","8607","37839","N.crassa","NCU03482","XM_950676.1","XP_955769.1","69.20","65.60"
"RUVBL1","8607","37839","A.thaliana","RIN1","NM_122138.2","NP_197625.1","73.10","67.40"
"RUVBL1","8607","37839","O.sativa","Os01g0837500","NM_001051273.1","NP_001044738.1","73.30","67.00"
"S100A2","6273","48389","H.sapiens","S100A2","NM_005978.3","NP_005969.1","0.00","0.00"
"S100A2","6273","48389","P.troglodytes","S100A2","XM_513816.2","XP_513816.1","99.00","98.60"
"S100A2","6273","48389","C.lupus","S100A2","XM_850065.1","XP_855158.1","85.60","88.00"
"S100A2","6273","48389","B.taurus","S100A2","NM_001034367.1","NP_001029539.1","90.60","91.00"
"S100A2","6273","48389","D.rerio","s100t","NM_001013495.1","NP_001013513.1","45.70","58.70"
"S100A2","6273","48389","D.rerio","s100s","XM_001344539.2","XP_001344575.2","46.30","58.50"
"S100A4","6275","7924","H.sapiens","S100A4","NM_002961.2","NP_002952.1","0.00","0.00"
"S100A4","6275","7924","P.troglodytes","S100A4","XM_001138744.1","XP_001138744.1","100.00","99.70"
"S100A4","6275","7924","C.lupus","S100A4","NM_001003161.1","NP_001003161.1","95.00","90.80"
"S100A4","6275","7924","B.taurus","S100A4","NM_174595.2","NP_777020.1","96.00","91.40"
"S100A4","6275","7924","M.musculus","S100a4","NM_011311.1","NP_035441.1","93.10","89.10"
"S100A4","6275","7924","R.norvegicus","S100a4","NM_012618.1","NP_036750.1","91.10","88.80"
"S100A4","6275","7924","D.rerio","icn","NM_212761.2","NP_997926.1","57.50","60.90"
"S100A4","6275","7924","D.rerio","icn2","NM_001082957.1","NP_001076426.1","54.70","62.40"
"SAA1","6288","81819","H.sapiens","SAA1","NM_000331.4","NP_000322.2","0.00","0.00"
"SAA1","6288","81819","C.lupus","SAA1","XM_534081.2","XP_534081.1","81.10","83.10"
"SAA1","6288","81819","C.lupus","SAA1","XM_537868.2","XP_537868.2","80.30","82.50"
"SAA1","6288","81819","B.taurus","LOC618238","XM_870567.3","XP_875660.1","82.60","83.70"
"SAA1","6288","81819","B.taurus","SAA1","NM_001075260.1","NP_001068728.1","75.40","77.30"
"SAA1","6288","81819","B.taurus","LOC616035","XM_867996.3","XP_873089.3","83.50","84.00"
"SAA1","6288","81819","B.taurus","SAA3","NM_181016.3","NP_851359.2","74.60","77.30"
"SAA1","6288","81819","M.musculus","Saa3","NM_011315.3","NP_035445.1","71.30","76.80"
"SAA1","6288","81819","D.rerio","zgc:103580","NM_001005599.1","NP_001005599.1","57.90","61.70"
"SAA2","6289","117956","H.sapiens","SAA2","NM_030754.3","NP_110381.2","0.00","0.00"
"SAA2","6289","117956","M.musculus","Saa1","NM_009117.3","NP_033143.1","69.70","75.10"
"SAA2","6289","117956","M.musculus","Saa2","NM_011314.1","NP_035444.1","69.70","74.90"
"SAT1","6303","37716","H.sapiens","SAT1","NM_002970.2","NP_002961.1","0.00","0.00"
"SAT1","6303","37716","P.troglodytes","SAT1","XM_520976.2","XP_520976.2","100.00","100.00"
"SAT1","6303","37716","C.lupus","SAT1","XM_537982.2","XP_537982.2","97.90","93.80"
"SAT1","6303","37716","B.taurus","SAT1","NM_001034333.1","NP_001029505.1","97.10","92.20"
"SAT1","6303","37716","M.musculus","Sat1","NM_009121.3","NP_033147.1","96.50","91.40"
"SAT1","6303","37716","R.norvegicus","Sat1","NM_001007667.1","NP_001007668.1","96.50","92.00"
"SAT1","6303","37716","G.gallus","SAT1","NM_204186.1","NP_989517.1","87.10","78.00"
"SAT1","6303","37716","D.rerio","zgc:91957","NM_001002169.1","NP_001002169.1","74.90","70.80"
"SAT1","6303","37716","D.rerio","zgc:114142","NM_001030199.1","NP_001025370.1","78.40","70.20"
"SAT1","6303","37716","D.rerio","sat1","NM_001093748.2","NP_001087217.1","72.90","69.20"
"SCARA5","286133","12556","H.sapiens","SCARA5","NM_173833.4","NP_776194.2","0.00","0.00"
"SCARA5","286133","12556","P.troglodytes","SCARA5","XM_519680.2","XP_519680.2","100.00","99.20"
"SCARA5","286133","12556","C.lupus","SCARA5","XM_543223.2","XP_543223.2","93.10","92.00"
"SCARA5","286133","12556","B.taurus","SCARA5","NM_001102499.1","NP_001095969.1","88.90","88.90"
"SCARA5","286133","12556","M.musculus","Scara5","NM_028903.1","NP_083179.1","88.90","85.50"
"SCARA5","286133","12556","R.norvegicus","Scara5","XM_224299.4","XP_224299.4","87.70","83.90"
"SCARA5","286133","12556","G.gallus","SCARA5","XM_001234365.1","XP_001234366.1","66.70","71.50"
"SCARA5","286133","12556","D.rerio","si:ch211-200p13.4","NM_001030190.1","NP_001025361.1","51.10","57.50"
"SCGB2A2","4250","105651","H.sapiens","SCGB2A2","NM_002411.2","NP_002402.1","0.00","0.00"
"SCGB2A2","4250","105651","B.taurus","SCGB2A2","NM_001101297.1","NP_001094767.1","53.30","67.80"
"SDC1","6382","2252","H.sapiens","SDC1","NM_001006946.1","NP_001006947.1","0.00","0.00"
"SDC1","6382","2252","P.troglodytes","SDC1","XM_001140545.1","XP_001140545.1","98.40","98.40"
"SDC1","6382","2252","C.lupus","SDC1","XM_540099.2","XP_540099.2","80.60","83.30"
"SDC1","6382","2252","B.taurus","SDC1","NM_001075924.1","NP_001069392.1","74.70","81.00"
"SDC1","6382","2252","M.musculus","Sdc1","NM_011519.2","NP_035649.1","77.00","80.20"
"SDC1","6382","2252","R.norvegicus","Sdc1","NM_013026.2","NP_037158.1","77.70","80.80"
"SDC1","6382","2252","G.gallus","SDC1","XM_419972.2","XP_419972.2","46.50","50.30"
"SELP","6403","2260","H.sapiens","SELP","NM_003005.3","NP_002996.2","0.00","0.00"
"SELP","6403","2260","P.troglodytes","SELP","XM_001137240.1","XP_001137240.1","98.10","98.80"
"SELP","6403","2260","C.lupus","SELP","XM_537202.2","XP_537202.2","70.80","78.30"
"SELP","6403","2260","M.musculus","Selp","NM_011347.1","NP_035477.1","69.00","75.20"
"SELP","6403","2260","R.norvegicus","Selp","NM_013114.1","NP_037246.1","69.60","74.40"
"SELP","6403","2260","G.gallus","SELP","XM_422207.2","XP_422207.2","45.80","54.40"
"SELP","6403","2260","D.rerio","LOC796481","XM_001336788.2","XP_001336824.2","42.80","51.00"
"SERPINA3","12","111129","H.sapiens","SERPINA3","NM_001085.4","NP_001076.2","0.00","0.00"
"SERPINA3","12","111129","P.troglodytes","SERPINA3","XM_510145.2","XP_510145.2","97.40","98.50"
"SERPINA3","12","111129","C.lupus","SERPINA3","XM_537546.2","XP_537546.2","65.00","74.40"
"SERPINA3","12","111129","B.taurus","SERPINA3-7","NM_001012283.2","NP_001012283.2","60.80","71.70"
"SERPINA3","12","111129","B.taurus","SERPINA3-1","NM_174768.2","NP_777193.2","67.00","75.80"
"SERPINA3","12","111129","B.taurus","SERPINA3","NM_001081744.1","NP_001075213.1","65.10","75.10"
"SERPINA3","12","111129","B.taurus","SERPINA3-3","NM_001038204.1","NP_001033293.1","67.30","74.90"
"SERPINA3","12","111129","B.taurus","SERPINA3-8","NM_001081712.1","NP_001075181.1","63.80","74.60"
"SERPINA3","12","111129","B.taurus","LOC784932","XM_001252646.2","XP_001252647.2","65.50","74.60"
"SERPINA3","12","111129","B.taurus","LOC100138846","XM_001787264.1","XP_001787316.1","64.70","75.10"
"SERPINA3","12","111129","B.taurus","LOC784964","XM_001252711.1","XP_001252712.1","63.90","73.80"
"SERPINA3","12","111129","B.taurus","LOC786621","XM_001254253.1","XP_001254254.1","65.50","74.70"
"SERPINA3","12","111129","M.musculus","Serpina3n","NM_009252.2","NP_033278.2","62.30","70.50"
"SERPINA3","12","111129","R.norvegicus","Serpina3n","NM_031531.1","NP_113719.1","62.00","70.40"
"SERPINB2","5055","20571","H.sapiens","SERPINB2","NM_002575.2","NP_002566.1","0.00","0.00"
"SERPINB2","5055","20571","P.troglodytes","SERPINB2","XM_001148522.1","XP_001148522.1","98.10","98.70"
"SERPINB2","5055","20571","C.lupus","SERPINB2","XM_846892.1","XP_851985.1","78.30","83.60"
"SERPINB2","5055","20571","B.taurus","SERPINB2","XM_582291.4","XP_582291.2","77.10","82.20"
"SERPINB2","5055","20571","B.taurus","SERPINB2","XM_581432.3","XP_581432.2","79.30","83.80"
"SERPINB2","5055","20571","M.musculus","Serpinb2","NM_011111.3","NP_035241.1","75.90","80.30"
"SERPINB2","5055","20571","R.norvegicus","Serpinb2","NM_021696.1","NP_067728.1","72.80","78.00"
"SERPINB2","5055","20571","G.gallus","SERPINB2","XM_418982.2","XP_418982.1","51.10","58.50"
"SESN3","143686","14386","H.sapiens","SESN3","NM_144665.2","NP_653266.2","0.00","0.00"
"SESN3","143686","14386","C.lupus","SESN3","XM_542236.1","XP_542236.1","98.40","94.90"
"SESN3","143686","14386","B.taurus","SESN3","XM_594021.4","XP_594021.4","98.90","94.10"
"SESN3","143686","14386","M.musculus","Sesn3","NM_030261.4","NP_084537.2","93.90","88.50"
"SESN3","143686","14386","R.norvegicus","Sesn3","XM_235825.4","XP_235825.3","94.50","87.50"
"SESN3","143686","14386","G.gallus","SESN3","XM_425647.2","XP_425647.2","92.40","84.40"
"SESN3","143686","14386","D.rerio","sesn3","NM_213519.1","NP_998684.1","69.10","67.10"
"SESN3","143686","14386","D.melanogaster","CG11299","NM_001103967.1","NP_001097437.1","51.10","54.70"
"SESN3","143686","14386","A.gambiae","AgaP_AGAP007169","XM_001687976.1","XP_001688028.1","53.20","52.80"
"SESN3","143686","14386","C.elegans","sesn-1","NM_058263.3","NP_490664.2","31.40","45.70"
"SFN","2810","4475","H.sapiens","SFN","NM_006142.3","NP_006133.1","0.00","0.00"
"SFN","2810","4475","P.troglodytes","SFN","XM_001145451.1","XP_001145451.1","100.00","99.70"
"SFN","2810","4475","C.lupus","SFN","XM_544477.2","XP_544477.2","98.00","94.10"
"SFN","2810","4475","B.taurus","SFN","NM_001075912.1","NP_001069380.1","97.60","92.30"
"SFN","2810","4475","M.musculus","Sfn","NM_018754.2","NP_061224.2","97.60","90.30"
"SFN","2810","4475","R.norvegicus","Sfn","XM_232745.4","XP_232745.4","97.60","90.60"
"SFRS3","6428","55708","H.sapiens","SRSF3","NM_003017.4","NP_003008.1","0.00","0.00"
"SFRS3","6428","55708","P.troglodytes","SRSF3","XM_001173216.1","XP_001173216.1","100.00","99.60"
"SFRS3","6428","55708","C.lupus","SRSF3","XM_532124.2","XP_532124.2","100.00","94.70"
"SFRS3","6428","55708","B.taurus","SRSF3","NM_001034700.1","NP_001029872.1","100.00","94.90"
"SFRS3","6428","55708","M.musculus","Srsf3","NM_013663.4","NP_038691.1","100.00","91.90"
"SFRS3","6428","55708","R.norvegicus","Sfrs3","XM_342107.3","XP_342108.2","100.00","93.50"
"SFRS3","6428","55708","G.gallus","SRSF3","XM_001233166.1","XP_001233167.1","100.00","83.40"
"SFRS3","6428","55708","D.rerio","sfrs3a","NM_001002053.1","NP_001002053.1","91.80","74.50"
"SFRS3","6428","55708","D.melanogaster","Rbp1-like","NM_132652.2","NP_572880.2","67.20","56.30"
"SFRS3","6428","55708","D.melanogaster","Rbp1","NM_079583.1","NP_524307.1","63.60","54.00"
"SFRS3","6428","55708","A.gambiae","AgaP_AGAP007325","XM_308500.4","XP_308500.3","70.50","54.10"
"SHBG","6462","813","H.sapiens","SHBG","NM_001040.3","NP_001031.2","0.00","0.00"
"SHBG","6462","813","P.troglodytes","SHBG","XM_511958.2","XP_511958.2","99.30","99.40"
"SHBG","6462","813","C.lupus","SHBG","XM_536625.2","XP_536625.1","76.40","81.50"
"SHBG","6462","813","B.taurus","SHBG","XM_584958.4","XP_584958.4","75.10","82.20"
"SHBG","6462","813","M.musculus","Shbg","NM_011367.1","NP_035497.1","66.70","76.20"
"SHBG","6462","813","R.norvegicus","Shbg","NM_012650.1","NP_036782.1","68.40","77.00"
"SHBG","6462","813","D.rerio","shbg","NM_001007151.3","NP_001007152.1","32.80","43.60"
"SHD","56961","7537","H.sapiens","SHD","NM_020209.3","NP_064594.3","0.00","0.00"
"SHD","56961","7537","P.troglodytes","SHD","XM_512284.2","XP_512284.1","99.40","99.40"
"SHD","56961","7537","B.taurus","SHD","XM_001790598.1","XP_001790650.1","90.00","87.20"
"SHD","56961","7537","M.musculus","Shd","NM_009168.1","NP_033194.1","81.10","80.50"
"SHD","56961","7537","R.norvegicus","Shd","XM_237255.3","XP_237255.3","78.00","79.20"
"SHD","56961","7537","D.rerio","shdb","NM_001045077.2","NP_001038542.1","64.80","64.10"
"SHD","56961","7537","D.rerio","LOC100331572","XM_002666256.1","XP_002666302.1","61.80","63.30"
"SIN3B","23309","81810","H.sapiens","SIN3B","NM_015260.1","NP_056075.1","0.00","0.00"
"SIN3B","23309","81810","P.troglodytes","SIN3B","XM_512485.2","XP_512485.2","99.70","99.30"
"SIN3B","23309","81810","C.lupus","SIN3B","XM_847635.1","XP_852728.1","96.00","90.60"
"SIN3B","23309","81810","M.musculus","Sin3b","NM_009188.2","NP_033214.1","92.70","85.50"
"SIN3B","23309","81810","G.gallus","SIN3B","XM_418257.2","XP_418257.2","86.80","76.80"
"SIN3B","23309","81810","D.rerio","sin3b","NM_001044945.1","NP_001038410.1","70.30","68.50"
"SKP2","6502","55942","H.sapiens","SKP2","NM_005983.2","NP_005974.2","0.00","0.00"
"SKP2","6502","55942","P.troglodytes","SKP2","XM_526948.2","XP_526948.2","100.00","99.80"
"SKP2","6502","55942","C.lupus","SKP2","XM_546346.2","XP_546346.2","92.70","90.80"
"SKP2","6502","55942","B.taurus","SKP2","NM_001102052.1","NP_001095522.1","90.60","89.20"
"SKP2","6502","55942","M.musculus","Skp2","NM_013787.2","NP_038815.1","86.30","84.80"
"SKP2","6502","55942","R.norvegicus","Skp2","XM_226817.4","XP_226817.4","88.20","85.20"
"SKP2","6502","55942","G.gallus","SKP2","NM_001007982.1","NP_001007983.1","68.20","66.10"
"SKP2","6502","55942","D.rerio","skp2","NM_001082837.2","NP_001076306.1","48.20","55.60"
"SKP2","6502","55942","D.melanogaster","CG9772","NM_001043194.1","NP_001036659.1","34.90","44.40"
"SKP2","6502","55942","A.gambiae","AgaP_AGAP005297","XM_309088.3","XP_309088.3","34.40","44.40"
"SKP2","6502","55942","C.elegans","skpt-1","NM_171865.4","NP_741137.1","30.70","42.20"
"SLC18A2","6751","820","H.sapiens","SSTR1","NM_001049.2","NP_001040.1","0.00","0.00"
"SLC18A2","6751","820","P.troglodytes","SSTR1","XM_522831.2","XP_522831.1","100.00","99.60"
"SLC18A2","6751","820","C.lupus","SSTR1","XM_537417.2","XP_537417.1","100.00","93.20"
"SLC18A2","6751","820","B.taurus","SSTR1","NM_001030321.1","NP_001025492.1","100.00","93.50"
"SLC18A2","6751","820","M.musculus","Sstr1","NM_009216.3","NP_033242.1","98.70","89.30"
"SLC18A2","6751","820","R.norvegicus","Sstr1","NM_012719.1","NP_036851.1","97.40","89.70"
"SLC18A2","6751","820","G.gallus","SSTR1","XM_001234904.1","XP_001234905.1","86.10","81.40"
"SLC18A2","6751","820","D.rerio","sstr1","XM_691574.4","XP_696666.1","82.10","74.60"
"SLC24A3","57419","41390","H.sapiens","SLC24A3","NM_020689.3","NP_065740.2","0.00","0.00"
"SLC24A3","57419","41390","C.lupus","SLC24A3","XM_844492.1","XP_849585.1","98.60","91.30"
"SLC24A3","57419","41390","B.taurus","SLC24A3","XM_868421.3","XP_873514.3","92.50","89.00"
"SLC24A3","57419","41390","M.musculus","Slc24a3","NM_053195.2","NP_444425.1","97.50","89.70"
"SLC24A3","57419","41390","R.norvegicus","Slc24a3","XM_342533.3","XP_342534.3","96.80","89.60"
"SLC24A3","57419","41390","G.gallus","SLC24A3","XM_419316.2","XP_419316.2","90.20","80.00"
"SLC24A3","57419","41390","D.rerio","slc24a3","XM_680210.3","XP_685302.3","75.90","71.40"
"SLC24A3","57419","41390","D.melanogaster","CG2893","NM_001015260.2","NP_001015260.3","43.40","52.20"
"SLC24A3","57419","41390","A.gambiae","AgaP_AGAP010975","XM_001688192.1","XP_001688244.1","43.90","51.80"
"SLC26A2","1836","73876","H.sapiens","SLC26A2","NM_000112.3","NP_000103.2","0.00","0.00"
"SLC26A2","1836","73876","P.troglodytes","SLC26A2","XM_001164642.1","XP_001164642.1","99.30","99.70"
"SLC26A2","1836","73876","C.lupus","SLC26A2","XM_850014.1","XP_855107.1","87.30","89.60"
"SLC26A2","1836","73876","B.taurus","SLC26A2","NM_001040525.1","NP_001035615.1","82.90","87.20"
"SLC26A2","1836","73876","M.musculus","Slc26a2","NM_007885.2","NP_031911.1","80.90","83.40"
"SLC26A2","1836","73876","R.norvegicus","Slc26a2","NM_057127.1","NP_476468.1","81.10","83.40"
"SLC26A2","1836","73876","G.gallus","SLC26A2","XM_425183.2","XP_425183.2","72.70","71.50"
"SLC26A2","1836","73876","D.rerio","LOC557046","XM_680022.1","XP_685114.1","59.00","61.00"
"SLC26A2","1836","73876","A.thaliana","SULTR3;4","NM_112469.2","NP_188220.1","30.40","43.90"
"SLC26A2","1836","73876","O.sativa","Os06g0143700","NM_001063313.1","NP_001056778.1","29.50","42.50"
"SLC29A2","3177","37493","H.sapiens","SLC29A2","NM_001532.2","NP_001523.2","0.00","0.00"
"SLC29A2","3177","37493","P.troglodytes","SLC29A2","XM_001171483.1","XP_001171483.1","99.10","99.00"
"SLC29A2","3177","37493","C.lupus","SLC29A2","XM_849636.1","XP_854729.1","91.40","90.10"
"SLC29A2","3177","37493","B.taurus","SLC29A2","NM_001103269.1","NP_001096739.1","90.10","90.20"
"SLC29A2","3177","37493","M.musculus","Slc29a2","NM_007854.2","NP_031880.1","90.40","87.70"
"SLC29A2","3177","37493","R.norvegicus","Slc29a2","NM_031738.1","NP_113926.1","88.80","87.10"
"SLC29A2","3177","37493","D.rerio","zgc:110527","NM_001012501.1","NP_001012519.1","55.40","57.20"
"SLC2A5","6518","74459","H.sapiens","SLC2A5","NM_003039.2","NP_003030.1","0.00","0.00"
"SLC2A5","6518","74459","P.troglodytes","SLC2A5","XM_001159934.1","XP_001159934.1","99.60","99.40"
"SLC2A5","6518","74459","C.lupus","SLC2A5","XM_546760.2","XP_546760.2","85.00","83.90"
"SLC2A5","6518","74459","B.taurus","SLC2A5","NM_001101042.1","NP_001094512.1","80.20","80.80"
"SLC2A5","6518","74459","M.musculus","Slc2a5","NM_019741.3","NP_062715.2","83.00","79.50"
"SLC2A5","6518","74459","R.norvegicus","Slc2a5","NM_031741.1","NP_113929.1","81.80","80.30"
"SLC2A5","6518","74459","G.gallus","SLC2A5","XM_417596.2","XP_417596.2","65.60","67.20"
"SLC338A1","81539","12745","H.sapiens","SLC38A1","NM_001077484.1","NP_001070952.1","0.00","0.00"
"SLC338A1","81539","12745","P.troglodytes","SLC38A1","XM_001164544.1","XP_001164544.1","97.90","97.70"
"SLC338A1","81539","12745","C.lupus","SLC38A1","XM_534827.2","XP_534827.2","96.70","94.00"
"SLC338A1","81539","12745","M.musculus","Slc38a1","NM_134086.3","NP_598847.2","93.40","84.70"
"SLC338A1","81539","12745","R.norvegicus","Slc38a1","NM_138832.1","NP_620187.1","94.00","84.30"
"SLC338A1","81539","12745","G.gallus","SLC38A1","XM_416048.2","XP_416048.2","88.00","81.10"
"SLC338A1","81539","12745","A.thaliana","AT3G30390","NM_001035718.1","NP_001030795.1","31.40","43.40"
"SLC338A1","81539","12745","A.thaliana","AT5G38820","NM_123243.1","NP_198698.1","27.90","41.90"
"SLC338A1","81539","12745","O.sativa","Os06g0633800","NM_001064667.1","NP_001058132.1","31.40","43.10"
"SLC338A1","81539","12745","O.sativa","Os02g0191300","NM_001052691.1","NP_001046156.1","30.20","41.20"
"SLC338A1","81539","12745","O.sativa","Os06g0275800","NM_001063917.1","NP_001057382.1","31.80","42.40"
"SLC338A1","81539","12745","O.sativa","Os02g0727100","NM_001054529.1","NP_001047994.1","31.60","43.00"
"SLC47A1","55244","34364","H.sapiens","SLC47A1","NM_018242.2","NP_060712.2","0.00","0.00"
"SLC47A1","55244","34364","P.troglodytes","SLC47A1","XM_001144887.1","XP_001144887.1","99.30","99.30"
"SLC47A1","55244","34364","C.lupus","SLC47A1","XM_546648.2","XP_546648.2","75.80","81.60"
"SLC47A1","55244","34364","B.taurus","SLC47A1","XM_868506.2","XP_873599.2","77.10","79.50"
"SLC47A1","55244","34364","M.musculus","Slc47a1","NM_026183.3","NP_080459.1","75.60","79.40"
"SLC47A1","55244","34364","R.norvegicus","Slc47a1","NM_001014118.1","NP_001014140.1","79.00","80.30"
"SLC47A1","55244","34364","G.gallus","SLC47A2","XM_415860.2","XP_415860.2","54.20","60.40"
"SLC47A1","55244","34364","D.rerio","LOC560089","XM_683484.2","XP_688576.2","53.70","58.40"
"SLC47A1","55244","34364","D.rerio","slc47a2","NM_001080179.1","NP_001073648.1","54.40","59.50"
"SLC47A1","55244","34364","S.cerevisiae","YHR032W","YHR032W_6321821","NP_011897.1","29.30","42.40"
"SLC47A1","55244","34364","K.lactis","KLLA0F21802g","XM_456053.1","XP_456053.1","29.00","39.70"
"SLC47A1","55244","34364","E.gossypii","AGOS_AER234W","NM_210445.1","NP_985091.1","27.60","40.50"
"SLC47A1","55244","34364","M.grisea","GeneID:2676920","XM_360580.2","XP_360580.2","26.60","41.80"
"SLC47A1","55244","34364","A.thaliana","AT1G73700","NM_106029.1","NP_177511.1","33.80","42.90"
"SLC47A1","55244","34364","A.thaliana","AT5G52450","NM_124624.3","NP_200058.1","33.60","43.30"
"SLC47A1","55244","34364","A.thaliana","AT2G34360","NM_128988.4","NP_180983.4","35.90","44.50"
"SLC47A1","55244","34364","O.sativa","Os06g0494400","NM_001064222.1","NP_001057687.1","36.90","48.10"
"SLC47A1","55244","34364","O.sativa","Os04g0373400","NM_001059108.1","NP_001052573.1","34.70","46.40"
"SLC47A1","55244","34364","O.sativa","Os10g0344900","NM_001070928.1","NP_001064393.1","32.80","46.10"
"SLC47A1","55244","34364","O.sativa","Os10g0344000","NM_001070927.1","NP_001064392.1","35.90","47.10"
"SLC47A1","55244","34364","O.sativa","Os10g0345100","NM_001070929.1","NP_001064394.1","31.50","45.20"
"SLC47A1","55244","34364","O.sativa","Os06g0495500","NM_001064225.1","NP_001057690.1","33.60","46.00"
"SLC47A1","55244","34364","O.sativa","Os06g0495100","NM_001064224.1","NP_001057689.1","31.80","46.00"
"SMYD2","56950","32466","H.sapiens","SMYD2","NM_020197.2","NP_064582.2","0.00","0.00"
"SMYD2","56950","32466","C.lupus","SMYD2","XM_537149.2","XP_537149.2","92.80","88.60"
"SMYD2","56950","32466","B.taurus","SMYD2","NM_001076364.1","NP_001069832.1","96.50","93.00"
"SMYD2","56950","32466","M.musculus","Smyd2","NM_026796.1","NP_081072.1","93.30","87.30"
"SMYD2","56950","32466","R.norvegicus","Smyd2","XM_213972.4","XP_213972.2","93.50","87.40"
"SMYD2","56950","32466","G.gallus","SMYD2","XM_419420.2","XP_419420.1","86.10","80.80"
"SMYD2","56950","32466","D.rerio","smyd2a","NM_001013550.1","NP_001013568.1","76.10","72.60"
"SNAPC1","6617","2317","H.sapiens","SNAPC1","NM_003082.3","NP_003073.1","0.00","0.00"
"SNAPC1","6617","2317","C.lupus","SNAPC1","XM_849003.1","XP_854096.1","89.10","91.70"
"SNAPC1","6617","2317","B.taurus","SNAPC1","NM_001101244.1","NP_001094714.1","83.60","88.30"
"SNAPC1","6617","2317","M.musculus","Snapc1","NM_178392.4","NP_848479.1","77.90","80.30"
"SNAPC1","6617","2317","R.norvegicus","Snapc1","XM_234299.3","XP_234299.3","79.90","79.10"
"SNAPC1","6617","2317","G.gallus","SNAPC1","XM_421416.2","XP_421416.2","60.30","66.20"
"SNAPC1","6617","2317","D.rerio","snapc1b","NM_200254.1","NP_956548.1","46.10","54.70"
"SORBS2","8470","83295","H.sapiens","SORBS2","NM_021069.4","NP_066547.1","0.00","0.00"
"SORBS2","8470","83295","P.troglodytes","SORBS2","XM_001165395.1","XP_001165395.1","97.50","98.30"
"SORBS2","8470","83295","G.gallus","SORBS2","XM_420674.2","XP_420674.2","80.30","77.90"
"SORBS2","8470","83295","D.rerio","si:ch211-51g4.4","XM_686765.3","XP_691857.3","59.50","61.80"
"SORBS2","8470","83295","D.rerio","LOC100331486","XM_002664405.1","XP_002664451.1","59.70","61.80"
"SOX2","6657","68298","H.sapiens","SOX2","NM_003106.2","NP_003097.1","0.00","0.00"
"SOX2","6657","68298","P.troglodytes","SOX2","XM_516895.2","XP_516895.2","98.70","99.10"
"SOX2","6657","68298","C.lupus","SOX2","XM_545216.2","XP_545216.2","100.00","98.00"
"SOX2","6657","68298","B.taurus","SOX2","NM_001105463.1","NP_001098933.1","100.00","96.40"
"SOX2","6657","68298","M.musculus","Sox2","NM_011443.3","NP_035573.3","98.40","94.50"
"SOX2","6657","68298","R.norvegicus","Sox2","XM_574919.2","XP_574919.1","98.40","94.80"
"SOX2","6657","68298","G.gallus","SOX2","NM_205188.1","NP_990519.1","94.00","85.90"
"SOX2","6657","68298","D.rerio","sox2","NM_213118.1","NP_998283.1","87.90","81.70"
"SPDEF","25803","8231","H.sapiens","SPDEF","NM_012391.1","NP_036523.1","0.00","0.00"
"SPDEF","25803","8231","P.troglodytes","SPDEF","XM_001171692.1","XP_001171692.1","98.80","99.40"
"SPDEF","25803","8231","C.lupus","SPDEF","XM_538872.2","XP_538872.2","94.00","91.20"
"SPDEF","25803","8231","B.taurus","SPDEF","NM_001081578.1","NP_001075047.1","92.20","89.90"
"SPDEF","25803","8231","M.musculus","Spdef","NM_013891.3","NP_038919.1","88.30","82.80"
"SPDEF","25803","8231","R.norvegicus","Spdef","XM_001069981.1","XP_001069981.1","89.50","84.20"
"SPDEF","25803","8231","G.gallus","SPDEF","XM_425831.2","XP_425831.2","82.00","79.70"
"SPDEF","25803","8231","D.rerio","LOC100003543","XM_001343041.1","XP_001343077.1","67.40","63.00"
"SPHK1","8877","39748","H.sapiens","SPHK1","NM_182965.2","NP_892010.2","0.00","0.00"
"SPHK1","8877","39748","C.lupus","SPHK1","XM_540448.2","XP_540448.2","87.20","85.50"
"SPHK1","8877","39748","B.taurus","SPHK1","XM_870939.3","XP_876032.3","81.50","83.00"
"SPHK1","8877","39748","M.musculus","Sphk1","NM_025367.5","NP_079643.2","81.20","79.90"
"SPHK1","8877","39748","R.norvegicus","Sphk1","NM_133386.2","NP_596877.2","78.60","79.20"
"SPHK1","8877","39748","G.gallus","SPHK1","XM_425374.2","XP_425374.2","57.80","65.10"
"SPHK1","8877","39748","D.rerio","LOC100331840","XM_002667539.1","XP_002667585.1","56.80","62.30"
"SPHK1","8877","39748","D.melanogaster","Sk1","NM_132489.1","NP_572717.1","45.20","51.00"
"SPP1","6696","20156","H.sapiens","SPP1","NM_001040060.1","NP_001035149.1","0.00","0.00"
"SPP1","6696","20156","P.troglodytes","SPP1","XM_001159723.1","XP_001159723.1","97.60","99.00"
"SPP1","6696","20156","C.lupus","SPP1","XM_535649.2","XP_535649.2","63.20","77.80"
"SPP1","6696","20156","B.taurus","SPP1","NM_174187.2","NP_776612.1","68.90","78.90"
"SPP1","6696","20156","M.musculus","Spp1","NM_009263.1","NP_033289.1","68.00","73.90"
"SPP1","6696","20156","R.norvegicus","Spp1","NM_012881.1","NP_037013.1","67.20","74.40"
"SPRY2","10253","4267","H.sapiens","SPRY2","NM_005842.2","NP_005833.1","0.00","0.00"
"SPRY2","10253","4267","P.troglodytes","SPRY2","XM_001142879.1","XP_001142879.1","100.00","99.90"
"SPRY2","10253","4267","C.lupus","SPRY2","XM_542623.2","XP_542623.2","97.10","94.00"
"SPRY2","10253","4267","B.taurus","SPRY2","NM_001076147.1","NP_001069615.1","93.30","88.40"
"SPRY2","10253","4267","M.musculus","Spry2","NM_011897.2","NP_036027.1","96.80","91.90"
"SPRY2","10253","4267","R.norvegicus","Spry2","NM_001012046.1","NP_001012046.1","95.50","92.10"
"SPRY2","10253","4267","G.gallus","SPRY2","NM_204800.1","NP_990131.1","85.90","80.60"
"SPRY2","10253","4267","D.rerio","spry2","NM_001003842.2","NP_001003842.2","61.60","62.60"
"SPRY2","10253","4267","D.rerio","LOC100330834","XM_002660336.1","XP_002660382.1","61.20","62.30"
"SPTLC1","10558","4681","H.sapiens","SPTLC1","NM_006415.2","NP_006406.1","0.00","0.00"
"SPTLC1","10558","4681","C.lupus","SPTLC1","XM_541308.2","XP_541308.2","94.90","92.00"
"SPTLC1","10558","4681","B.taurus","SPTLC1","NM_001034749.1","NP_001029921.1","93.00","91.70"
"SPTLC1","10558","4681","M.musculus","Sptlc1","NM_009269.2","NP_033295.2","91.80","84.60"
"SPTLC1","10558","4681","R.norvegicus","Sptlc1","XM_341495.3","XP_341496.3","91.30","84.00"
"SPTLC1","10558","4681","G.gallus","SPTLC1","XM_423815.2","XP_423815.2","86.20","79.00"
"SPTLC1","10558","4681","D.rerio","sptlc1","NM_001020471.1","NP_001018307.1","84.80","72.40"
"SPTLC1","10558","4681","D.melanogaster","Spt-I","NM_136998.2","NP_610842.1","51.20","53.50"
"SPTLC1","10558","4681","A.gambiae","AgaP_AGAP010427","XM_311520.4","XP_311520.4","53.70","53.60"
"SPTLC1","10558","4681","C.elegans","sptl-1","NM_001026807.1","NP_001021978.1","50.90","55.80"
"SPTLC1","10558","4681","S.pombe","SPBC18E5.02c","NM_001021752.1","NP_595848.1","38.60","47.80"
"SPTLC1","10558","4681","S.cerevisiae","LCB1","LCB1_6323954","NP_014025.1","36.80","46.10"
"SPTLC1","10558","4681","K.lactis","KLLA0A09955g","XM_451435.1","XP_451435.1","38.70","45.60"
"SPTLC1","10558","4681","E.gossypii","AGOS_ABR145C","NM_208445.1","NP_983092.1","37.70","44.10"
"SPTLC1","10558","4681","M.grisea","GeneID:2675169","XM_368380.1","XP_368380.1","37.10","45.70"
"SPTLC1","10558","4681","N.crassa","NCU06870","XM_952886.1","XP_957979.1","38.40","46.30"
"SPTLC1","10558","4681","A.thaliana","ATLCB1","NM_001036719.1","NP_001031796.1","45.00","52.50"
"SPTLC1","10558","4681","O.sativa","Os03g0252800","NM_001056111.1","NP_001049576.1","47.60","53.50"
"SPTLC1","10558","4681","O.sativa","Os02g0806900","NM_001054986.1","NP_001048451.1","46.70","53.10"
"SPTLC1","10558","4681","O.sativa","Os10g0189600","NM_001070807.1","NP_001064272.1","46.70","53.90"
"SRC","6714","21120","H.sapiens","SRC","NM_005417.3","NP_005408.1","0.00","0.00"
"SRC","6714","21120","P.troglodytes","SRC","XM_001141228.1","XP_001141228.1","92.50","94.20"
"SRC","6714","21120","C.lupus","SRC","XM_542988.2","XP_542988.2","98.90","92.40"
"SRC","6714","21120","B.taurus","SRC","NM_001110804.1","NP_001104274.1","98.10","92.80"
"SRC","6714","21120","M.musculus","Src","NM_009271.3","NP_033297.2","99.10","90.10"
"SRC","6714","21120","R.norvegicus","Src","NM_031977.1","NP_114183.1","99.30","89.90"
"SRC","6714","21120","G.gallus","SRC","XM_001232484.1","XP_001232485.1","94.70","85.80"
"SRC","6714","21120","D.rerio","src","NM_001003837.2","NP_001003837.2","84.70","76.10"
"SRC","6714","21120","D.melanogaster","Src64B","NM_080195.2","NP_524934.2","51.30","57.60"
"SRC","6714","21120","A.gambiae","AgaP_AGAP006510","XM_316537.3","XP_316537.2","54.40","59.30"
"SRPX","8406","4598","H.sapiens","SRPX","NM_006307.4","NP_006298.1","0.00","0.00"
"SRPX","8406","4598","P.troglodytes","SRPX","XM_521003.2","XP_521003.2","91.80","92.50"
"SRPX","8406","4598","C.lupus","SRPX","XM_548948.2","XP_548948.2","94.10","88.10"
"SRPX","8406","4598","B.taurus","SRPX","NM_001040489.1","NP_001035579.1","91.50","89.80"
"SRPX","8406","4598","M.musculus","Srpx","NM_016911.3","NP_058607.1","92.90","88.10"
"SRPX","8406","4598","R.norvegicus","Srpx","NM_022524.1","NP_071969.1","93.10","87.50"
"SRPX","8406","4598","G.gallus","SRPX","XM_416781.2","XP_416781.2","81.30","75.70"
"SRPX","8406","4598","D.rerio","srpx","NM_001014326.1","NP_001014348.1","61.10","62.70"
"ST6GAL1","6480","2281","H.sapiens","ST6GAL1","NM_003032.2","NP_003023.1","0.00","0.00"
"ST6GAL1","6480","2281","P.troglodytes","ST6GAL1","XM_001157959.1","XP_001157959.1","98.50","98.70"
"ST6GAL1","6480","2281","C.lupus","ST6GAL1","XM_535839.2","XP_535839.2","90.20","88.60"
"ST6GAL1","6480","2281","B.taurus","ST6GAL1","NM_177517.1","NP_803483.1","83.10","85.50"
"ST6GAL1","6480","2281","M.musculus","St6gal1","NM_145933.3","NP_666045.1","80.10","82.50"
"ST6GAL1","6480","2281","R.norvegicus","St6gal1","NM_147205.1","NP_671738.1","79.20","80.00"
"ST6GAL1","6480","2281","G.gallus","ST6GAL1","NM_205241.1","NP_990572.1","62.80","64.10"
"ST6GAL1","6480","2281","D.rerio","st6gal1","NM_001003853.1","NP_001003853.1","53.30","56.90"
"ST6GAL1","6480","2281","D.melanogaster","ST6Gal","NM_166684.1","NP_726474.1","39.10","48.30"
"ST6GAL1","6480","2281","A.gambiae","AgaP_AGAP006903","XM_308850.4","XP_308850.4","40.00","49.00"
"ST8SIA4","7903","4147","H.sapiens","ST8SIA4","NM_005668.4","NP_005659.1","0.00","0.00"
"ST8SIA4","7903","4147","P.troglodytes","ST8SIA4","NM_001037302.1","NP_001032379.1","100.00","99.90"
"ST8SIA4","7903","4147","C.lupus","ST8SIA4","XM_546003.2","XP_546003.2","99.20","94.90"
"ST8SIA4","7903","4147","B.taurus","ST8SIA4","NM_001001163.1","NP_001001163.1","98.60","93.10"
"ST8SIA4","7903","4147","M.musculus","St8sia4","NM_009183.1","NP_033209.1","97.80","91.70"
"ST8SIA4","7903","4147","G.gallus","ST8SIA4","NM_204283.1","NP_989614.1","93.30","85.60"
"ST8SIA4","7903","4147","D.rerio","st8sia4","NM_001099416.1","NP_001092886.1","69.80","64.80"
"STK11","6794","393","H.sapiens","STK11","NM_000455.4","NP_000446.1","0.00","0.00"
"STK11","6794","393","P.troglodytes","STK11","XM_524028.2","XP_524028.2","99.30","99.20"
"STK11","6794","393","C.lupus","STK11","XM_542206.2","XP_542206.2","93.50","89.60"
"STK11","6794","393","B.taurus","STK11","XM_593229.4","XP_593229.4","87.70","84.00"
"STK11","6794","393","M.musculus","Stk11","NM_011492.2","NP_035622.1","91.00","85.20"
"STK11","6794","393","R.norvegicus","Stk11","XM_234900.3","XP_234900.3","91.40","85.50"
"STK11","6794","393","G.gallus","STK11","NM_001045833.1","NP_001039298.1","90.50","80.20"
"STK11","6794","393","D.rerio","stk11","NM_001017839.1","NP_001017839.1","83.80","78.10"
"STK11","6794","393","D.rerio","LOC100334053","XM_002660999.1","XP_002661045.1","83.10","78.10"
"STK11","6794","393","D.melanogaster","lkb1","NM_142045.3","NP_650302.1","54.70","61.30"
"STK11","6794","393","C.elegans","par-4","NM_075132.2","NP_507533.1","41.00","46.10"
"SULT1A1","6817","68152","H.sapiens","SULT1A1","NM_001055.2","NP_001046.2","0.00","0.00"
"SULT1A1","6817","68152","C.lupus","SULT1A1","XM_850485.1","XP_855578.1","85.80","85.90"
"SULT1A1","6817","68152","B.taurus","SULT1A1","NM_177521.2","NP_803487.1","84.50","85.90"
"SULT1A1","6817","68152","M.musculus","Sult1a1","NM_133670.1","NP_598431.1","77.30","79.90"
"SULT1A1","6817","68152","R.norvegicus","Sult1a1","NM_031834.1","NP_114022.1","79.50","80.60"
"SULT1A1","6817","68152","D.rerio","sult1st4","NM_205620.2","NP_991183.1","51.00","55.90"
"SULT1A1","6817","68152","D.rerio","sult1st7","NM_001139481.1","NP_001132953.1","50.20","56.70"
"SULT1A1","6817","68152","D.rerio","sult1st1","NM_182941.1","NP_891986.1","50.30","55.00"
"SULT1A1","6817","68152","D.rerio","LOC100332243","XM_002663220.1","XP_002663266.1","51.00","56.10"
"SULT1A1","6817","68152","D.rerio","sult1st2","NM_183347.2","NP_899190.2","50.00","58.00"
"SULT1A1","6817","68152","D.rerio","sult1st3","NM_183348.2","NP_899191.2","51.40","56.80"
"SULT1A1","6817","68152","A.gambiae","AgaP_AGAP009553","XM_001688215.1","XP_001688267.1","37.90","48.20"
"SULT1A1","6817","68152","A.gambiae","AgaP_AGAP012673","XM_001230448.1","XP_001230449.1","36.30","47.60"
"SULT1A1","6817","68152","A.gambiae","AgaP_AGAP009551","XM_310136.4","XP_310136.4","35.50","46.20"
"SULT1A1","6817","68152","A.gambiae","AgaP_AGAP009552","XM_559691.3","XP_559691.3","35.00","47.40"
"SULT1A1","6817","68152","A.gambiae","AgaP_AGAP012672","XM_306965.4","XP_306965.4","33.30","45.50"
"SULT1A1","6817","68152","A.gambiae","AgaP_AGAP012696","XM_307608.4","XP_307608.4","35.50","49.00"
"SULT1E1","6783","121607","H.sapiens","SULT1E1","NM_005420.2","NP_005411.1","0.00","0.00"
"SULT1E1","6783","121607","P.troglodytes","SULT1E1","XM_001161190.1","XP_001161190.1","99.70","99.30"
"SULT1E1","6783","121607","C.lupus","SULT1E1","XM_539301.2","XP_539301.1","82.90","86.20"
"SULT1E1","6783","121607","B.taurus","SULT1E1","NM_177488.2","NP_803454.1","73.00","80.90"
"SULT1E1","6783","121607","M.musculus","Sult1e1","NM_023135.1","NP_075624.1","77.50","80.30"
"SULT1E1","6783","121607","R.norvegicus","ste2","NM_001007718.2","NP_001007719.1","73.00","77.20"
"SULT1E1","6783","121607","R.norvegicus","Sult1e1","NM_012883.1","NP_037015.1","71.30","76.80"
"SULT1E1","6783","121607","D.melanogaster","CG16733","NM_141613.1","NP_649870.1","30.80","44.60"
"SULT1E1","6783","121607","A.gambiae","AgaP_AGAP004498","XM_313795.4","XP_313795.2","32.40","44.60"
"TBX3","6926","4371","H.sapiens","TBX3","NM_016569.3","NP_057653.3","0.00","0.00"
"TBX3","6926","4371","P.troglodytes","TBX3","XM_001154426.1","XP_001154426.1","99.70","99.60"
"TBX3","6926","4371","C.lupus","TBX3","XM_534692.2","XP_534692.2","92.50","90.80"
"TBX3","6926","4371","B.taurus","TBX3","XM_001787821.1","XP_001787873.1","90.00","87.60"
"TBX3","6926","4371","M.musculus","Tbx3","NM_011535.2","NP_035665.2","94.50","86.50"
"TBX3","6926","4371","R.norvegicus","Tbx3","NM_181638.1","NP_853669.1","94.60","87.00"
"TBX3","6926","4371","G.gallus","TBX3","XM_001234534.1","XP_001234535.1","82.80","77.10"
"TBX3","6926","4371","D.rerio","tbx3","NM_001101670.1","NP_001095140.1","75.90","71.90"
"TCEAL7","56849","87220","H.sapiens","TCEAL7","NM_152278.3","NP_689491.1","0.00","0.00"
"TCEAL7","56849","87220","B.taurus","LOC100138330","XM_001790056.1","XP_001790108.1","85.00","90.00"
"TCEAL7","56849","87220","B.taurus","TCEAL7","XM_001790343.1","XP_001790395.1","85.00","90.00"
"TCEAL7","56849","87220","R.norvegicus","LOC680319","XM_001056630.1","XP_001056630.1","80.60","85.70"
"TCEB3","6924","37746","H.sapiens","TCEB3","NM_003198.2","NP_003189.2","0.00","0.00"
"TCEB3","6924","37746","P.troglodytes","TCEB3","XM_513196.2","XP_513196.2","98.90","99.20"
"TCEB3","6924","37746","C.lupus","TCEB3","XM_535361.2","XP_535361.2","85.50","87.00"
"TCEB3","6924","37746","M.musculus","Tceb3","NM_013736.3","NP_038764.2","83.40","83.70"
"TCEB3","6924","37746","R.norvegicus","Tceb3","NM_017103.1","NP_058799.1","83.90","84.00"
"TCEB3","6924","37746","G.gallus","TCEB3","NM_001030905.1","NP_001026076.1","61.90","64.70"
"TCEB3","6924","37746","D.rerio","zgc:55573","NM_213455.1","NP_998620.1","50.20","53.80"
"TCEB3","6924","37746","D.melanogaster","EloA","NM_170061.2","NP_732846.1","34.50","45.10"
"TFAM","7019","31139","H.sapiens","TFAM","NM_003201.1","NP_003192.1","0.00","0.00"
"TFAM","7019","31139","P.troglodytes","TFAM","XM_001164091.1","XP_001164091.1","100.00","99.90"
"TFAM","7019","31139","C.lupus","TFAM","XM_546107.2","XP_546107.2","71.80","84.50"
"TFAM","7019","31139","B.taurus","TFAM","NM_001034016.2","NP_001029188.2","71.00","82.40"
"TFAM","7019","31139","M.musculus","Tfam","NM_009360.3","NP_033386.1","63.60","73.30"
"TFAM","7019","31139","R.norvegicus","Tfam","NM_031326.1","NP_112616.1","64.40","73.60"
"TFAM","7019","31139","G.gallus","TFAM","NM_204100.1","NP_989431.1","43.40","55.50"
"TFAM","7019","31139","D.rerio","zgc:153358","NM_001077389.1","NP_001070857.1","45.30","54.40"
"TFAM","7019","31139","D.melanogaster","TFAM","NM_079691.2","NP_524415.1","36.10","44.60"
"TFAM","7019","31139","A.gambiae","AgaP_AGAP008499","XM_316944.4","XP_316944.3","30.10","41.60"
"TFAP2A","7020","2421","H.sapiens","TFAP2A","NM_003220.2","NP_003211.1","0.00","0.00"
"TFAP2A","7020","2421","P.troglodytes","TFAP2A","XM_001166719.1","XP_001166719.1","100.00","99.90"
"TFAP2A","7020","2421","C.lupus","TFAP2A","XM_843875.1","XP_848968.1","99.10","96.50"
"TFAP2A","7020","2421","B.taurus","TFAP2A","NM_001080228.1","NP_001073697.1","98.90","96.50"
"TFAP2A","7020","2421","M.musculus","Tcfap2a","NM_011547.2","NP_035677.2","98.60","94.60"
"TFAP2A","7020","2421","R.norvegicus","Tcfap2a","XM_225238.4","XP_225238.4","98.80","94.20"
"TFAP2A","7020","2421","G.gallus","TFAP2A","NM_205094.1","NP_990425.1","93.60","86.10"
"TFAP2A","7020","2421","D.rerio","tfap2a","NM_176859.2","NP_789829.1","87.40","76.10"
"TFAP2A","7020","2421","D.melanogaster","AP-2","NM_168927.1","NP_730664.1","51.50","55.80"
"TFAP2A","7020","2421","A.gambiae","AgaP_AGAP011625","XM_320880.4","XP_320880.4","58.70","59.50"
"TFF1","7031","2426","H.sapiens","TFF1","NM_003225.2","NP_003216.1","0.00","0.00"
"TFF1","7031","2426","C.lupus","TFF1","NM_001002992.1","NP_001002992.1","67.90","74.90"
"TFF1","7031","2426","M.musculus","Tff1","NM_009362.1","NP_033388.1","66.70","71.60"
"TFF1","7031","2426","M.musculus","Gm3090","XM_001475697.1","XP_001475747.1","66.70","71.20"
"TFF1","7031","2426","R.norvegicus","Tff1","NM_057129.1","NP_476470.1","65.40","69.50"
"TFF3","7033","2427","H.sapiens","TFF3","NM_003226.3","NP_003217.3","0.00","0.00"
"TFF3","7033","2427","P.troglodytes","TFF3","XM_531572.2","XP_531572.2","97.90","99.30"
"TFF3","7033","2427","C.lupus","TFF3","NM_001002990.1","NP_001002990.1","65.00","77.90"
"TFF3","7033","2427","B.taurus","TFF3","XM_596070.4","XP_596070.4","79.30","85.40"
"TFF3","7033","2427","M.musculus","Tff3","NM_011575.1","NP_035705.1","67.50","71.20"
"TFF3","7033","2427","R.norvegicus","Tff3","NM_013042.1","NP_037174.1","68.60","71.90"
"THBS2","7058","2438","H.sapiens","THBS2","NM_003247.2","NP_003238.2","0.00","0.00"
"THBS2","7058","2438","C.lupus","THBS2","XM_541204.2","XP_541204.2","90.00","85.20"
"THBS2","7058","2438","B.taurus","THBS2","NM_176872.1","NP_789861.1","90.30","85.50"
"THBS2","7058","2438","M.musculus","Thbs2","NM_011581.1","NP_035711.1","88.60","83.90"
"THBS2","7058","2438","R.norvegicus","Thbs2","XM_214778.4","XP_214778.2","88.50","83.40"
"THBS2","7058","2438","G.gallus","THBS2","NM_001001755.1","NP_001001755.1","79.60","73.60"
"THBS2","7058","2438","D.rerio","thbs2b","XM_689598.4","XP_694690.4","71.90","69.90"
"THBS2","7058","2438","D.rerio","thbs2a","XM_001919813.2","XP_001919848.2","70.30","67.20"
"THRB","7068","36025","H.sapiens","THRB","NM_001128177.1","NP_001121649.1","0.00","0.00"
"THRB","7068","36025","P.troglodytes","THRB","XM_001163850.1","XP_001163850.1","100.00","99.70"
"THRB","7068","36025","C.lupus","THRB","XM_857523.1","XP_862616.1","98.50","95.20"
"THRB","7068","36025","M.musculus","Thrb","NM_009380.2","NP_033406.1","99.20","92.00"
"THRB","7068","36025","R.norvegicus","Thrb","NM_012672.1","NP_036804.1","95.90","89.40"
"THRB","7068","36025","G.gallus","THRB","NM_205447.1","NP_990778.1","95.90","87.70"
"THRB","7068","36025","D.rerio","thrb","NM_131340.1","NP_571415.1","89.80","77.70"
"TIMP1","7076","36321","H.sapiens","TIMP1","NM_003254.2","NP_003245.1","0.00","0.00"
"TIMP1","7076","36321","C.lupus","TIMP1","NM_001003182.1","NP_001003182.1","79.70","85.80"
"TIMP1","7076","36321","B.taurus","TIMP1","NM_174471.3","NP_776896.1","87.00","88.40"
"TIMP1","7076","36321","M.musculus","Timp1","NM_001044384.1","NP_001037849.1","74.60","78.60"
"TIMP1","7076","36321","R.norvegicus","Timp1","NM_053819.1","NP_446271.1","72.30","78.40"
"TMC5","79838","11713","H.sapiens","TMC5","NM_001105248.1","NP_001098718.1","0.00","0.00"
"TMC5","79838","11713","P.troglodytes","TMC5","XM_001153396.1","XP_001153396.1","94.50","96.20"
"TMC5","79838","11713","C.lupus","TMC5","XM_547109.2","XP_547109.2","77.80","84.00"
"TMC5","79838","11713","B.taurus","TMC5","XM_591622.3","XP_591622.3","78.80","84.40"
"TMC5","79838","11713","M.musculus","Tmc5","NM_028930.2","NP_083206.1","85.20","84.20"
"TMC5","79838","11713","R.norvegicus","Tmc5","NM_001012216.1","NP_001012216.1","85.30","84.70"
"TMC5","79838","11713","D.rerio","LOC561497","XM_684899.3","XP_689991.3","47.70","57.40"
"TMEFF1","8577","88695","H.sapiens","TMEFF1","NM_003692.3","NP_003683.2","0.00","0.00"
"TMEFF1","8577","88695","P.troglodytes","TMEFF1","XM_001134837.1","XP_001134837.1","99.70","99.60"
"TMEFF1","8577","88695","C.lupus","TMEFF1","XM_532014.2","XP_532014.2","99.40","96.80"
"TMEFF1","8577","88695","B.taurus","TMEFF1","XM_001788143.1","XP_001788195.1","98.90","96.50"
"TMEFF1","8577","88695","M.musculus","Tmeff1","NM_021436.2","NP_067411.1","95.70","88.30"
"TMEFF1","8577","88695","R.norvegicus","Tmeff1","NM_023020.1","NP_075409.1","95.10","88.90"
"TMEFF1","8577","88695","G.gallus","C9orf30","XM_419072.2","XP_419072.2","91.50","85.40"
"TMEFF1","8577","88695","D.rerio","tmeff1","NM_001025301.1","NP_001020472.1","56.40","59.80"
"TMEM101","84336","12649","H.sapiens","TMEM101","NM_032376.2","NP_115752.1","0.00","0.00"
"TMEM101","84336","12649","P.troglodytes","TMEM101","XM_511540.2","XP_511540.2","100.00","99.90"
"TMEM101","84336","12649","C.lupus","TMEM101","XM_843681.1","XP_848774.1","98.40","94.40"
"TMEM101","84336","12649","B.taurus","TMEM101","NM_001046202.1","NP_001039667.1","97.30","93.30"
"TMEM101","84336","12649","M.musculus","Tmem101","NM_029649.1","NP_083925.1","97.70","87.40"
"TMEM101","84336","12649","R.norvegicus","Tmem101","XM_220940.4","XP_220940.1","98.40","88.80"
"TMEM101","84336","12649","G.gallus","LSM12","XM_001236360.1","XP_001236361.1","79.20","77.50"
"TMEM101","84336","12649","D.rerio","LOC572154","XM_695837.4","XP_700929.4","72.00","71.30"
"TMEM132C","92293","76567","H.sapiens","TMEM132C","NM_001136103.2","NP_001129575.2","0.00","0.00"
"TMEM132C","92293","76567","P.troglodytes","TMEM132C","XM_522557.2","XP_522557.2","98.50","98.50"
"TMEM132C","92293","76567","C.lupus","TMEM132C","XM_543360.2","XP_543360.2","81.00","82.90"
"TMEM132C","92293","76567","M.musculus","Tmem132c","XM_979559.2","XP_984653.2","79.10","80.10"
"TMEM132C","92293","76567","G.gallus","TMEM132C","XM_415100.2","XP_415100.2","75.50","72.90"
"TMEM132C","92293","76567","D.rerio","tmem132c","XM_002661276.1","XP_002661322.1","43.60","53.70"
"TMEM9B","56674","23191","H.sapiens","TMEM9B","NM_020644.1","NP_065695.1","0.00","0.00"
"TMEM9B","56674","23191","P.troglodytes","TMEM9B","XM_001168900.1","XP_001168900.1","100.00","99.80"
"TMEM9B","56674","23191","C.lupus","TMEM9B","XM_534047.2","XP_534047.2","96.50","93.40"
"TMEM9B","56674","23191","B.taurus","TMEM9B","NM_001034507.1","NP_001029679.1","95.50","91.80"
"TMEM9B","56674","23191","M.musculus","Tmem9b","NM_020050.1","NP_064434.1","94.90","89.40"
"TMEM9B","56674","23191","R.norvegicus","Tmem9b","XM_215038.4","XP_215038.1","94.40","89.60"
"TMEM9B","56674","23191","G.gallus","TMEM9B","XM_420984.2","XP_420984.1","89.90","78.80"
"TMEM9B","56674","23191","D.rerio","tmem9b","NM_199732.2","NP_956026.2","80.10","72.00"
"TMEM9B","56674","23191","D.melanogaster","CG1161","NM_001014606.1","NP_001014606.1","35.10","46.60"
"TMEM9B","56674","23191","A.gambiae","AgaP_AGAP007259","XM_308543.4","XP_308543.4","37.60","49.00"
"TMEM9B","56674","23191","C.elegans","R12C12.6","NM_001047331.3","NP_001040796.1","36.00","47.90"
"TMSB10","9168","0","-","-","-","-","0.00","0.00"
"TNFAIP3","7128","4582","H.sapiens","TNFAIP3","NM_006290.2","NP_006281.1","0.00","0.00"
"TNFAIP3","7128","4582","P.troglodytes","TNFAIP3","XM_527515.2","XP_527515.2","99.60","99.40"
"TNFAIP3","7128","4582","C.lupus","TNFAIP3","XM_541123.2","XP_541123.1","90.30","87.80"
"TNFAIP3","7128","4582","B.taurus","TNFAIP3","XM_584832.3","XP_584832.2","86.70","85.30"
"TNFAIP3","7128","4582","M.musculus","Tnfaip3","NM_009397.2","NP_033423.2","89.80","84.90"
"TNFAIP3","7128","4582","D.rerio","tnfaip3","XM_687830.3","XP_692922.3","52.90","57.80"
"TNFRSF10C","8794","48244","H.sapiens","TNFRSF10C","NM_003841.3","NP_003832.2","0.00","0.00"
"TNFRSF10C","8794","48244","P.troglodytes","TNFRSF10C","XM_528085.2","XP_528085.1","96.90","98.60"
"TNXB","7148","49589","H.sapiens","TNXB","NM_019105.6","NP_061978.6","0.00","0.00"
"TNXB","7148","49589","B.taurus","TNXB","NM_174703.2","NP_777128.1","69.30","74.70"
"TNXB","7148","49589","M.musculus","Tnxb","NM_031176.1","NP_112453.1","68.60","73.20"
"TP53","7157","460","H.sapiens","TP53","NM_001126112.1","NP_001119584.1","0.00","0.00"
"TP53","7157","460","P.troglodytes","TP53","XM_511957.2","XP_511957.2","100.00","99.70"
"TP53","7157","460","C.lupus","TP53","NM_001003210.1","NP_001003210.1","83.40","84.30"
"TP53","7157","460","B.taurus","TP53","NM_174201.2","NP_776626.1","82.10","83.90"
"TP53","7157","460","M.musculus","Trp53","NM_011640.1","NP_035770.1","78.30","80.40"
"TP53","7157","460","R.norvegicus","Tp53","NM_030989.1","NP_112251.1","78.40","81.40"
"TP53","7157","460","D.rerio","tp53","NM_131327.1","NP_571402.1","59.90","58.00"
"TRO","7216","75113","H.sapiens","TRO","NM_001039705.1","NP_001034794.1","0.00","0.00"
"TRO","7216","75113","C.lupus","TRO","XM_850386.1","XP_855479.1","62.40","75.30"
"TRO","7216","75113","M.musculus","Tro","NM_001002272.2","NP_001002272.1","55.40","65.70"
"TRPC1","7220","2478","H.sapiens","TRPC1","NM_003304.4","NP_003295.1","0.00","0.00"
"TRPC1","7220","2478","C.lupus","TRPC1","XM_542818.2","XP_542818.2","99.70","95.30"
"TRPC1","7220","2478","B.taurus","TRPC1","NM_174476.2","NP_776901.1","97.60","93.90"
"TRPC1","7220","2478","M.musculus","Trpc1","NM_011643.2","NP_035773.1","99.70","90.90"
"TRPC1","7220","2478","R.norvegicus","Trpc1","NM_053558.1","NP_446010.1","99.10","90.20"
"TRPC1","7220","2478","G.gallus","TRPC1","NM_001004409.1","NP_001004409.1","93.60","83.50"
"TRPC1","7220","2478","D.rerio","trpc1","XM_694363.4","XP_699455.4","85.30","73.10"
"TSHZ3","57616","10835","H.sapiens","TSHZ3","NM_020856.2","NP_065907.2","0.00","0.00"
"TSHZ3","57616","10835","P.troglodytes","TSHZ3","XM_512561.2","XP_512561.2","99.90","99.30"
"TSHZ3","57616","10835","C.lupus","TSHZ3","XM_541721.2","XP_541721.2","94.30","89.50"
"TSHZ3","57616","10835","B.taurus","TSHZ3","XM_592300.4","XP_592300.2","95.10","90.40"
"TSHZ3","57616","10835","M.musculus","Tshz3","NM_172298.2","NP_758502.1","95.10","88.50"
"TSHZ3","57616","10835","R.norvegicus","Tshz3","XM_218516.4","XP_218516.3","95.30","88.50"
"TSHZ3","57616","10835","G.gallus","TSHZ3","XM_414125.2","XP_414125.2","92.10","79.30"
"TSHZ3","57616","10835","D.rerio","tshz3b","XM_689080.4","XP_694172.4","75.80","70.80"
"TTC5","91875","14397","H.sapiens","TTC5","NM_138376.2","NP_612385.2","0.00","0.00"
"TTC5","91875","14397","P.troglodytes","TTC5","XM_520664.2","XP_520664.2","99.50","99.80"
"TTC5","91875","14397","C.lupus","TTC5","XM_848570.1","XP_853663.1","90.70","85.60"
"TTC5","91875","14397","B.taurus","TTC5","NM_001075464.1","NP_001068932.1","92.70","91.40"
"TTC5","91875","14397","M.musculus","Ttc5","NM_001080949.1","NP_001074418.1","90.50","86.60"
"TTC5","91875","14397","R.norvegicus","Ttc5","NM_001013131.1","NP_001013149.1","90.20","86.40"
"TTC5","91875","14397","D.rerio","ttc5","NM_001017654.1","NP_001017654.1","59.20","60.70"
"TTC5","91875","14397","O.sativa","Os01g0506200","NM_001049684.1","NP_001043149.1","36.50","44.70"
"TTK","7272","2489","H.sapiens","TTK","NM_001166691.1","NP_001160163.1","0.00","0.00"
"TTK","7272","2489","P.troglodytes","TTK","XM_001146752.1","XP_001146752.1","99.20","99.40"
"TTK","7272","2489","C.lupus","TTK","XM_539016.2","XP_539016.2","87.80","90.40"
"TTK","7272","2489","B.taurus","TTK","XM_603264.4","XP_603264.3","86.20","89.10"
"TTK","7272","2489","M.musculus","Ttk","NM_009445.1","NP_033471.1","76.30","81.20"
"TTK","7272","2489","R.norvegicus","Ttk","XM_236477.4","XP_236477.4","78.70","82.50"
"TTK","7272","2489","G.gallus","TTK","XM_419867.2","XP_419867.2","63.60","69.30"
"TTK","7272","2489","D.rerio","ttk","NM_175042.2","NP_778207.1","54.00","56.20"
"TWIST2","117581","40594","H.sapiens","TWIST2","NM_057179.2","NP_476527.1","0.00","0.00"
"TWIST2","117581","40594","P.troglodytes","TWIST2","XM_526075.2","XP_526075.1","100.00","100.00"
"TWIST2","117581","40594","C.lupus","TWIST2","XM_543311.2","XP_543311.1","100.00","99.40"
"TWIST2","117581","40594","B.taurus","TWIST2","NM_001083748.1","NP_001077217.1","100.00","98.10"
"TWIST2","117581","40594","M.musculus","Twist2","NM_007855.2","NP_031881.1","100.00","96.70"
"TWIST2","117581","40594","R.norvegicus","Twist2","NM_021691.1","NP_067723.1","100.00","97.10"
"TWIST2","117581","40594","G.gallus","TWIST2","NM_204679.1","NP_990010.1","96.20","80.80"
"TWIST2","117581","40594","D.rerio","twist2","NM_001005956.1","NP_001005956.1","86.90","79.40"
"TWIST2","117581","40594","A.gambiae","AgaP_AGAP011985","XM_552242.3","XP_552242.3","51.80","55.70"
"TYMP","1890","1474","H.sapiens","TYMP","NM_001113755.1","NP_001107227.1","0.00","0.00"
"TYMP","1890","1474","P.troglodytes","TYMP","XM_515224.2","XP_515224.2","99.70","99.20"
"TYMP","1890","1474","M.musculus","Tymp","NM_138302.1","NP_612175.1","81.80","78.30"
"TYMP","1890","1474","R.norvegicus","Tymp","NM_001012122.1","NP_001012122.1","82.20","78.50"
"TYMP","1890","1474","D.rerio","LOC566088","XM_689356.4","XP_694448.4","55.90","56.60"
"TYMS","7298","834","H.sapiens","TYMS","NM_001071.2","NP_001062.1","0.00","0.00"
"TYMS","7298","834","P.troglodytes","TYMS","XM_001150558.1","XP_001150558.1","99.00","99.30"
"TYMS","7298","834","C.lupus","LOC476100","XM_533309.2","XP_533309.1","90.70","89.40"
"TYMS","7298","834","C.lupus","LOC607417","XM_844070.1","XP_849163.1","90.30","89.20"
"TYMS","7298","834","B.taurus","TYMS","NM_001037816.1","NP_001032905.1","90.10","88.40"
"TYMS","7298","834","M.musculus","Tyms","NM_021288.3","NP_067263.1","90.60","87.00"
"TYMS","7298","834","R.norvegicus","Tyms","NM_019179.1","NP_062052.1","89.30","85.60"
"TYMS","7298","834","G.gallus","TYMS","XM_419147.2","XP_419147.2","84.50","79.30"
"TYMS","7298","834","D.rerio","tyms","NM_131760.1","NP_571835.1","82.70","74.40"
"TYMS","7298","834","D.melanogaster","Ts","NM_058019.3","NP_477367.1","64.70","64.60"
"TYMS","7298","834","A.gambiae","AgaP_AGAP010457","XM_311491.3","XP_311491.3","66.50","62.40"
"TYMS","7298","834","C.elegans","Y110A7A.4","NM_059131.4","NP_491532.3","68.30","62.90"
"TYMS","7298","834","S.pombe","SPAC15E1.04","NM_001019728.1","NP_594305.1","60.90","58.10"
"TYMS","7298","834","S.cerevisiae","CDC21","CDC21_83578104","NP_014717.2","64.80","60.80"
"TYMS","7298","834","K.lactis","KLLA0A07843g","XM_451349.1","XP_451349.1","64.40","59.60"
"TYMS","7298","834","E.gossypii","AGOS_ADR219C","NM_209668.1","NP_984315.1","63.40","60.70"
"TYMS","7298","834","M.grisea","GeneID:2678156","XM_362013.1","XP_362013.1","61.90","60.40"
"TYMS","7298","834","N.crassa","NCU10053","XM_952848.1","XP_957941.1","62.60","61.00"
"TYMS","7298","834","A.thaliana","THY-2","NM_119623.4","NP_195183.2","65.40","60.80"
"TYMS","7298","834","A.thaliana","THY-1","NM_127191.3","NP_179230.1","65.70","61.50"
"TYMS","7298","834","O.sativa","Os11g0484400","NM_001074443.1","NP_001067911.1","65.30","60.50"
"TYMS","7298","834","O.sativa","Os12g0446900","NM_001073248.1","NP_001066716.1","63.10","59.00"
"TYMS","7298","834","P.falciparum","PFD0805w","XM_001351443.1","XP_001351479.1","55.80","56.00"
"UBE2E2","7325","77337","H.sapiens","UBE2E2","NM_152653.3","NP_689866.1","0.00","0.00"
"UBE2E2","7325","77337","P.troglodytes","UBE2E2","XM_530592.2","XP_530592.2","100.00","99.80"
"UBE2E2","7325","77337","C.lupus","UBE2E2","XM_847335.1","XP_852428.1","97.00","95.20"
"UBE2E2","7325","77337","B.taurus","UBE2E2","XM_001251967.2","XP_001251968.1","99.50","91.90"
"UBE2E2","7325","77337","M.musculus","Ube2e2","NM_144839.1","NP_659088.1","99.50","91.90"
"UBE2E2","7325","77337","R.norvegicus","Ube2e2","XM_341288.3","XP_341289.3","100.00","91.50"
"UBE2E2","7325","77337","G.gallus","UBE2E2","XM_001235054.1","XP_001235055.1","92.00","84.20"
"UBE2E2","7325","77337","D.rerio","zgc:92467","NM_001003494.1","NP_001003494.1","89.60","79.60"
"UCHL1","7345","37894","H.sapiens","UCHL1","NM_004181.4","NP_004172.2","0.00","0.00"
"UCHL1","7345","37894","P.troglodytes","UCHL1","XM_517163.2","XP_517163.2","100.00","99.70"
"UCHL1","7345","37894","C.lupus","UCHL1","XM_536245.2","XP_536245.2","93.50","91.30"
"UCHL1","7345","37894","B.taurus","UCHL1","NM_001046172.1","NP_001039637.1","96.90","91.90"
"UCHL1","7345","37894","M.musculus","Uchl1","NM_011670.1","NP_035800.1","95.10","88.00"
"UCHL1","7345","37894","R.norvegicus","Uchl1","NM_017237.2","NP_058933.2","95.50","88.30"
"UCHL1","7345","37894","G.gallus","UCHL1","XM_001232555.1","XP_001232556.1","75.30","75.90"
"UCHL1","7345","37894","D.rerio","uchl1","NM_201477.1","NP_958885.1","69.00","65.60"
"UGT1A1","54658","83117","H.sapiens","UGT1A1","NM_000463.2","NP_000454.1","0.00","0.00"
"UGT1A1","54658","83117","B.taurus","UGT1A1","NM_001105636.1","NP_001099106.1","79.00","83.50"
"UGT1A1","54658","83117","M.musculus","Ugt1a1","NM_201645.1","NP_964007.1","79.60","81.70"
"UGT1A1","54658","83117","R.norvegicus","Ugt1a1","NM_012683.2","NP_036815.1","80.20","82.70"
"UGT1A1","54658","83117","G.gallus","UGT1A1","XM_421883.2","XP_421883.2","64.00","66.40"
"UGT1A1","54658","83117","D.rerio","ugt1ab","NM_213422.1","NP_998587.1","54.30","57.80"
"UGT1A1","54658","83117","D.rerio","ugt1a1","NM_001037428.1","NP_001032505.1","50.70","57.50"
"UGT1A1","54658","83117","D.melanogaster","Ugt86Dc","NM_144368.2","NP_652625.2","29.20","43.60"
"UGT1A1","54658","83117","D.melanogaster","Ugt86Di","NM_144363.1","NP_652620.1","30.80","43.50"
"UGT1A1","54658","83117","D.melanogaster","Ugt86Da","NM_144369.2","NP_652626.1","30.80","43.80"
"UGT1A1","54658","83117","A.gambiae","AgaP_AGAP007029","XM_308743.4","XP_308743.3","34.70","45.60"
"UGT1A1","54658","83117","A.gambiae","AgaP_AGAP006223","XM_001688780.1","XP_001688832.1","31.80","43.70"
"UGT1A1","54658","83117","A.gambiae","AgaP_AGAP006222","XM_316292.4","XP_316292.4","32.80","45.00"
"USP37","57695","10858","H.sapiens","USP37","NM_020935.2","NP_065986.2","0.00","0.00"
"USP37","57695","10858","P.troglodytes","USP37","XM_001157640.1","XP_001157640.1","99.70","99.70"
"USP37","57695","10858","C.lupus","USP37","XM_858224.1","XP_863317.1","95.70","93.60"
"USP37","57695","10858","B.taurus","USP37","XM_864598.3","XP_869691.1","94.90","93.50"
"USP37","57695","10858","M.musculus","Usp37","NM_176972.3","NP_795946.1","90.90","88.80"
"USP37","57695","10858","G.gallus","USP37","XM_422065.2","XP_422065.2","76.60","73.50"
"USP37","57695","10858","D.rerio","usp37","NM_001077343.1","NP_001070811.1","61.40","61.60"
"USP37","57695","10858","D.rerio","LOC100331964","XM_002663289.1","XP_002663335.1","61.00","61.70"
"VEGFA","7422","2534","H.sapiens","VEGFA","NM_003376.5","NP_003367.4","0.00","0.00"
"VEGFA","7422","2534","C.lupus","VEGFA","NM_001003175.1","NP_001003175.1","96.70","95.00"
"VEGFA","7422","2534","B.taurus","VEGFA","NM_174216.1","NP_776641.1","94.70","95.30"
"VEGFA","7422","2534","M.musculus","Vegfa","NM_001025250.2","NP_001020421.1","90.70","90.50"
"VEGFA","7422","2534","R.norvegicus","Vegfa","NM_031836.1","NP_114024.1","90.70","90.80"
"VEGFA","7422","2534","G.gallus","VEGFA","NM_205042.1","NP_990373.1","74.90","78.30"
"VEGFA","7422","2534","D.rerio","vegfab","NM_001044855.2","NP_001038320.2","51.90","57.30"
"VGLL1","51442","9445","H.sapiens","VGLL1","NM_016267.3","NP_057351.1","0.00","0.00"
"VGLL1","51442","9445","P.troglodytes","VGLL1","XM_001140554.1","XP_001140554.1","97.00","97.60"
"VGLL1","51442","9445","C.lupus","VGLL1","XM_549284.2","XP_549284.2","63.00","79.80"
"VGLL1","51442","9445","B.taurus","VGLL1","XM_864293.3","XP_869386.2","67.30","81.20"
"VGLL1","51442","9445","M.musculus","Vgll1","NM_133251.1","NP_573514.1","53.50","71.90"
"VGLL1","51442","9445","R.norvegicus","Vgll1","XM_343832.3","XP_343833.3","54.80","71.90"
"VGLL3","389136","53442","H.sapiens","VGLL3","NM_016206.2","NP_057290.2","0.00","0.00"
"VGLL3","389136","53442","P.troglodytes","VGLL3","XM_001134745.1","XP_001134745.1","100.00","99.50"
"VGLL3","389136","53442","C.lupus","VGLL3","XM_843537.1","XP_848630.1","90.90","91.80"
"VGLL3","389136","53442","B.taurus","VGLL3","XM_001249734.2","XP_001249735.2","88.80","89.40"
"VGLL3","389136","53442","M.musculus","Vgll3","XM_283372.6","XP_283372.5","90.10","90.10"
"VGLL3","389136","53442","R.norvegicus","Vgll3","XM_573239.2","XP_573239.2","90.10","91.20"
"VGLL3","389136","53442","G.gallus","VGLL3","XM_416671.2","XP_416671.2","77.90","79.90"
"VGLL3","389136","53442","D.rerio","LOC100331764","XM_002663352.1","XP_002663398.1","45.00","52.90"
"VIM","7431","2538","H.sapiens","VIM","NM_003380.3","NP_003371.2","0.00","0.00"
"VIM","7431","2538","P.troglodytes","VIM","NM_001009148.1","NP_001009148.1","99.60","99.40"
"VIM","7431","2538","C.lupus","VIM","XM_535175.2","XP_535175.2","98.10","94.50"
"VIM","7431","2538","B.taurus","VIM","NM_173969.3","NP_776394.2","97.60","92.80"
"VIM","7431","2538","M.musculus","Vim","NM_011701.3","NP_035831.2","97.40","91.70"
"VIM","7431","2538","R.norvegicus","Vim","NM_031140.1","NP_112402.1","97.40","91.80"
"VIM","7431","2538","G.gallus","VIM","NM_001048076.1","NP_001041541.1","87.60","82.60"
"VIM","7431","2538","D.rerio","vim","NM_131872.2","NP_571947.1","72.70","71.40"
"VOPP1","81552","12772","H.sapiens","VOPP1","NM_030796.3","NP_110423.3","0.00","0.00"
"VOPP1","81552","12772","P.troglodytes","LOC741927","XM_001157372.1","XP_001157372.1","100.00","99.80"
"VOPP1","81552","12772","C.lupus","LOC608562","XM_845618.1","XP_850711.1","93.50","89.50"
"VOPP1","81552","12772","B.taurus","VOPP1","NM_001076972.1","NP_001070440.1","88.60","87.10"
"VOPP1","81552","12772","M.musculus","Vopp1","NM_146168.1","NP_666280.1","89.50","84.10"
"VOPP1","81552","12772","R.norvegicus","Ecop","XM_342698.3","XP_342699.3","89.50","83.90"
"VOPP1","81552","12772","G.gallus","LOC776358","XM_001235487.1","XP_001235488.1","87.00","74.90"
"VOPP1","81552","12772","D.rerio","si:dkey-24c2.9","NM_001115072.1","NP_001108544.1","48.30","54.10"
"VPS36","51028","9374","H.sapiens","VPS36","NM_016075.2","NP_057159.2","0.00","0.00"
"VPS36","51028","9374","P.troglodytes","VPS36","XM_509796.2","XP_509796.2","100.00","99.90"
"VPS36","51028","9374","C.lupus","VPS36","XM_534484.2","XP_534484.2","99.00","93.90"
"VPS36","51028","9374","B.taurus","VPS36","NM_001098939.1","NP_001092409.1","97.90","92.40"
"VPS36","51028","9374","M.musculus","Vps36","NM_027338.1","NP_081614.1","95.90","90.30"
"VPS36","51028","9374","R.norvegicus","Vps36","XM_214382.4","XP_214382.2","96.10","90.20"
"VPS36","51028","9374","G.gallus","VPS36","XM_417077.2","XP_417077.1","89.60","80.60"
"VPS36","51028","9374","D.rerio","vps36","NM_199977.1","NP_956271.1","85.10","73.90"
"VPS36","51028","9374","D.melanogaster","Vps36","NM_140403.1","NP_648660.1","47.40","54.30"
"VPS36","51028","9374","A.gambiae","AgaP_AGAP004755","XM_554602.2","XP_554602.2","45.20","51.80"
"VPS36","51028","9374","C.elegans","tag-318","NM_073397.4","NP_505798.2","43.40","51.30"
"VPS36","51028","9374","S.pombe","vps36","NM_001022589.1","NP_596667.1","23.70","39.90"
"VPS36","51028","9374","S.cerevisiae","VPS36","VPS36_6323449","NP_013521.1","0.00","0.00"
"VPS36","51028","9374","K.lactis","KLLA0B02541g","XM_451645.1","XP_451645.1","26.20","38.40"
"VPS36","51028","9374","E.gossypii","AGOS_AER092W","NM_210306.1","NP_984952.1","24.20","40.50"
"VPS36","51028","9374","M.grisea","GeneID:2679344","XM_363778.2","XP_363778.2","36.50","46.40"
"VPS36","51028","9374","N.crassa","NCU06595","XM_957244.2","XP_962337.2","36.10","45.70"
"VPS36","51028","9374","A.thaliana","AT5G04920","NM_120574.4","NP_196112.1","41.30","48.40"
"VPS36","51028","9374","O.sativa","Os01g0813500","NM_001051135.1","NP_001044600.1","41.70","48.90"
"WNT7A","7476","20969","H.sapiens","WNT7A","NM_004625.3","NP_004616.2","0.00","0.00"
"WNT7A","7476","20969","C.lupus","WNT7A","XM_852935.1","XP_858028.1","98.00","94.20"
"WNT7A","7476","20969","B.taurus","WNT7A","XM_613296.3","XP_613296.3","98.60","94.20"
"WNT7A","7476","20969","M.musculus","Wnt7a","NM_009527.3","NP_033553.2","99.40","92.90"
"WNT7A","7476","20969","R.norvegicus","Wnt7a","XM_342723.3","XP_342724.2","99.10","91.20"
"WNT7A","7476","20969","G.gallus","WNT7A","NM_204292.1","NP_989623.1","94.00","80.70"
"WNT7A","7476","20969","D.rerio","wnt7aa","NM_001025540.1","NP_001020711.1","86.20","75.90"
"XYLT1","64131","32534","H.sapiens","XYLT1","NM_022166.3","NP_071449.1","0.00","0.00"
"XYLT1","64131","32534","P.troglodytes","XYLT1","NM_001037289.1","NP_001032366.1","99.80","99.50"
"XYLT1","64131","32534","C.lupus","XYLT1","NM_001008718.1","NP_001008718.1","92.30","88.80"
"XYLT1","64131","32534","M.musculus","Xylt1","NM_175645.3","NP_783576.2","92.20","87.50"
"XYLT1","64131","32534","R.norvegicus","Xylt1","XM_341912.1","XP_341913.1","92.80","87.30"
"XYLT1","64131","32534","G.gallus","XYLT1","XM_414904.2","XP_414904.2","79.70","74.20"
"XYLT1","64131","32534","D.rerio","xylt1","XM_684348.4","XP_689440.4","69.10","68.00"
"XYLT1","64131","32534","D.melanogaster","oxt","NM_139448.2","NP_647705.1","43.20","53.00"
"XYLT1","64131","32534","A.gambiae","AgaP_AGAP005811","XM_556482.2","XP_556482.2","41.50","51.40"
"YES1","7525","55900","H.sapiens","YES1","NM_005433.3","NP_005424.1","0.00","0.00"
"YES1","7525","55900","P.troglodytes","YES1","XM_512048.2","XP_512048.2","100.00","99.90"
"YES1","7525","55900","C.lupus","YES1","XM_547654.2","XP_547654.1","98.00","94.40"
"YES1","7525","55900","B.taurus","YES1","NM_001101060.1","NP_001094530.1","97.20","91.80"
"YES1","7525","55900","M.musculus","Yes1","NM_009535.2","NP_033561.1","96.30","91.40"
"YES1","7525","55900","R.norvegicus","Yes1","NM_033298.1","NP_150640.1","94.70","91.00"
"YES1","7525","55900","G.gallus","YES1","NM_205301.1","NP_990632.1","92.20","84.50"
"YES1","7525","55900","D.rerio","yes1","NM_001013270.2","NP_001013288.2","86.40","72.40"
"YWHAB","7529","20724","H.sapiens","YWHAB","NM_139323.2","NP_647539.1","0.00","0.00"
"YWHAB","7529","20724","C.lupus","YWHAB","XM_847661.1","XP_852754.1","100.00","93.70"
"YWHAB","7529","20724","B.taurus","YWHAB","NM_174794.2","NP_777219.2","100.00","92.00"
"YWHAB","7529","20724","M.musculus","Ywhab","NM_018753.4","NP_061223.2","98.80","90.70"
"YWHAB","7529","20724","R.norvegicus","Ywhab","NM_019377.1","NP_062250.1","98.40","91.30"
"YWHAB","7529","20724","G.gallus","YWHAB","NM_001006289.1","NP_001006289.1","98.00","84.70"
"YWHAB","7529","20724","D.rerio","ywhaba","NM_001082798.1","NP_001076267.1","88.80","78.50"
"YWHAB","7529","20724","D.rerio","ywhabb","NM_213145.1","NP_998310.1","91.40","80.10"
"YWHAB","7529","20724","D.rerio","LOC100334119","XM_002663204.1","XP_002663250.1","89.30","78.40"
"ZBED1","9189","123965","H.sapiens","ZBED1","NM_001171135.1","NP_001164606.1","0.00","0.00"
"ZBED1","9189","123965","C.lupus","ZBED1","XM_548835.2","XP_548835.2","89.50","87.90"
"ZBED1","9189","123965","B.taurus","ZBED1","XM_586037.4","XP_586037.4","81.60","84.20"
"ZBED1","9189","123965","G.gallus","ZBED1","XM_416859.2","XP_416859.1","84.10","74.50"
"ZBED1","9189","123965","D.rerio","LOC100329760","XM_002663739.1","XP_002663785.1","28.60","42.30"
"ZBED1","9189","123965","D.rerio","LOC100331637","XM_002660788.1","XP_002660834.1","28.50","42.30"
"ZBED1","9189","123965","D.melanogaster","CG16863","NM_001042896.2","NP_001036361.1","23.20","41.00"
"ZEB1","6935","31779","H.sapiens","ZEB1","NM_001174096.1","NP_001167567.1","0.00","0.00"
"ZEB1","6935","31779","C.lupus","ZEB1","XM_844772.1","XP_849865.1","94.90","93.90"
"ZEB1","6935","31779","B.taurus","ZEB1","XM_615192.3","XP_615192.2","88.90","85.40"
"ZEB1","6935","31779","M.musculus","Zeb1","NM_011546.2","NP_035676.1","88.50","85.90"
"ZEB1","6935","31779","R.norvegicus","Zeb1","NM_013164.1","NP_037296.1","85.60","83.80"
"ZEB1","6935","31779","G.gallus","ZEB1","NM_205131.1","NP_990462.1","86.30","83.60"
"ZEB1","6935","31779","D.rerio","zeb1","NM_131709.1","NP_571784.1","61.40","62.80"
"ZIC1","7545","2562","H.sapiens","ZIC1","NM_003412.3","NP_003403.2","0.00","0.00"
"ZIC1","7545","2562","P.troglodytes","ZIC1","XM_516806.2","XP_516806.2","100.00","99.90"
"ZIC1","7545","2562","B.taurus","ZIC1","XM_594986.3","XP_594986.2","99.70","93.30"
"ZIC1","7545","2562","M.musculus","Zic1","NM_009573.3","NP_033599.2","99.30","90.80"
"ZIC1","7545","2562","R.norvegicus","Zic1","NM_022677.1","NP_073168.1","99.30","91.20"
"ZIC1","7545","2562","G.gallus","ZIC1","NM_204254.1","NP_989585.1","94.10","83.10"
"ZIC1","7545","2562","D.rerio","zic1","NM_130933.1","NP_571008.1","89.50","77.40"
"ZMYND19","116225","12093","H.sapiens","ZMYND19","NM_138462.2","NP_612471.1","0.00","0.00"
"ZMYND19","116225","12093","P.troglodytes","ZMYND19","XM_520392.2","XP_520392.2","100.00","99.50"
"ZMYND19","116225","12093","B.taurus","ZMYND19","XM_868767.2","XP_873860.2","94.80","88.30"
"ZMYND19","116225","12093","M.musculus","Zmynd19","NM_026021.2","NP_080297.1","100.00","90.20"
"ZMYND19","116225","12093","R.norvegicus","Zmynd19","NM_198770.2","NP_942065.1","100.00","89.40"
"ZMYND19","116225","12093","G.gallus","ZMYND19","NM_204443.1","NP_989774.1","94.70","84.00"
"ZMYND19","116225","12093","D.rerio","zmynd19","NM_183069.1","NP_898892.1","80.20","72.00"
"ZNF207","7756","2581","H.sapiens","ZNF207","NM_001098507.1","NP_001091977.1","0.00","0.00"
"ZNF207","7756","2581","P.troglodytes","ZNF207","XM_511402.2","XP_511402.2","100.00","99.80"
"ZNF207","7756","2581","C.lupus","ZNF207","XM_537731.2","XP_537731.2","99.80","95.60"
"ZNF207","7756","2581","B.taurus","ZNF207","NM_001035268.1","NP_001030345.1","98.80","94.20"
"ZNF207","7756","2581","M.musculus","Zfp207","NM_011751.2","NP_035881.1","98.90","94.00"
"ZNF207","7756","2581","R.norvegicus","Zfp207","NM_001039020.1","NP_001034109.1","99.40","93.70"
"ZNF207","7756","2581","G.gallus","ZNF207","XM_415665.2","XP_415665.2","95.40","87.10"
"ZNF207","7756","2581","D.rerio","znf207a","NM_213197.1","NP_998362.1","74.30","71.80"
"ZNF207","7756","2581","C.elegans","B0035.1","NM_069723.3","NP_502124.1","43.00","50.10"
"ZNF207","7756","2581","A.thaliana","SUF4","NM_102836.2","NP_564369.1","41.60","49.90"
"ZNF207","7756","2581","O.sativa","Os09g0560900","NM_001070466.1","NP_001063931.1","44.80","50.30"
"","0","0","","","","","0.00","0.00"
"","0","0","","","","","0.00","0.00"
"","0","0","","","","","0.00","0.00"
"","0","0","","","","","0.00","0.00"
"","0","0","","","","","0.00","0.00"
"","0","0","","","","","0.00","0.00"
"","0","0","","","","","0.00","0.00"
"","0","0","","","","","0.00","0.00"
"","0","0","","","","","0.00","0.00"
"","0","0","","","","","0.00","0.00"
"","0","0","","","","","0.00","0.00"
"","0","0","","","","","0.00","0.00"
"","0","0","","","","","0.00","0.00"
"","0","0","","","","","0.00","0.00"
"","0","0","","","","","0.00","0.00"
"","0","0","","","","","0.00","0.00"
"","0","0","","","","","0.00","0.00"
