"Gene_Name","Gene_ID","Protein_ID","Family_A","Description_A","Entry_Type_A","Clan_A","Envelope_Start_A","Envelope_End_A","Alignment_Start_A","ALignment_End_A","HMM_From_A","HMM_To_A","BIT_Score_A","E_Value_A","Predicted_Active_Sites"
"ABCB1","5243","NP_000918.2","ABC_tran","ABC transporter","Domain","CL0023","434","559","434","559","1","118","87.60","6.00E-25","n/a"
"ABCB1","5243","NP_000918.2","ABC_tran","ABC transporter","Domain","CL0023","1077","1204","1077","1204","1","118","79.40","2.00E-22","n/a"
"ABCB1","5243","NP_000918.2","ABC_membrane","ABC transporter transmembrane region","Family","CL0241","51","345","52","345","2","275","314.50","4.90E-94","n/a"
"ABCB1","5243","NP_000918.2","ABC_membrane","ABC transporter transmembrane region","Family","CL0241","711","991","715","988","1","272","230.00","2.80E-68","n/a"
"ABCC3","8714","NP_003777.2","ABC_tran","ABC transporter","Domain","CL0023","668","779","668","778","1","117","55.00","7.60E-15","n/a"
"ABCC3","8714","NP_003777.2","ABC_tran","ABC transporter","Domain","CL0023","1330","1454","1333","1454","4","118","61.00","1.00E-16","n/a"
"ABCC3","8714","NP_001137542.1","ABC_membrane","ABC transporter transmembrane region","Family","CL0241","311","552","312","545","2","238","123.20","1.00E-35","n/a"
"ABCC3","8714","NP_003777.2","ABC_membrane","ABC transporter transmembrane region","Family","CL0241","311","582","312","582","2","275","132.20","1.90E-38","n/a"
"ABCC3","8714","NP_003777.2","ABC_membrane","ABC transporter transmembrane region","Family","CL0241","965","1240","973","1240","3","275","137.80","3.50E-40","n/a"
"ACOT2","10965","NP_006812.3","Bile_Hydr_Trans","Acyl-CoA thioester hydrolase/BAAT N-terminal region","Family","n/a","77","204","77","203","1","125","125.40","8.00E-37","n/a"
"ACOT2","10965","NP_006812.3","BAAT_C","BAAT / Acyl-CoA thioester hydrolase C terminal","Domain","CL0028","265","474","266","473","2","212","297.20","5.30E-89","388;294;422"
"ADAM3","80332","NP_079496.1","ADAM_CR","ADAM cysteine-rich","Family","n/a","503","621","503","611","1","105","105.60","1.30E-30","n/a"
"ADAM3","80332","NP_694882.1","ADAM_CR","ADAM cysteine-rich","Family","n/a","503","621","503","611","1","105","105.60","1.30E-30","n/a"
"ADAM3","80332","NP_079496.1","Disintegrin","Disintegrin","Domain","n/a","426","501","426","500","1","75","82.30","1.70E-23","n/a"
"ADAM3","80332","NP_694882.1","Disintegrin","Disintegrin","Domain","n/a","426","501","426","500","1","75","82.30","1.70E-23","n/a"
"ADAM3","80332","NP_079496.1","Reprolysin","Reprolysin (M12B) family zinc metalloprotease","Domain","CL0126","210","409","210","409","1","199","205.70","4.30E-61","346"
"ADAM3","80332","NP_694882.1","Reprolysin","Reprolysin (M12B) family zinc metalloprotease","Domain","CL0126","210","409","210","409","1","199","205.70","4.30E-61","346"
"ADAM3","80332","NP_079496.1","Pep_M12B_propep","Reprolysin family propeptide","Family","n/a","37","167","40","165","4","132","104.50","2.80E-30","n/a"
"ADAM3","80332","NP_694882.1","Pep_M12B_propep","Reprolysin family propeptide","Family","n/a","37","167","40","165","4","132","104.50","2.80E-30","n/a"
"ADAM9","8754","NP_003807.1","ADAM_CR","ADAM cysteine-rich","Family","n/a","501","617","501","617","1","117","128.90","7.50E-38","n/a"
"ADAM9","8754","NP_003807.1","Disintegrin","Disintegrin","Domain","n/a","423","499","423","498","1","75","78.60","2.40E-22","n/a"
"ADAM9","8754","NP_003807.1","Reprolysin","Reprolysin (M12B) family zinc metalloprotease","Domain","CL0126","212","406","212","406","1","199","225.00","5.00E-67","348"
"ADAM9","8754","NP_003807.1","Pep_M12B_propep","Reprolysin family propeptide","Family","n/a","43","163","43","163","1","134","128.60","1.00E-37","n/a"
"ADAMTS5","11096","NP_008969.2","Pep_M12B_propep","Reprolysin family propeptide","Family","n/a","39","191","53","173","16","125","73.60","1.00E-20","n/a"
"ADAMTS5","11096","NP_008969.2","Reprolysin","Reprolysin (M12B) family zinc metalloprotease","Domain","CL0126","267","476","267","476","1","199","91.60","3.70E-26","411"
"ADAMTS5","11096","NP_008969.2","TSP_1","Thrombospondin type 1 domain","Family","n/a","571","621","572","621","2","49","29.90","3.60E-07","n/a"
"ADAMTS5","11096","NP_008969.2","ADAM_spacer1","ADAM-TS Spacer 1","Family","n/a","732","852","733","852","2","114","111.40","1.60E-32","n/a"
"ADAMTS5","11096","NP_008969.2","TSP_1","Thrombospondin type 1 domain","Family","n/a","879","930","881","930","3","49","17.70","0.0023","n/a"
"ADD3","120","NP_001112.2","Aldolase_II","Class II Aldolase and Adducin N-terminal domain","Domain","n/a","139","321","139","321","1","183","134.80","2.00E-39","n/a"
"ADD3","120","NP_058432.1","Aldolase_II","Class II Aldolase and Adducin N-terminal domain","Domain","n/a","139","321","139","321","1","183","134.70","2.20E-39","n/a"
"ADD3","120","NP_063968.1","Aldolase_II","Class II Aldolase and Adducin N-terminal domain","Domain","n/a","139","321","139","321","1","183","134.80","2.00E-39","n/a"
"AGR2","10551","NP_006399.1","Aminotran_1_2","Aminotransferase class I and II","Domain","CL0061","98","464","99","464","2","363","143.50","6.20E-42","n/a"
"AKT1","207","NP_001014431.1","PH","PH domain","Domain","CL0266","6","108","6","106","1","103","49.60","3.00E-13","n/a"
"AKT1","207","NP_001014432.1","PH","PH domain","Domain","CL0266","6","108","6","106","1","103","49.60","3.00E-13","n/a"
"AKT1","207","NP_005154.2","PH","PH domain","Domain","CL0266","6","108","6","106","1","103","49.60","3.00E-13","n/a"
"AKT1","207","NP_001014431.1","Pkinase_C","Protein kinase C terminal domain","Family","n/a","428","478","428","476","1","47","38.90","5.90E-10","n/a"
"AKT1","207","NP_001014432.1","Pkinase_C","Protein kinase C terminal domain","Family","n/a","428","478","428","476","1","47","38.90","5.90E-10","n/a"
"AKT1","207","NP_005154.2","Pkinase_C","Protein kinase C terminal domain","Family","n/a","428","478","428","476","1","47","38.90","5.90E-10","n/a"
"AKT1","207","NP_001014431.1","Pkinase","Protein kinase domain","Domain","CL0016","150","408","151","408","2","260","251.20","6.90E-75","292;274;274;274"
"AKT1","207","NP_001014432.1","Pkinase","Protein kinase domain","Domain","CL0016","150","408","151","408","2","260","251.20","6.90E-75","292;274;274;274"
"AKT1","207","NP_005154.2","Pkinase","Protein kinase domain","Domain","CL0016","150","408","151","408","2","260","251.20","6.90E-75","292;274;274;274"
"ALDH1A2","8854","NP_001193826.1","Aldedh","Aldehyde dehydrogenase family","Family","CL0099","25","488","25","488","1","462","627.60","7.3E-189","2;65;299"
"ALDH1A2","8854","NP_003879.2","Aldedh","Aldehyde dehydrogenase family","Family","CL0099","46","509","46","509","1","462","627.30","8.6E-189","2;86;320"
"ALDH1A2","8854","NP_733797.1","Aldedh","Aldehyde dehydrogenase family","Family","CL0099","226","471","228","471","216","462","335.90","2.1E-100","248;282"
"ALDH1A2","8854","NP_733798.1","Aldedh","Aldehyde dehydrogenase family","Family","CL0099","1","413","1","413","48","462","571.40","7.7E-172","190;224"
"ALPPL2","251","NP_112603.2","Alk_phosphatase","Alkaline phosphatase","Domain","CL0088","52","487","52","487","1","421","623.90","8.90E-188","111;111"
"ANXA2","302","NP_001002857.1","Annexin","Annexin","Family","n/a","37","102","38","102","2","66","68.70","2.50E-19","n/a"
"ANXA2","302","NP_001002857.1","Annexin","Annexin","Family","n/a","109","174","109","174","1","66","95.80","8.00E-28","n/a"
"ANXA2","302","NP_001002857.1","Annexin","Annexin","Family","n/a","193","259","193","259","1","66","59.70","1.50E-16","n/a"
"ANXA2","302","NP_001002857.1","Annexin","Annexin","Family","n/a","269","334","269","333","1","65","81.10","3.20E-23","n/a"
"ANXA2","302","NP_001002858.1","Annexin","Annexin","Family","n/a","55","120","56","120","2","66","68.50","2.70E-19","n/a"
"ANXA2","302","NP_001002858.1","Annexin","Annexin","Family","n/a","127","192","127","192","1","66","95.70","8.70E-28","n/a"
"ANXA2","302","NP_001002858.1","Annexin","Annexin","Family","n/a","211","277","211","277","1","66","59.60","1.60E-16","n/a"
"ANXA2","302","NP_001002858.1","Annexin","Annexin","Family","n/a","287","352","287","351","1","65","81.00","3.50E-23","n/a"
"ANXA2","302","NP_001129487.1","Annexin","Annexin","Family","n/a","37","102","38","102","2","66","68.70","2.50E-19","n/a"
"ANXA2","302","NP_001129487.1","Annexin","Annexin","Family","n/a","109","174","109","174","1","66","95.80","8.00E-28","n/a"
"ANXA2","302","NP_001129487.1","Annexin","Annexin","Family","n/a","193","259","193","259","1","66","59.70","1.50E-16","n/a"
"ANXA2","302","NP_001129487.1","Annexin","Annexin","Family","n/a","269","334","269","333","1","65","81.10","3.20E-23","n/a"
"ANXA2","302","NP_004030.1","Annexin","Annexin","Family","n/a","37","102","38","102","2","66","68.70","2.50E-19","n/a"
"ANXA2","302","NP_004030.1","Annexin","Annexin","Family","n/a","109","174","109","174","1","66","95.80","8.00E-28","n/a"
"ANXA2","302","NP_004030.1","Annexin","Annexin","Family","n/a","193","259","193","259","1","66","59.70","1.50E-16","n/a"
"ANXA2","302","NP_004030.1","Annexin","Annexin","Family","n/a","269","334","269","333","1","65","81.10","3.20E-23","n/a"
"APC","324","NP_000029.2","Suppressor_APC","Adenomatous polyposis coli tumour suppressor protein","Family","n/a","126","208","128","208","3","84","95.00","1.40E-27","n/a"
"APC","324","NP_001120982.1","Suppressor_APC","Adenomatous polyposis coli tumour suppressor protein","Family","n/a","126","208","128","208","3","84","95.00","1.40E-27","n/a"
"APC","324","NP_001120983.2","Suppressor_APC","Adenomatous polyposis coli tumour suppressor protein","Family","n/a","136","218","138","218","3","84","95.00","1.40E-27","n/a"
"APC","324","NP_000029.2","APC_15aa","APC 15 residue motif","Motif","n/a","1020","1035","1020","1035","1","16","24.30","1.50E-05","n/a"
"APC","324","NP_000029.2","APC_15aa","APC 15 residue motif","Motif","n/a","1136","1151","1136","1151","1","16","20.10","3.50E-04","n/a"
"APC","324","NP_000029.2","APC_15aa","APC 15 residue motif","Motif","n/a","1155","1170","1155","1170","1","16","23.00","4.10E-05","n/a"
"APC","324","NP_000029.2","APC_15aa","APC 15 residue motif","Motif","n/a","1172","1187","1172","1186","1","15","25.90","4.80E-06","n/a"
"APC","324","NP_001120982.1","APC_15aa","APC 15 residue motif","Motif","n/a","1020","1035","1020","1035","1","16","24.30","1.50E-05","n/a"
"APC","324","NP_001120982.1","APC_15aa","APC 15 residue motif","Motif","n/a","1136","1151","1136","1151","1","16","20.10","3.50E-04","n/a"
"APC","324","NP_001120982.1","APC_15aa","APC 15 residue motif","Motif","n/a","1155","1170","1155","1170","1","16","23.00","4.10E-05","n/a"
"APC","324","NP_001120982.1","APC_15aa","APC 15 residue motif","Motif","n/a","1172","1187","1172","1186","1","15","25.90","4.80E-06","n/a"
"APC","324","NP_001120983.2","APC_15aa","APC 15 residue motif","Motif","n/a","1002","1017","1002","1017","1","16","24.30","1.50E-05","n/a"
"APC","324","NP_001120983.2","APC_15aa","APC 15 residue motif","Motif","n/a","1118","1133","1118","1133","1","16","20.10","3.50E-04","n/a"
"APC","324","NP_001120983.2","APC_15aa","APC 15 residue motif","Motif","n/a","1137","1152","1137","1152","1","16","23.00","4.10E-05","n/a"
"APC","324","NP_001120983.2","APC_15aa","APC 15 residue motif","Motif","n/a","1154","1169","1154","1168","1","15","25.90","4.70E-06","n/a"
"APC","324","NP_000029.2","APC_basic","APC basic domain","Motif","n/a","2223","2579","2223","2579","1","359","466.90","3.50E-140","n/a"
"APC","324","NP_001120982.1","APC_basic","APC basic domain","Motif","n/a","2223","2579","2223","2579","1","359","466.90","3.50E-140","n/a"
"APC","324","NP_001120983.2","APC_basic","APC basic domain","Motif","n/a","2205","2561","2205","2561","1","359","466.90","3.50E-140","n/a"
"APC","324","NP_000029.2","APC_crr","APC cysteine-rich region","Motif","n/a","1256","1281","1256","1281","1","26","42.50","2.30E-11","n/a"
"APC","324","NP_000029.2","APC_crr","APC cysteine-rich region","Motif","n/a","1369","1394","1370","1394","2","26","33.10","2.20E-08","n/a"
"APC","324","NP_000029.2","APC_crr","APC cysteine-rich region","Motif","n/a","1485","1510","1486","1510","2","26","21.80","7.70E-05","n/a"
"APC","324","NP_000029.2","APC_crr","APC cysteine-rich region","Motif","n/a","1636","1661","1637","1661","2","26","35.20","4.60E-09","n/a"
"APC","324","NP_000029.2","APC_crr","APC cysteine-rich region","Motif","n/a","1840","1866","1841","1866","2","26","34.90","5.80E-09","n/a"
"APC","324","NP_000029.2","APC_crr","APC cysteine-rich region","Motif","n/a","1948","1973","1948","1973","1","26","32.10","4.50E-08","n/a"
"APC","324","NP_000029.2","APC_crr","APC cysteine-rich region","Motif","n/a","2006","2031","2008","2031","3","26","39.40","2.20E-10","n/a"
"APC","324","NP_001120982.1","APC_crr","APC cysteine-rich region","Motif","n/a","1256","1281","1256","1281","1","26","42.50","2.30E-11","n/a"
"APC","324","NP_001120982.1","APC_crr","APC cysteine-rich region","Motif","n/a","1369","1394","1370","1394","2","26","33.10","2.20E-08","n/a"
"APC","324","NP_001120982.1","APC_crr","APC cysteine-rich region","Motif","n/a","1485","1510","1486","1510","2","26","21.80","7.70E-05","n/a"
"APC","324","NP_001120982.1","APC_crr","APC cysteine-rich region","Motif","n/a","1636","1661","1637","1661","2","26","35.20","4.60E-09","n/a"
"APC","324","NP_001120982.1","APC_crr","APC cysteine-rich region","Motif","n/a","1840","1866","1841","1866","2","26","34.90","5.80E-09","n/a"
"APC","324","NP_001120982.1","APC_crr","APC cysteine-rich region","Motif","n/a","1948","1973","1948","1973","1","26","32.10","4.50E-08","n/a"
"APC","324","NP_001120982.1","APC_crr","APC cysteine-rich region","Motif","n/a","2006","2031","2008","2031","3","26","39.40","2.20E-10","n/a"
"APC","324","NP_001120983.2","APC_crr","APC cysteine-rich region","Motif","n/a","1238","1263","1238","1263","1","26","42.50","2.30E-11","n/a"
"APC","324","NP_001120983.2","APC_crr","APC cysteine-rich region","Motif","n/a","1351","1376","1352","1376","2","26","33.10","2.20E-08","n/a"
"APC","324","NP_001120983.2","APC_crr","APC cysteine-rich region","Motif","n/a","1467","1492","1468","1492","2","26","21.80","7.70E-05","n/a"
"APC","324","NP_001120983.2","APC_crr","APC cysteine-rich region","Motif","n/a","1618","1643","1619","1643","2","26","35.20","4.60E-09","n/a"
"APC","324","NP_001120983.2","APC_crr","APC cysteine-rich region","Motif","n/a","1822","1848","1823","1848","2","26","34.90","5.80E-09","n/a"
"APC","324","NP_001120983.2","APC_crr","APC cysteine-rich region","Motif","n/a","1930","1955","1930","1955","1","26","32.10","4.40E-08","n/a"
"APC","324","NP_001120983.2","APC_crr","APC cysteine-rich region","Motif","n/a","1988","2013","1990","2013","3","26","39.40","2.20E-10","n/a"
"APC","324","NP_000029.2","Arm","Armadillo/beta-catenin-like repeat","Repeat","CL0020","512","553","522","552","10","40","21.60","1.10E-04","n/a"
"APC","324","NP_000029.2","Arm","Armadillo/beta-catenin-like repeat","Repeat","CL0020","649","689","649","689","1","41","33.10","2.60E-08","n/a"
"APC","324","NP_000029.2","Arm","Armadillo/beta-catenin-like repeat","Repeat","CL0020","691","731","691","730","1","40","20.40","2.60E-04","n/a"
"APC","324","NP_001120982.1","Arm","Armadillo/beta-catenin-like repeat","Repeat","CL0020","512","553","522","552","10","40","21.60","1.10E-04","n/a"
"APC","324","NP_001120982.1","Arm","Armadillo/beta-catenin-like repeat","Repeat","CL0020","649","689","649","689","1","41","33.10","2.60E-08","n/a"
"APC","324","NP_001120982.1","Arm","Armadillo/beta-catenin-like repeat","Repeat","CL0020","691","731","691","730","1","40","20.40","2.60E-04","n/a"
"APC","324","NP_001120983.2","Arm","Armadillo/beta-catenin-like repeat","Repeat","CL0020","494","535","504","534","10","40","21.60","1.00E-04","n/a"
"APC","324","NP_001120983.2","Arm","Armadillo/beta-catenin-like repeat","Repeat","CL0020","631","671","631","671","1","41","33.10","2.60E-08","n/a"
"APC","324","NP_001120983.2","Arm","Armadillo/beta-catenin-like repeat","Repeat","CL0020","673","713","673","712","1","40","20.40","2.60E-04","n/a"
"APC","324","NP_000029.2","EB1_binding","EB-1 Binding Domain","Family","n/a","2670","2843","2670","2843","1","174","345.10","8.00E-104","n/a"
"APC","324","NP_001120982.1","EB1_binding","EB-1 Binding Domain","Family","n/a","2670","2843","2670","2843","1","174","345.10","8.00E-104","n/a"
"APC","324","NP_001120983.2","EB1_binding","EB-1 Binding Domain","Family","n/a","2652","2825","2652","2825","1","174","345.10","7.90E-104","n/a"
"APC","324","NP_000029.2","SAMP","SAMP Motif","Motif","n/a","1569","1589","1569","1589","1","20","32.30","2.60E-08","n/a"
"APC","324","NP_000029.2","SAMP","SAMP Motif","Motif","n/a","1718","1738","1719","1738","2","20","33.10","1.60E-08","n/a"
"APC","324","NP_000029.2","SAMP","SAMP Motif","Motif","n/a","2034","2053","2034","2051","1","18","33.00","1.60E-08","n/a"
"APC","324","NP_001120982.1","SAMP","SAMP Motif","Motif","n/a","1569","1589","1569","1589","1","20","32.30","2.60E-08","n/a"
"APC","324","NP_001120982.1","SAMP","SAMP Motif","Motif","n/a","1718","1738","1719","1738","2","20","33.10","1.60E-08","n/a"
"APC","324","NP_001120982.1","SAMP","SAMP Motif","Motif","n/a","2034","2053","2034","2051","1","18","33.00","1.60E-08","n/a"
"APC","324","NP_001120983.2","SAMP","SAMP Motif","Motif","n/a","1551","1571","1551","1571","1","20","32.40","2.60E-08","n/a"
"APC","324","NP_001120983.2","SAMP","SAMP Motif","Motif","n/a","1700","1720","1701","1720","2","20","33.10","1.50E-08","n/a"
"APC","324","NP_001120983.2","SAMP","SAMP Motif","Motif","n/a","2016","2035","2016","2033","1","18","33.00","1.60E-08","n/a"
"AR","367","NP_000035.2","Androgen_recep","Androgen receptor","Family","n/a","6","449","6","449","1","423","901.70","5.00E-272","n/a"
"AR","367","NP_000035.2","Hormone_recep","Ligand-binding domain of nuclear hormone receptor","Domain","n/a","688","895","699","877","16","197","111.20","2.80E-32","n/a"
"AR","367","NP_001011645.1","Hormone_recep","Ligand-binding domain of nuclear hormone receptor","Domain","n/a","156","364","167","345","16","197","113.30","6.50E-33","n/a"
"AR","367","NP_000035.2","zf-C4","Zinc finger; C4 type (two domains)","Domain","n/a","558","627","558","626","1","69","93.30","6.20E-27","n/a"
"AR","367","NP_001011645.1","zf-C4","Zinc finger; C4 type (two domains)","Domain","n/a","26","95","26","94","1","69","95.00","1.80E-27","n/a"
"AREG","374","NP_001648.1","FtsL","Cell division protein FtsL","Family","CL0225","188","249","202","247","15","60","18.10","1.30E-03","n/a"
"AREG","374","NP_001648.1","EGF","EGF-like domain","Domain","CL0001","143","180","151","180","3","32","17.80","2.00E-03","n/a"
"AREG","374","NP_001648.1","Phage_B","Scaffold protein B","Family","n/a","101","214","118","207","14","106","13.40","5.50E-02","n/a"
"ARL4A","10124","NP_001032241.1","Arf","ADP-ribosylation factor family","Domain","CL0023","7","186","9","186","3","175","225.40","2.10E-67","n/a"
"ARL4A","10124","NP_001182325.1","Arf","ADP-ribosylation factor family","Domain","CL0023","7","186","9","186","3","175","225.40","2.10E-67","n/a"
"ARL4A","10124","NP_005729.1","Arf","ADP-ribosylation factor family","Domain","CL0023","7","186","9","186","3","175","225.40","2.10E-67","n/a"
"ARL4A","10124","NP_997625.1","Arf","ADP-ribosylation factor family","Domain","CL0023","7","186","9","186","3","175","225.40","2.10E-67","n/a"
"ASRGL1","80150","NP_001077395.1","Asparaginase_2","Asparaginase","Domain","CL0052","1","297","4","292","4","307","245.30","5.00E-73","168"
"ASRGL1","80150","NP_079356.3","Asparaginase_2","Asparaginase","Domain","CL0052","1","297","4","292","4","307","245.30","5.00E-73","168"
"ATAD2","29028","NP_054828.2","AAA","ATPase family associated with various cellular activities (AAA)","Family","CL0023","463","598","464","597","2","129","138.30","1.30E-40","n/a"
"ATAD2","29028","NP_054828.2","Bromodomain","Bromodomain","Domain","n/a","993","1075","1003","1068","11","76","56.40","1.70E-15","n/a"
"ATP2C2","9914","NP_055676.2","Cation_ATPase_N","Cation transporter/ATPase; N-terminus","Domain","n/a","58","125","62","125","6","69","56.90","8.40E-16","n/a"
"ATP2C2","9914","NP_055676.2","Cation_ATPase_C","Cation transporting ATPase; C-terminus","Family","n/a","756","929","756","928","1","181","152.70","5.80E-45","n/a"
"ATP2C2","9914","NP_055676.2","E1-E2_ATPase","E1-E2 ATPase","Family","n/a","136","369","136","369","1","230","240.00","1.30E-71","n/a"
"ATP2C2","9914","NP_055676.2","Hydrolase","haloacid dehalogenase-like hydrolase","Domain","CL0137","373","686","375","686","3","193","69.10","4.10E-19","379"
"ATP8A2","51761","NP_057613.4","E1-E2_ATPase","E1-E2 ATPase","Family","n/a","123","396","124","388","2","210","74.20","6.10E-21","n/a"
"ATP8A2","51761","NP_057613.4","HAD","haloacid dehalogenase-like hydrolase","Family","CL0137","425","830","426","830","2","187","65.70","4.70E-18","428"
"ATP8B2","57198","NP_001005855.1","E1-E2_ATPase","E1-E2 ATPase","Family","n/a","84","357","85","347","2","205","58.00","5.40E-16","n/a"
"ATP8B2","57198","NP_065185.1","E1-E2_ATPase","E1-E2 ATPase","Family","n/a","117","388","118","382","2","207","58.20","4.60E-16","n/a"
"ATP8B2","57198","NP_065185.1","HAD","haloacid dehalogenase-like hydrolase","Family","CL0137","422","856","422","856","1","187","58.80","6.20E-16","425"
"ATP9B","374868","NP_940933.3","E1-E2_ATPase","E1-E2 ATPase","Family","n/a","185","449","187","445","3","221","89.90","1.00E-25","n/a"
"ATP9B","374868","NP_940933.3","HAD","haloacid dehalogenase-like hydrolase","Family","CL0137","465","883","466","883","2","187","52.90","3.90E-14","468"
"ATR","545","NP_001175.2","FAT","FAT domain","Family","CL0020","1771","2092","1772","2092","2","351","184.10","3.00E-54","n/a"
"ATR","545","NP_001175.2","FATC","FATC domain","Family","n/a","2612","2644","2613","2644","2","33","46.90","1.00E-12","n/a"
"ATR","545","NP_001175.2","PI3_PI4_kinase","Phosphatidylinositol 3- and 4-kinase","Family","n/a","2321","2567","2323","2567","3","235","200.50","2.10E-59","n/a"
"ATR","545","NP_001175.2","UME","UME (NUC010) domain","Domain","n/a","1119","1225","1119","1224","1","106","90.10","6.40E-26","n/a"
"B3GAT3","26229","NP_036332.2","Glyco_transf_43","Glycosyltransferase family 43","Family","CL0110","96","313","96","313","1","207","267.60","5.00E-80","281"
"BAMBI","25805","NP_036474.1","BAMBI","BMP and activin membrane-bound inhibitor (BAMBI) N-terminal domain","Domain","CL0117","4","111","4","111","1","107","212.40","6.20E-64","n/a"
"BCAM","4059","NP_001013275.1","C2-set_2","CD80-like C2-set immunoglobulin domain","Domain","CL0011","150","248","151","248","2","89","89.50","7.80E-26","n/a"
"BCAM","4059","NP_005572.2","C2-set_2","CD80-like C2-set immunoglobulin domain","Domain","CL0011","150","248","151","248","2","89","89.40","8.60E-26","n/a"
"BCL2L1","598","NP_612815.1","Bcl-2","Apoptosis regulator proteins; Bcl-2 family","Family","n/a","90","188","90","188","1","101","114.30","1.80E-33","n/a"
"BCL2L1","598","NP_001182.1","BH4","Bcl-2 homology region 4","Family","n/a","1","27","1","27","1","27","54.90","3.10E-15","n/a"
"BCL2L1","598","NP_612815.1","BH4","Bcl-2 homology region 4","Family","n/a","1","27","1","27","1","27","54.30","5.00E-15","n/a"
"BEX5","340542","NP_001012996.1","BEX","Brain expressed X-linked like family","Family","n/a","1","110","1","110","1","100","98.10","2.20E-28","n/a"
"BEX5","340542","NP_001153032.1","BEX","Brain expressed X-linked like family","Family","n/a","1","110","1","110","1","100","98.10","2.20E-28","n/a"
"BIRC5","332","NP_001012270.1","BIR","Inhibitor of Apoptosis domain","Domain","CL0417","18","84","18","77","1","59","58.10","7.00E-16","n/a"
"BIRC5","332","NP_001012271.1","BIR","Inhibitor of Apoptosis domain","Domain","CL0417","18","76","18","74","1","56","54.00","1.40E-14","n/a"
"BIRC5","332","NP_001159.2","BIR","Inhibitor of Apoptosis domain","Domain","CL0417","18","88","18","87","1","69","77.20","7.80E-22","n/a"
"BRAF","673","NP_004324.2","C1_1","Phorbol esters/diacylglycerol binding domain (C1 domain)","Domain","CL0006","235","282","235","280","1","50","43.80","1.20E-11","n/a"
"BRAF","673","NP_004324.2","Pkinase_Tyr","Protein tyrosine kinase","Domain","CL0016","457","714","457","712","1","257","219.50","3.20E-65","576"
"BRAF","673","NP_004324.2","RBD","Raf-like Ras-binding domain","Domain","CL0072","155","227","156","227","2","71","103.40","3.10E-30","n/a"
"BST2","684","NP_004326.1","-","-","-","-","0","0","0","0","0","0","0.00","-","-"
"BTN2A1","11120","NP_001184162.1","C2-set_2","CD80-like C2-set immunoglobulin domain","Domain","CL0011","87","169","94","168","11","88","21.80","1.00E-04","n/a"
"BTN2A1","11120","NP_001184163.1","C2-set_2","CD80-like C2-set immunoglobulin domain","Domain","CL0011","148","230","155","229","11","88","22.60","5.90E-05","n/a"
"BTN2A1","11120","NP_008980.1","C2-set_2","CD80-like C2-set immunoglobulin domain","Domain","CL0011","148","230","155","229","11","88","21.50","1.20E-04","n/a"
"BTN2A1","11120","NP_510961.1","C2-set_2","CD80-like C2-set immunoglobulin domain","Domain","CL0011","148","230","155","229","11","88","22.60","6.00E-05","n/a"
"BTN2A1","11120","NP_001184162.1","V-set","Immunoglobulin V-set domain","Domain","CL0011","1","81","2","68","33","100","25.40","8.10E-06","n/a"
"BTN2A1","11120","NP_001184163.1","V-set","Immunoglobulin V-set domain","Domain","CL0011","29","142","34","129","6","100","46.30","2.80E-12","n/a"
"BTN2A1","11120","NP_008980.1","V-set","Immunoglobulin V-set domain","Domain","CL0011","29","142","34","129","6","100","45.10","6.40E-12","n/a"
"BTN2A1","11120","NP_510961.1","V-set","Immunoglobulin V-set domain","Domain","CL0011","29","142","34","129","6","100","46.20","2.80E-12","n/a"
"BTN2A1","11120","NP_001184162.1","SPRY","SPRY domain","Family","n/a","322","440","322","431","1","114","83.90","7.10E-24","n/a"
"BTN2A1","11120","NP_008980.1","SPRY","SPRY domain","Family","n/a","383","501","383","492","1","114","83.60","8.80E-24","n/a"
"C19ORF33","64073","NP_277055.1","SR-25","Nuclear RNA-splicing-associated protein","Family","n/a","26","106","49","103","61","115","19.00","0.00062","n/a"
"C1QTNF3","114899","NP_112207.1","C1q","C1q domain","Domain","CL0100","119","242","119","242","1","127","116.40","6.40E-34","n/a"
"C1QTNF3","114899","NP_852100.3","C1q","C1q domain","Domain","CL0100","192","315","192","315","1","127","115.50","1.20E-33","n/a"
"C1QTNF3","114899","NP_112207.1","Collagen","Collagen triple helix repeat (20 copies)","Repeat","n/a","40","115","54","110","1","57","38.80","4.00E-10","n/a"
"C1QTNF3","114899","NP_852100.3","Collagen","Collagen triple helix repeat (20 copies)","Repeat","n/a","100","188","127","183","1","57","37.50","1.00E-09","n/a"
"C20orf32","25927","NP_001104571.1","-","-","-","-","0","0","0","0","0","0","0.00","-","-"
"C20orf32","25927","NP_056278.1","-","-","-","-","0","0","0","0","0","0","0.00","-","-"
"C8A","731","NP_000553.1","Ldl_recept_a","Low-density lipoprotein receptor domain class A","Repeat","n/a","94","130","95","130","2","37","32.60","4.30E-08","n/a"
"C8A","731","NP_000553.1","MACPF","MAC/Perforin domain","Domain","CL0293","267","490","268","490","2","212","165.30","1.20E-48","n/a"
"C8A","731","NP_000553.1","TSP_1","Thrombospondin type 1 domain","Family","n/a","540","584","541","584","2","44","24.20","2.10E-05","n/a"
"CAPG","822","NP_001738.2","Gelsolin","Gelsolin repeat","Domain","CL0092","28","107","31","107","4","76","65.30","2.30E-18","n/a"
"CAPG","822","NP_001738.2","Gelsolin","Gelsolin repeat","Domain","CL0092","146","221","147","220","2","75","70.60","5.30E-20","n/a"
"CAPG","822","NP_001738.2","Gelsolin","Gelsolin repeat","Domain","CL0092","264","341","269","340","7","75","55.30","3.00E-15","n/a"
"CAPZA1","829","NP_006126.1","F-actin_cap_A","F-actin capping protein alpha subunit","Family","n/a","12","282","12","282","1","271","343.70","4.60E-103","n/a"
"CASC2","255082","","","","","","0","0","0","0","0","0","0.00","",""
"CASC2","255082","","","","","","0","0","0","0","0","0","0.00","",""
"CASP3","836","NP_004337.2","Peptidase_C14","Caspase domain","Domain","CL0093","45","275","46","275","2","250","161.00","3.30E-47","121;163"
"CASP3","836","NP_116786.1","Peptidase_C14","Caspase domain","Domain","CL0093","45","275","46","275","2","250","161.00","3.30E-47","121;163"
"CASP7","840","NP_001218.1","Peptidase_C14","Caspase domain","Domain","CL0093","68","301","68","301","1","250","163.10","7.70E-48","144;186"
"CASP7","840","NP_203124.1","Peptidase_C14","Caspase domain","Domain","CL0093","101","334","101","334","1","250","162.60","1.10E-47","177;219"
"CASP7","840","NP_203125.1","Peptidase_C14","Caspase domain","Domain","CL0093","68","301","68","301","1","250","163.10","7.70E-48","144;186"
"CASP7","840","NP_203126.1","Peptidase_C14","Caspase domain","Domain","CL0093","68","160","68","150","1","81","50.00","2.50E-13","n/a"
"CCL2","6347","NP_002973.1","IL8","Small cytokines (intecrine/chemokine); interleukin-8 like","Domain","n/a","26","90","30","90","5","65","73.20","9.60E-21","n/a"
"CCL20","6364","NP_001123518.1","IL8","Small cytokines (intecrine/chemokine); interleukin-8 like","Domain","n/a","24","88","27","87","3","64","74.90","2.80E-21","n/a"
"CCL20","6364","NP_004582.1","IL8","Small cytokines (intecrine/chemokine); interleukin-8 like","Domain","n/a","25","89","27","88","2","64","75.20","2.30E-21","n/a"
"CCNA2","890","NP_001228.1","Cyclin_C","Cyclin; C-terminal domain","Domain","CL0065","309","427","309","426","1","117","89.70","9.90E-26","n/a"
"CCNA2","890","NP_001228.1","Cyclin_N","Cyclin; N-terminal domain","Domain","CL0065","181","307","181","306","1","126","165.00","4.20E-49","n/a"
"CCND1","595","NP_444284.1","Cyclin_C","Cyclin; C-terminal domain","Domain","CL0065","155","283","156","273","2","107","78.20","3.50E-22","n/a"
"CCND1","595","NP_444284.1","Cyclin_N","Cyclin; N-terminal domain","Domain","CL0065","26","153","28","152","3","126","130.00","2.90E-38","n/a"
"CCNE1","898","NP_001229.1","Cyclin_C","Cyclin; C-terminal domain","Domain","CL0065","244","366","245","364","2","116","44.10","1.40E-11","n/a"
"CCNE1","898","NP_476530.1","Cyclin_C","Cyclin; C-terminal domain","Domain","CL0065","229","351","230","349","2","116","44.20","1.30E-11","n/a"
"CCNE1","898","NP_001229.1","Cyclin_N","Cyclin; N-terminal domain","Domain","CL0065","115","242","115","241","1","126","137.30","1.60E-40","n/a"
"CCNE1","898","NP_476530.1","Cyclin_N","Cyclin; N-terminal domain","Domain","CL0065","100","227","100","226","1","126","137.40","1.50E-40","n/a"
"CCR2","729230","NP_001116513.2","7tm_1","7 transmembrane receptor (rhodopsin family)","Family","CL0192","59","305","59","305","1","257","189.60","4.30E-56","n/a"
"CCR2","729230","NP_001116513.2","7tm_1","7 transmembrane receptor (rhodopsin family)","Family","CL0192","433","679","433","679","1","257","189.60","4.30E-56","n/a"
"CCR2","729230","NP_001116513.2","7tm_1","7 transmembrane receptor (rhodopsin family)","Family","CL0192","807","1053","807","1053","1","257","189.60","4.30E-56","n/a"
"CCR2","729230","NP_001116868.1","7tm_1","7 transmembrane receptor (rhodopsin family)","Family","CL0192","59","305","59","305","1","257","193.20","3.30E-57","n/a"
"CD24","100133941","NP_037362.1","DUF1180","Protein of unknown function (DUF1180)","Family","n/a","1","75","4","60","5","69","13.30","0.045","n/a"
"CD248","57124","NP_065137.1","Lectin_C","Lectin C-type domain","Domain","CL0056","40","158","41","158","2","108","38.30","1.10E-09","n/a"
"CD248","57124","NP_065137.1","EGF_CA","Calcium-binding EGF domain","Domain","CL0001","312","350","312","350","1","42","25.20","9.60E-06","n/a"
"CD44","960","NP_000601.3","Xlink","Extracellular link domain","Domain","CL0056","31","119","32","119","2","92","92.30","1.20E-26","n/a"
"CD44","960","NP_001001389.1","Xlink","Extracellular link domain","Domain","CL0056","31","119","32","119","2","92","92.50","1.10E-26","n/a"
"CD44","960","NP_001001390.1","Xlink","Extracellular link domain","Domain","CL0056","31","119","32","119","2","92","93.20","6.30E-27","n/a"
"CD44","960","NP_001001391.1","Xlink","Extracellular link domain","Domain","CL0056","31","119","32","119","2","92","93.90","3.70E-27","n/a"
"CD44","960","NP_001001392.1","Xlink","Extracellular link domain","Domain","CL0056","31","112","32","79","2","49","46.00","3.20E-12","n/a"
"CD44","960","NP_001189484.1","Xlink","Extracellular link domain","Domain","CL0056","31","119","32","119","2","92","93.50","5.00E-27","n/a"
"CD44","960","NP_001189485.1","Xlink","Extracellular link domain","Domain","CL0056","31","119","32","119","2","92","94.10","3.30E-27","n/a"
"CD44","960","NP_001189486.1","Xlink","Extracellular link domain","Domain","CL0056","31","119","32","119","2","92","94.40","2.50E-27","n/a"
"CD69","969","NP_001772.1","Lectin_C","Lectin C-type domain","Domain","CL0056","102","196","103","195","2","107","49.40","3.80E-13","n/a"
"CDC20B","166979","NP_001139206.2","WD40","WD domain; G-beta repeat","Repeat","CL0186","271","301","275","301","13","39","12.00","0.12","n/a"
"CDC20B","166979","NP_001139206.2","WD40","WD domain; G-beta repeat","Repeat","CL0186","350","382","354","382","10","38","26.50","3.20E-06","n/a"
"CDC20B","166979","NP_001139206.2","WD40","WD domain; G-beta repeat","Repeat","CL0186","440","475","443","475","7","39","23.00","4.00E-05","n/a"
"CDC20B","166979","NP_001163873.1","WD40","WD domain; G-beta repeat","Repeat","CL0186","271","301","275","301","13","39","11.80","0.13","n/a"
"CDC20B","166979","NP_001163873.1","WD40","WD domain; G-beta repeat","Repeat","CL0186","350","382","354","382","10","38","26.40","3.50E-06","n/a"
"CDC20B","166979","NP_001163873.1","WD40","WD domain; G-beta repeat","Repeat","CL0186","482","517","485","517","7","39","22.90","4.40E-05","n/a"
"CDC20B","166979","NP_689836.2","WD40","WD domain; G-beta repeat","Repeat","CL0186","271","301","275","301","13","39","11.90","0.13","n/a"
"CDC20B","166979","NP_689836.2","WD40","WD domain; G-beta repeat","Repeat","CL0186","350","382","354","382","10","38","26.40","3.50E-06","n/a"
"CDC20B","166979","NP_689836.2","WD40","WD domain; G-beta repeat","Repeat","CL0186","474","513","476","513","3","39","24.50","1.30E-05","n/a"
"CDC25B","994","NP_004349.1","M-inducer_phosp","M-phase inducer phosphatase","Family","n/a","99","370","99","370","1","259","359.70","5.10E-108","n/a"
"CDC25B","994","NP_068658.1","M-inducer_phosp","M-phase inducer phosphatase","Family","n/a","113","154","113","153","1","35","19.20","4.10E-04","n/a"
"CDC25B","994","NP_068658.1","M-inducer_phosp","M-phase inducer phosphatase","Family","n/a","153","343","154","343","73","259","270.10","1.10E-80","n/a"
"CDC25B","994","NP_068659.1","M-inducer_phosp","M-phase inducer phosphatase","Family","n/a","113","384","113","384","1","259","359.60","5.40E-108","n/a"
"CDC25B","994","NP_004349.1","Rhodanese","Rhodanese-like domain","Domain","n/a","411","518","419","515","12","110","54.50","1.10E-14","473;473"
"CDC25B","994","NP_068658.1","Rhodanese","Rhodanese-like domain","Domain","n/a","384","491","392","488","12","110","54.60","9.90E-15","446;446"
"CDC25B","994","NP_068659.1","Rhodanese","Rhodanese-like domain","Domain","n/a","425","532","433","529","12","110","54.40","1.10E-14","487;487"
"CDCP1","64866","NP_073753.3","CUB","CUB domain","Domain","CL0164","226","310","232","296","9","74","15.10","0.014","n/a"
"CDCP1","64866","NP_835488.1","CUB","CUB domain","Domain","CL0164","225","311","232","297","9","75","17.00","0.0037","n/a"
"CDH1","999","NP_004351.1","Cadherin_C","Cadherin cytoplasmic region","Family","n/a","732","879","740","878","11","148","165.80","5.10E-49","n/a"
"CDH1","999","NP_004351.1","Cadherin","Cadherin domain","Family","CL0159","159","253","161","253","3","93","48.90","4.70E-13","n/a"
"CDH1","999","NP_004351.1","Cadherin","Cadherin domain","Family","CL0159","267","366","268","366","2","93","79.10","1.80E-22","n/a"
"CDH1","999","NP_004351.1","Cadherin","Cadherin domain","Family","CL0159","380","478","380","478","1","93","54.80","6.60E-15","n/a"
"CDH1","999","NP_004351.1","Cadherin","Cadherin domain","Family","CL0159","491","585","493","581","3","88","51.80","5.80E-14","n/a"
"CDH1","999","NP_004351.1","Cadherin","Cadherin domain","Family","CL0159","598","686","600","686","3","93","40.40","2.10E-10","n/a"
"CDH1","999","NP_004351.1","Cadherin_pro","Cadherin prodomain like","Domain","CL0159","27","116","27","115","1","89","100.70","2.30E-29","n/a"
"CDH3","1001","NP_001784.2","Cadherin_C","Cadherin cytoplasmic region","Family","n/a","677","826","679","825","4","148","164.00","1.90E-48","n/a"
"CDH3","1001","NP_001784.2","Cadherin","Cadherin domain","Family","CL0159","112","206","114","205","3","92","47.70","1.10E-12","n/a"
"CDH3","1001","NP_001784.2","Cadherin","Cadherin domain","Family","CL0159","220","319","221","318","2","92","70.00","1.20E-19","n/a"
"CDH3","1001","NP_001784.2","Cadherin","Cadherin domain","Family","CL0159","333","432","333","431","1","92","64.70","5.50E-18","n/a"
"CDH3","1001","NP_001784.2","Cadherin","Cadherin domain","Family","CL0159","445","539","446","537","2","91","63.70","1.10E-17","n/a"
"CDH6","1004","NP_004923.1","Cadherin_C","Cadherin cytoplasmic region","Family","n/a","637","784","638","783","2","148","194.50","7.50E-58","n/a"
"CDH6","1004","NP_004923.1","Cadherin","Cadherin domain","Family","CL0159","59","150","74","149","18","92","36.00","5.10E-09","n/a"
"CDH6","1004","NP_004923.1","Cadherin","Cadherin domain","Family","CL0159","164","259","164","258","1","92","67.40","8.10E-19","n/a"
"CDH6","1004","NP_004923.1","Cadherin","Cadherin domain","Family","CL0159","273","375","273","357","1","77","56.20","2.50E-15","n/a"
"CDH6","1004","NP_004923.1","Cadherin","Cadherin domain","Family","CL0159","388","479","390","479","3","93","52.20","4.50E-14","n/a"
"CDH6","1004","NP_004923.1","Cadherin","Cadherin domain","Family","CL0159","492","589","492","589","1","93","39.10","5.30E-10","n/a"
"CDK4","1019","NP_000066.1","Pkinase","Protein kinase domain","Domain","CL0016","6","295","7","295","2","260","212.10","5.80E-63","158;140;140;140"
"CDKN1A","1026","NP_000380.1","CDI","Cyclin-dependent kinase inhibitor","Family","n/a","19","69","19","69","1","51","71.60","2.90E-20","n/a"
"CDKN1A","1026","NP_510867.1","CDI","Cyclin-dependent kinase inhibitor","Family","n/a","19","69","19","69","1","51","71.60","2.90E-20","n/a"
"CDKN1B","1027","NP_004055.1","CDI","Cyclin-dependent kinase inhibitor","Family","n/a","30","80","30","80","1","51","79.10","1.30E-22","n/a"
"CDKN2A","1029","NP_000068.1","Ank_2","Ankyrin repeats (3 copies)","Family","CL0465","49","144","52","133","5","81","33.10","4.10E-08","n/a"
"CDKN2A","1029","NP_001182061.1","Ank_2","Ankyrin repeats (3 copies)","Family","CL0465","53","142","54","133","7","81","31.50","1.40E-07","n/a"
"CDKN2A","1029","NP_478104.2","Ank_2","Ankyrin repeats (3 copies)","Family","CL0465","4","64","16","50","30","64","17.70","2.70E-03","n/a"
"CDKN2A","1029","NP_478102.2","P19Arf_N","Cyclin-dependent kinase inhibitor 2a p19Arf N-terminus","Family","n/a","4","54","4","54","1","51","92.10","1.30E-26","n/a"
"CDKN3","1033","NP_001124323.1","CDKN3","Cyclin-dependent kinase inhibitor 3 (CDKN3)","Family","CL0031","9","167","10","167","50","207","328.10","1.30E-98","n/a"
"CDKN3","1033","NP_005183.2","CDKN3","Cyclin-dependent kinase inhibitor 3 (CDKN3)","Family","CL0031","1","207","1","207","1","207","454.50","2.60E-137","n/a"
"CDR2L","30850","NP_055418.2","FliD_C","Flagellar hook-associated protein 2 C-terminus","Family","n/a","14","141","48","136","140","219","9.30","5.10E-01","n/a"
"CDR2L","30850","NP_055418.2","GAGE","GAGE protein","Family","n/a","177","290","186","270","10","90","11.90","1.50E-01","n/a"
"CDR2L","30850","NP_055418.2","HALZ","Homeobox associated leucine zipper","Family","n/a","113","143","115","141","17","43","15.20","1.10E-02","n/a"
"CDR2L","30850","NP_055418.2","DUF1664","Protein of unknown function (DUF1664)","Family","n/a","405","463","410","455","58","99","10.00","4.60E-01","n/a"
"CEACAM1","634","NP_001020083.1","ig","Immunoglobulin domain","Domain","CL0011","341","398","342","398","2","64","48.20","7.00E-13","n/a"
"CEACAM1","634","NP_001192273.1","ig","Immunoglobulin domain","Domain","CL0011","341","398","342","398","2","64","48.20","7.00E-13","n/a"
"CEACAM1","634","NP_001703.2","ig","Immunoglobulin domain","Domain","CL0011","341","398","342","398","2","64","48.00","8.30E-13","n/a"
"CEACAM1","634","NP_001020083.1","I-set","Immunoglobulin I-set domain","Domain","CL0011","147","233","157","232","12","89","29.00","5.90E-07","n/a"
"CEACAM1","634","NP_001020083.1","I-set","Immunoglobulin I-set domain","Domain","CL0011","239","317","243","313","6","86","26.90","2.60E-06","n/a"
"CEACAM1","634","NP_001171742.1","I-set","Immunoglobulin I-set domain","Domain","CL0011","147","233","157","232","12","89","29.10","5.30E-07","n/a"
"CEACAM1","634","NP_001171742.1","I-set","Immunoglobulin I-set domain","Domain","CL0011","239","317","243","313","6","86","27.10","2.30E-06","n/a"
"CEACAM1","634","NP_001171744.1","I-set","Immunoglobulin I-set domain","Domain","CL0011","147","233","157","232","12","89","29.00","5.90E-07","n/a"
"CEACAM1","634","NP_001171744.1","I-set","Immunoglobulin I-set domain","Domain","CL0011","239","317","243","313","6","86","26.90","2.60E-06","n/a"
"CEACAM1","634","NP_001171745.1","I-set","Immunoglobulin I-set domain","Domain","CL0011","147","233","157","232","12","89","29.50","4.10E-07","n/a"
"CEACAM1","634","NP_001171745.1","I-set","Immunoglobulin I-set domain","Domain","CL0011","239","317","243","313","6","86","27.40","1.80E-06","n/a"
"CEACAM1","634","NP_001192273.1","I-set","Immunoglobulin I-set domain","Domain","CL0011","147","233","157","232","12","89","28.90","6.00E-07","n/a"
"CEACAM1","634","NP_001192273.1","I-set","Immunoglobulin I-set domain","Domain","CL0011","239","317","243","313","6","86","26.90","2.60E-06","n/a"
"CEACAM1","634","NP_001703.2","I-set","Immunoglobulin I-set domain","Domain","CL0011","147","233","157","232","12","89","28.70","7.20E-07","n/a"
"CEACAM1","634","NP_001703.2","I-set","Immunoglobulin I-set domain","Domain","CL0011","239","317","243","313","6","86","26.60","3.10E-06","n/a"
"CEACAM1","634","NP_001020083.1","V-set","Immunoglobulin V-set domain","Domain","CL0011","33","140","35","140","3","114","75.60","2.10E-21","n/a"
"CEACAM1","634","NP_001171742.1","V-set","Immunoglobulin V-set domain","Domain","CL0011","33","140","35","140","3","114","75.80","1.90E-21","n/a"
"CEACAM1","634","NP_001171744.1","V-set","Immunoglobulin V-set domain","Domain","CL0011","33","140","35","140","3","114","75.60","2.10E-21","n/a"
"CEACAM1","634","NP_001171745.1","V-set","Immunoglobulin V-set domain","Domain","CL0011","33","140","35","140","3","114","76.20","1.40E-21","n/a"
"CEACAM1","634","NP_001192273.1","V-set","Immunoglobulin V-set domain","Domain","CL0011","33","140","35","140","3","114","75.60","2.20E-21","n/a"
"CEACAM1","634","NP_001703.2","V-set","Immunoglobulin V-set domain","Domain","CL0011","33","140","35","140","3","114","75.30","2.60E-21","n/a"
"CEP290","80184","NP_079390.3","DUF745","Protein of unknown function (DUF745)","Family","n/a","365","467","371","446","69","144","16.70","3.10E-03","n/a"
"CEP290","80184","NP_079390.3","TBPIP","Tat binding protein 1(TBP-1)-interacting protein (TBPIP)","Family","CL0123","947","1060","957","1040","69","151","9.00","7.50E-01","n/a"
"CEP290","80184","NP_079390.3","TBPIP","Tat binding protein 1(TBP-1)-interacting protein (TBPIP)","Family","CL0123","2075","2184","2082","2181","70","165","17.30","2.20E-03","n/a"
"CLDN1","9076","NP_066924.1","PMP22_Claudin","PMP-22/EMP/MP20/Claudin family","Family","CL0375","4","182","5","182","2","166","177.90","9.80E-53","n/a"
"CLMP","79827","NP_079045.1","V-set","Immunoglobulin V-set domain","Domain","CL0011","16","128","20","123","8","108","57.50","9.00E-16","n/a"
"CLMP","79827","NP_079045.1","I-set","Immunoglobulin I-set domain","Domain","CL0011","138","225","142","225","11","90","25.40","7.60E-06","n/a"
"CMTM8","152189","NP_849199.2","MARVEL","Membrane-associating domain","Domain","CL0396","36","162","36","162","1","144","67.00","1.20E-18","n/a"
"CNR2","1269","NP_001832.1","7tm_1","7 transmembrane receptor (rhodopsin family)","Family","CL0192","50","299","50","299","1","257","152.20","1.10E-44","n/a"
"CNTF","1270","NP_000605.1","CNTF","Ciliary neurotrophic factor","Domain","CL0053","1","199","1","199","1","199","405.60","1.90E-122","n/a"
"COL3A1","1281","NP_000081.1","Collagen","Collagen triple helix repeat (20 copies)","Repeat","n/a","96","149","102","139","12","49","24.20","1.40E-05","n/a"
"COL3A1","1281","NP_000081.1","Collagen","Collagen triple helix repeat (20 copies)","Repeat","n/a","167","233","171","226","4","59","34.20","1.00E-08","n/a"
"COL3A1","1281","NP_000081.1","Collagen","Collagen triple helix repeat (20 copies)","Repeat","n/a","201","279","201","258","1","58","25.00","8.00E-06","n/a"
"COL3A1","1281","NP_000081.1","Collagen","Collagen triple helix repeat (20 copies)","Repeat","n/a","294","368","294","352","1","59","30.00","2.30E-07","n/a"
"COL3A1","1281","NP_000081.1","Collagen","Collagen triple helix repeat (20 copies)","Repeat","n/a","354","413","354","412","1","59","36.40","2.20E-09","n/a"
"COL3A1","1281","NP_000081.1","Collagen","Collagen triple helix repeat (20 copies)","Repeat","n/a","474","533","474","532","1","59","37.50","9.80E-10","n/a"
"COL3A1","1281","NP_000081.1","Collagen","Collagen triple helix repeat (20 copies)","Repeat","n/a","533","593","534","592","1","59","38.50","5.00E-10","n/a"
"COL3A1","1281","NP_000081.1","Collagen","Collagen triple helix repeat (20 copies)","Repeat","n/a","590","653","594","652","1","59","23.50","2.40E-05","n/a"
"COL3A1","1281","NP_000081.1","Collagen","Collagen triple helix repeat (20 copies)","Repeat","n/a","954","1026","959","1015","3","59","33.10","2.40E-08","n/a"
"COL3A1","1281","NP_000081.1","Collagen","Collagen triple helix repeat (20 copies)","Repeat","n/a","1077","1136","1077","1135","1","59","43.40","1.40E-11","n/a"
"COL3A1","1281","NP_000081.1","Collagen","Collagen triple helix repeat (20 copies)","Repeat","n/a","1137","1196","1137","1195","1","59","38.90","3.70E-10","n/a"
"COL3A1","1281","NP_000081.1","COLFI","Fibrillar collagen C-terminal domain","Family","CL0422","1248","1465","1249","1465","2","214","317.00","3.70E-95","n/a"
"COL3A1","1281","NP_000081.1","VWC","von Willebrand factor type C domain","Family","CL0451","32","88","32","88","1","57","44.50","9.60E-12","n/a"
"COL4A5","1287","NP_000486.1","Collagen","Collagen triple helix repeat (20 copies)","Repeat","n/a","33","118","57","115","1","59","30.20","1.90E-07","n/a"
"COL4A5","1287","NP_000486.1","Collagen","Collagen triple helix repeat (20 copies)","Repeat","n/a","81","164","99","153","4","58","27.30","1.60E-06","n/a"
"COL4A5","1287","NP_000486.1","Collagen","Collagen triple helix repeat (20 copies)","Repeat","n/a","165","223","167","219","3","55","34.20","1.10E-08","n/a"
"COL4A5","1287","NP_000486.1","Collagen","Collagen triple helix repeat (20 copies)","Repeat","n/a","283","352","283","341","1","59","32.70","3.10E-08","n/a"
"COL4A5","1287","NP_000486.1","Collagen","Collagen triple helix repeat (20 copies)","Repeat","n/a","340","415","356","415","1","58","24.60","1.10E-05","n/a"
"COL4A5","1287","NP_000486.1","Collagen","Collagen triple helix repeat (20 copies)","Repeat","n/a","391","449","394","443","7","54","27.50","1.30E-06","n/a"
"COL4A5","1287","NP_000486.1","Collagen","Collagen triple helix repeat (20 copies)","Repeat","n/a","491","550","491","549","1","59","39.80","1.90E-10","n/a"
"COL4A5","1287","NP_000486.1","Collagen","Collagen triple helix repeat (20 copies)","Repeat","n/a","552","604","555","602","7","54","23.80","1.90E-05","n/a"
"COL4A5","1287","NP_000486.1","Collagen","Collagen triple helix repeat (20 copies)","Repeat","n/a","598","659","600","657","1","59","29.70","2.60E-07","n/a"
"COL4A5","1287","NP_000486.1","Collagen","Collagen triple helix repeat (20 copies)","Repeat","n/a","659","706","662","705","15","58","28.60","6.00E-07","n/a"
"COL4A5","1287","NP_000486.1","Collagen","Collagen triple helix repeat (20 copies)","Repeat","n/a","706","766","707","766","1","58","29.80","2.60E-07","n/a"
"COL4A5","1287","NP_000486.1","Collagen","Collagen triple helix repeat (20 copies)","Repeat","n/a","754","818","757","812","4","59","32.70","3.20E-08","n/a"
"COL4A5","1287","NP_000486.1","Collagen","Collagen triple helix repeat (20 copies)","Repeat","n/a","796","854","796","852","1","58","28.10","8.70E-07","n/a"
"COL4A5","1287","NP_000486.1","Collagen","Collagen triple helix repeat (20 copies)","Repeat","n/a","854","909","856","909","3","56","32.50","3.70E-08","n/a"
"COL4A5","1287","NP_000486.1","Collagen","Collagen triple helix repeat (20 copies)","Repeat","n/a","896","958","896","954","1","59","35.70","3.60E-09","n/a"
"COL4A5","1287","NP_000486.1","Collagen","Collagen triple helix repeat (20 copies)","Repeat","n/a","960","1019","961","1018","1","58","37.80","8.10E-10","n/a"
"COL4A5","1287","NP_000486.1","Collagen","Collagen triple helix repeat (20 copies)","Repeat","n/a","1013","1072","1015","1069","1","55","36.30","2.40E-09","n/a"
"COL4A5","1287","NP_000486.1","Collagen","Collagen triple helix repeat (20 copies)","Repeat","n/a","1074","1133","1074","1132","1","59","41.00","8.30E-11","n/a"
"COL4A5","1287","NP_000486.1","Collagen","Collagen triple helix repeat (20 copies)","Repeat","n/a","1128","1189","1128","1187","1","60","28.10","8.80E-07","n/a"
"COL4A5","1287","NP_000486.1","Collagen","Collagen triple helix repeat (20 copies)","Repeat","n/a","1190","1248","1190","1245","1","56","33.30","2.00E-08","n/a"
"COL4A5","1287","NP_000486.1","Collagen","Collagen triple helix repeat (20 copies)","Repeat","n/a","1246","1315","1252","1306","4","58","27.90","9.60E-07","n/a"
"COL4A5","1287","NP_000486.1","Collagen","Collagen triple helix repeat (20 copies)","Repeat","n/a","1400","1460","1400","1455","1","56","30.40","1.60E-07","n/a"
"COL4A5","1287","NP_203699.1","Collagen","Collagen triple helix repeat (20 copies)","Repeat","n/a","33","118","57","115","1","59","30.20","1.80E-07","n/a"
"COL4A5","1287","NP_203699.1","Collagen","Collagen triple helix repeat (20 copies)","Repeat","n/a","81","164","99","153","4","58","27.30","1.50E-06","n/a"
"COL4A5","1287","NP_203699.1","Collagen","Collagen triple helix repeat (20 copies)","Repeat","n/a","165","223","167","219","3","55","34.20","1.10E-08","n/a"
"COL4A5","1287","NP_203699.1","Collagen","Collagen triple helix repeat (20 copies)","Repeat","n/a","283","351","283","341","1","59","33.70","1.50E-08","n/a"
"COL4A5","1287","NP_203699.1","Collagen","Collagen triple helix repeat (20 copies)","Repeat","n/a","340","415","356","415","1","58","24.60","1.10E-05","n/a"
"COL4A5","1287","NP_203699.1","Collagen","Collagen triple helix repeat (20 copies)","Repeat","n/a","391","449","394","443","7","54","27.50","1.40E-06","n/a"
"COL4A5","1287","NP_203699.1","Collagen","Collagen triple helix repeat (20 copies)","Repeat","n/a","491","550","491","549","1","59","39.80","1.90E-10","n/a"
"COL4A5","1287","NP_203699.1","Collagen","Collagen triple helix repeat (20 copies)","Repeat","n/a","552","604","555","602","7","54","23.80","1.90E-05","n/a"
"COL4A5","1287","NP_203699.1","Collagen","Collagen triple helix repeat (20 copies)","Repeat","n/a","598","659","600","657","1","59","29.70","2.60E-07","n/a"
"COL4A5","1287","NP_203699.1","Collagen","Collagen triple helix repeat (20 copies)","Repeat","n/a","659","706","662","705","15","58","28.60","6.00E-07","n/a"
"COL4A5","1287","NP_203699.1","Collagen","Collagen triple helix repeat (20 copies)","Repeat","n/a","706","766","707","766","1","58","29.80","2.60E-07","n/a"
"COL4A5","1287","NP_203699.1","Collagen","Collagen triple helix repeat (20 copies)","Repeat","n/a","754","818","757","812","4","59","32.70","3.20E-08","n/a"
"COL4A5","1287","NP_203699.1","Collagen","Collagen triple helix repeat (20 copies)","Repeat","n/a","796","854","796","852","1","58","28.10","8.70E-07","n/a"
"COL4A5","1287","NP_203699.1","Collagen","Collagen triple helix repeat (20 copies)","Repeat","n/a","854","909","856","909","3","56","32.50","3.70E-08","n/a"
"COL4A5","1287","NP_203699.1","Collagen","Collagen triple helix repeat (20 copies)","Repeat","n/a","896","958","896","954","1","59","35.70","3.60E-09","n/a"
"COL4A5","1287","NP_203699.1","Collagen","Collagen triple helix repeat (20 copies)","Repeat","n/a","960","1019","961","1018","1","58","37.80","8.20E-10","n/a"
"COL4A5","1287","NP_203699.1","Collagen","Collagen triple helix repeat (20 copies)","Repeat","n/a","1013","1072","1015","1069","1","55","36.30","2.40E-09","n/a"
"COL4A5","1287","NP_203699.1","Collagen","Collagen triple helix repeat (20 copies)","Repeat","n/a","1074","1134","1074","1132","1","59","39.40","2.50E-10","n/a"
"COL4A5","1287","NP_203699.1","Collagen","Collagen triple helix repeat (20 copies)","Repeat","n/a","1128","1189","1128","1187","1","60","28.10","8.90E-07","n/a"
"COL4A5","1287","NP_203699.1","Collagen","Collagen triple helix repeat (20 copies)","Repeat","n/a","1190","1248","1190","1245","1","56","33.30","2.10E-08","n/a"
"COL4A5","1287","NP_203699.1","Collagen","Collagen triple helix repeat (20 copies)","Repeat","n/a","1246","1304","1248","1303","3","58","31.70","6.60E-08","n/a"
"COL4A5","1287","NP_203699.1","Collagen","Collagen triple helix repeat (20 copies)","Repeat","n/a","1281","1358","1291","1349","1","59","25.40","5.90E-06","n/a"
"COL4A5","1287","NP_203699.1","Collagen","Collagen triple helix repeat (20 copies)","Repeat","n/a","1321","1375","1321","1373","1","53","32.90","2.70E-08","n/a"
"COL4A5","1287","NP_203699.1","Collagen","Collagen triple helix repeat (20 copies)","Repeat","n/a","1403","1465","1404","1460","2","58","31.40","7.90E-08","n/a"
"COL4A5","1287","NP_000486.1","C4","C-terminal tandem repeated domain in type 4 procollagen","Domain","CL0056","1461","1570","1461","1569","1","113","150.00","1.70E-44","n/a"
"COL4A5","1287","NP_000486.1","C4","C-terminal tandem repeated domain in type 4 procollagen","Domain","CL0056","1571","1684","1572","1683","2","113","167.70","5.80E-50","n/a"
"COL4A5","1287","NP_203699.1","C4","C-terminal tandem repeated domain in type 4 procollagen","Domain","CL0056","1467","1576","1467","1575","1","113","150.00","1.70E-44","n/a"
"COL4A5","1287","NP_203699.1","C4","C-terminal tandem repeated domain in type 4 procollagen","Domain","CL0056","1577","1690","1578","1689","2","113","167.70","5.80E-50","n/a"
"COLEC11","78989","NP_076932.1","Collagen","Collagen triple helix repeat (20 copies)","Repeat","n/a","21","93","41","92","4","55","32.70","3.20E-08","n/a"
"COLEC11","78989","NP_076932.1","Collagen","Collagen triple helix repeat (20 copies)","Repeat","n/a","62","116","62","111","1","50","31.90","5.60E-08","n/a"
"COLEC11","78989","NP_954705.1","Collagen","Collagen triple helix repeat (20 copies)","Repeat","n/a","60","113","62","109","1","48","35.50","4.10E-09","n/a"
"COLEC11","78989","NP_076932.1","Lectin_C","Lectin C-type domain","Domain","CL0056","159","266","160","266","2","108","74.00","8.60E-21","n/a"
"COLEC11","78989","NP_954705.1","Lectin_C","Lectin C-type domain","Domain","CL0056","156","263","157","263","2","108","74.00","8.40E-21","n/a"
"COPS2","9318","NP_001137359.1","PCI","PCI domain","Family","CL0123","316","420","317","418","2","103","90.10","7.80E-26","n/a"
"COPS2","9318","NP_004227.1","PCI","PCI domain","Family","CL0123","309","413","310","411","2","103","90.20","7.60E-26","n/a"
"COX7A1","1346","NP_001855.1","COX7a","Cytochrome c oxidase subunit VIIa","Family","n/a","23","79","23","79","1","56","107.50","1.60E-31","n/a"
"CRABP2","1382","NP_001186652.1","Lipocalin","Lipocalin / cytosolic fatty-acid binding protein family","Domain","CL0116","5","138","5","138","1","144","89.60","1.40E-25","n/a"
"CRABP2","1382","NP_001869.1","Lipocalin","Lipocalin / cytosolic fatty-acid binding protein family","Domain","CL0116","5","138","5","138","1","144","89.60","1.40E-25","n/a"
"CREB1","1385","NP_004370.1","bZIP_1","bZIP transcription factor","Family","CL0018","267","327","267","324","1","59","71.50","3.30E-20","n/a"
"CREB1","1385","NP_604391.1","bZIP_1","bZIP transcription factor","Family","CL0018","281","341","281","338","1","59","71.40","3.60E-20","n/a"
"CREB1","1385","NP_004370.1","pKID","pKID domain","Family","n/a","99","141","99","139","1","41","73.90","3.20E-21","n/a"
"CREB1","1385","NP_604391.1","pKID","pKID domain","Family","n/a","113","155","113","153","1","41","73.90","3.40E-21","n/a"
"CRISPLD2","83716","NP_113664.1","CAP","Cysteine-rich secretory protein family","Domain","n/a","60","200","62","200","3","124","76.90","1.40E-21","n/a"
"CRISPLD2","83716","NP_113664.1","LCCL","LCCL domain","Domain","n/a","288","379","288","379","1","96","82.70","1.10E-23","n/a"
"CRISPLD2","83716","NP_113664.1","LCCL","LCCL domain","Domain","n/a","389","488","389","483","1","91","89.20","1.00E-25","n/a"
"CSNK2B","1460","NP_001311.3","CK_II_beta","Casein kinase II regulatory subunit","Domain","n/a","8","191","8","191","1","184","283.00","6.30E-85","n/a"
"CTHRC1","115908","NP_612464.1","Collagen","Collagen triple helix repeat (20 copies)","Repeat","n/a","53","94","58","91","10","43","27.20","1.70E-06","n/a"
"CTNNB1","1499","NP_001091679.1","Arm","Armadillo/beta-catenin-like repeat","Repeat","CL0020","224","264","229","262","6","39","28.10","9.70E-07","n/a"
"CTNNB1","1499","NP_001091679.1","Arm","Armadillo/beta-catenin-like repeat","Repeat","CL0020","350","390","350","390","1","41","33.40","2.00E-08","n/a"
"CTNNB1","1499","NP_001091679.1","Arm","Armadillo/beta-catenin-like repeat","Repeat","CL0020","395","429","400","428","12","40","22.50","5.70E-05","n/a"
"CTNNB1","1499","NP_001091679.1","Arm","Armadillo/beta-catenin-like repeat","Repeat","CL0020","431","473","432","473","2","41","24.90","9.40E-06","n/a"
"CTNNB1","1499","NP_001091679.1","Arm","Armadillo/beta-catenin-like repeat","Repeat","CL0020","583","623","584","622","2","40","31.10","1.10E-07","n/a"
"CTNNB1","1499","NP_001091680.1","Arm","Armadillo/beta-catenin-like repeat","Repeat","CL0020","224","264","229","262","6","39","28.10","9.70E-07","n/a"
"CTNNB1","1499","NP_001091680.1","Arm","Armadillo/beta-catenin-like repeat","Repeat","CL0020","350","390","350","390","1","41","33.40","2.00E-08","n/a"
"CTNNB1","1499","NP_001091680.1","Arm","Armadillo/beta-catenin-like repeat","Repeat","CL0020","395","429","400","428","12","40","22.50","5.70E-05","n/a"
"CTNNB1","1499","NP_001091680.1","Arm","Armadillo/beta-catenin-like repeat","Repeat","CL0020","431","473","432","473","2","41","24.90","9.40E-06","n/a"
"CTNNB1","1499","NP_001091680.1","Arm","Armadillo/beta-catenin-like repeat","Repeat","CL0020","583","623","584","622","2","40","31.10","1.10E-07","n/a"
"CTNNB1","1499","NP_001895.1","Arm","Armadillo/beta-catenin-like repeat","Repeat","CL0020","224","264","229","262","6","39","28.10","9.70E-07","n/a"
"CTNNB1","1499","NP_001895.1","Arm","Armadillo/beta-catenin-like repeat","Repeat","CL0020","350","390","350","390","1","41","33.40","2.00E-08","n/a"
"CTNNB1","1499","NP_001895.1","Arm","Armadillo/beta-catenin-like repeat","Repeat","CL0020","395","429","400","428","12","40","22.50","5.70E-05","n/a"
"CTNNB1","1499","NP_001895.1","Arm","Armadillo/beta-catenin-like repeat","Repeat","CL0020","431","473","432","473","2","41","24.90","9.40E-06","n/a"
"CTNNB1","1499","NP_001895.1","Arm","Armadillo/beta-catenin-like repeat","Repeat","CL0020","583","623","584","622","2","40","31.10","1.10E-07","n/a"
"CTNND1","1500","NP_001078927.1","Arm","Armadillo/beta-catenin-like repeat","Repeat","CL0020","397","437","398","436","2","40","25.00","9.40E-06","n/a"
"CTNND1","1500","NP_001078927.1","Arm","Armadillo/beta-catenin-like repeat","Repeat","CL0020","440","481","440","481","1","41","30.50","1.70E-07","n/a"
"CTNND1","1500","NP_001078927.1","Arm","Armadillo/beta-catenin-like repeat","Repeat","CL0020","701","739","703","738","5","40","25.10","8.40E-06","n/a"
"CTNND1","1500","NP_001078928.1","Arm","Armadillo/beta-catenin-like repeat","Repeat","CL0020","397","437","398","436","2","40","25.00","9.30E-06","n/a"
"CTNND1","1500","NP_001078928.1","Arm","Armadillo/beta-catenin-like repeat","Repeat","CL0020","440","481","440","481","1","41","30.50","1.70E-07","n/a"
"CTNND1","1500","NP_001078928.1","Arm","Armadillo/beta-catenin-like repeat","Repeat","CL0020","695","733","697","732","5","40","25.10","8.40E-06","n/a"
"CTNND1","1500","NP_001078929.1","Arm","Armadillo/beta-catenin-like repeat","Repeat","CL0020","397","437","398","436","2","40","25.00","9.00E-06","n/a"
"CTNND1","1500","NP_001078929.1","Arm","Armadillo/beta-catenin-like repeat","Repeat","CL0020","440","481","440","481","1","41","30.50","1.70E-07","n/a"
"CTNND1","1500","NP_001078929.1","Arm","Armadillo/beta-catenin-like repeat","Repeat","CL0020","695","733","697","732","5","40","25.20","8.10E-06","n/a"
"CTNND1","1500","NP_001078930.1","Arm","Armadillo/beta-catenin-like repeat","Repeat","CL0020","397","437","398","436","2","40","25.00","9.00E-06","n/a"
"CTNND1","1500","NP_001078930.1","Arm","Armadillo/beta-catenin-like repeat","Repeat","CL0020","440","481","440","481","1","41","30.50","1.70E-07","n/a"
"CTNND1","1500","NP_001078930.1","Arm","Armadillo/beta-catenin-like repeat","Repeat","CL0020","695","733","697","732","5","40","25.20","8.10E-06","n/a"
"CTNND1","1500","NP_001078931.1","Arm","Armadillo/beta-catenin-like repeat","Repeat","CL0020","397","437","398","436","2","40","25.00","9.00E-06","n/a"
"CTNND1","1500","NP_001078931.1","Arm","Armadillo/beta-catenin-like repeat","Repeat","CL0020","440","481","440","481","1","41","30.50","1.70E-07","n/a"
"CTNND1","1500","NP_001078931.1","Arm","Armadillo/beta-catenin-like repeat","Repeat","CL0020","695","733","697","732","5","40","25.20","8.10E-06","n/a"
"CTNND1","1500","NP_001078932.1","Arm","Armadillo/beta-catenin-like repeat","Repeat","CL0020","296","336","297","335","2","40","25.10","8.30E-06","n/a"
"CTNND1","1500","NP_001078932.1","Arm","Armadillo/beta-catenin-like repeat","Repeat","CL0020","339","380","339","380","1","41","30.60","1.50E-07","n/a"
"CTNND1","1500","NP_001078932.1","Arm","Armadillo/beta-catenin-like repeat","Repeat","CL0020","600","638","602","637","5","40","25.30","7.40E-06","n/a"
"CTNND1","1500","NP_001078933.1","Arm","Armadillo/beta-catenin-like repeat","Repeat","CL0020","296","336","297","335","2","40","25.10","8.20E-06","n/a"
"CTNND1","1500","NP_001078933.1","Arm","Armadillo/beta-catenin-like repeat","Repeat","CL0020","339","380","339","380","1","41","30.60","1.50E-07","n/a"
"CTNND1","1500","NP_001078933.1","Arm","Armadillo/beta-catenin-like repeat","Repeat","CL0020","594","632","596","631","5","40","25.30","7.30E-06","n/a"
"CTNND1","1500","NP_001078934.1","Arm","Armadillo/beta-catenin-like repeat","Repeat","CL0020","296","336","297","335","2","40","25.20","7.90E-06","n/a"
"CTNND1","1500","NP_001078934.1","Arm","Armadillo/beta-catenin-like repeat","Repeat","CL0020","339","380","339","380","1","41","30.70","1.50E-07","n/a"
"CTNND1","1500","NP_001078934.1","Arm","Armadillo/beta-catenin-like repeat","Repeat","CL0020","594","632","596","631","5","40","25.30","7.10E-06","n/a"
"CTNND1","1500","NP_001078935.1","Arm","Armadillo/beta-catenin-like repeat","Repeat","CL0020","296","336","297","335","2","40","25.20","7.90E-06","n/a"
"CTNND1","1500","NP_001078935.1","Arm","Armadillo/beta-catenin-like repeat","Repeat","CL0020","339","380","339","380","1","41","30.70","1.50E-07","n/a"
"CTNND1","1500","NP_001078935.1","Arm","Armadillo/beta-catenin-like repeat","Repeat","CL0020","600","638","602","637","5","40","25.30","7.10E-06","n/a"
"CTNND1","1500","NP_001078936.1","Arm","Armadillo/beta-catenin-like repeat","Repeat","CL0020","296","336","297","335","2","40","25.20","7.90E-06","n/a"
"CTNND1","1500","NP_001078936.1","Arm","Armadillo/beta-catenin-like repeat","Repeat","CL0020","339","380","339","380","1","41","30.70","1.40E-07","n/a"
"CTNND1","1500","NP_001078936.1","Arm","Armadillo/beta-catenin-like repeat","Repeat","CL0020","594","632","596","631","5","40","25.30","7.10E-06","n/a"
"CTNND1","1500","NP_001078937.1","Arm","Armadillo/beta-catenin-like repeat","Repeat","CL0020","296","336","297","335","2","40","25.20","7.90E-06","n/a"
"CTNND1","1500","NP_001078937.1","Arm","Armadillo/beta-catenin-like repeat","Repeat","CL0020","339","380","339","380","1","41","30.70","1.40E-07","n/a"
"CTNND1","1500","NP_001078937.1","Arm","Armadillo/beta-catenin-like repeat","Repeat","CL0020","594","632","596","631","5","40","25.30","7.10E-06","n/a"
"CTNND1","1500","NP_001078938.1","Arm","Armadillo/beta-catenin-like repeat","Repeat","CL0020","296","336","297","335","2","40","25.20","7.90E-06","n/a"
"CTNND1","1500","NP_001078938.1","Arm","Armadillo/beta-catenin-like repeat","Repeat","CL0020","339","380","339","380","1","41","30.70","1.40E-07","n/a"
"CTNND1","1500","NP_001078938.1","Arm","Armadillo/beta-catenin-like repeat","Repeat","CL0020","594","632","596","631","5","40","25.30","7.10E-06","n/a"
"CTNND1","1500","NP_001322.1","Arm","Armadillo/beta-catenin-like repeat","Repeat","CL0020","397","437","398","436","2","40","25.00","9.10E-06","n/a"
"CTNND1","1500","NP_001322.1","Arm","Armadillo/beta-catenin-like repeat","Repeat","CL0020","440","481","440","481","1","41","30.50","1.70E-07","n/a"
"CTNND1","1500","NP_001322.1","Arm","Armadillo/beta-catenin-like repeat","Repeat","CL0020","695","733","697","732","5","40","25.10","8.20E-06","n/a"
"CTSB","1508","NP_001899.1","Peptidase_C1","Papain family cysteine protease","Domain","CL0125","80","329","80","328","1","219","229.80","2.70E-68","278;298;108"
"CTSB","1508","NP_680090.1","Peptidase_C1","Papain family cysteine protease","Domain","CL0125","80","329","80","328","1","219","229.80","2.70E-68","278;298;108"
"CTSB","1508","NP_680091.1","Peptidase_C1","Papain family cysteine protease","Domain","CL0125","80","329","80","328","1","219","229.80","2.70E-68","278;298;108"
"CTSB","1508","NP_680092.1","Peptidase_C1","Papain family cysteine protease","Domain","CL0125","80","329","80","328","1","219","229.80","2.70E-68","278;298;108"
"CTSB","1508","NP_680093.1","Peptidase_C1","Papain family cysteine protease","Domain","CL0125","80","329","80","328","1","219","229.80","2.70E-68","278;298;108"
"CTSB","1508","NP_001899.1","Propeptide_C1","Peptidase family C1 propeptide","Motif","n/a","26","66","26","66","1","41","66.20","1.10E-18","n/a"
"CTSB","1508","NP_680090.1","Propeptide_C1","Peptidase family C1 propeptide","Motif","n/a","26","66","26","66","1","41","66.20","1.10E-18","n/a"
"CTSB","1508","NP_680091.1","Propeptide_C1","Peptidase family C1 propeptide","Motif","n/a","26","66","26","66","1","41","66.20","1.10E-18","n/a"
"CTSB","1508","NP_680092.1","Propeptide_C1","Peptidase family C1 propeptide","Motif","n/a","26","66","26","66","1","41","66.20","1.10E-18","n/a"
"CTSB","1508","NP_680093.1","Propeptide_C1","Peptidase family C1 propeptide","Motif","n/a","26","66","26","66","1","41","66.20","1.10E-18","n/a"
"CTSD","1509","NP_001900.1","A1_Propeptide","A1 Propeptide","Motif","n/a","21","49","21","47","1","27","37.20","1.30E-09","n/a"
"CTSD","1509","NP_001900.1","Asp","Eukaryotic aspartyl protease","Family","CL0129","78","409","78","409","1","314","395.20","1.70E-118","295;97"
"CTSH","1512","NP_004381.2","Inhibitor_I29","Cathepsin propeptide inhibitor domain (I29)","Domain","n/a","35","90","35","89","1","57","66.10","2.00E-18","n/a"
"CTSH","1512","NP_004381.2","Peptidase_C1","Papain family cysteine protease","Domain","CL0125","116","332","117","332","2","220","266.50","1.60E-79","281;301;141"
"CTSW","1521","NP_001326.2","Inhibitor_I29","Cathepsin propeptide inhibitor domain (I29)","Domain","n/a","42","99","42","99","1","58","40.10","2.70E-10","n/a"
"CTSW","1521","NP_001326.2","Peptidase_C1","Papain family cysteine protease","Domain","CL0125","128","362","128","359","1","217","219.50","4.00E-65","291;331;153"
"CXCL12","6387","NP_000600.1","IL8","Small cytokines (intecrine/chemokine); interleukin-8 like","Domain","n/a","24","87","29","85","7","64","40.00","2.20E-10","n/a"
"CXCL12","6387","NP_001029058.1","IL8","Small cytokines (intecrine/chemokine); interleukin-8 like","Domain","n/a","24","87","29","85","7","64","39.10","4.40E-10","n/a"
"CXCL12","6387","NP_001171605.1","IL8","Small cytokines (intecrine/chemokine); interleukin-8 like","Domain","n/a","24","87","29","85","7","64","38.50","6.60E-10","n/a"
"CXCL12","6387","NP_954637.1","IL8","Small cytokines (intecrine/chemokine); interleukin-8 like","Domain","n/a","24","87","29","85","7","64","40.20","1.90E-10","n/a"
"CXCL17","284340","NP_940879.1","-","-","-","-","0","0","0","0","0","0","0.00","-","-"
"CXCL5","6374","NP_002985.1","IL8","Small cytokines (intecrine/chemokine); interleukin-8 like","Domain","n/a","41","107","49","106","8","65","58.40","4.10E-16","n/a"
"CXCL9","4283","NP_002407.1","IL8","Small cytokines (intecrine/chemokine); interleukin-8 like","Domain","n/a","25","89","29","89","7","65","57.40","8.30E-16","n/a"
"CXCR4","7852","NP_001008540.1","7tm_1","7 transmembrane receptor (rhodopsin family)","Family","CL0192","59","306","59","306","1","257","194.90","1.00E-57","n/a"
"CXCR4","7852","NP_003458.1","7tm_1","7 transmembrane receptor (rhodopsin family)","Family","CL0192","55","302","55","302","1","257","195.00","9.70E-58","n/a"
"CXCR4","7852","NP_001008540.1","CXCR4_N","CXCR4 Chemokine receptor N terminal","Domain","n/a","10","42","10","41","1","32","71.60","2.50E-20","n/a"
"CXCR4","7852","NP_003458.1","CXCR4_N","CXCR4 Chemokine receptor N terminal","Domain","n/a","6","38","6","37","1","32","71.70","2.50E-20","n/a"
"CYP17A1","1586","NP_000093.1","p450","Cytochrome P450","Domain","n/a","28","493","28","492","1","462","473.30","5.30E-142","n/a"
"CYP19A1","1588","NP_000094.2","p450","Cytochrome P450","Domain","n/a","46","488","50","484","6","459","337.70","7.20E-101","n/a"
"CYP19A1","1588","NP_112503.1","p450","Cytochrome P450","Domain","n/a","46","488","50","484","6","459","337.70","7.20E-101","n/a"
"CYP1A1","1543","NP_000490.1","p450","Cytochrome P450","Domain","n/a","40","501","40","491","1","446","362.30","2.40E-108","n/a"
"CYP1B1","1545","NP_000095.2","p450","Cytochrome P450","Domain","n/a","51","520","51","519","1","462","337.40","8.90E-101","n/a"
"CYP39A1","51302","NP_057677.2","p450","Cytochrome P450","Domain","n/a","29","463","29","457","1","457","180.80","2.80E-53","n/a"
"CYP39A1","51302","NP_057677.2","Vg_Tdu","Vestigial/Tondu family","Family","n/a","21","53","21","52","1","32","77.50","2.80E-22","n/a"
"CYP3A7","1551","NP_000756.2","p450","Cytochrome P450","Domain","n/a","38","493","39","492","2","462","428.40","2.20E-128","n/a"
"CYP4X1","260293","NP_828847.1","p450","Cytochrome P450","Domain","n/a","46","502","47","500","1","461","392.30","1.90E-117","n/a"
"Cyr61","3491","NP_001545.2","Cys_knot","Cystine-knot domain","Domain","CL0079","283","375","284","366","2","95","59.90","1.70E-16","n/a"
"Cyr61","3491","NP_001545.2","IGFBP","Insulin-like growth factor binding protein","Domain","n/a","25","78","26","78","1","53","45.30","7.60E-12","n/a"
"Cyr61","3491","NP_001545.2","TSP_1","Thrombospondin type 1 domain","Family","n/a","231","272","232","272","2","49","35.20","7.90E-09","n/a"
"Cyr61","3491","NP_001545.2","VWC","von Willebrand factor type C domain","Family","CL0451","100","163","100","163","1","57","39.30","4.00E-10","n/a"
"DAB2IP","153090","NP_115941.2","C2","C2 domain","Domain","CL0154","187","267","187","255","1","77","26.20","4.10E-06","n/a"
"DAB2IP","153090","NP_619723.1","C2","C2 domain","Domain","CL0154","91","171","91","159","1","77","26.30","3.80E-06","n/a"
"DAB2IP","153090","NP_115941.2","DUF3498","Domain of unknown function (DUF3498)","Family","n/a","618","1131","618","1129","1","493","624.50","1.30E-187","n/a"
"DAB2IP","153090","NP_619723.1","DUF3498","Domain of unknown function (DUF3498)","Family","n/a","522","1035","522","1035","1","495","630.60","1.90E-189","n/a"
"DAB2IP","153090","NP_115941.2","RasGAP","GTPase-activator protein for Ras-like GTPase","Family","CL0409","364","535","364","535","1","197","140.80","3.30E-41","n/a"
"DAB2IP","153090","NP_619723.1","RasGAP","GTPase-activator protein for Ras-like GTPase","Family","CL0409","268","439","268","439","1","197","140.90","3.00E-41","n/a"
"DACH1","1602","NP_004383.3","Ski_Sno","SKI/SNO/DAC family","Family","n/a","168","284","170","284","2","114","168.00","3.50E-50","n/a"
"DACH1","1602","NP_542937.2","Ski_Sno","SKI/SNO/DAC family","Family","n/a","168","284","170","284","2","114","167.30","6.00E-50","n/a"
"DACH1","1602","NP_542938.2","Ski_Sno","SKI/SNO/DAC family","Family","n/a","168","284","170","284","2","114","167.80","4.10E-50","n/a"
"DARS","1615","NP_001340.2","tRNA_anti","OB-fold nucleic acid binding domain","Domain","CL0021","60","145","60","145","1","76","35.70","4.40E-09","n/a"
"DARS","1615","NP_001340.2","tRNA-synt_2","tRNA synthetases class II (D; K and N)","Family","CL0040","175","497","175","495","1","332","277.20","1.10E-82","n/a"
"DDR1","780","NP_001189450.1","F5_F8_type_C","F5/8 type C domain","Domain","CL0202","46","182","47","182","2","129","75.70","2.20E-21","n/a"
"DDR1","780","NP_001189451.1","F5_F8_type_C","F5/8 type C domain","Domain","CL0202","46","182","47","182","2","129","74.70","4.40E-21","n/a"
"DDR1","780","NP_001189452.1","F5_F8_type_C","F5/8 type C domain","Domain","CL0202","64","200","65","200","2","129","74.40","5.60E-21","n/a"
"DDR1","780","NP_001945.3","F5_F8_type_C","F5/8 type C domain","Domain","CL0202","46","182","47","182","2","129","74.40","5.40E-21","n/a"
"DDR1","780","NP_054699.2","F5_F8_type_C","F5/8 type C domain","Domain","CL0202","47","183","48","183","2","129","74.40","5.80E-21","n/a"
"DDR1","780","NP_054700.2","F5_F8_type_C","F5/8 type C domain","Domain","CL0202","46","182","47","182","2","129","74.30","5.90E-21","n/a"
"DDR1","780","NP_001189451.1","Pkinase_Tyr","Protein tyrosine kinase","Domain","CL0016","494","759","501","759","26","259","265.00","4.20E-79","620"
"DDR1","780","NP_001189452.1","Pkinase_Tyr","Protein tyrosine kinase","Domain","CL0016","591","886","591","886","1","259","282.10","2.50E-84","747"
"DDR1","780","NP_001945.3","Pkinase_Tyr","Protein tyrosine kinase","Domain","CL0016","573","868","573","868","1","259","282.20","2.40E-84","729"
"DDR1","780","NP_054699.2","Pkinase_Tyr","Protein tyrosine kinase","Domain","CL0016","611","906","611","906","1","259","282.00","2.60E-84","767"
"DDR1","780","NP_054700.2","Pkinase_Tyr","Protein tyrosine kinase","Domain","CL0016","610","911","610","911","1","259","273.10","1.40E-81","772"
"DEPDC1","55635","NP_001107592.1","DEP","Domain found in Dishevelled; Egl-10; and Pleckstrin (DEP)","Domain","n/a","27","106","27","106","1","74","56.90","1.00E-15","n/a"
"DEPDC1","55635","NP_060249.2","DEP","Domain found in Dishevelled; Egl-10; and Pleckstrin (DEP)","Domain","n/a","27","106","27","106","1","74","57.80","5.50E-16",""
"DEPDC1","55635","NP_060249.2","RhoGAP","RhoGAP domain","Domain","CL0409","272","364","278","349","60","128","36.00","3.90E-09","n/a"
"DHX16","8449","NP_001157711.1","DEAD","DEAD/DEAH box helicase","Domain","CL0023","342","502","345","496","4","161","32.60","4.00E-08","n/a"
"DHX16","8449","NP_003578.2","DEAD","DEAD/DEAH box helicase","Domain","CL0023","402","562","405","556","4","161","32.40","4.40E-08","n/a"
"DHX16","8449","NP_001157711.1","HA2","Helicase associated domain (HA2)","Domain","n/a","731","822","732","822","2","102","84.10","4.50E-24","n/a"
"DHX16","8449","NP_003578.2","HA2","Helicase associated domain (HA2)","Domain","n/a","791","882","792","882","2","102","84.00","4.80E-24","n/a"
"DHX16","8449","NP_001157711.1","Helicase_C","Helicase conserved C-terminal domain","Family","CL0023","577","670","582","669","8","77","41.20","9.10E-11","n/a"
"DHX16","8449","NP_003578.2","Helicase_C","Helicase conserved C-terminal domain","Family","CL0023","637","730","642","729","8","77","41.10","9.80E-11","n/a"
"DHX16","8449","NP_001157711.1","OB_NTP_bind","Oligonucleotide/oligosaccharide-binding (OB)-fold","Domain","CL0021","856","955","857","955","2","111","105.40","1.00E-30","n/a"
"DHX16","8449","NP_003578.2","OB_NTP_bind","Oligonucleotide/oligosaccharide-binding (OB)-fold","Domain","CL0021","916","1015","917","1015","2","111","105.30","1.10E-30","n/a"
"DKK4","27121","NP_055235.1","Dickkopf_N","Dickkopf N-terminal cysteine-rich region","Family","n/a","40","92","40","91","1","51","68.20","4.00E-19","n/a"
"DKK4","27121","NP_055235.1","Prokineticin","Prokineticin","Family","n/a","135","213","144","204","25","88","22.70","6.40E-05","n/a"
"DLX5","1749","NP_005212.1","Homeobox","Homeobox domain","Domain","CL0123","138","194","138","194","1","57","71.40","2.80E-20","n/a"
"DLX5","1749","NP_005212.1","DLL_N","Homeobox protein distal-less-like N terminal","Family","n/a","32","118","32","117","1","85","90.60","8.20E-26","n/a"
"DNAJA2","10294","NP_005871.1","DnaJ_C","DnaJ C terminal domain","Domain","n/a","266","349","266","340","1","73","79.60","9.30E-23","n/a"
"DNAJA2","10294","NP_005871.1","DnaJ_CXXCXGXG","DnaJ central domain","Domain","n/a","143","209","143","209","1","66","58.20","5.20E-16","n/a"
"DNAJA2","10294","NP_005871.1","DnaJ","DnaJ domain","Domain","CL0392","8","67","9","67","2","64","94.60","1.70E-27","n/a"
"DNMT1","1786","NP_001124295.1","BAH","BAH domain","Domain","n/a","771","896","771","895","1","117","77.30","5.90E-22","n/a"
"DNMT1","1786","NP_001124295.1","BAH","BAH domain","Domain","n/a","947","1116","949","1115","3","117","68.20","4.00E-19","n/a"
"DNMT1","1786","NP_001370.1","BAH","BAH domain","Domain","n/a","755","880","755","879","1","117","77.30","5.80E-22","n/a"
"DNMT1","1786","NP_001370.1","BAH","BAH domain","Domain","n/a","931","1100","933","1099","3","117","68.20","3.90E-19","n/a"
"DNMT1","1786","NP_001124295.1","DNA_methylase","C-5 cytosine-specific DNA methylase","Domain","CL0063","1155","1610","1156","1609","2","334","161.40","2.30E-47","1242"
"DNMT1","1786","NP_001370.1","DNA_methylase","C-5 cytosine-specific DNA methylase","Domain","CL0063","1139","1594","1140","1593","2","334","161.50","2.30E-47","1226"
"DNMT1","1786","NP_001124295.1","zf-CXXC","CXXC zinc finger domain","Domain","n/a","661","707","662","707","2","48","53.50","1.20E-14","n/a"
"DNMT1","1786","NP_001370.1","zf-CXXC","CXXC zinc finger domain","Domain","n/a","645","691","646","691","2","48","53.50","1.20E-14","n/a"
"DNMT1","1786","NP_001124295.1","DNMT1-RFD","Cytosine specific DNA methyltransferase replication foci domain","Domain","n/a","415","550","416","549","2","145","131.80","1.20E-38","n/a"
"DNMT1","1786","NP_001370.1","DNMT1-RFD","Cytosine specific DNA methyltransferase replication foci domain","Domain","n/a","399","534","400","533","2","145","131.80","1.20E-38","n/a"
"DNMT1","1786","NP_001124295.1","DMAP_binding","DMAP1-binding Domain","Domain","n/a","16","105","18","103","3","108","74.80","6.10E-21","n/a"
"DNMT1","1786","NP_001370.1","DMAP_binding","DMAP1-binding Domain","Domain","n/a","16","105","18","103","3","108","74.80","6.00E-21","n/a"
"DPP6","1804","NP_001034439.1","DPPIV_N","Dipeptidyl peptidase IV (DPP IV) N-terminal region","Family","CL0186","131","497","131","497","1","353","377.00","4.80E-113","n/a"
"DPP6","1804","NP_001034439.1","Peptidase_S9","Prolyl oligopeptidase family","Family","CL0028","577","786","578","785","2","212","130.60","3.60E-38","760"
"DPP6","1804","NP_001927.3","DPPIV_N","Dipeptidyl peptidase IV (DPP IV) N-terminal region","Family","CL0186","133","499","133","499","1","353","377.00","4.80E-113","n/a"
"DPP6","1804","NP_001927.3","Peptidase_S9","Prolyl oligopeptidase family","Family","CL0028","579","788","580","787","2","212","130.60","3.60E-38","762"
"DPP6","1804","NP_570629.2","DPPIV_N","Dipeptidyl peptidase IV (DPP IV) N-terminal region","Family","CL0186","195","561","195","561","1","353","376.80","5.70E-113","n/a"
"DPP6","1804","NP_570629.2","Peptidase_S9","Prolyl oligopeptidase family","Family","CL0028","641","850","642","849","2","212","130.40","4.10E-38","824"
"ECM2","1842","NP_001184224.1","VWC","von Willebrand factor type C domain","Family","CL0451","103","157","103","157","1","57","42.10","5.60E-11","n/a"
"ECM2","1842","NP_001184224.1","LRR_4","Leucine Rich repeats (2 copies)","Family","CL0022","321","369","321","359","1","38","31.20","9.50E-08","n/a"
"ECM2","1842","NP_001184224.1","LRR_1","Leucine Rich Repeat","Repeat","CL0022","514","539","514","531","1","18","10.60","0.39","n/a"
"ECM2","1842","NP_001184224.1","LRR_4","Leucine Rich repeats (2 copies)","Family","CL0022","586","631","587","624","2","39","27.50","1.30E-06","n/a"
"ECM2","1842","NP_001184225.1","VWC","von Willebrand factor type C domain","Family","CL0451","103","157","103","157","1","57","42.20","5.20E-11","n/a"
"ECM2","1842","NP_001184225.1","LRR_4","Leucine Rich repeats (2 copies)","Family","CL0022","321","369","321","359","1","38","31.30","9.00E-08","n/a"
"ECM2","1842","NP_001184225.1","LRR_1","Leucine Rich Repeat","Repeat","CL0022","514","539","514","531","1","18","10.70","0.37","n/a"
"ECM2","1842","NP_001184225.1","LRR_4","Leucine Rich repeats (2 copies)","Family","CL0022","586","630","587","625","2","40","27.40","1.40E-06","n/a"
"ECM2","1842","NP_001384.1","VWC","von Willebrand factor type C domain","Family","CL0451","103","157","103","157","1","57","42.00","5.80E-11","n/a"
"ECM2","1842","NP_001384.1","LRR_4","Leucine Rich repeats (2 copies)","Family","CL0022","343","391","343","381","1","38","31.10","1.00E-07","n/a"
"ECM2","1842","NP_001384.1","LRR_1","Leucine Rich Repeat","Repeat","CL0022","536","561","536","553","1","18","10.60","0.41","n/a"
"ECM2","1842","NP_001384.1","LRR_4","Leucine Rich repeats (2 copies)","Family","CL0022","608","653","609","646","2","39","27.50","1.40E-06","n/a"
"EDNRB","1910","NP_000106.1","7tm_1","7 transmembrane receptor (rhodopsin family)","Family","CL0192","118","387","118","384","1","255","143.40","5.40E-42","n/a"
"EDNRB","1910","NP_001116131.1","7tm_1","7 transmembrane receptor (rhodopsin family)","Family","CL0192","118","387","118","384","1","255","143.40","5.40E-42","n/a"
"EDNRB","1910","NP_001188326.1","7tm_1","7 transmembrane receptor (rhodopsin family)","Family","CL0192","208","477","208","474","1","255","142.70","8.80E-42","n/a"
"EFEMP1","2202","NP_001034437.1","EGF_CA","Calcium-binding EGF domain","Domain","CL0001","44","85","44","71","1","28","29.80","3.50E-07","n/a"
"EFEMP1","2202","NP_001034437.1","EGF_CA","Calcium-binding EGF domain","Domain","CL0001","173","212","173","212","1","42","50.60","1.10E-13","n/a"
"EFEMP1","2202","NP_001034437.1","cEGF","Complement Clr-like EGF-like","Domain","CL0001","234","257","234","257","1","24","34.80","7.70E-09","n/a"
"EFEMP1","2202","NP_001034437.1","cEGF","Complement Clr-like EGF-like","Domain","CL0001","274","297","274","297","1","24","31.40","8.70E-08","n/a"
"EFEMP1","2202","NP_001034437.1","cEGF","Complement Clr-like EGF-like","Domain","CL0001","315","337","316","337","2","24","27.60","1.30E-06","n/a"
"EFEMP1","2202","NP_001034438.1","EGF_CA","Calcium-binding EGF domain","Domain","CL0001","44","85","44","71","1","28","29.80","3.50E-07","n/a"
"EFEMP1","2202","NP_001034438.1","EGF_CA","Calcium-binding EGF domain","Domain","CL0001","173","212","173","212","1","42","50.60","1.10E-13","n/a"
"EFEMP1","2202","NP_001034438.1","cEGF","Complement Clr-like EGF-like","Domain","CL0001","234","257","234","257","1","24","34.80","7.70E-09","n/a"
"EFEMP1","2202","NP_001034438.1","cEGF","Complement Clr-like EGF-like","Domain","CL0001","274","297","274","297","1","24","31.40","8.70E-08","n/a"
"EFEMP1","2202","NP_001034438.1","cEGF","Complement Clr-like EGF-like","Domain","CL0001","315","337","316","337","2","24","27.60","1.30E-06","n/a"
"EFHA2","286097","NP_859074.1","efhand","EF hand","Domain","CL0220","236","264","237","258","2","23","16.90","0.0022","n/a"
"EFHA2","286097","NP_859074.1","efhand","EF hand","Domain","CL0220","474","502","476","501","3","28","21.90","5.50E-05","n/a"
"EFNB2","1948","NP_004084.1","Ephrin","Ephrin","Family","CL0026","25","166","29","166","5","146","188.60","3.10E-56","n/a"
"EFS","10278","NP_005855.1","SH3_1","SH3 domain","Domain","CL0010","11","60","11","60","1","48","42.90","1.80E-11","n/a"
"EFS","10278","NP_005855.1","DUF3513","Domain of unknown function (DUF3513)","Family","n/a","364","557","365","556","2","210","204.60","9.90E-61","n/a"
"EFS","10278","NP_115835.1","DUF3513","Domain of unknown function (DUF3513)","Family","n/a","271","464","272","463","2","210","205.20","6.70E-61","n/a"
"EGF","1950","NP_001954.2","EGF","GF-like domain","Domain","CL0001","976","1011","981","1011","3","32","24.50","1.50E-05","n/a"
"EGF","1950","NP_001171601.1","EGF_CA","Calcium-binding EGF domain","Domain","CL0001","356","395","356","395","1","42","31.10","1.40E-07","n/a"
"EGF","1950","NP_001171601.1","EGF_CA","Calcium-binding EGF domain","Domain","CL0001","870","910","870","910","1","42","40.10","2.10E-10","n/a"
"EGF","1950","NP_001171602.1","EGF_CA","Calcium-binding EGF domain","Domain","CL0001","314","353","314","353","1","42","31.10","1.40E-07","n/a"
"EGF","1950","NP_001171602.1","EGF_CA","Calcium-binding EGF domain","Domain","CL0001","828","868","828","868","1","42","40.10","2.10E-10","n/a"
"EGF","1950","NP_001171602.1","EGF_CA","Calcium-binding EGF domain","Domain","CL0001","870","906","870","899","1","30","35.90","4.20E-09","n/a"
"EGF","1950","NP_001954.2","EGF_CA","Calcium-binding EGF domain","Domain","CL0001","356","395","356","395","1","42","31.00","1.40E-07","n/a"
"EGF","1950","NP_001954.2","EGF_CA","Calcium-binding EGF domain","Domain","CL0001","870","910","870","910","1","42","40.10","2.20E-10","n/a"
"EGF","1950","NP_001954.2","EGF_CA","Calcium-binding EGF domain","Domain","CL0001","912","948","912","941","1","30","35.90","4.30E-09","n/a"
"EGF","1950","NP_001171601.1","EGF","EGF-like domain","Domain","CL0001","935","970","940","970","3","32","24.60","1.40E-05","n/a"
"EGF","1950","NP_001171602.1","EGF","EGF-like domain","Domain","CL0001","934","969","939","969","3","32","24.60","1.40E-05","n/a"
"EGF","1950","NP_001171601.1","Ldl_recept_b","Low-density lipoprotein receptor repeat class B","Repeat","CL0186","524","565","524","565","1","43","24.00","2.70E-05","n/a"
"EGF","1950","NP_001171601.1","Ldl_recept_b","Low-density lipoprotein receptor repeat class B","Repeat","CL0186","567","608","568","607","2","42","33.00","4.40E-08","n/a"
"EGF","1950","NP_001171601.1","Ldl_recept_b","Low-density lipoprotein receptor repeat class B","Repeat","CL0186","610","651","611","650","2","41","27.10","3.00E-06","n/a"
"EGF","1950","NP_001171601.1","Ldl_recept_b","Low-density lipoprotein receptor repeat class B","Repeat","CL0186","654","694","654","693","1","41","40.80","1.60E-10","n/a"
"EGF","1950","NP_001171602.1","Ldl_recept_b","Low-density lipoprotein receptor repeat class B","Repeat","CL0186","482","523","482","523","1","43","24.00","2.70E-05","n/a"
"EGF","1950","NP_001171602.1","Ldl_recept_b","Low-density lipoprotein receptor repeat class B","Repeat","CL0186","525","566","526","565","2","42","33.00","4.40E-08","n/a"
"EGF","1950","NP_001171602.1","Ldl_recept_b","Low-density lipoprotein receptor repeat class B","Repeat","CL0186","568","609","569","608","2","41","27.10","3.00E-06","n/a"
"EGF","1950","NP_001171602.1","Ldl_recept_b","Low-density lipoprotein receptor repeat class B","Repeat","CL0186","612","652","612","651","1","41","40.80","1.60E-10","n/a"
"EGF","1950","NP_001954.2","Ldl_recept_b","Low-density lipoprotein receptor repeat class B","Repeat","CL0186","524","565","524","565","1","43","24.00","2.80E-05","n/a"
"EGF","1950","NP_001954.2","Ldl_recept_b","Low-density lipoprotein receptor repeat class B","Repeat","CL0186","567","608","568","607","2","42","32.90","4.60E-08","n/a"
"EGF","1950","NP_001954.2","Ldl_recept_b","Low-density lipoprotein receptor repeat class B","Repeat","CL0186","610","651","611","650","2","41","27.00","3.20E-06","n/a"
"EGF","1950","NP_001954.2","Ldl_recept_b","Low-density lipoprotein receptor repeat class B","Repeat","CL0186","654","694","654","693","1","41","40.70","1.60E-10","n/a"
"EGFL6","25975","NP_001161362.1","EGF_CA","Calcium-binding EGF domain","Domain","CL0001","94","138","94","125","1","34","27.10","2.50E-06","n/a"
"EGFL6","25975","NP_001161362.1","EGF_CA","Calcium-binding EGF domain","Domain","CL0001","174","217","174","207","1","34","39.10","4.40E-10","n/a"
"EGFL6","25975","NP_001161362.1","EGF_CA","Calcium-binding EGF domain","Domain","CL0001","219","259","219","255","1","39","41.90","5.90E-11","n/a"
"EGFL6","25975","NP_056322.2","EGF_CA","Calcium-binding EGF domain","Domain","CL0001","94","138","94","125","1","34","27.10","2.50E-06","n/a"
"EGFL6","25975","NP_056322.2","EGF_CA","Calcium-binding EGF domain","Domain","CL0001","174","217","174","207","1","34","39.10","4.40E-10","n/a"
"EGFL6","25975","NP_056322.2","EGF_CA","Calcium-binding EGF domain","Domain","CL0001","219","259","219","255","1","39","41.90","5.90E-11","n/a"
"EGFL6","25975","NP_001161362.1","MAM","MAM domain","Domain","CL0202","403","547","403","546","1","159","100.00","9.20E-29","n/a"
"EGFL6","25975","NP_056322.2","MAM","MAM domain","Domain","CL0202","402","546","402","545","1","159","100.00","9.20E-29","n/a"
"EGFR","1956","NP_005219.2","Furin-like","Furin-like cysteine rich region","Family","n/a","177","338","185","338","10","149","101.30","3.10E-29","n/a"
"EGFR","1956","NP_958439.1","Furin-like","Furin-like cysteine rich region","Family","n/a","177","338","185","338","10","149","102.70","1.10E-29","n/a"
"EGFR","1956","NP_958440.1","Furin-like","Furin-like cysteine rich region","Family","n/a","177","338","185","338","10","149","104.00","4.50E-30","n/a"
"EGFR","1956","NP_958441.1","Furin-like","Furin-like cysteine rich region","Family","n/a","177","338","185","338","10","149","102.40","1.30E-29","n/a"
"EGFR","1956","NP_005219.2","Pkinase_Tyr","Protein tyrosine kinase","Domain","CL0016","712","968","714","965","3","256","290.30","8.00E-87","837"
"EGFR","1956","NP_005219.2","Recep_L_domain","Receptor L domain","Domain","n/a","57","168","57","167","1","111","106.00","7.80E-31","n/a"
"EGFR","1956","NP_005219.2","Recep_L_domain","Receptor L domain","Domain","n/a","361","481","361","480","1","111","97.50","3.60E-28","n/a"
"EGFR","1956","NP_958439.1","Recep_L_domain","Receptor L domain","Domain","n/a","57","168","57","167","1","111","107.30","3.10E-31","n/a"
"EGFR","1956","NP_958439.1","Recep_L_domain","Receptor L domain","Domain","n/a","361","481","361","480","1","111","98.80","1.40E-28","n/a"
"EGFR","1956","NP_958440.1","Recep_L_domain","Receptor L domain","Domain","n/a","57","168","57","167","1","111","108.40","1.40E-31","n/a"
"EGFR","1956","NP_958441.1","Recep_L_domain","Receptor L domain","Domain","n/a","57","168","57","167","1","111","107.10","3.70E-31","n/a"
"EGFR","1956","NP_958441.1","Recep_L_domain","Receptor L domain","Domain","n/a","361","481","361","480","1","111","98.50","1.70E-28","n/a"
"EHD2","30846","NP_055416.2","Dynamin_N","Dynamin family","Family","CL0023","61","221","61","221","1","168","63.30","1.80E-17","n/a"
"EHD2","30846","NP_055416.2","efhand_3","Cytoskeletal-regulatory complex EF hand","Family","CL0220","443","539","449","536","8","97","63.60","9.00E-18","n/a"
"EIF4EBP1","1978","NP_004086.1","eIF_4EBP","Eukaryotic translation initiation factor 4E binding protein (EIF4EBP)","Family","n/a","1","118","6","118","4","116","142.00","5.00E-42","n/a"
"ELF1","1997","NP_001138825.1","Ets","Ets-domain","Domain","CL0123","183","268","184","267","2","84","119.70","3.50E-35","n/a"
"ELF1","1997","NP_758961.1","Ets","Ets-domain","Domain","CL0123","207","292","208","291","2","84","119.60","3.80E-35","n/a"
"ELF1","1997","NP_001138825.1","Elf-1_N","Transcription factor protein N terminal","Family","n/a","1","111","1","111","1","108","148.80","3.60E-44","n/a"
"ELF1","1997","NP_758961.1","Elf-1_N","Transcription factor protein N terminal","Family","n/a","1","111","1","111","1","108","148.70","3.80E-44","n/a"
"ELF5","2001","NP_001413.1","Ets","Ets-domain","Domain","CL0123","162","246","164","245","3","84","98.20","1.80E-28","n/a"
"ELF5","2001","NP_938195.1","Ets","Ets-domain","Domain","CL0123","172","256","174","255","3","84","98.10","1.90E-28","n/a"
"ELF5","2001","NP_001413.1","SAM_PNT","Sterile alpha motif (SAM)/Pointed domain","Domain","CL0003","35","119","37","118","3","82","97.50","2.30E-28","n/a"
"ELF5","2001","NP_938195.1","SAM_PNT","Sterile alpha motif (SAM)/Pointed domain","Domain","CL0003","45","129","47","128","3","82","97.40","2.50E-28","n/a"
"EMILIN1","11117","NP_008977.1","EMI","EMI domain","Domain","n/a","56","128","56","127","1","71","79.80","1.20E-22","n/a"
"EMILIN1","11117","NP_008977.1","Collagen","Collagen triple helix repeat (20 copies)","Repeat","n/a","812","870","814","867","4","57","34.50","8.40E-09","n/a"
"EMILIN1","11117","NP_008977.1","C1q","C1q domain","Domain","CL0100","872","1007","872","1007","1","127","46.10","3.50E-12","n/a"
"EMP2","2013","NP_001415.1","PMP22_Claudin","PMP-22/EMP/MP20/Claudin family","Family","CL0375","1","160","1","160","1","166","188.80","4.20E-56","n/a"
"ENOSF1","55556","NP_001119595.1","MR_MLE","Mandelate racemase / muconate lactonizing enzyme; C-terminal domain","Domain","CL0256","119","214","120","212","2","95","91.60","1.70E-26","140"
"ENOSF1","55556","NP_059982.2","MR_MLE","Mandelate racemase / muconate lactonizing enzyme; C-terminal domain","Domain","CL0256","201","296","203","294","3","95","91.10","2.40E-26","222"
"ENOSF1","55556","NP_974487.1","MR_MLE","Mandelate racemase / muconate lactonizing enzyme; C-terminal domain","Domain","CL0256","222","316","224","312","3","92","89.30","9.10E-26","243"
"ENOSF1","55556","NP_059982.2","MR_MLE_N","Mandelate racemase / muconate lactonizing enzyme; N-terminal domain","Domain","CL0227","25","139","35","138","25","116","42.30","5.00E-11","n/a"
"ENOSF1","55556","NP_974487.1","MR_MLE_N","Mandelate racemase / muconate lactonizing enzyme; N-terminal domain","Domain","CL0227","34","160","56","159","25","116","42.50","4.50E-11","n/a"
"ENSA","2029","NP_997051.1","-","-","-","-","0","0","0","0","0","0","0.00","-","-"
"ENSA","2029","NP_004427.1","Endosulfine","cAMP-regulated phosphoprotein/endosulfine conserved region","Family","n/a","1","109","32","83","9","56","48.20","6.10E-13","n/a"
"ENSA","2029","NP_996925.1","Endosulfine","cAMP-regulated phosphoprotein/endosulfine conserved region","Family","n/a","67","129","76","99","33","56","34.00","1.70E-08","n/a"
"ENSA","2029","NP_996926.1","Endosulfine","cAMP-regulated phosphoprotein/endosulfine conserved region","Family","n/a","68","128","76","99","33","56","34.00","1.70E-08","n/a"
"ENSA","2029","NP_996927.1","Endosulfine","cAMP-regulated phosphoprotein/endosulfine conserved region","Family","n/a","1","110","32","83","9","56","48.50","4.90E-13","n/a"
"ENSA","2029","NP_996928.1","Endosulfine","cAMP-regulated phosphoprotein/endosulfine conserved region","Family","n/a","64","125","72","95","33","56","34.00","1.70E-08","n/a"
"ENSA","2029","NP_996929.1","Endosulfine","cAMP-regulated phosphoprotein/endosulfine conserved region","Family","n/a","17","109","28","79","9","56","54.90","5.20E-15","n/a"
"ENSA","2029","NP_996930.1","Endosulfine","cAMP-regulated phosphoprotein/endosulfine conserved region","Family","n/a","17","109","28","79","9","56","55.00","4.70E-15","n/a"
"EPDR1","54749","NP_060019.1","Ependymin","Ependymin","Family","n/a","199","330","201","330","3","133","142.50","4.90E-42","n/a"
"EPHB2","2048","NP_004433.2","Ephrin_lbd","Ephrin receptor ligand binding domain","Domain","CL0202","20","197","20","197","1","178","262.80","1.10E-78","n/a"
"EPHB2","2048","NP_059145.2","Ephrin_lbd","Ephrin receptor ligand binding domain","Domain","CL0202","20","197","20","197","1","178","262.80","1.10E-78","n/a"
"EPHB2","2048","NP_004433.2","fn3","Fibronectin type III domain","Domain","CL0159","326","421","326","421","1","85","62.30","2.80E-17","n/a"
"EPHB2","2048","NP_004433.2","fn3","Fibronectin type III domain","Domain","CL0159","435","520","437","520","1","85","57.80","7.10E-16","n/a"
"EPHB2","2048","NP_059145.2","fn3","Fibronectin type III domain","Domain","CL0159","326","421","326","421","1","85","62.30","2.80E-17","n/a"
"EPHB2","2048","NP_059145.2","fn3","Fibronectin type III domain","Domain","CL0159","435","520","437","520","1","85","57.80","7.10E-16","n/a"
"EPHB2","2048","NP_004433.2","GCC2_GCC3","GCC2 and GCC3","Family","n/a","260","305","266","302","8","44","30.20","2.00E-07","n/a"
"EPHB2","2048","NP_059145.2","GCC2_GCC3","GCC2 and GCC3","Family","n/a","260","305","266","302","8","44","30.20","2.00E-07","n/a"
"EPHB2","2048","NP_004433.2","Pkinase_Tyr","Protein tyrosine kinase","Domain","CL0016","622","881","623","881","2","259","320.30","5.80E-96","747"
"EPHB2","2048","NP_059145.2","Pkinase_Tyr","Protein tyrosine kinase","Domain","CL0016","621","880","622","880","2","259","320.30","5.70E-96","746"
"EPHB2","2048","NP_004433.2","SAM_1","SAM domain (Sterile alpha motif)","Domain","CL0003","912","976","912","976","1","64","78.90","1.90E-22","n/a"
"EPHB2","2048","NP_059145.2","SAM_1","SAM domain (Sterile alpha motif)","Domain","CL0003","911","975","911","975","1","64","78.90","1.90E-22","n/a"
"EPHB4","2050","NP_004435.3","Ephrin_lbd","Ephrin receptor ligand binding domain","Domain","CL0202","17","197","17","197","1","178","213.50","1.50E-63","n/a"
"EPHB4","2050","NP_004435.3","fn3","Fibronectin type III domain","Domain","CL0159","325","417","325","412","1","79","42.10","5.70E-11","n/a"
"EPHB4","2050","NP_004435.3","fn3","Fibronectin type III domain","Domain","CL0159","435","519","435","518","1","84","52.00","4.70E-14","n/a"
"EPHB4","2050","NP_004435.3","GCC2_GCC3","GCC2 and GCC3","Family","n/a","258","304","263","299","6","42","27.90","9.90E-07","n/a"
"EPHB4","2050","NP_004435.3","Pkinase_Tyr","Protein tyrosine kinase","Domain","CL0016","615","874","616","874","2","259","305.10","2.40E-91","740"
"EPHB4","2050","NP_004435.3","SAM_1","SAM domain (Sterile alpha motif)","Domain","CL0003","905","969","907","969","3","64","72.00","2.80E-20","n/a"
"EPPK1","83481","NP_112598.2","Plectin","Plectin repeat","Repeat","n/a","72","116","72","116","1","45","47.90","5.60E-13","n/a"
"EPPK1","83481","NP_112598.2","Plectin","Plectin repeat","Repeat","n/a","148","192","149","191","2","44","48.40","3.80E-13","n/a"
"EPPK1","83481","NP_112598.2","Plectin","Plectin repeat","Repeat","n/a","316","360","316","360","1","45","59.20","1.60E-16","n/a"
"EPPK1","83481","NP_112598.2","Plectin","Plectin repeat","Repeat","n/a","392","436","392","435","1","44","51.20","5.00E-14","n/a"
"EPPK1","83481","NP_112598.2","Plectin","Plectin repeat","Repeat","n/a","603","647","603","647","1","45","38.40","5.20E-10","n/a"
"EPPK1","83481","NP_112598.2","Plectin","Plectin repeat","Repeat","n/a","643","685","643","685","3","45","35.80","3.40E-09","n/a"
"EPPK1","83481","NP_112598.2","Plectin","Plectin repeat","Repeat","n/a","717","761","717","761","1","45","59.70","1.10E-16","n/a"
"EPPK1","83481","NP_112598.2","Plectin","Plectin repeat","Repeat","n/a","923","966","929","966","7","44","24.70","9.40E-06","n/a"
"EPPK1","83481","NP_112598.2","Plectin","Plectin repeat","Repeat","n/a","961","1005","961","1005","1","45","53.80","7.60E-15","n/a"
"EPPK1","83481","NP_112598.2","Plectin","Plectin repeat","Repeat","n/a","1037","1081","1038","1079","2","43","59.30","1.50E-16","n/a"
"EPPK1","83481","NP_112598.2","Plectin","Plectin repeat","Repeat","n/a","1277","1321","1277","1320","1","44","51.80","3.40E-14","n/a"
"EPPK1","83481","NP_112598.2","Plectin","Plectin repeat","Repeat","n/a","1353","1396","1353","1394","1","42","45.20","3.70E-12","n/a"
"EPPK1","83481","NP_112598.2","Plectin","Plectin repeat","Repeat","n/a","1564","1606","1565","1606","2","43","28.70","5.40E-07","n/a"
"EPPK1","83481","NP_112598.2","Plectin","Plectin repeat","Repeat","n/a","1602","1646","1602","1646","1","45","54.90","3.50E-15","n/a"
"EPPK1","83481","NP_112598.2","Plectin","Plectin repeat","Repeat","n/a","1678","1722","1678","1721","1","44","65.40","1.80E-18","n/a"
"EPPK1","83481","NP_112598.2","Plectin","Plectin repeat","Repeat","n/a","1890","1933","1891","1933","2","44","30.20","1.80E-07","n/a"
"EPPK1","83481","NP_112598.2","Plectin","Plectin repeat","Repeat","n/a","1930","1972","1930","1972","3","45","49.20","2.20E-13","n/a"
"EPPK1","83481","NP_112598.2","Plectin","Plectin repeat","Repeat","n/a","2004","2048","2004","2046","1","43","54.50","4.90E-15","n/a"
"EPPK1","83481","NP_112598.2","Plectin","Plectin repeat","Repeat","n/a","2260","2304","2260","2304","1","45","41.40","5.80E-11","n/a"
"EPPK1","83481","NP_112598.2","Plectin","Plectin repeat","Repeat","n/a","2336","2380","2336","2379","1","44","64.50","3.60E-18","n/a"
"EPPK1","83481","NP_112598.2","Plectin","Plectin repeat","Repeat","n/a","2794","2838","2794","2838","1","45","52.80","1.60E-14","n/a"
"EPPK1","83481","NP_112598.2","Plectin","Plectin repeat","Repeat","n/a","2870","2914","2870","2913","1","44","64.50","3.60E-18","n/a"
"EPPK1","83481","NP_112598.2","Plectin","Plectin repeat","Repeat","n/a","3328","3372","3328","3372","1","45","52.80","1.60E-14","n/a"
"EPPK1","83481","NP_112598.2","Plectin","Plectin repeat","Repeat","n/a","3404","3448","3404","3447","1","44","64.50","3.60E-18","n/a"
"EPPK1","83481","NP_112598.2","Plectin","Plectin repeat","Repeat","n/a","3862","3906","3862","3906","1","45","52.80","1.60E-14","n/a"
"EPPK1","83481","NP_112598.2","Plectin","Plectin repeat","Repeat","n/a","3938","3982","3938","3981","1","44","64.50","3.60E-18","n/a"
"EPPK1","83481","NP_112598.2","Plectin","Plectin repeat","Repeat","n/a","4396","4440","4396","4440","1","45","52.80","1.60E-14","n/a"
"EPPK1","83481","NP_112598.2","Plectin","Plectin repeat","Repeat","n/a","4472","4516","4472","4515","1","44","64.50","3.60E-18","n/a"
"EPPK1","83481","NP_112598.2","Plectin","Plectin repeat","Repeat","n/a","4930","4974","4930","4974","1","45","52.80","1.60E-14","n/a"
"EPPK1","83481","NP_112598.2","Plectin","Plectin repeat","Repeat","n/a","5006","5050","5006","5049","1","44","64.50","3.60E-18","n/a"
"ErbB2","2064","NP_001005862.1","Furin-like","Furin-like cysteine rich region","Family","n/a","153","313","160","313","10","149","88.10","3.50E-25","n/a"
"ErbB2","2064","NP_004439.2","Furin-like","Furin-like cysteine rich region","Family","n/a","183","343","190","343","10","149","88.00","3.60E-25","n/a"
"ErbB2","2064","NP_001005862.1","Pkinase_Tyr","Protein tyrosine kinase","Domain","CL0016","690","946","692","945","3","258","285.40","2.50E-85","815"
"ErbB2","2064","NP_004439.2","Pkinase_Tyr","Protein tyrosine kinase","Domain","CL0016","720","976","722","975","3","258","285.30","2.60E-85","845"
"ErbB2","2064","NP_001005862.1","Recep_L_domain","Receptor L domain","Domain","n/a","22","143","22","142","1","111","114.00","2.70E-33","n/a"
"ErbB2","2064","NP_001005862.1","Recep_L_domain","Receptor L domain","Domain","n/a","336","456","336","455","1","111","72.20","2.50E-20","n/a"
"ErbB2","2064","NP_004439.2","Recep_L_domain","Receptor L domain","Domain","n/a","52","173","52","172","1","111","113.90","2.70E-33","n/a"
"ErbB2","2064","NP_004439.2","Recep_L_domain","Receptor L domain","Domain","n/a","366","486","366","485","1","111","72.20","2.50E-20","n/a"
"ERO1L","30001","NP_055399.1","ERO1","Endoplasmic Reticulum Oxidoreductin 1 (ERO1)","Family","n/a","59","458","60","457","2","356","434.60","2.10E-130","394;397"
"ESM1","11082","NP_001129076.1","IGFBP","Insulin-like growth factor binding protein","Domain","n/a","28","83","28","83","1","53","26.30","6.30E-06","n/a"
"ESM1","11082","NP_008967.1","IGFBP","Insulin-like growth factor binding protein","Domain","n/a","28","83","28","83","1","53","25.40","1.20E-05","n/a"
"ESPN","83715","NP_113663.2","Ank_2","Ankyrin repeats (3 copies)","Family","CL0465","6","101","8","100","3","88","42.30","5.50E-11","n/a"
"ESPN","83715","NP_113663.2","Ank_2","Ankyrin repeats (3 copies)","Family","CL0465","108","203","108","202","1","88","66.30","1.80E-18","n/a"
"ESPN","83715","NP_113663.2","Ank","Ankyrin repeat","Repeat","CL0465","205","238","205","228","1","24","22.20","6.50E-05","n/a"
"ESPN","83715","NP_113663.2","Ank_2","Ankyrin repeats (3 copies)","Family","CL0465","245","334","245","325","2","79","46.90","2.10E-12","n/a"
"ESR1","2099","NP_000116.2","Hormone_recep","Ligand-binding domain of nuclear hormone receptor","Domain","n/a","325","543","328","524","4","197","95.20","2.30E-27","n/a"
"ESR1","2099","NP_001116212.1","Hormone_recep","Ligand-binding domain of nuclear hormone receptor","Domain","n/a","325","543","328","524","4","197","95.20","2.30E-27","n/a"
"ESR1","2099","NP_001116213.1","Hormone_recep","Ligand-binding domain of nuclear hormone receptor","Domain","n/a","325","543","328","524","4","197","95.20","2.30E-27","n/a"
"ESR1","2099","NP_001116214.1","Hormone_recep","Ligand-binding domain of nuclear hormone receptor","Domain","n/a","325","543","328","524","4","197","95.20","2.30E-27","n/a"
"ESR1","2099","NP_000116.2","Oest_recep","Oestrogen receptor","Family","n/a","42","181","42","181","1","139","172.80","3.20E-51","n/a"
"ESR1","2099","NP_001116212.1","Oest_recep","Oestrogen receptor","Family","n/a","42","181","42","181","1","139","172.80","3.20E-51","n/a"
"ESR1","2099","NP_001116213.1","Oest_recep","Oestrogen receptor","Family","n/a","42","181","42","181","1","139","172.80","3.20E-51","n/a"
"ESR1","2099","NP_001116214.1","Oest_recep","Oestrogen receptor","Family","n/a","42","181","42","181","1","139","172.80","3.20E-51","n/a"
"ESR1","2099","NP_000116.2","ESR1_C","Oestrogen-type nuclear receptor final C-terminal","Domain","n/a","552","595","552","595","1","43","70.00","6.70E-20","n/a"
"ESR1","2099","NP_001116212.1","ESR1_C","Oestrogen-type nuclear receptor final C-terminal","Domain","n/a","552","595","552","595","1","43","70.00","6.70E-20","n/a"
"ESR1","2099","NP_001116213.1","ESR1_C","Oestrogen-type nuclear receptor final C-terminal","Domain","n/a","552","595","552","595","1","43","70.00","6.70E-20","n/a"
"ESR1","2099","NP_001116214.1","ESR1_C","Oestrogen-type nuclear receptor final C-terminal","Domain","n/a","552","595","552","595","1","43","70.00","6.70E-20","n/a"
"ESR1","2099","NP_000116.2","zf-C4","Zinc finger; C4 type (two domains)","Domain","n/a","183","252","184","252","2","70","107.80","1.80E-31","n/a"
"ESR1","2099","NP_001116212.1","zf-C4","Zinc finger; C4 type (two domains)","Domain","n/a","183","252","184","252","2","70","107.80","1.80E-31","n/a"
"ESR1","2099","NP_001116213.1","zf-C4","Zinc finger; C4 type (two domains)","Domain","n/a","183","252","184","252","2","70","107.80","1.80E-31","n/a"
"ESR1","2099","NP_001116214.1","zf-C4","Zinc finger; C4 type (two domains)","Domain","n/a","183","252","184","252","2","70","107.80","1.80E-31","n/a"
"ESR2","2100","NP_001035365.1","ERbeta_N","Estrogen receptor beta","Family","n/a","12","124","12","123","1","109","118.60","8.80E-35","n/a"
"ESR2","2100","NP_001035366.1","ERbeta_N","Estrogen receptor beta","Family","n/a","12","124","12","123","1","109","118.60","8.80E-35","n/a"
"ESR2","2100","NP_001428.1","ERbeta_N","Estrogen receptor beta","Family","n/a","12","124","12","123","1","109","118.40","9.90E-35","n/a"
"ESR2","2100","NP_001035365.1","Hormone_recep","Ligand-binding domain of nuclear hormone receptor","Domain","n/a","277","488","282","468","6","190","115.40","1.40E-33","n/a"
"ESR2","2100","NP_001035366.1","Hormone_recep","Ligand-binding domain of nuclear hormone receptor","Domain","n/a","277","488","282","468","6","190","115.40","1.40E-33","n/a"
"ESR2","2100","NP_001428.1","Hormone_recep","Ligand-binding domain of nuclear hormone receptor","Domain","n/a","277","494","282","475","6","197","119.20","1.00E-34","n/a"
"ESR2","2100","NP_001035365.1","zf-C4","Zinc finger; C4 type (two domains)","Domain","n/a","147","216","148","216","2","70","107.30","2.70E-31","n/a"
"ESR2","2100","NP_001035366.1","zf-C4","Zinc finger; C4 type (two domains)","Domain","n/a","147","216","148","216","2","70","107.30","2.70E-31","n/a"
"ESR2","2100","NP_001428.1","zf-C4","Zinc finger; C4 type (two domains)","Domain","n/a","147","216","148","216","2","70","107.10","3.00E-31","n/a"
"ETS1","2113","NP_001137292.1","Ets","Ets-domain","Domain","CL0123","378","461","379","460","2","84","135.20","5.20E-40","n/a"
"ETS1","2113","NP_001155894.1","Ets","Ets-domain","Domain","CL0123","118","201","119","200","2","84","137.10","1.30E-40","n/a"
"ETS1","2113","NP_005229.1","Ets","Ets-domain","Domain","CL0123","334","417","335","416","2","84","135.40","4.50E-40","n/a"
"ETS1","2113","NP_001137292.1","SAM_PNT","Sterile alpha motif (SAM)/Pointed domain","Domain","CL0003","97","180","98","179","2","82","111.00","1.40E-32","n/a"
"ETS1","2113","NP_005229.1","SAM_PNT","Sterile alpha motif (SAM)/Pointed domain","Domain","CL0003","53","136","54","135","2","82","111.20","1.20E-32","n/a"
"ETV5","2119","NP_004445.1","Ets","Ets-domain","Domain","CL0123","367","450","368","449","2","84","127.00","1.90E-37","n/a"
"ETV5","2119","NP_004445.1","ETS_PEA3_N","PEA3 subfamily ETS-domain transcription factor N terminal domain","Family","n/a","1","366","1","366","1","341","505.90","4.50E-152","n/a"
"F10","2159","NP_000495.1","Gla","Vitamin K-dependent carboxylation/gamma-carboxyglutamic (GLA) domain","Domain","n/a","45","86","45","86","1","42","68.30","2.60E-19","n/a"
"F10","2159","NP_000495.1","EGF","EGF-like domain","Domain","CL0001","90","120","90","120","1","32","30.10","2.70E-07","n/a"
"F10","2159","NP_000495.1","Trypsin","Trypsin","Domain","CL0124","235","462","235","462","1","219","231.50","6.80E-69","322;419;276"
"F13A1","2162","NP_000120.2","Transglut_N","Transglutaminase family","Domain","n/a","46","167","46","166","1","118","120.80","2.50E-35","n/a"
"F13A1","2162","NP_000120.2","Transglut_C","Transglutaminase family; C-terminal ig like domain","Domain","CL0159","519","623","519","623","1","107","71.80","3.30E-20","n/a"
"F13A1","2162","NP_000120.2","Transglut_C","Transglutaminase family; C-terminal ig like domain","Domain","CL0159","631","728","631","727","1","106","73.20","1.20E-20","n/a"
"F13A1","2162","NP_000120.2","Transglut_core","Transglutaminase-like superfamily","Family","CL0125","282","398","311","397","50","112","57.00","1.50E-15","397;374;315"
"FAM20A","54757","NP_060035.2","DUF1193","Protein of unknown function (DUF1193)","Family","n/a","305","525","305","524","1","220","333.40","4.00E-100","n/a"
"FAM46C","54855","NP_060179.2","DUF1693","Domain of unknown function (DUF1693)","Domain","CL0260","17","336","17","336","1","320","582.80","1.30E-175","n/a"
"FAM65C","140876","NP_543019.2","-","-","-","-","0","0","0","0","0","0","0.00","-","-"
"FAM89B","23625","NP_001092254.1","-","-","-","-","0","0","0","0","0","0","0.00","-","-"
"FAM89B","23625","NP_001092255.1","-","-","-","-","0","0","0","0","0","0","0.00","-","-"
"FAM89B","23625","NP_690045.1","-","-","-","-","0","0","0","0","0","0","0.00","-","-"
"Fas","355","NP_000034.1","Death","Death domain","Domain","CL0041","231","314","237","313","7","82","63.60","8.70E-18","n/a"
"Fas","355","NP_690610.1","Death","Death domain","Domain","CL0041","210","293","216","292","7","82","63.80","7.70E-18","n/a"
"Fas","355","NP_000034.1","TNFR_c6","TNFR/NGFR cysteine-rich region","Domain","n/a","85","127","85","127","1","39","37.60","1.30E-09","n/a"
"Fas","355","NP_000034.1","TNFR_c6","TNFR/NGFR cysteine-rich region","Domain","n/a","129","165","129","165","1","39","25.50","7.90E-06","n/a"
"Fas","355","NP_690610.1","TNFR_c6","TNFR/NGFR cysteine-rich region","Domain","n/a","85","127","85","127","1","39","37.70","1.20E-09","n/a"
"Fas","355","NP_690610.1","TNFR_c6","TNFR/NGFR cysteine-rich region","Domain","n/a","129","165","129","165","1","39","25.70","7.20E-06","n/a"
"Fas","355","NP_690611.1","TNFR_c6","TNFR/NGFR cysteine-rich region","Domain","n/a","85","127","85","127","1","39","38.50","7.00E-10","n/a"
"Fas","355","NP_690611.1","TNFR_c6","TNFR/NGFR cysteine-rich region","Domain","n/a","129","165","129","165","1","39","26.40","4.30E-06","n/a"
"FBN1","2200","NP_000129.3","EGF_CA","Calcium-binding EGF domain","Domain","CL0001","246","286","246","286","1","42","37.30","1.60E-09","n/a"
"FBN1","2200","NP_000129.3","EGF_CA","Calcium-binding EGF domain","Domain","CL0001","288","328","288","328","1","42","29.70","3.60E-07","n/a"
"FBN1","2200","NP_000129.3","EGF_CA","Calcium-binding EGF domain","Domain","CL0001","490","528","490","528","1","42","32.30","5.80E-08","n/a"
"FBN1","2200","NP_000129.3","EGF_CA","Calcium-binding EGF domain","Domain","CL0001","530","570","530","570","1","42","36.90","2.10E-09","n/a"
"FBN1","2200","NP_000129.3","EGF_CA","Calcium-binding EGF domain","Domain","CL0001","723","763","723","763","1","42","36.30","3.10E-09","n/a"
"FBN1","2200","NP_000129.3","EGF_CA","Calcium-binding EGF domain","Domain","CL0001","765","805","765","805","1","42","31.70","9.10E-08","n/a"
"FBN1","2200","NP_000129.3","EGF_CA","Calcium-binding EGF domain","Domain","CL0001","910","950","910","943","1","35","33.80","2.00E-08","n/a"
"FBN1","2200","NP_000129.3","EGF_CA","Calcium-binding EGF domain","Domain","CL0001","1028","1068","1028","1068","1","42","35.40","6.30E-09","n/a"
"FBN1","2200","NP_000129.3","EGF_CA","Calcium-binding EGF domain","Domain","CL0001","1070","1111","1070","1103","1","35","29.60","3.90E-07","n/a"
"FBN1","2200","NP_000129.3","EGF_CA","Calcium-binding EGF domain","Domain","CL0001","1113","1153","1113","1153","1","42","35.10","7.70E-09","n/a"
"FBN1","2200","NP_000129.3","EGF_CA","Calcium-binding EGF domain","Domain","CL0001","1155","1195","1155","1192","1","39","35.10","7.80E-09","n/a"
"FBN1","2200","NP_000129.3","EGF_CA","Calcium-binding EGF domain","Domain","CL0001","1280","1320","1280","1320","1","42","31.60","9.20E-08","n/a"
"FBN1","2200","NP_000129.3","EGF_CA","Calcium-binding EGF domain","Domain","CL0001","1322","1361","1322","1357","1","38","42.40","4.10E-11","n/a"
"FBN1","2200","NP_000129.3","EGF_CA","Calcium-binding EGF domain","Domain","CL0001","1363","1402","1363","1402","1","42","43.10","2.40E-11","n/a"
"FBN1","2200","NP_000129.3","EGF_CA","Calcium-binding EGF domain","Domain","CL0001","1404","1444","1404","1444","1","42","29.80","3.50E-07","n/a"
"FBN1","2200","NP_000129.3","EGF_CA","Calcium-binding EGF domain","Domain","CL0001","1446","1485","1446","1485","1","42","24.10","2.00E-05","n/a"
"FBN1","2200","NP_000129.3","EGF_CA","Calcium-binding EGF domain","Domain","CL0001","1487","1534","1487","1525","1","41","23.70","2.80E-05","n/a"
"FBN1","2200","NP_000129.3","EGF_CA","Calcium-binding EGF domain","Domain","CL0001","1606","1646","1606","1646","1","42","38.50","6.40E-10","n/a"
"FBN1","2200","NP_000129.3","EGF_CA","Calcium-binding EGF domain","Domain","CL0001","1648","1687","1648","1687","1","42","21.80","0.00011","n/a"
"FBN1","2200","NP_000129.3","EGF_CA","Calcium-binding EGF domain","Domain","CL0001","1766","1806","1766","1802","1","38","35.70","4.80E-09","n/a"
"FBN1","2200","NP_000129.3","EGF_CA","Calcium-binding EGF domain","Domain","CL0001","1808","1847","1808","1845","1","40","39.40","3.50E-10","n/a"
"FBN1","2200","NP_000129.3","EGF_CA","Calcium-binding EGF domain","Domain","CL0001","1849","1889","1849","1889","1","42","30.30","2.40E-07","n/a"
"FBN1","2200","NP_000129.3","EGF_CA","Calcium-binding EGF domain","Domain","CL0001","1891","1928","1891","1921","1","34","24.20","1.90E-05","n/a"
"FBN1","2200","NP_000129.3","EGF_CA","Calcium-binding EGF domain","Domain","CL0001","1930","1971","1930","1971","1","42","40.80","1.20E-10","n/a"
"FBN1","2200","NP_000129.3","EGF_CA","Calcium-binding EGF domain","Domain","CL0001","1973","2011","1973","2011","1","42","36.80","2.30E-09","n/a"
"FBN1","2200","NP_000129.3","EGF_CA","Calcium-binding EGF domain","Domain","CL0001","2013","2053","2013","2053","1","42","38.30","7.40E-10","n/a"
"FBN1","2200","NP_000129.3","EGF_CA","Calcium-binding EGF domain","Domain","CL0001","2127","2164","2127","2158","1","34","29.40","4.60E-07","n/a"
"FBN1","2200","NP_000129.3","EGF_CA","Calcium-binding EGF domain","Domain","CL0001","2166","2204","2166","2200","1","37","25.80","6.30E-06","n/a"
"FBN1","2200","NP_000129.3","EGF_CA","Calcium-binding EGF domain","Domain","CL0001","2206","2245","2206","2245","1","42","35.50","5.60E-09","n/a"
"FBN1","2200","NP_000129.3","EGF_CA","Calcium-binding EGF domain","Domain","CL0001","2247","2289","2247","2289","1","42","33.90","1.80E-08","n/a"
"FBN1","2200","NP_000129.3","EGF_CA","Calcium-binding EGF domain","Domain","CL0001","2291","2331","2291","2331","1","42","27.70","1.60E-06","n/a"
"FBN1","2200","NP_000129.3","EGF_CA","Calcium-binding EGF domain","Domain","CL0001","2402","2442","2402","2442","1","42","34.80","9.30E-09","n/a"
"FBN1","2200","NP_000129.3","EGF_CA","Calcium-binding EGF domain","Domain","CL0001","2444","2483","2444","2483","1","42","35.50","5.70E-09","n/a"
"FBN1","2200","NP_000129.3","EGF_CA","Calcium-binding EGF domain","Domain","CL0001","2485","2522","2485","2522","1","42","39.20","3.90E-10","n/a"
"FBN1","2200","NP_000129.3","EGF_CA","Calcium-binding EGF domain","Domain","CL0001","2524","2565","2524","2565","1","42","28.40","9.30E-07","n/a"
"FBN1","2200","NP_000129.3","EGF_CA","Calcium-binding EGF domain","Domain","CL0001","2567","2605","2567","2605","1","42","28.00","1.30E-06","n/a"
"FBN1","2200","NP_000129.3","EGF_CA","Calcium-binding EGF domain","Domain","CL0001","2607","2646","2607","2641","1","37","25.80","6.10E-06","n/a"
"FBN1","2200","NP_000129.3","EGF_CA","Calcium-binding EGF domain","Domain","CL0001","2648","2686","2648","2679","1","34","24.90","1.20E-05","n/a"
"FBN1","2200","NP_000129.3","cEGF","Complement Clr-like EGF-like","Domain","CL0001","593","616","593","616","1","24","35.00","6.70E-09","n/a"
"FBN1","2200","NP_000129.3","cEGF","Complement Clr-like EGF-like","Domain","CL0001","1218","1241","1218","1241","1","24","35.50","4.40E-09","n/a"
"FBN1","2200","NP_000129.3","TB","TB domain","Family","n/a","193","235","193","234","1","41","51.20","5.30E-14","n/a"
"FBN1","2200","NP_000129.3","TB","TB domain","Family","n/a","343","388","343","388","1","42","51.90","3.20E-14","n/a"
"FBN1","2200","NP_000129.3","TB","TB domain","Family","n/a","668","710","668","710","1","42","53.60","9.60E-15","n/a"
"FBN1","2200","NP_000129.3","TB","TB domain","Family","n/a","860","901","860","898","1","39","44.40","6.90E-12","n/a"
"FBN1","2200","NP_000129.3","TB","TB domain","Family","n/a","965","1007","966","1007","2","42","53.40","1.10E-14","n/a"
"FBN1","2200","NP_000129.3","TB","TB domain","Family","n/a","1547","1588","1548","1588","2","42","57.40","6.10E-16","n/a"
"FBN1","2200","NP_000129.3","TB","TB domain","Family","n/a","1704","1747","1704","1747","1","42","53.90","7.50E-15","n/a"
"FBN1","2200","NP_000129.3","TB","TB domain","Family","n/a","2068","2110","2068","2110","1","42","52.10","2.80E-14","n/a"
"FBN1","2200","NP_000129.3","TB","TB domain","Family","n/a","2346","2389","2347","2389","2","42","55.20","2.90E-15","n/a"
"FBXO32","114907","NP_001229392.1","F-box-like","F-box-like","Domain","CL0271","132","179","133","178","2","47","13.00","0.05","n/a"
"FBXO32","114907","NP_478136.1","F-box-like","F-box-like","Domain","CL0271","225","272","226","271","2","47","12.40","0.08","n/a"
"FBXO32","114907","NP_680482.1","F-box-like","F-box-like","Domain","CL0271","80","127","81","126","2","47","13.50","0.035","n/a"
"FBXO32","114907","NP_001229392.1","Elongin_A","RNA polymerase II transcription factor SIII (Elongin) subunit A","Family","n/a","134","225","152","215","23","80","18.00","0.0022","n/a"
"FBXO32","114907","NP_478136.1","Elongin_A","RNA polymerase II transcription factor SIII (Elongin) subunit A","Family","n/a","227","318","245","308","23","80","17.30","0.0038","n/a"
"FBXO32","114907","NP_680482.1","Elongin_A","RNA polymerase II transcription factor SIII (Elongin) subunit A","Family","n/a","82","173","100","163","23","80","18.60","0.0014","n/a"
"FBXW7","55294","NP_001013433.1","F-box-like","F-box-like","Domain","CL0271","163","209","163","207","1","46","48.20","5.10E-13","n/a"
"FBXW7","55294","NP_060785.2","F-box-like","F-box-like","Domain","CL0271","201","247","201","245","1","46","48.10","5.50E-13","n/a"
"FBXW7","55294","NP_361014.1","F-box-like","F-box-like","Domain","CL0271","281","327","281","325","1","46","47.90","6.40E-13","n/a"
"FBXW7","55294","NP_001013433.1","WD40","WD domain; G-beta repeat","Repeat","CL0186","253","289","263","289","11","39","26.10","4.30E-06","n/a"
"FBXW7","55294","NP_001013433.1","WD40","WD domain; G-beta repeat","Repeat","CL0186","293","329","293","329","1","39","30.30","2.10E-07","n/a"
"FBXW7","55294","NP_001013433.1","WD40","WD domain; G-beta repeat","Repeat","CL0186","333","369","333","369","1","39","41.60","5.60E-11","n/a"
"FBXW7","55294","NP_001013433.1","WD40","WD domain; G-beta repeat","Repeat","CL0186","373","409","373","409","1","39","26.00","4.60E-06","n/a"
"FBXW7","55294","NP_001013433.1","WD40","WD domain; G-beta repeat","Repeat","CL0186","413","449","414","449","2","39","35.60","4.20E-09","n/a"
"FBXW7","55294","NP_001013433.1","WD40","WD domain; G-beta repeat","Repeat","CL0186","453","489","453","489","1","39","22.20","7.00E-05","n/a"
"FBXW7","55294","NP_001013433.1","WD40","WD domain; G-beta repeat","Repeat","CL0186","493","532","505","532","10","39","32.90","3.10E-08","n/a"
"FBXW7","55294","NP_060785.2","WD40","WD domain; G-beta repeat","Repeat","CL0186","291","327","301","327","11","39","26.00","4.70E-06","n/a"
"FBXW7","55294","NP_060785.2","WD40","WD domain; G-beta repeat","Repeat","CL0186","331","367","331","367","1","39","30.20","2.20E-07","n/a"
"FBXW7","55294","NP_060785.2","WD40","WD domain; G-beta repeat","Repeat","CL0186","371","407","371","407","1","39","41.50","6.10E-11","n/a"
"FBXW7","55294","NP_060785.2","WD40","WD domain; G-beta repeat","Repeat","CL0186","411","447","411","447","1","39","25.90","5.00E-06","n/a"
"FBXW7","55294","NP_060785.2","WD40","WD domain; G-beta repeat","Repeat","CL0186","451","487","452","487","2","39","35.50","4.50E-09","n/a"
"FBXW7","55294","NP_060785.2","WD40","WD domain; G-beta repeat","Repeat","CL0186","491","527","491","527","1","39","22.10","7.60E-05","n/a"
"FBXW7","55294","NP_060785.2","WD40","WD domain; G-beta repeat","Repeat","CL0186","531","570","543","570","10","39","32.80","3.40E-08","n/a"
"FBXW7","55294","NP_361014.1","WD40","WD domain; G-beta repeat","Repeat","CL0186","371","407","381","407","11","39","25.80","5.40E-06","n/a"
"FBXW7","55294","NP_361014.1","WD40","WD domain; G-beta repeat","Repeat","CL0186","411","447","411","447","1","39","30.00","2.60E-07","n/a"
"FBXW7","55294","NP_361014.1","WD40","WD domain; G-beta repeat","Repeat","CL0186","451","487","451","487","1","39","41.30","7.00E-11","n/a"
"FBXW7","55294","NP_361014.1","WD40","WD domain; G-beta repeat","Repeat","CL0186","491","527","491","527","1","39","25.70","5.80E-06","n/a"
"FBXW7","55294","NP_361014.1","WD40","WD domain; G-beta repeat","Repeat","CL0186","531","567","532","567","2","39","35.30","5.20E-09","n/a"
"FBXW7","55294","NP_361014.1","WD40","WD domain; G-beta repeat","Repeat","CL0186","571","607","571","607","1","39","21.90","8.80E-05","n/a"
"FBXW7","55294","NP_361014.1","WD40","WD domain; G-beta repeat","Repeat","CL0186","611","650","623","650","10","39","32.60","3.90E-08","n/a"
"FGF2","2247","NP_001997.5","FGF","Fibroblast growth factor","Domain","CL0066","161","282","162","282","2","122","139.50","3.20E-41","n/a"
"FGFR1","2260","NP_001167534.1","I-set","Immunoglobulin I-set domain","Domain","CL0011","38","118","42","118","9","90","27.40","1.70E-06","n/a"
"FGFR1","2260","NP_001167534.1","I-set","Immunoglobulin I-set domain","Domain","CL0011","160","247","169","247","13","90","52.20","3.20E-14","n/a"
"FGFR1","2260","NP_001167534.1","I-set","Immunoglobulin I-set domain","Domain","CL0011","259","358","262","358","7","90","47.20","1.20E-12","n/a"
"FGFR1","2260","NP_001167535.1","I-set","Immunoglobulin I-set domain","Domain","CL0011","30","110","34","110","9","90","27.50","1.70E-06","n/a"
"FGFR1","2260","NP_001167535.1","I-set","Immunoglobulin I-set domain","Domain","CL0011","152","239","161","239","13","90","52.20","3.20E-14","n/a"
"FGFR1","2260","NP_001167535.1","I-set","Immunoglobulin I-set domain","Domain","CL0011","251","350","254","350","7","90","47.30","1.10E-12","n/a"
"FGFR1","2260","NP_001167536.1","I-set","Immunoglobulin I-set domain","Domain","CL0011","38","118","42","118","9","90","27.40","1.70E-06","n/a"
"FGFR1","2260","NP_001167536.1","I-set","Immunoglobulin I-set domain","Domain","CL0011","158","245","167","245","13","90","52.20","3.20E-14","n/a"
"FGFR1","2260","NP_001167536.1","I-set","Immunoglobulin I-set domain","Domain","CL0011","257","356","260","356","7","90","47.20","1.20E-12","n/a"
"FGFR1","2260","NP_001167537.1","I-set","Immunoglobulin I-set domain","Domain","CL0011","71","158","80","158","13","90","52.40","2.80E-14","n/a"
"FGFR1","2260","NP_001167537.1","I-set","Immunoglobulin I-set domain","Domain","CL0011","170","269","173","269","7","90","47.50","9.90E-13","n/a"
"FGFR1","2260","NP_001167538.1","I-set","Immunoglobulin I-set domain","Domain","CL0011","71","151","75","151","9","90","27.40","1.80E-06","n/a"
"FGFR1","2260","NP_001167538.1","I-set","Immunoglobulin I-set domain","Domain","CL0011","191","278","200","278","13","90","52.20","3.40E-14","n/a"
"FGFR1","2260","NP_001167538.1","I-set","Immunoglobulin I-set domain","Domain","CL0011","290","389","293","389","7","90","47.20","1.20E-12","n/a"
"FGFR1","2260","NP_056934.2","I-set","Immunoglobulin I-set domain","Domain","CL0011","38","118","42","118","9","90","27.40","1.70E-06","n/a"
"FGFR1","2260","NP_056934.2","I-set","Immunoglobulin I-set domain","Domain","CL0011","158","245","167","245","13","90","52.20","3.20E-14","n/a"
"FGFR1","2260","NP_056934.2","I-set","Immunoglobulin I-set domain","Domain","CL0011","257","356","260","356","7","90","47.20","1.20E-12","n/a"
"FGFR1","2260","NP_075593.1","I-set","Immunoglobulin I-set domain","Domain","CL0011","71","158","80","158","13","90","52.40","2.80E-14","n/a"
"FGFR1","2260","NP_075593.1","I-set","Immunoglobulin I-set domain","Domain","CL0011","170","269","173","269","7","90","47.50","9.90E-13","n/a"
"FGFR1","2260","NP_075594.1","I-set","Immunoglobulin I-set domain","Domain","CL0011","69","156","78","156","13","90","52.40","2.80E-14","n/a"
"FGFR1","2260","NP_075594.1","I-set","Immunoglobulin I-set domain","Domain","CL0011","168","267","171","267","7","90","47.50","9.80E-13","n/a"
"FGFR1","2260","NP_075598.2","I-set","Immunoglobulin I-set domain","Domain","CL0011","38","118","42","118","9","90","27.40","1.80E-06","n/a"
"FGFR1","2260","NP_075598.2","I-set","Immunoglobulin I-set domain","Domain","CL0011","160","247","169","247","13","90","52.20","3.30E-14","n/a"
"FGFR1","2260","NP_075598.2","I-set","Immunoglobulin I-set domain","Domain","CL0011","259","358","262","358","7","90","47.20","1.20E-12","n/a"
"FGFR1","2260","NP_001167534.1","Pkinase_Tyr","Protein tyrosine kinase","Domain","CL0016","476","752","477","752","2","259","0.00","1.40E-103","621"
"FGFR1","2260","NP_001167536.1","Pkinase_Tyr","Protein tyrosine kinase","Domain","CL0016","476","752","477","752","2","259","345.20","1.40E-103","621"
"FGFR1","2260","NP_001167537.1","Pkinase_Tyr","Protein tyrosine kinase","Domain","CL0016","389","665","390","665","2","259","345.60","1.10E-103","534"
"FGFR1","2260","NP_001167538.1","Pkinase_Tyr","Protein tyrosine kinase","Domain","CL0016","509","785","510","785","2","259","345.10","1.50E-103","654"
"FGFR1","2260","NP_056934.2","Pkinase_Tyr","Protein tyrosine kinase","Domain","CL0016","476","752","477","752","2","259","345.20","1.40E-103","621"
"FGFR1","2260","NP_075593.1","Pkinase_Tyr","Protein tyrosine kinase","Domain","CL0016","389","665","390","665","2","259","345.60","1.10E-103","534"
"FGFR1","2260","NP_075594.1","Pkinase_Tyr","Protein tyrosine kinase","Domain","CL0016","387","663","388","663","2","259","345.60","1.10E-103","532"
"FGFR1","2260","NP_075598.2","Pkinase_Tyr","Protein tyrosine kinase","Domain","CL0016","478","754","479","754","2","259","345.20","1.40E-103","623"
"FGFR1","2260","NP_001167535.1","Pkinase_Tyr","Proteintyrosinekinase","Domain","CL0016","468","744","469","744","2","259","345.20","1.40E-103","613"
"FHIT","2272","NP_001159715.1","HIT","HIT domain","Domain","CL0265","10","106","12","104","4","96","93.10","9.60E-27","97"
"FHIT","2272","NP_002003.1","HIT","HIT domain","Domain","CL0265","10","106","12","104","4","96","93.10","9.60E-27","97"
"FLRT2","23768","NP_037363.1","fn3","Fibronectin type III domain","Domain","CL0159","423","497","426","493","5","73","23.80","2.90E-05","n/a"
"FLRT2","23768","NP_037363.1","LRRNT","Leucine rich repeat N-terminal domain","Family","n/a","35","62","35","62","1","29","21.50","8.80E-05","n/a"
"FLRT2","23768","NP_037363.1","LRR_4","Leucine Rich repeats (2 copies)","Family","CL0022","252","294","252","289","1","37","29.00","4.70E-07","n/a"
"FOLH1","2346","NP_001014986.1","PA","PA domain","Family","n/a","165","263","165","259","1","95","58.40","3.40E-16","n/a"
"FOLH1","2346","NP_001180400.1","PA","PA domain","Family","n/a","150","248","150","244","1","95","58.40","3.50E-16","n/a"
"FOLH1","2346","NP_001180401.1","PA","PA domain","Family","n/a","150","248","150","244","1","95","58.50","3.30E-16","n/a"
"FOLH1","2346","NP_004467.1","PA","PA domain","Family","n/a","165","263","165","259","1","95","58.40","3.70E-16","n/a"
"FOLH1","2346","NP_001014986.1","Peptidase_M28","Peptidase family M28","Family","CL0035","370","561","370","468","1","101","52.20","4.80E-14","424"
"FOLH1","2346","NP_001180400.1","Peptidase_M28","Peptidase family M28","Family","CL0035","355","546","355","453","1","101","52.20","4.90E-14","409"
"FOLH1","2346","NP_001180401.1","Peptidase_M28","Peptidase family M28","Family","CL0035","355","546","355","453","1","101","52.30","4.60E-14","409"
"FOLH1","2346","NP_001180402.1","Peptidase_M28","Peptidase family M28","Family","CL0035","62","254","62","164","1","102","53.50","1.90E-14","116"
"FOLH1","2346","NP_004467.1","Peptidase_M28","Peptidase family M28","Family","CL0035","370","560","370","468","1","101","52.10","5.20E-14","424"
"FOLH1","2346","NP_001014986.1","TFR_dimer","Transferrin receptor-like dimerisation domain","Domain","n/a","654","718","657","717","65","121","57.20","9.70E-16","n/a"
"FOLH1","2346","NP_001180400.1","TFR_dimer","Transferrin receptor-like dimerisation domain","Domain","n/a","611","734","612","733","2","121","137.90","9.30E-41","n/a"
"FOLH1","2346","NP_001180401.1","TFR_dimer","Transferrin receptor-like dimerisation domain","Domain","n/a","639","703","642","702","65","121","57.20","9.50E-16","n/a"
"FOLH1","2346","NP_001180402.1","TFR_dimer","Transferrin receptor-like dimerisation domain","Domain","n/a","318","441","319","440","2","121","139.10","3.90E-41","n/a"
"FOLH1","2346","NP_004467.1","TFR_dimer","Transferrin receptor-like dimerisation domain","Domain","n/a","626","749","627","748","2","121","137.90","9.60E-41","n/a"
"FOXA1","3169","NP_004487.2","Fork_head_N","Forkhead N-terminal region","Family","n/a","17","169","17","169","1","136","102.40","2.00E-29","n/a"
"FOXA1","3169","NP_004487.2","Fork_head","Fork head domain","Domain","n/a","170","265","170","265","1","96","156.50","1.10E-46","n/a"
"FOXA1","3169","NP_004487.2","HNF_C","HNF3 C-terminal domain","Domain","n/a","397","461","397","461","1","65","71.40","8.40E-20","n/a"
"FOXA2","3170","NP_068556.2","Fork_head","Fork head domain","Domain","n/a","165","260","165","260","1","96","156.60","1.00E-46","n/a"
"FOXA2","3170","NP_710141.1","Fork_head","Fork head domain","Domain","n/a","159","254","159","254","1","96","156.60","9.80E-47","n/a"
"FOXA2","3170","NP_068556.2","Fork_head_N","Forkhead N-terminal region","Family","n/a","22","164","23","164","1","136","83.30","1.60E-23","n/a"
"FOXA2","3170","NP_710141.1","Fork_head_N","Forkhead N-terminal region","Family","n/a","16","158","17","158","1","136","83.30","1.50E-23","n/a"
"FOXA2","3170","NP_068556.2","HNF_C","HNF3 C-terminal domain","Domain","n/a","379","452","379","452","1","65","81.00","8.30E-23","n/a"
"FOXA2","3170","NP_710141.1","HNF_C","HNF3 C-terminal domain","Domain","n/a","373","446","373","446","1","65","81.00","8.20E-23","n/a"
"FOXC1","2296","NP_001444.2","Fork_head","Fork head domain","Domain","n/a","78","173","78","173","1","96","153.60","8.40E-46","n/a"
"FOXL2","668","NP_075555.1","Fork_head","Fork head domain","Domain","n/a","54","149","54","148","1","95","138.00","6.20E-41","n/a"
"FUCA1","2517","NP_000138.2","Alpha_L_fucos","Alpha-L-fucosidase","Family","CL0058","15","371","19","371","4","347","397.10","4.50E-119","n/a"
"GAD1","2571","NP_000808.2","Pyridoxal_deC","Pyridoxal-dependent decarboxylase conserved domain","Family","CL0061","144","518","151","517","5","372","488.50","6.30E-147","n/a"
"GAD1","2571","NP_038473.2","Pyridoxal_deC","Pyridoxal-dependent decarboxylase conserved domain","Family","CL0061","144","219","151","213","5","68","57.00","8.60E-16","n/a"
"GADD45G","10912","NP_006696.1","Ribosomal_L7Ae","Ribosomal protein L7Ae/L30e/S12e/Gadd45 family","Domain","CL0101","24","113","25","107","2","76","41.40","6.00E-11","n/a"
"GAS6","2621","NP_000811.1","EGF_CA","Calcium-binding EGF domain","Domain","CL0001","238","277","238","263","1","30","21.80","0.00011","n/a"
"GAS6","2621","NP_000811.1","cEGF","Complement Clr-like EGF-like","Domain","CL0001","177","200","177","200","1","24","42.30","3.40E-11","n/a"
"GAS6","2621","NP_000811.1","Laminin_G_1","Laminin G domain","Domain","CL0004","325","454","325","452","1","127","68.80","3.60E-19","n/a"
"GAS6","2621","NP_000811.1","Laminin_G_2","Laminin G domain","Domain","CL0004","513","651","553","650","31","127","47.70","1.10E-12","n/a"
"GAS6","2621","NP_001137417.1","Laminin_G_1","Laminin G domain","Domain","CL0004","26","155","26","153","1","127","70.20","1.20E-19","n/a"
"GAS6","2621","NP_001137417.1","Laminin_G_2","Laminin G domain","Domain","CL0004","214","352","253","351","30","127","49.20","4.00E-13","n/a"
"GAS6","2621","NP_001137418.1","Laminin_G_1","Laminin G domain","Domain","CL0004","26","155","26","153","1","127","70.20","1.20E-19","n/a"
"GAS6","2621","NP_001137418.1","Laminin_G_2","Laminin G domain","Domain","CL0004","214","352","253","351","30","127","49.20","4.00E-13","n/a"
"GAS6","2621","NP_000811.1","Gla","Vitamin K-dependent carboxylation/gamma-carboxyglutamic (GLA) domain","Domain","n/a","53","94","53","94","1","42","53.10","1.40E-14","n/a"
"GCNT3","9245","NP_004742.1","Branch","Core-2/I-Branching enzyme","Family","n/a","133","402","133","401","1","246","231.80","5.40E-69","330"
"GLT8D2","83468","NP_112592.1","Glyco_transf_8","Glycosyl transferase family 8","Family","CL0110","52","325","53","323","2","248","147.90","2.40E-43","n/a"
"GLTP","51228","NP_057517.1","GLTP","Glycolipid transfer protein (GLTP)","Domain","n/a","16","169","17","168","2","148","147.00","3.20E-43","n/a"
"GNLY","10578","NP_006424.2","SapB_2","Saposin-like type B; region 2","Family","n/a","104","138","104","138","1","35","29.80","3.50E-07","n/a"
"GNLY","10578","NP_036615.2","SapB_2","Saposin-like type B; region 2","Family","n/a","89","123","89","123","1","35","30.10","2.80E-07","n/a"
"GP2","2813","NP_001007241.2","Zona_pellucida","Zona pellucida-like domain","Family","n/a","228","480","229","479","2","261","152.20","1.40E-44","n/a"
"GP2","2813","NP_001007242.2","Zona_pellucida","Zona pellucida-like domain","Family","n/a","81","333","82","332","2","261","153.50","5.90E-45","n/a"
"GP2","2813","NP_001007243.2","Zona_pellucida","Zona pellucida-like domain","Family","n/a","78","330","79","329","2","261","153.50","5.80E-45","n/a"
"GP2","2813","NP_001493.2","Zona_pellucida","Zona pellucida-like domain","Family","n/a","225","477","226","476","2","261","152.30","1.40E-44","n/a"
"GPR133","283383","NP_942122.2","GPS","Latrophilin/CL-1-like GPS domain","Family","n/a","508","551","509","551","4","45","40.10","2.40E-10","n/a"
"GPR133","283383","NP_942122.2","7tm_2","7 transmembrane receptor (Secretin family)","Family","CL0192","563","802","565","802","3","243","188.40","9.10E-56","n/a"
"GSTP1","2950","NP_000843.1","GST_C","Glutathione S-transferase; C-terminal domain","Domain","n/a","97","188","98","188","2","95","52.40","3.20E-14","n/a"
"GSTP1","2950","NP_000843.1","GST_N","Glutathione S-transferase; N-terminal domain","Domain","CL0172","4","75","4","75","1","75","52.20","4.20E-14","8"
"GZMA","3001","NP_006135.1","Trypsin","Trypsin","Domain","CL0124","29","254","29","254","1","219","206.40","3.20E-61","114;212;69"
"HDAC2","3066","NP_001518.3","Hist_deacetyl","Histone deacetylase domain","Domain","CL0302","18","321","25","319","8","304","297.40","1.00E-88","142;142"
"HGD","3081","NP_000178.2","HgmA","homogentisate 1;2-dioxygenase","Family","CL0029","5","434","5","434","1","424","689.10","1.20E-207","n/a"
"HIF1A","3091","NP_001521.1","HIF-1a_CTAD","HIF-1 alpha C terminal transactivation domain","Domain","n/a","787","826","787","826","1","40","78.70","1.30E-22","n/a"
"HIF1A","3091","NP_001521.1","HIF-1","Hypoxia-inducible factor-1","Family","n/a","549","582","550","582","2","34","57.60","4.00E-16","n/a"
"HIF1A","3091","NP_851397.1","HIF-1","Hypoxia-inducible factor-1","Family","n/a","549","582","550","582","2","34","57.70","3.50E-16","n/a"
"HIF1A","3091","NP_001521.1","PAS","PAS fold","Domain","CL0183","91","189","94","150","8","64","24.50","1.40E-05","n/a"
"HIF1A","3091","NP_001521.1","PAS_3","PAS fold","Domain","CL0183","252","339","254","339","3","91","70.30","9.10E-20","n/a"
"HIF1A","3091","NP_851397.1","PAS","PAS fold","Domain","CL0183","90","189","94","150","8","64","24.70","1.20E-05","n/a"
"HIF1A","3091","NP_851397.1","PAS_3","PAS fold","Domain","CL0183","252","339","254","339","3","91","70.50","7.70E-20","n/a"
"HKDC1","80201","NP_079406.3","Hexokinase_1","Hexokinase","Domain","CL0108","16","221","17","221","2","206","250.80","5.80E-75","n/a"
"HKDC1","80201","NP_079406.3","Hexokinase_2","Hexokinase","Domain","CL0108","223","462","224","462","2","243","318.50","1.70E-95","n/a"
"HKDC1","80201","NP_079406.3","Hexokinase_1","Hexokinase","Domain","CL0108","464","668","465","668","2","206","275.80","1.30E-82","n/a"
"HKDC1","80201","NP_079406.3","Hexokinase_2","Hexokinase","Domain","CL0108","670","909","670","909","1","243","343.20","5.00E-103","n/a"
"HMGB1","3146","NP_002119.1","HMG_box","HMG (high mobility group) box","Domain","CL0114","6","79","13","78","5","68","59.00","3.30E-16","n/a"
"HMGB1","3146","NP_002119.1","HMG_box","HMG (high mobility group) box","Domain","CL0114","95","163","95","163","1","69","94.30","3.10E-27","n/a"
"HOXA10","3206","NP_061824.3","Homeobox","Homeobox domain","Domain","CL0123","337","393","337","393","1","57","72.80","1.00E-20","n/a"
"HOXA11","3207","NP_005514.1","Homeobox","Homeobox domain","Domain","CL0123","242","298","242","298","1","57","70.80","4.30E-20","n/a"
"HOXA11","3207","NP_005514.1","DUF3528","Protein of unknown function (DUF3528)","Family","n/a","25","174","25","171","1","142","222.00","2.30E-66","n/a"
"HP","3240","NP_001119574.1","Trypsin","Trypsin","Domain","CL0124","103","340","103","340","1","219","196.00","5.00E-58","n/a"
"HP","3240","NP_005134.1","Trypsin","Trypsin","Domain","CL0124","162","399","162","399","1","219","195.30","8.00E-58","n/a"
"HSPA8","3312","NP_006588.1","HSP70","Hsp70 protein","Family","CL0108","6","612","6","612","1","602","919.20","5.80E-277","n/a"
"HSPA8","3312","NP_694881.1","HSP70","Hsp70 protein","Family","CL0108","6","473","6","466","1","461","768.20","3.00E-231","n/a"
"HTR1B","3351","NP_000854.1","7tm_1","7 transmembrane receptor (rhodopsin family)","Family","CL0192","66","369","67","369","2","257","305.50","1.80E-91","n/a"
"HTRA1","5654","NP_002766.1","IGFBP","Insulin-like growth factor binding protein","Domain","n/a","37","89","37","89","1","53","27.80","2.10E-06","n/a"
"HTRA1","5654","NP_002766.1","Kazal_2","Kazal-type serine protease inhibitor domain","Domain","CL0005","110","155","110","155","1","42","34.30","1.30E-08","n/a"
"HTRA1","5654","NP_002766.1","PDZ","PDZ domain (Also known as DHR or GLGF)","Domain","CL0466","375","463","382","455","11","72","41.20","1.10E-10","n/a"
"HTRA1","5654","NP_002766.1","Trypsin","Trypsin","Domain","CL0124","190","364","205","361","28","216","58.40","6.10E-16","25;03;28;220"
"HTRA2","27429","NP_037379.1","PDZ","PDZ domain (Also known as DHR or GLGF)","Domain","CL0466","354","443","388","426","24","64","30.30","2.70E-07","n/a"
"HTRA2","27429","NP_659540.1","PDZ","PDZ domain (Also known as DHR or GLGF)","Domain","CL0466","278","353","296","329","28","64","14.10","3.20E-02","n/a"
"HTRA2","27429","NP_659540.1","Peptidase_S46","Peptidase S46","Family","CL0124","167","204","180","201","47","68","9.90","1.80E-01","n/a"
"HTRA2","27429","NP_037379.1","Trypsin","Trypsin","Domain","CL0124","173","341","183","324","28","197","49.70","2.80E-13","228;306;198"
"HTRA2","27429","NP_659540.1","Trypsin","Trypsin","Domain","CL0124","215","277","235","259","173","197","20.50","2.30E-04","241"
"HTRA3","94031","NP_444272.1","Kazal_2","Kazal-type serine protease inhibitor domain","Domain","CL0005","81","126","81","126","1","42","38.40","6.70E-10","n/a"
"HTRA3","94031","NP_444272.1","PDZ","PDZ domain (Also known as DHR or GLGF)","Domain","CL0466","350","436","380","424","23","65","37.10","2.10E-09","n/a"
"HTRA3","94031","NP_444272.1","Trypsin","Trypsin","Domain","CL0124","166","341","176","323","28","197","52.80","3.00E-14","227;305;191"
"HYAL1","3373","NP_009296.1","Glyco_hydro_56","Hyaluronidase","Domain","CL0058","22","356","25","355","5","338","480.10","2.00E-144","n/a"
"HYAL1","3373","NP_009296.1","Glyco_hydro_56","Hyaluronidase","Domain","CL0058","22","356","25","355","5","338","480.10","2.00E-144","n/a"
"HYAL1","3373","NP_149349.2","Glyco_hydro_56","Hyaluronidase","Domain","CL0058","22","356","25","355","5","338","480.10","2.00E-144","n/a"
"HYAL1","3373","NP_695013.1","Glyco_hydro_56","Hyaluronidase","Domain","CL0058","22","356","25","355","5","338","480.10","2.00E-144","n/a"
"HYAL1","3373","NP_695014.1","Glyco_hydro_56","Hyaluronidase","Domain","CL0058","22","302","25","299","5","282","398.00","1.90E-119","n/a"
"HYAL1","3373","NP_695014.1","Glyco_hydro_56","Hyaluronidase","Domain","CL0058","299","326","301","325","314","338","19.50","2.40E-04","n/a"
"HYAL1","3373","NP_695015.1","Glyco_hydro_56","Hyaluronidase","Domain","CL0058","1","174","1","173","164","338","239.00","4.50E-71","n/a"
"HYAL1","3373","NP_695017.1","Glyco_hydro_56","Hyaluronidase","Domain","CL0058","1","97","2","96","241","338","107.70","3.80E-31","n/a"
"HYAL2","8692","NP_003764.3","Glyco_hydro_56","Hyaluronidase","Domain","CL0058","25","363","26","362","2","338","481.00","1.10E-144","n/a"
"HYAL2","8692","NP_149348.2","Glyco_hydro_56","Hyaluronidase","Domain","CL0058","25","363","26","362","2","338","481.00","1.10E-144","n/a"
"ID4","3400","NP_001537.1","HLH","Helix-loop-helix DNA-binding domain","Domain","n/a","65","105","67","105","15","54","51.00","6.70E-14","n/a"
"IFIT4","3437","NP_001026853.1","TPR_1","Tetratricopeptide repeat","Repeat","CL0020","51","83","53","80","3","30","8.80","9.90E-01","n/a"
"IFIT4","3437","NP_001026853.1","TPR_2","Tetratricopeptide repeat","Repeat","CL0020","95","126","97","120","4","27","10.00","5.40E-01","n/a"
"IFIT4","3437","NP_001026853.1","TPR_1","Tetratricopeptide repeat","Repeat","CL0020","140","169","143","169","8","34","18.30","1.00E-03","n/a"
"IFIT4","3437","NP_001026853.1","TPR_2","Tetratricopeptide repeat","Repeat","CL0020","242","274","245","274","5","34","20.60","2.20E-04","n/a"
"IFIT4","3437","NP_001026853.1","TPR_2","Tetratricopeptide repeat","Repeat","CL0020","415","442","416","440","2","26","16.60","4.10E-03","n/a"
"IFIT4","3437","NP_001540.2","TPR_1","Tetratricopeptide repeat","Repeat","CL0020","51","83","53","80","3","30","8.80","9.90E-01","n/a"
"IFIT4","3437","NP_001540.2","TPR_2","Tetratricopeptide repeat","Repeat","CL0020","95","126","97","120","4","27","10.00","5.40E-01","n/a"
"IFIT4","3437","NP_001540.2","TPR_1","Tetratricopeptide repeat","Repeat","CL0020","140","169","143","169","8","34","18.30","1.00E-03","n/a"
"IFIT4","3437","NP_001540.2","TPR_2","Tetratricopeptide repeat","Repeat","CL0020","242","274","245","274","5","34","20.60","2.20E-04","n/a"
"IFIT4","3437","NP_001540.2","TPR_2","Tetratricopeptide repeat","Repeat","CL0020","415","442","416","440","2","26","16.60","4.10E-03","n/a"
"IGF1","3479","NP_000609.1","Insulin","Insulin/IGF/Relaxin family","Domain","CL0239","51","109","52","109","2","85","50.00","3.00E-13","n/a"
"IGF1","3479","NP_001104753.1","Insulin","Insulin/IGF/Relaxin family","Domain","CL0239","51","109","52","109","2","85","49.90","3.30E-13","n/a"
"IGF1","3479","NP_001104754.1","Insulin","Insulin/IGF/Relaxin family","Domain","CL0239","35","66","36","61","2","29","27.30","3.60E-06","n/a"
"IGF1","3479","NP_001104754.1","Insulin","Insulin/IGF/Relaxin family","Domain","CL0239","59","93","64","93","57","85","33.90","3.40E-08","n/a"
"IGF1","3479","NP_001104755.1","Insulin","Insulin/IGF/Relaxin family","Domain","CL0239","51","109","52","109","2","85","49.30","5.10E-13","n/a"
"IGF2","3481","NP_000603.1","Insulin","Insulin/IGF/Relaxin family","Domain","CL0239","30","62","31","58","2","31","26.20","8.50E-06","n/a"
"IGF2","3481","NP_000603.1","Insulin","Insulin/IGF/Relaxin family","Domain","CL0239","54","84","59","84","59","85","30.30","4.50E-07","n/a"
"IGF2","3481","NP_001007140.2","Insulin","Insulin/IGF/Relaxin family","Domain","CL0239","30","62","31","58","2","31","26.20","8.50E-06","n/a"
"IGF2","3481","NP_001007140.2","Insulin","Insulin/IGF/Relaxin family","Domain","CL0239","54","84","59","84","59","85","30.30","4.50E-07","n/a"
"IGF2","3481","NP_001121070.1","Insulin","Insulin/IGF/Relaxin family","Domain","CL0239","86","117","87","114","2","31","25.40","1.50E-05","n/a"
"IGF2","3481","NP_001121070.1","Insulin","Insulin/IGF/Relaxin family","Domain","CL0239","110","140","115","140","59","85","29.80","6.40E-07","n/a"
"IGF2","3481","NP_000603.1","IGF2_C","Insulin-like growth factor II E-peptide","Family","n/a","112","166","112","166","1","56","96.90","3.30E-28","n/a"
"IGF2","3481","NP_001007140.2","IGF2_C","Insulin-like growth factor II E-peptide","Family","n/a","112","166","112","166","1","56","96.90","3.30E-28","n/a"
"IGF2","3481","NP_001121070.1","IGF2_C","Insulin-like growth factor II E-peptide","Family","n/a","168","222","168","222","1","56","96.20","5.50E-28","n/a"
"IGF2BP2","10644","NP_001007226.1","KH_1","KH domain","Domain","CL0007","195","258","196","258","2","58","47.00","1.10E-12","n/a"
"IGF2BP2","10644","NP_001007226.1","KH_1","KH domain","Domain","CL0007","276","341","278","338","3","55","49.30","2.30E-13","n/a"
"IGF2BP2","10644","NP_001007226.1","KH_1","KH domain","Domain","CL0007","386","449","390","449","5","58","45.10","4.50E-12","n/a"
"IGF2BP2","10644","NP_001007226.1","KH_1","KH domain","Domain","CL0007","468","532","469","531","2","57","42.90","2.30E-11","n/a"
"IGF2BP2","10644","NP_006539.3","KH_1","KH domain","Domain","CL0007","195","258","196","258","2","58","46.90","1.20E-12","n/a"
"IGF2BP2","10644","NP_006539.3","KH_1","KH domain","Domain","CL0007","276","341","278","338","3","55","49.10","2.50E-13","n/a"
"IGF2BP2","10644","NP_006539.3","KH_1","KH domain","Domain","CL0007","429","492","433","492","5","58","45.00","5.00E-12","n/a"
"IGF2BP2","10644","NP_006539.3","KH_1","KH domain","Domain","CL0007","511","575","512","574","2","57","42.70","2.50E-11","n/a"
"IGF2BP2","10644","NP_001007226.1","RRM_1","RNA recognition motif. (a.k.a. RRM; RBD; or RNP domain)","Domain","CL0221","5","70","5","62","1","63","33.70","1.60E-08","n/a"
"IGF2BP2","10644","NP_001007226.1","RRM_1","RNA recognition motif. (a.k.a. RRM; RBD; or RNP domain)","Domain","CL0221","84","151","86","148","3","67","29.20","4.10E-07","n/a"
"IGF2BP2","10644","NP_006539.3","RRM_1","RNA recognition motif. (a.k.a. RRM; RBD; or RNP domain)","Domain","CL0221","5","70","5","62","1","63","33.60","1.80E-08","n/a"
"IGF2BP2","10644","NP_006539.3","RRM_1","RNA recognition motif. (a.k.a. RRM; RBD; or RNP domain)","Domain","CL0221","84","151","86","148","3","67","29.10","4.60E-07","n/a"
"IGF2BP3","10643","NP_006538.2","KH_1","KH domain","Domain","CL0007","197","260","198","259","2","57","45.20","4.40E-12","n/a"
"IGF2BP3","10643","NP_006538.2","KH_1","KH domain","Domain","CL0007","278","343","280","343","3","58","53.50","1.10E-14","n/a"
"IGF2BP3","10643","NP_006538.2","KH_1","KH domain","Domain","CL0007","407","470","409","470","3","58","43.30","1.60E-11","n/a"
"IGF2BP3","10643","NP_006538.2","KH_1","KH domain","Domain","CL0007","489","553","490","553","2","58","44.40","7.80E-12","n/a"
"IGF2BP3","10643","NP_006538.2","RRM_1","RNA recognition motif. (a.k.a. RRM; RBD; or RNP domain)","Domain","CL0221","4","69","4","68","1","69","27.00","2.10E-06","n/a"
"IGF2BP3","10643","NP_006538.2","RRM_1","RNA recognition motif. (a.k.a. RRM; RBD; or RNP domain)","Domain","CL0221","83","150","85","150","3","70","35.50","4.50E-09","n/a"
"IGFBP1","3484","NP_000587.1","IGFBP","Insulin-like growth factor binding protein","Domain","n/a","30","84","30","84","1","53","42.40","6.20E-11","n/a"
"IGFBP1","3484","NP_000587.1","Thyroglobulin_1","Thyroglobulin type-1 repeat","Domain","n/a","176","251","176","251","1","68","75.60","1.10E-21","n/a"
"IGFBP3","3486","NP_000589.2","IGFBP","Insulin-like growth factor binding protein","Domain","n/a","40","94","40","94","1","53","47.60","1.40E-12","n/a"
"IGFBP3","3486","NP_001013416.1","IGFBP","Insulin-like growth factor binding protein","Domain","n/a","40","94","40","94","1","53","47.50","1.50E-12","n/a"
"IGFBP3","3486","NP_000589.2","Thyroglobulin_1","Thyroglobulin type-1 repeat","Domain","n/a","213","285","213","285","1","68","72.10","1.40E-20","n/a"
"IGFBP3","3486","NP_001013416.1","Thyroglobulin_1","Thyroglobulin type-1 repeat","Domain","n/a","219","291","219","291","1","68","72.00","1.50E-20","n/a"
"IGFBP6","3489","NP_002169.1","MAGE","MAGE family","Family","n/a","105","275","105","275","1","195","128.10","2.00E-37","n/a"
"IGJ","3512","NP_653247.1","-","-","-","-","0","0","0","0","0","0","0.00","-","-"
"IL11","3589","NP_000632.1","IL11","Interleukin 11","Family","CL0053","1","199","1","199","1","199","425.10","2.30E-128","n/a"
"IL20RA","53832","NP_055247.2","Interfer-bind","Interferon-alpha/beta receptor; fibronectin type III","Domain","CL0159","135","240","135","239","1","105","89.70","8.70E-26","n/a"
"IL8","3576","NP_000575.1","IL8","Small cytokines (intecrine/chemokine); interleukin-8 like","Domain","n/a","27","93","31","91","7","64","72.10","2.10E-20","n/a"
"INPP5F","22876","NP_055752.1","hSac2","Inositol phosphatase","Family","n/a","587","700","589","699","3","114","107.00","2.90E-31","n/a"
"INPP5F","22876","NP_055752.1","Syja_N","SacI homology domain","Family","n/a","48","421","49","421","2","317","337.20","5.60E-101","n/a"
"IP6K1","9807","NP_001006115.1","IPK","Inositol polyphosphate kinase","Family","n/a","42","269","42","269","1","194","217.60","9.60E-65","n/a"
"IP6K1","9807","NP_695005.1","IPK","Inositol polyphosphate kinase","Family","n/a","207","434","207","434","1","194","215.60","3.90E-64","n/a"
"ITGAV","3685","NP_001138471.1","FG-GAP","FG-GAP repeat","Repeat","CL0186","206","240","207","240","2","33","28.60","5.90E-07","n/a"
"ITGAV","3685","NP_001138471.1","FG-GAP","FG-GAP repeat","Repeat","CL0186","260","301","260","292","1","29","25.90","4.10E-06","n/a"
"ITGAV","3685","NP_001138471.1","FG-GAP","FG-GAP repeat","Repeat","CL0186","324","360","325","360","2","33","22.40","5.20E-05","n/a"
"ITGAV","3685","NP_001138472.1","FG-GAP","FG-GAP repeat","Repeat","CL0186","216","250","217","250","2","33","28.60","6.00E-07","n/a"
"ITGAV","3685","NP_001138472.1","FG-GAP","FG-GAP repeat","Repeat","CL0186","270","311","270","302","1","29","25.90","4.20E-06","n/a"
"ITGAV","3685","NP_001138472.1","FG-GAP","FG-GAP repeat","Repeat","CL0186","334","370","335","370","2","33","22.40","5.30E-05","n/a"
"ITGAV","3685","NP_002201.1","FG-GAP","FG-GAP repeat","Repeat","CL0186","252","286","253","286","2","33","28.60","6.20E-07","n/a"
"ITGAV","3685","NP_002201.1","FG-GAP","FG-GAP repeat","Repeat","CL0186","306","347","306","338","1","29","25.90","4.40E-06","n/a"
"ITGAV","3685","NP_002201.1","FG-GAP","FG-GAP repeat","Repeat","CL0186","370","406","371","406","2","33","22.40","5.50E-05","n/a"
"ITGAV","3685","NP_001138471.1","Integrin_alpha2","Integrin alpha","Family","CL0159","421","868","421","868","1","458","377.90","5.40E-113","n/a"
"ITGAV","3685","NP_001138472.1","Integrin_alpha2","Integrin alpha","Family","CL0159","431","878","431","878","1","458","377.90","5.50E-113","n/a"
"ITGAV","3685","NP_002201.1","Integrin_alpha2","Integrin alpha","Family","CL0159","467","914","467","914","1","458","377.80","6.00E-113","n/a"
"ITGAV","3685","NP_001138471.1","Integrin_alpha","Integrin alpha cytoplasmic region","Family","n/a","971","985","971","985","1","15","21.80","8.10E-05","n/a"
"ITGAV","3685","NP_001138472.1","Integrin_alpha","Integrin alpha cytoplasmic region","Family","n/a","981","995","981","995","1","15","21.80","8.20E-05","n/a"
"ITGAV","3685","NP_002201.1","Integrin_alpha","Integrin alpha cytoplasmic region","Family","n/a","1017","1031","1017","1031","1","15","21.70","8.60E-05","n/a"
"ITPKC","80271","NP_079470.1","IPK","Inositol polyphosphate kinase","Family","n/a","467","678","468","677","2","193","141.70","1.70E-41","n/a"
"JPH4","84502","NP_001139500.1","MORN","MORN repeat","Repeat","CL0251","15","34","15","33","1","19","16.80","0.0031","n/a"
"JPH4","84502","NP_001139500.1","MORN","MORN repeat","Repeat","CL0251","61","81","61","77","1","17","15.80","0.0064","n/a"
"JPH4","84502","NP_001139500.1","MORN","MORN repeat","Repeat","CL0251","106","128","106","128","1","23","21.70","8.80E-05","n/a"
"JPH4","84502","NP_001139500.1","MORN","MORN repeat","Repeat","CL0251","129","149","129","146","1","18","23.80","1.80E-05","n/a"
"JPH4","84502","NP_001139500.1","MORN","MORN repeat","Repeat","CL0251","282","304","282","304","1","23","18.50","0.00089","n/a"
"JPH4","84502","NP_001139500.1","MORN","MORN repeat","Repeat","CL0251","305","327","305","327","1","23","27.00","1.90E-06","n/a"
"JPH4","84502","NP_115828.2","MORN","MORN repeat","Repeat","CL0251","15","34","15","33","1","19","16.80","0.0031","n/a"
"JPH4","84502","NP_115828.2","MORN","MORN repeat","Repeat","CL0251","61","81","61","77","1","17","15.80","0.0064","n/a"
"JPH4","84502","NP_115828.2","MORN","MORN repeat","Repeat","CL0251","106","128","106","128","1","23","21.70","8.80E-05","n/a"
"JPH4","84502","NP_115828.2","MORN","MORN repeat","Repeat","CL0251","129","149","129","146","1","18","23.80","1.80E-05","n/a"
"JPH4","84502","NP_115828.2","MORN","MORN repeat","Repeat","CL0251","282","304","282","304","1","23","18.50","0.00089","n/a"
"JPH4","84502","NP_115828.2","MORN","MORN repeat","Repeat","CL0251","305","327","305","327","1","23","27.00","1.90E-06","n/a"
"KANK4","163782","NP_859063.3","KN_motif","KN motif","Motif","n/a","24","62","24","62","1","39","80.60","4.00E-23","n/a"
"KANK4","163782","NP_859063.3","Ank_2","Ankyrin repeats (3 copies)","Family","CL0465","801","873","816","864","16","65","27.30","2.80E-06","n/a"
"KANK4","163782","NP_859063.3","Ank_2","Ankyrin repeats (3 copies)","Family","CL0465","867","962","870","951","4","81","52.80","3.00E-14","n/a"
"KIAA1324","57535","NP_065826.2","GCC2_GCC3","GCC2 and GCC3","Family","n/a","268","300","273","299","9","35","18.50","8.90E-04","n/a"
"KIAA1324","57535","NP_065826.2","GCC2_GCC3","GCC2 and GCC3","Family","n/a","385","419","386","415","3","35","15.30","8.70E-03","n/a"
"KIAA1324","57535","NP_065826.2","GCC2_GCC3","GCC2 and GCC3","Family","n/a","593","631","600","626","9","36","14.10","2.10E-02","n/a"
"KIAA1324","57535","NP_065826.2","GCC2_GCC3","GCC2 and GCC3","Family","n/a","608","658","608","658","1","48","13.60","2.90E-02","n/a"
"KIAA1324","57535","NP_065826.2","NCD3G","Nine Cysteines Domain of family 3 GPCR","Family","n/a","272","317","277","317","8","54","12.80","5.70E-02","n/a"
"KIAA1324","57535","NP_065826.2","NCD3G","Nine Cysteines Domain of family 3 GPCR","Family","n/a","375","417","381","415","8","52","10.80","2.40E-01","n/a"
"KIAA1324","57535","NP_065826.2","NCD3G","Nine Cysteines Domain of family 3 GPCR","Family","n/a","600","626","601","624","27","51","10.60","2.80E-01","n/a"
"KIF1A","547","NP_004312.2","Kinesin","Kinesin motor domain","Domain","CL0023","11","354","11","354","1","333","399.10","8.70E-120","n/a"
"KIF1A","547","NP_004312.2","FHA","FHA domain","Family","CL0357","516","587","517","587","2","68","30.40","2.40E-07","n/a"
"KIF1A","547","NP_004312.2","KIF1B","Kinesin protein 1B","Family","n/a","805","852","805","851","1","44","40.20","2.10E-10","n/a"
"KIF1A","547","NP_004312.2","DUF3694","Kinesin protein","Family","n/a","1149","1297","1149","1296","1","139","155.30","5.60E-46","n/a"
"KIF1A","547","NP_004312.2","PH","PH domain","Domain","CL0266","1576","1673","1577","1670","2","102","39.70","3.60E-10","n/a"
"KIF26A","26153","NP_056471.1","Kinesin","Kinesin motor domain","Domain","CL0023","402","725","423","723","35","331","173.30","4.10E-51","n/a"
"KLK10","5655","NP_001070968.1","Trypsin","Trypsin","Domain","CL0124","47","269","49","269","4","219","196.20","4.20E-58","137;229;86"
"KLK10","5655","NP_002767.2","Trypsin","Trypsin","Domain","CL0124","47","269","49","269","4","219","196.20","4.20E-58","137;229;86"
"KLK10","5655","NP_665895.1","Trypsin","Trypsin","Domain","CL0124","47","269","49","269","4","219","196.20","4.20E-58","137;229;86"
"KLK6","5653","NP_001012982.1","Trypsin","Trypsin","Domain","CL0124","22","237","23","237","2","219","240.00","1.70E-71","106;197;62"
"KLK6","5653","NP_001012983.1","Trypsin","Trypsin","Domain","CL0124","1","130","1","130","89","219","144.60","2.50E-42","90"
"KLK6","5653","NP_002765.1","Trypsin","Trypsin","Domain","CL0124","22","237","23","237","2","219","240.00","1.70E-71","106;197;62"
"KLRT32","3882","NP_002269.3","Filament","Intermediate filament protein","Family","n/a","95","406","95","406","1","312","344.40","5.30E-103","n/a"
"KRAS","3845","NP_004976.2","Ras","Ras family","Domain","CL0023","5","165","5","164","1","161","195.70","2.50E-58","n/a"
"KRAS","3845","NP_203524.1","Ras","Ras family","Domain","CL0023","5","165","5","164","1","161","195.90","2.20E-58","n/a"
"KYNU","8942","NP_001028170.1","Aminotran_5","Aminotransferase class-V","Domain","CL0061","69","304","119","301","51","224","39.40","2.40E-10","n/a"
"KYNU","8942","NP_001186170.1","Aminotran_5","Aminotransferase class-V","Domain","CL0061","69","405","119","387","51","311","52.90","1.90E-14","n/a"
"KYNU","8942","NP_003928.1","Aminotran_5","Aminotransferase class-V","Domain","CL0061","69","405","119","387","51","311","52.90","1.90E-14","n/a"
"LAMB1","3912","NP_002282.2","Laminin_EGF","Laminin EGF-like (Domains III and V)","Family","CL0001","271","332","271","324","1","46","24.80","1.20E-05","n/a"
"LAMB1","3912","NP_002282.2","Laminin_EGF","Laminin EGF-like (Domains III and V)","Family","CL0001","335","395","335","390","1","44","36.80","2.10E-09","n/a"
"LAMB1","3912","NP_002282.2","Laminin_EGF","Laminin EGF-like (Domains III and V)","Family","CL0001","398","455","398","455","1","49","41.70","6.30E-11","n/a"
"LAMB1","3912","NP_002282.2","Laminin_EGF","Laminin EGF-like (Domains III and V)","Family","CL0001","458","507","458","507","1","49","40.10","2.00E-10","n/a"
"LAMB1","3912","NP_002282.2","Laminin_EGF","Laminin EGF-like (Domains III and V)","Family","CL0001","510","555","510","548","1","39","33.70","2.10E-08","n/a"
"LAMB1","3912","NP_002282.2","Laminin_EGF","Laminin EGF-like (Domains III and V)","Family","CL0001","773","818","773","818","1","49","44.10","1.10E-11","n/a"
"LAMB1","3912","NP_002282.2","Laminin_EGF","Laminin EGF-like (Domains III and V)","Family","CL0001","821","866","821","863","1","43","40.50","1.50E-10","n/a"
"LAMB1","3912","NP_002282.2","Laminin_EGF","Laminin EGF-like (Domains III and V)","Family","CL0001","867","914","867","914","1","49","37.00","1.90E-09","n/a"
"LAMB1","3912","NP_002282.2","Laminin_EGF","Laminin EGF-like (Domains III and V)","Family","CL0001","917","973","917","973","1","49","27.60","1.70E-06","n/a"
"LAMB1","3912","NP_002282.2","Laminin_EGF","Laminin EGF-like (Domains III and V)","Family","CL0001","976","1027","976","1025","1","49","30.60","1.80E-07","n/a"
"LAMB1","3912","NP_002282.2","Laminin_EGF","Laminin EGF-like (Domains III and V)","Family","CL0001","1028","1081","1028","1081","1","49","31.90","7.10E-08","n/a"
"LAMB1","3912","NP_002282.2","Laminin_EGF","Laminin EGF-like (Domains III and V)","Family","CL0001","1084","1131","1084","1126","1","43","37.50","1.30E-09","n/a"
"LAMB1","3912","NP_002282.2","Laminin_EGF","Laminin EGF-like (Domains III and V)","Family","CL0001","1132","1182","1132","1172","1","41","32.90","3.60E-08","n/a"
"LAMB1","3912","NP_002282.2","Laminin_N","Laminin N-terminal (Domain VI)","Family","CL0202","35","269","35","269","1","237","331.60","1.40E-99","n/a"
"LCN2","3934","NP_005555.2","Lipocalin","Lipocalin / cytosolic fatty-acid binding protein family","Domain","CL0116","48","193","48","190","1","141","80.90","7.00E-23","n/a"
"LDB2","9079","NP_001124306.1","LIM_bind","LIM-domain binding protein","Family","n/a","1","317","1","307","1","310","574.90","4.10E-173","n/a"
"LDB2","9079","NP_001281.1","LIM_bind","LIM-domain binding protein","Family","n/a","1","373","1","373","1","380","712.00","9.20E-215","n/a"
"LGALS3","3958","NP_001170859.1","Gal-bind_lectin","Galactoside-binding lectin","Domain","CL0004","117","192","117","179","1","66","39.80","2.20E-10","n/a"
"LGALS3","3958","NP_002297.2","Gal-bind_lectin","Galactoside-binding lectin","Domain","CL0004","117","247","117","246","1","132","129.20","4.90E-38","n/a"
"LIMS1","3987","NP_001180411.1","LIM","LIM domain","Domain","n/a","14","71","14","70","1","57","53.50","1.50E-14","n/a"
"LIMS1","3987","NP_001180411.1","LIM","LIM domain","Domain","n/a","75","130","75","129","1","57","47.70","9.50E-13","n/a"
"LIMS1","3987","NP_001180411.1","LIM","LIM domain","Domain","n/a","139","192","139","190","1","55","42.00","5.90E-11","n/a"
"LIMS1","3987","NP_001180411.1","LIM","LIM domain","Domain","n/a","197","252","197","251","1","57","53.50","1.50E-14","n/a"
"LIMS1","3987","NP_001180411.1","LIM","LIM domain","Domain","n/a","256","312","256","310","1","56","40.30","1.90E-10","n/a"
"LIMS1","3987","NP_001180412.1","LIM","LIM domain","Domain","n/a","22","79","22","78","1","57","53.40","1.50E-14","n/a"
"LIMS1","3987","NP_001180412.1","LIM","LIM domain","Domain","n/a","83","138","83","137","1","57","47.60","9.80E-13","n/a"
"LIMS1","3987","NP_001180412.1","LIM","LIM domain","Domain","n/a","147","200","147","198","1","55","41.90","6.10E-11","n/a"
"LIMS1","3987","NP_001180412.1","LIM","LIM domain","Domain","n/a","205","260","205","259","1","57","53.40","1.50E-14","n/a"
"LIMS1","3987","NP_001180412.1","LIM","LIM domain","Domain","n/a","264","320","264","318","1","56","40.30","2.00E-10","n/a"
"LIMS1","3987","NP_001180413.1","LIM","LIM domain","Domain","n/a","47","104","47","103","1","57","53.30","1.70E-14","n/a"
"LIMS1","3987","NP_001180413.1","LIM","LIM domain","Domain","n/a","108","163","108","162","1","57","47.50","1.10E-12","n/a"
"LIMS1","3987","NP_001180413.1","LIM","LIM domain","Domain","n/a","172","225","172","223","1","55","41.80","6.80E-11","n/a"
"LIMS1","3987","NP_001180413.1","LIM","LIM domain","Domain","n/a","230","285","230","284","1","57","53.30","1.70E-14","n/a"
"LIMS1","3987","NP_001180413.1","LIM","LIM domain","Domain","n/a","289","345","289","343","1","56","40.10","2.20E-10","n/a"
"LIMS1","3987","NP_001180414.1","LIM","LIM domain","Domain","n/a","72","129","72","128","1","57","53.20","1.90E-14","n/a"
"LIMS1","3987","NP_001180414.1","LIM","LIM domain","Domain","n/a","133","188","133","187","1","57","47.40","1.20E-12","n/a"
"LIMS1","3987","NP_001180414.1","LIM","LIM domain","Domain","n/a","197","250","197","248","1","55","41.60","7.50E-11","n/a"
"LIMS1","3987","NP_001180414.1","LIM","LIM domain","Domain","n/a","255","310","255","309","1","57","53.20","1.90E-14","n/a"
"LIMS1","3987","NP_001180414.1","LIM","LIM domain","Domain","n/a","314","370","314","368","1","56","40.00","2.50E-10","n/a"
"LIMS1","3987","NP_001180417.1","LIM","LIM domain","Domain","n/a","10","67","10","66","1","57","53.50","1.40E-14","n/a"
"LIMS1","3987","NP_001180417.1","LIM","LIM domain","Domain","n/a","71","126","71","125","1","57","47.70","9.30E-13","n/a"
"LIMS1","3987","NP_001180417.1","LIM","LIM domain","Domain","n/a","135","188","135","186","1","55","42.00","5.70E-11","n/a"
"LIMS1","3987","NP_001180417.1","LIM","LIM domain","Domain","n/a","193","248","193","247","1","57","53.50","1.40E-14","n/a"
"LIMS1","3987","NP_001180417.1","LIM","LIM domain","Domain","n/a","252","308","252","306","1","56","40.30","1.90E-10","n/a"
"LIMS1","3987","NP_004978.2","LIM","LIM domain","Domain","n/a","10","67","10","66","1","57","53.50","1.40E-14","n/a"
"LIMS1","3987","NP_004978.2","LIM","LIM domain","Domain","n/a","71","126","71","125","1","57","47.70","9.30E-13","n/a"
"LIMS1","3987","NP_004978.2","LIM","LIM domain","Domain","n/a","135","188","135","186","1","55","42.00","5.70E-11","n/a"
"LIMS1","3987","NP_004978.2","LIM","LIM domain","Domain","n/a","193","248","193","247","1","57","53.50","1.40E-14","n/a"
"LIMS1","3987","NP_004978.2","LIM","LIM domain","Domain","n/a","252","308","252","306","1","56","40.30","1.90E-10","n/a"
"LMOD1","25802","NP_036266.2","Tropomodulin","Tropomodulin","Family","n/a","1","115","2","86","2","87","59.60","1.90E-16","n/a"
"LMOD1","25802","NP_036266.2","WH2","WH2 motif","Family","n/a","574","593","574","593","1","18","19.80","0.0004","n/a"
"LOX","4015","NP_001171573.1","Lysyl_oxidase","Lysyl oxidase","Family","n/a","1","187","1","186","19","204","364.40","1.20E-109","n/a"
"LOX","4015","NP_002308.2","Lysyl_oxidase","Lysyl oxidase","Family","n/a","213","417","213","416","1","204","391.50","6.10E-118","n/a"
"LOXL3","84695","NP_115992.1","Lysyl_oxidase","Lysyl oxidase","Family","n/a","529","732","529","732","1","205","402.20","3.20E-121","n/a"
"LOXL3","84695","NP_115992.1","SRCR","Scavenger receptor cysteine-rich domain","Domain","n/a","50","145","52","145","5","100","97.70","3.20E-28","n/a"
"LOXL3","84695","NP_115992.1","SRCR","Scavenger receptor cysteine-rich domain","Domain","n/a","181","282","185","281","7","99","53.30","2.20E-14","n/a"
"LOXL3","84695","NP_115992.1","SRCR","Scavenger receptor cysteine-rich domain","Domain","n/a","310","407","311","407","2","100","99.60","8.30E-29","n/a"
"LOXL3","84695","NP_115992.1","SRCR","Scavenger receptor cysteine-rich domain","Domain","n/a","420","525","421","525","2","100","78.40","3.20E-22","n/a"
"LRCH2","57631","NP_065922.3","CH","Calponin homology (CH) domain","Domain","CL0188","635","754","663","751","24","104","37.10","2.00E-09","n/a"
"LRCH2","57631","NP_065922.3","LRR_1","Leucine Rich Repeat","Repeat","CL0022","180","201","181","201","2","22","9.90","7.00E-01","n/a"
"LRCH2","57631","NP_065922.3","LRR_4","Leucine Rich repeats (2 copies)","Family","CL0022","136","176","136","173","3","40","28.20","8.50E-07","n/a"
"LRP1","4035","NP_002323.2","Ldl_recept_b","Low-density lipoprotein receptor repeat class B","Repeat","CL0186","4013","4055","4013","4054","1","42","53.60","1.50E-14","n/a"
"LRP1","4035","NP_002323.2","Ldl_recept_b","Low-density lipoprotein receptor repeat class B","Repeat","CL0186","4057","4099","4058","4095","2","38","21.00","2.40E-04","n/a"
"LRP1","4035","NP_002323.2","cEGF","Complement Clr-like EGF-like","Domain","CL0001","2962","2985","2962","2985","1","24","32.20","5.00E-08","n/a"
"LRP1","4035","NP_002323.2","Ldl_recept_a","Low-density lipoprotein receptor domain class A","Repeat","n/a","25","64","25","62","1","35","38.80","4.90E-10","n/a"
"LRP1","4035","NP_002323.2","Ldl_recept_a","Low-density lipoprotein receptor domain class A","Repeat","n/a","70","108","71","108","2","37","36.30","3.10E-09","n/a"
"LRP1","4035","NP_002323.2","Ldl_recept_a","Low-density lipoprotein receptor domain class A","Repeat","n/a","852","890","852","885","1","34","44.70","6.90E-12","n/a"
"LRP1","4035","NP_002323.2","Ldl_recept_a","Low-density lipoprotein receptor domain class A","Repeat","n/a","893","931","894","931","2","37","38.00","8.90E-10","n/a"
"LRP1","4035","NP_002323.2","Ldl_recept_a","Low-density lipoprotein receptor domain class A","Repeat","n/a","934","971","935","971","2","37","45.50","4.00E-12","n/a"
"LRP1","4035","NP_002323.2","Ldl_recept_a","Low-density lipoprotein receptor domain class A","Repeat","n/a","974","1011","975","1011","2","37","40.90","1.10E-10","n/a"
"LRP1","4035","NP_002323.2","Ldl_recept_a","Low-density lipoprotein receptor domain class A","Repeat","n/a","1013","1051","1014","1051","2","37","44.00","1.20E-11","n/a"
"LRP1","4035","NP_002323.2","Ldl_recept_a","Low-density lipoprotein receptor domain class A","Repeat","n/a","1060","1097","1061","1097","2","37","40.60","1.30E-10","n/a"
"LRP1","4035","NP_002323.2","Ldl_recept_a","Low-density lipoprotein receptor domain class A","Repeat","n/a","1102","1140","1104","1140","3","37","35.80","4.30E-09","n/a"
"LRP1","4035","NP_002323.2","Ldl_recept_a","Low-density lipoprotein receptor domain class A","Repeat","n/a","1143","1185","1144","1182","2","37","27.00","2.50E-06","n/a"
"LRP1","4035","NP_002323.2","Ldl_recept_a","Low-density lipoprotein receptor domain class A","Repeat","n/a","2522","2561","2523","2559","2","35","31.80","7.70E-08","n/a"
"LRP1","4035","NP_002323.2","Ldl_recept_a","Low-density lipoprotein receptor domain class A","Repeat","n/a","2564","2600","2565","2600","2","37","30.70","1.70E-07","n/a"
"LRP1","4035","NP_002323.2","Ldl_recept_a","Low-density lipoprotein receptor domain class A","Repeat","n/a","2603","2639","2604","2639","2","37","35.80","4.30E-09","n/a"
"LRP1","4035","NP_002323.2","Ldl_recept_a","Low-density lipoprotein receptor domain class A","Repeat","n/a","2657","2688","2660","2688","10","37","25.80","5.70E-06","n/a"
"LRP1","4035","NP_002323.2","Ldl_recept_a","Low-density lipoprotein receptor domain class A","Repeat","n/a","2694","2730","2694","2730","1","37","42.70","2.90E-11","n/a"
"LRP1","4035","NP_002323.2","Ldl_recept_a","Low-density lipoprotein receptor domain class A","Repeat","n/a","2732","2769","2734","2769","3","37","43.50","1.70E-11","n/a"
"LRP1","4035","NP_002323.2","Ldl_recept_a","Low-density lipoprotein receptor domain class A","Repeat","n/a","2772","2812","2772","2810","1","35","38.00","8.70E-10","n/a"
"LRP1","4035","NP_002323.2","Ldl_recept_a","Low-density lipoprotein receptor domain class A","Repeat","n/a","2816","2853","2816","2853","1","37","38.80","5.00E-10","n/a"
"LRP1","4035","NP_002323.2","Ldl_recept_a","Low-density lipoprotein receptor domain class A","Repeat","n/a","2856","2897","2856","2895","1","35","46.80","1.60E-12","n/a"
"LRP1","4035","NP_002323.2","Ldl_recept_a","Low-density lipoprotein receptor domain class A","Repeat","n/a","2902","2939","2903","2939","2","37","32.60","4.20E-08","n/a"
"LRP1","4035","NP_002323.2","Ldl_recept_a","Low-density lipoprotein receptor domain class A","Repeat","n/a","3332","3369","3332","3369","1","37","34.10","1.50E-08","n/a"
"LRP1","4035","NP_002323.2","Ldl_recept_a","Low-density lipoprotein receptor domain class A","Repeat","n/a","3372","3408","3373","3408","2","37","36.60","2.40E-09","n/a"
"LRP1","4035","NP_002323.2","Ldl_recept_a","Low-density lipoprotein receptor domain class A","Repeat","n/a","3411","3448","3412","3448","2","37","31.30","1.10E-07","n/a"
"LRP1","4035","NP_002323.2","Ldl_recept_a","Low-density lipoprotein receptor domain class A","Repeat","n/a","3451","3489","3452","3489","2","37","45.40","4.20E-12","n/a"
"LRP1","4035","NP_002323.2","Ldl_recept_a","Low-density lipoprotein receptor domain class A","Repeat","n/a","3492","3531","3493","3531","2","37","42.70","2.90E-11","n/a"
"LRP1","4035","NP_002323.2","Ldl_recept_a","Low-density lipoprotein receptor domain class A","Repeat","n/a","3534","3570","3535","3570","2","37","43.20","2.10E-11","n/a"
"LRP1","4035","NP_002323.2","Ldl_recept_a","Low-density lipoprotein receptor domain class A","Repeat","n/a","3573","3609","3574","3609","2","37","46.70","1.80E-12","n/a"
"LRP1","4035","NP_002323.2","Ldl_recept_a","Low-density lipoprotein receptor domain class A","Repeat","n/a","3611","3647","3611","3647","1","37","48.70","4.10E-13","n/a"
"LRP1","4035","NP_002323.2","Ldl_recept_a","Low-density lipoprotein receptor domain class A","Repeat","n/a","3652","3690","3653","3690","2","37","32.80","3.80E-08","n/a"
"LRP1","4035","NP_002323.2","Ldl_recept_a","Low-density lipoprotein receptor domain class A","Repeat","n/a","3739","3776","3740","3776","2","37","31.40","1.00E-07","n/a"
"LRP1","4035","NP_002323.2","Ldl_recept_b","Low-density lipoprotein receptor repeat class B","Repeat","CL0186","614","658","614","657","1","42","24.20","2.40E-05","n/a"
"LRP1","4035","NP_002323.2","Ldl_recept_b","Low-density lipoprotein receptor repeat class B","Repeat","CL0186","660","709","662","708","3","42","25.30","1.10E-05","n/a"
"LRP1","4035","NP_002323.2","Ldl_recept_b","Low-density lipoprotein receptor repeat class B","Repeat","CL0186","1356","1397","1356","1396","1","42","41.40","1.00E-10","n/a"
"LRP1","4035","NP_002323.2","Ldl_recept_b","Low-density lipoprotein receptor repeat class B","Repeat","CL0186","1399","1444","1401","1443","3","42","27.50","2.30E-06","n/a"
"LRP1","4035","NP_002323.2","Ldl_recept_b","Low-density lipoprotein receptor repeat class B","Repeat","CL0186","1627","1668","1627","1668","1","43","28.90","7.90E-07","n/a"
"LRP1","4035","NP_002323.2","Ldl_recept_b","Low-density lipoprotein receptor repeat class B","Repeat","CL0186","1977","2018","1977","2017","1","42","39.80","3.10E-10","n/a"
"LRP1","4035","NP_002323.2","Ldl_recept_b","Low-density lipoprotein receptor repeat class B","Repeat","CL0186","2020","2062","2020","2062","1","43","37.10","2.30E-09","n/a"
"LRP1","4035","NP_002323.2","Ldl_recept_b","Low-density lipoprotein receptor repeat class B","Repeat","CL0186","2344","2387","2344","2386","1","42","42.20","5.70E-11","n/a"
"LRP1","4035","NP_002323.2","Ldl_recept_b","Low-density lipoprotein receptor repeat class B","Repeat","CL0186","2389","2429","2390","2428","2","41","25.00","1.40E-05","n/a"
"LRP1","4035","NP_002323.2","Ldl_recept_b","Low-density lipoprotein receptor repeat class B","Repeat","CL0186","3069","3112","3071","3112","3","43","26.70","3.90E-06","n/a"
"LRP1","4035","NP_002323.2","Ldl_recept_b","Low-density lipoprotein receptor repeat class B","Repeat","CL0186","3114","3155","3114","3155","1","43","27.70","2.00E-06","n/a"
"LRP1","4035","NP_002323.2","Ldl_recept_b","Low-density lipoprotein receptor repeat class B","Repeat","CL0186","3157","3199","3157","3198","1","42","39.40","4.40E-10","n/a"
"LRP1","4035","NP_002323.2","Ldl_recept_b","Low-density lipoprotein receptor repeat class B","Repeat","CL0186","3201","3241","3202","3240","2","41","30.20","3.10E-07","n/a"
"LRP1","4035","NP_002323.2","Ldl_recept_b","Low-density lipoprotein receptor repeat class B","Repeat","CL0186","3970","4011","3970","4010","1","42","41.80","7.80E-11","n/a"
"LRRN1","57633","NP_065924.3","I-set","Immunoglobulin I-set domain","Domain","CL0011","426","516","431","516","6","90","59.70","1.50E-16","n/a"
"LRRN1","57633","NP_065924.3","LRR_4","Leucine Rich repeats (2 copies)","Family","CL0022","95","139","96","136","2","41","37.40","1.10E-09","n/a"
"LRRN1","57633","NP_065924.3","LRR_4","Leucine Rich repeats (2 copies)","Family","CL0022","143","184","144","180","2","37","30.80","1.20E-07","n/a"
"LTBP4","8425","NP_001036009.1","EGF_CA","Calcium-binding EGF domain","Domain","CL0001","357","396","357","396","1","42","34.60","1.10E-08","n/a"
"LTBP4","8425","NP_001036009.1","EGF_CA","Calcium-binding EGF domain","Domain","CL0001","587","627","587","627","1","42","36.10","3.80E-09","n/a"
"LTBP4","8425","NP_001036009.1","EGF_CA","Calcium-binding EGF domain","Domain","CL0001","629","669","629","669","1","42","37.70","1.20E-09","n/a"
"LTBP4","8425","NP_001036009.1","EGF_CA","Calcium-binding EGF domain","Domain","CL0001","671","709","671","703","1","34","30.90","1.60E-07","n/a"
"LTBP4","8425","NP_001036009.1","EGF_CA","Calcium-binding EGF domain","Domain","CL0001","710","750","710","750","1","42","35.60","5.20E-09","n/a"
"LTBP4","8425","NP_001036009.1","EGF_CA","Calcium-binding EGF domain","Domain","CL0001","752","792","752","792","1","42","39.60","2.90E-10","n/a"
"LTBP4","8425","NP_001036009.1","EGF_CA","Calcium-binding EGF domain","Domain","CL0001","794","832","794","826","1","34","27.10","2.40E-06","n/a"
"LTBP4","8425","NP_001036009.1","EGF_CA","Calcium-binding EGF domain","Domain","CL0001","834","876","834","871","1","37","42.50","3.70E-11","n/a"
"LTBP4","8425","NP_001036009.1","EGF_CA","Calcium-binding EGF domain","Domain","CL0001","878","918","878","918","1","42","37.30","1.50E-09","n/a"
"LTBP4","8425","NP_001036009.1","EGF_CA","Calcium-binding EGF domain","Domain","CL0001","920","959","920","959","1","42","34.60","1.10E-08","n/a"
"LTBP4","8425","NP_001036009.1","EGF_CA","Calcium-binding EGF domain","Domain","CL0001","961","1003","961","1002","1","41","30.60","1.90E-07","n/a"
"LTBP4","8425","NP_001036009.1","EGF_CA","Calcium-binding EGF domain","Domain","CL0001","1005","1047","1005","1042","1","36","31.40","1.10E-07","n/a"
"LTBP4","8425","NP_001036009.1","EGF_CA","Calcium-binding EGF domain","Domain","CL0001","1049","1089","1049","1089","1","42","36.60","2.60E-09","n/a"
"LTBP4","8425","NP_001036009.1","EGF_CA","Calcium-binding EGF domain","Domain","CL0001","1091","1132","1091","1121","1","32","26.10","5.10E-06","n/a"
"LTBP4","8425","NP_001036009.1","EGF_CA","Calcium-binding EGF domain","Domain","CL0001","1253","1294","1253","1294","1","42","27.40","2.00E-06","n/a"
"LTBP4","8425","NP_001036009.1","EGF_CA","Calcium-binding EGF domain","Domain","CL0001","1296","1336","1296","1325","1","31","25.60","7.10E-06","n/a"
"LTBP4","8425","NP_001036009.1","EGF_CA","Calcium-binding EGF domain","Domain","CL0001","1574","1617","1574","1617","1","42","34.20","1.40E-08","n/a"
"LTBP4","8425","NP_001036010.1","EGF_CA","Calcium-binding EGF domain","Domain","CL0001","290","329","290","329","1","42","34.70","1.10E-08","n/a"
"LTBP4","8425","NP_001036010.1","EGF_CA","Calcium-binding EGF domain","Domain","CL0001","520","560","520","560","1","42","36.10","3.60E-09","n/a"
"LTBP4","8425","NP_001036010.1","EGF_CA","Calcium-binding EGF domain","Domain","CL0001","562","602","562","602","1","42","37.80","1.10E-09","n/a"
"LTBP4","8425","NP_001036010.1","EGF_CA","Calcium-binding EGF domain","Domain","CL0001","604","642","604","636","1","34","30.90","1.50E-07","n/a"
"LTBP4","8425","NP_001036010.1","EGF_CA","Calcium-binding EGF domain","Domain","CL0001","643","683","643","683","1","42","35.70","5.00E-09","n/a"
"LTBP4","8425","NP_001036010.1","EGF_CA","Calcium-binding EGF domain","Domain","CL0001","685","725","685","725","1","42","39.70","2.80E-10","n/a"
"LTBP4","8425","NP_001036010.1","EGF_CA","Calcium-binding EGF domain","Domain","CL0001","727","765","727","759","1","34","27.20","2.30E-06","n/a"
"LTBP4","8425","NP_001036010.1","EGF_CA","Calcium-binding EGF domain","Domain","CL0001","767","809","767","804","1","37","42.60","3.60E-11","n/a"
"LTBP4","8425","NP_001036010.1","EGF_CA","Calcium-binding EGF domain","Domain","CL0001","811","851","811","851","1","42","37.40","1.50E-09","n/a"
"LTBP4","8425","NP_001036010.1","EGF_CA","Calcium-binding EGF domain","Domain","CL0001","853","892","853","892","1","42","34.70","1.00E-08","n/a"
"LTBP4","8425","NP_001036010.1","EGF_CA","Calcium-binding EGF domain","Domain","CL0001","894","936","894","935","1","41","30.70","1.80E-07","n/a"
"LTBP4","8425","NP_001036010.1","EGF_CA","Calcium-binding EGF domain","Domain","CL0001","938","980","938","975","1","36","31.50","1.00E-07","n/a"
"LTBP4","8425","NP_001036010.1","EGF_CA","Calcium-binding EGF domain","Domain","CL0001","982","1022","982","1022","1","42","36.70","2.50E-09","n/a"
"LTBP4","8425","NP_001036010.1","EGF_CA","Calcium-binding EGF domain","Domain","CL0001","1024","1065","1024","1054","1","32","26.10","4.90E-06","n/a"
"LTBP4","8425","NP_001036010.1","EGF_CA","Calcium-binding EGF domain","Domain","CL0001","1186","1227","1186","1227","1","42","27.50","1.90E-06","n/a"
"LTBP4","8425","NP_001036010.1","EGF_CA","Calcium-binding EGF domain","Domain","CL0001","1229","1269","1229","1258","1","31","25.70","6.80E-06","n/a"
"LTBP4","8425","NP_001036010.1","EGF_CA","Calcium-binding EGF domain","Domain","CL0001","1507","1550","1507","1550","1","42","34.30","1.40E-08","n/a"
"LTBP4","8425","NP_003564.2 ","EGF_CA","Calcium-binding EGF domain","Domain","CL0001","320","359","320","359","1","42","34.60","1.10E-08","n/a"
"LTBP4","8425","NP_003564.2 ","EGF_CA","Calcium-binding EGF domain","Domain","CL0001","550","590","550","590","1","42","36.10","3.70E-09","n/a"
"LTBP4","8425","NP_003564.2 ","EGF_CA","Calcium-binding EGF domain","Domain","CL0001","592","632","592","632","1","42","37.80","1.10E-09","n/a"
"LTBP4","8425","NP_003564.2 ","EGF_CA","Calcium-binding EGF domain","Domain","CL0001","634","672","634","666","1","34","30.90","1.60E-07","n/a"
"LTBP4","8425","NP_003564.2 ","EGF_CA","Calcium-binding EGF domain","Domain","CL0001","673","713","673","713","1","42","35.70","5.10E-09","n/a"
"LTBP4","8425","NP_003564.2 ","EGF_CA","Calcium-binding EGF domain","Domain","CL0001","715","755","715","755","1","42","39.70","2.80E-10","n/a"
"LTBP4","8425","NP_003564.2 ","EGF_CA","Calcium-binding EGF domain","Domain","CL0001","757","795","757","789","1","34","27.10","2.40E-06","n/a"
"LTBP4","8425","NP_003564.2 ","EGF_CA","Calcium-binding EGF domain","Domain","CL0001","797","839","797","834","1","37","42.50","3.60E-11","n/a"
"LTBP4","8425","NP_003564.2 ","EGF_CA","Calcium-binding EGF domain","Domain","CL0001","841","881","841","881","1","42","37.40","1.50E-09","n/a"
"LTBP4","8425","NP_003564.2 ","EGF_CA","Calcium-binding EGF domain","Domain","CL0001","883","922","883","922","1","42","34.70","1.00E-08","n/a"
"LTBP4","8425","NP_003564.2 ","EGF_CA","Calcium-binding EGF domain","Domain","CL0001","924","966","924","965","1","41","30.60","1.90E-07","n/a"
"LTBP4","8425","NP_003564.2 ","EGF_CA","Calcium-binding EGF domain","Domain","CL0001","968","1010","968","1005","1","36","31.50","1.10E-07","n/a"
"LTBP4","8425","NP_003564.2 ","EGF_CA","Calcium-binding EGF domain","Domain","CL0001","1012","1052","1012","1052","1","42","36.60","2.60E-09","n/a"
"LTBP4","8425","NP_003564.2 ","EGF_CA","Calcium-binding EGF domain","Domain","CL0001","1054","1095","1054","1084","1","32","26.10","5.00E-06","n/a"
"LTBP4","8425","NP_003564.2 ","EGF_CA","Calcium-binding EGF domain","Domain","CL0001","1216","1257","1216","1257","1","42","27.40","1.90E-06","n/a"
"LTBP4","8425","NP_003564.2 ","EGF_CA","Calcium-binding EGF domain","Domain","CL0001","1259","1299","1259","1288","1","31","25.60","6.90E-06","n/a"
"LTBP4","8425","NP_003564.2 ","EGF_CA","Calcium-binding EGF domain","Domain","CL0001","1537","1580","1537","1580","1","42","34.30","1.40E-08","n/a"
"LTBP4","8425","NP_001036009.1","TB","TB domain","Family","n/a","416","458","417","458","2","42","42.40","2.90E-11","n/a"
"LTBP4","8425","NP_001036009.1","TB","TB domain","Family","n/a","1191","1234","1192","1234","2","42","39.90","1.80E-10","n/a"
"LTBP4","8425","NP_001036009.1","TB","TB domain","Family","n/a","1359","1401","1361","1401","3","42","45.10","4.10E-12","n/a"
"LTBP4","8425","NP_001036010.1","TB","TB domain","Family","n/a","349","391","350","391","2","42","42.50","2.80E-11","n/a"
"LTBP4","8425","NP_001036010.1","TB","TB domain","Family","n/a","1124","1167","1125","1167","2","42","39.90","1.70E-10","n/a"
"LTBP4","8425","NP_001036010.1","TB","TB domain","Family","n/a","1292","1334","1294","1334","3","42","45.20","3.90E-12","n/a"
"LTBP4","8425","NP_003564.2 ","TB","TB domain","Family","n/a","379","421","380","421","2","42","42.40","2.90E-11","n/a"
"LTBP4","8425","NP_003564.2 ","TB","TB domain","Family","n/a","1154","1197","1155","1197","2","42","39.90","1.80E-10","n/a"
"LTBP4","8425","NP_003564.2 ","TB","TB domain","Family","n/a","1322","1364","1324","1364","3","42","45.20","4.00E-12","n/a"
"MAPRE1","22919","NP_036457.1","CH","Calponin homology (CH) domain","Domain","CL0188","15","116","17","115","3","108","45.10","6.60E-12","n/a"
"MAPRE1","22919","NP_036457.1","EB1","EB1-like C-terminal motif","Family","n/a","209","248","210","248","2","43","60.10","1.20E-16","n/a"
"MARCO","8685","NP_006761.1","Collagen","Collagen triple helix repeat (20 copies)","Repeat","n/a","140","205","148","205","1","58","31.70","6.70E-08","n/a"
"MARCO","8685","NP_006761.1","Collagen","Collagen triple helix repeat (20 copies)","Repeat","n/a","178","258","193","235","16","58","24.40","1.20E-05","n/a"
"MARCO","8685","NP_006761.1","Collagen","Collagen triple helix repeat (20 copies)","Repeat","n/a","229","305","244","302","1","59","26.50","2.70E-06","n/a"
"MARCO","8685","NP_006761.1","Collagen","Collagen triple helix repeat (20 copies)","Repeat","n/a","361","423","361","419","1","59","37.60","9.00E-10","n/a"
"MARCO","8685","NP_006761.1","SRCR","Scavenger receptor cysteine-rich domain","Domain","n/a","426","519","429","519","5","100","95.40","1.70E-27","n/a"
"MASP1","5648","NP_001027019.1","CUB","CUB domain","Domain","CL0164","20","135","24","135","5","110","67.40","8.20E-19","n/a"
"MASP1","5648","NP_001027019.1","EGF_CA","Calcium-binding EGF domain","Domain","CL0001","139","181","139","181","1","42","25.50","7.80E-06","n/a"
"MASP1","5648","NP_001027019.1","CUB","CUB domain","Domain","CL0164","185","294","185","294","1","110","107.20","3.40E-31","n/a"
"MASP1","5648","NP_001027019.1","Sushi","Sushi domain (SCR repeat)","Domain","n/a","301","362","301","362","1","56","35.90","5.80E-09","n/a"
"MASP1","5648","NP_001870.3","CUB","CUB domain","Domain","CL0164","20","135","24","135","5","110","65.90","2.30E-18","n/a"
"MASP1","5648","NP_001870.3","EGF_CA","Calcium-binding EGF domain","Domain","CL0001","139","181","139","181","1","42","24.40","1.70E-05","n/a"
"MASP1","5648","NP_001870.3","CUB","CUB domain","Domain","CL0164","185","294","185","294","1","110","105.80","9.70E-31","n/a"
"MASP1","5648","NP_001870.3","Sushi","Sushi domain (SCR repeat)","Domain","n/a","301","362","301","362","1","56","34.70","1.40E-08","n/a"
"MASP1","5648","NP_001870.3","Sushi","Sushi domain (SCR repeat)","Domain","n/a","367","432","367","424","1","53","28.40","1.20E-06","n/a"
"MASP1","5648","NP_001870.3","Trypsin","Trypsin","Domain","CL0124","449","691","449","691","1","219","242.80","2.30E-72","552;646;490"
"MASP1","5648","NP_624302.1","CUB","CUB domain","Domain","CL0164","20","135","24","135","5","110","65.80","2.50E-18","n/a"
"MASP1","5648","NP_624302.1","EGF_CA","Calcium-binding EGF domain","Domain","CL0001","139","181","139","181","1","42","24.30","1.80E-05","n/a"
"MASP1","5648","NP_624302.1","CUB","CUB domain","Domain","CL0164","185","294","185","294","1","110","105.70","1.00E-30","n/a"
"MASP1","5648","NP_624302.1","Sushi","Sushi domain (SCR repeat)","Domain","n/a","301","362","301","362","1","56","34.60","1.40E-08","n/a"
"MASP1","5648","NP_624302.1","Sushi","Sushi domain (SCR repeat)","Domain","n/a","367","432","367","424","1","53","28.30","1.30E-06","n/a"
"MASP1","5648","NP_624302.1","Trypsin","Trypsin","Domain","CL0124","450","711","450","711","1","219","189.20","5.80E-56","553;664;497"
"MDM2","4193","NP_002383.2","SWIB","SWIB/MDM2 domain","Domain","n/a","33","108","34","107","2","75","67.20","5.80E-19","n/a"
"MDM2","4193","NP_002383.2","zf-RanBP","Zn-finger in Ran binding protein and others","Domain","n/a","305","334","306","333","2","29","36.10","2.00E-09","n/a"
"MED13L","23389","NP_056150.1","Med13_C","Mediator complex subunit 13 C-terminal","Family","n/a","1678","2201","1678","2201","1","420","442.70","8.20E-133","n/a"
"MED13L","23389","NP_056150.1","Med13_N","Mediator complex subunit 13 N-terminal","Domain","n/a","1","385","12","385","6","400","396.80","6.80E-119","n/a"
"MEG3","55384","-","-","-","-","-","0","0","0","0","0","0","0.00","-","-"
"MGC16121","84848","-","-","GC16122","84849","-","0","0","84850","0","0","0","84851.00","-","-"
"MLH1","4292","NP_000240.1","DNA_mis_repair","DNA mismatch repair protein; C-terminal domain","Family","CL0329","216","335","216","334","1","118","118.30","1.00E-34","n/a"
"MLH1","4292","NP_001161089.1","DNA_mis_repair","DNA mismatch repair protein; C-terminal domain","Family","CL0329","118","237","118","236","1","118","118.60","8.10E-35","n/a"
"MLH1","4292","NP_001161090.1","DNA_mis_repair","DNA mismatch repair protein; C-terminal domain","Family","CL0329","1","94","2","93","26","118","100.80","2.60E-29","n/a"
"MLH1","4292","NP_001161091.1","DNA_mis_repair","DNA mismatch repair protein; C-terminal domain","Family","CL0329","1","94","2","93","26","118","100.80","2.60E-29","n/a"
"MLH1","4292","NP_000240.1","HATPase_c","Histidine kinase-; DNA gyrase B-; and HSP90-like ATPase","Domain","CL0025","23","154","25","150","3","104","39.50","2.90E-10","n/a"
"MLH3","27030","NP_001035197.1","DNA_mis_repair","DNA mismatch repair protein; C-terminal domain","Family","CL0329","211","349","213","348","3","118","38.90","3.80E-10","n/a"
"MLH3","27030","NP_055196.2","DNA_mis_repair","DNA mismatch repair protein; C-terminal domain","Family","CL0329","211","349","213","348","3","118","39.00","3.70E-10","n/a"
"MLH3","27030","NP_001035197.1","HATPase_c","Histidine kinase-; DNA gyrase B-; and HSP90-like ATPase","Domain","CL0025","18","152","20","148","4","106","31.70","8.00E-08","n/a"
"MLH3","27030","NP_055196.2","HATPase_c","Histidine kinase-; DNA gyrase B-; and HSP90-like ATPase","Domain","CL0025","18","152","20","148","4","106","31.70","7.90E-08","n/a"
"MLH3","27030","NP_001035197.1","MutL_C","MutL C terminal dimerisation domain","Domain","n/a","1189","1372","1217","1370","20","142","44.10","1.20E-11","n/a"
"MME","4311","NP_000893.2","Peptidase_M13_N","Peptidase family M13","Family","n/a","80","483","80","483","1","388","423.10","8.20E-127","n/a"
"MME","4311","NP_000893.2","Peptidase_M13","Peptidase family M13","Family","CL0126","543","749","543","749","1","203","209.30","2.80E-62","585;591;651"
"MME","4311","NP_009218.2","Peptidase_M13_N","Peptidase family M13","Family","n/a","80","483","80","483","1","388","423.10","8.20E-127","n/a"
"MME","4311","NP_009218.2","Peptidase_M13","Peptidase family M13","Family","CL0126","543","749","543","749","1","203","209.30","2.80E-62","585;591;651"
"MME","4311","NP_009219.2","Peptidase_M13_N","Peptidase family M13","Family","n/a","80","483","80","483","1","388","423.10","8.20E-127","n/a"
"MME","4311","NP_009219.2","Peptidase_M13","Peptidase family M13","Family","CL0126","543","749","543","749","1","203","209.30","2.80E-62","585;591;651"
"MME","4311","NP_009220.2","Peptidase_M13_N","Peptidase family M13","Family","n/a","80","483","80","483","1","388","423.10","8.20E-127","n/a"
"MME","4311","NP_009220.2","Peptidase_M13","Peptidase family M13","Family","CL0126","543","749","543","749","1","203","209.30","2.80E-62","585;591;651"
"MMP10","4319","NP_002416.1","Hemopexin","Hemopexin","Repeat","n/a","295","337","295","337","1","45","39.40","2.90E-10","n/a"
"MMP10","4319","NP_002416.1","Hemopexin","Hemopexin","Repeat","n/a","339","382","339","382","1","45","40.90","9.60E-11","n/a"
"MMP10","4319","NP_002416.1","Hemopexin","Hemopexin","Repeat","n/a","387","434","387","433","1","44","56.40","1.40E-15","n/a"
"MMP10","4319","NP_002416.1","Hemopexin","Hemopexin","Repeat","n/a","436","476","436","476","1","45","30.70","1.50E-07","n/a"
"MMP10","4319","NP_002416.1","Peptidase_M10","Matrixin","Domain","CL0126","107","263","107","263","1","152","203.90","7.70E-61","218"
"MMP10","4319","NP_002416.1","PG_binding_1","Putative peptidoglycan binding domain","Domain","CL0244","28","86","33","86","7","57","40.90","1.20E-10","n/a"
"MMP26","56547","NP_068573.2","Peptidase_M10","Matrixin","Domain","CL0126","98","253","98","253","1","152","179.30","3.00E-53","209"
"MMP7","4316","NP_002414.1","Peptidase_M10","Matrixin","Domain","CL0126","103","259","103","259","1","152","180.30","1.40E-53","215"
"MMP7","4316","NP_002414.1","PG_binding_1","Putative peptidoglycan binding domain","Domain","CL0244","28","82","31","82","4","57","46.80","1.70E-12","n/a"
"MMP9","4318","NP_004985.2","fn2","Fibronectin type II domain","Domain","n/a","230","271","230","271","1","42","66.10","1.60E-18","n/a"
"MMP9","4318","NP_004985.2","fn2","Fibronectin type II domain","Domain","n/a","288","329","288","329","1","42","65.60","2.30E-18","n/a"
"MMP9","4318","NP_004985.2","fn2","Fibronectin type II domain","Domain","n/a","347","388","347","388","1","42","70.70","5.60E-20","n/a"
"MMP9","4318","NP_004985.2","Hemopexin","Hemopexin","Repeat","n/a","521","565","521","564","1","44","41.70","5.60E-11","n/a"
"MMP9","4318","NP_004985.2","Hemopexin","Hemopexin","Repeat","n/a","567","608","568","605","2","42","24.40","1.40E-05","n/a"
"MMP9","4318","NP_004985.2","Hemopexin","Hemopexin","Repeat","n/a","613","656","615","655","3","44","28.70","6.30E-07","n/a"
"MMP9","4318","NP_004985.2","Hemopexin","Hemopexin","Repeat","n/a","661","704","663","699","3","39","26.50","3.20E-06","n/a"
"MMP9","4318","NP_004985.2","Peptidase_M10","Matrixin","Domain","CL0126","115","444","115","444","1","152","199.70","1.60E-59","402"
"MMP9","4318","NP_004985.2","PT","PT repeat","Repeat","n/a","472","507","472","506","1","35","32.40","3.20E-08","n/a"
"MMP9","4318","NP_004985.2","PG_binding_1","Putative peptidoglycan binding domain","Domain","CL0244","38","94","40","94","3","57","25.40","8.20E-06","n/a"
"MRPL3","11222","NP_009139.1","Ribosomal_L3","Ribosomal protein L3","Family","n/a","103","300","103","300","1","263","163.70","4.20E-48","n/a"
"MS4A6","64231","NP_071744.2","CD20","CD20-like family","Family","CL0347","47","208","47","208","1","149","108.40","2.30E-31","n/a"
"MS4A6","64231","NP_690590.1","CD20","CD20-like family","Family","CL0347","47","174","47","147","1","93","84.40","5.90E-24","n/a"
"MS4A6","64231","NP_690591.1","CD20","CD20-like family","Family","CL0347","47","208","47","208","1","149","108.00","3.10E-31","n/a"
"MSX2","4488","NP_002440.2","Homeobox","Homeobox domain","Domain","CL0123","143","199","143","199","1","57","77.10","4.70E-22","n/a"
"MT1E","4493","NP_783316.2","Metallothio","Metallothionein","Domain","CL0461","1","61","1","61","1","63","51.50","5.40E-14","n/a"
"MTHFR","4524","NP_005948.3","MTHFR","Methylenetetrahydrofolate reductase","Domain","CL0086","48","337","48","337","1","287","405.80","6.40E-122","n/a"
"MUM1L1","139221","NP_001164491.1","-","-","-","-","0","0","0","0","0","0","0.00","-","-"
"MUM1L1","139221","NP_689636.3","-","-","-","-","0","0","0","0","0","0","0.00","-","-"
"MVD","4597","NP_002452.1","GHMP_kinases_N","GHMP kinases N terminal domain","Family","CL0329","111","166","112","156","2","49","29.30","5.10E-07","n/a"
"NCOA3","8202","NP_001167559.1","DUF1518","Domain of unknown function (DUF1518)","Domain","n/a","1282","1339","1282","1339","1","58","83.80","5.40E-24","n/a"
"NCOA3","8202","NP_001167558.1","Nuc_rec_co-act","Nuclear receptor coactivator","Domain","n/a","1045","1095","1045","1095","1","51","87.70","2.10E-25","n/a"
"NCOA3","8202","NP_001167559.1","Nuc_rec_co-act","Nuclear receptor coactivator","Domain","n/a","1040","1090","1040","1090","1","51","87.70","2.10E-25","n/a"
"NCOA3","8202","NP_006525.2","Nuc_rec_co-act","Nuclear receptor coactivator","Domain","n/a","1045","1095","1045","1095","1","51","87.70","2.10E-25","n/a"
"NCOA3","8202","NP_858045.1","Nuc_rec_co-act","Nuclear receptor coactivator","Domain","n/a","1045","1095","1045","1095","1","51","87.70","2.10E-25","n/a"
"NCOA3","8202","NP_001167558.1","PAS","PAS fold","Domain","CL0183","113","210","116","173","5","65","33.90","1.80E-08","n/a"
"NCOA3","8202","NP_001167559.1","PAS","PAS fold","Domain","CL0183","113","210","116","173","5","65","33.90","1.80E-08","n/a"
"NCOA3","8202","NP_006525.2","PAS","PAS fold","Domain","CL0183","113","210","116","173","5","65","33.90","1.80E-08","n/a"
"NCOA3","8202","NP_858045.1","PAS","PAS fold","Domain","CL0183","113","210","116","173","5","65","33.90","1.80E-08","n/a"
"NCOA3","8202","NP_001167558.1","SRC-1","Steroid receptor coactivator","Domain","n/a","616","704","616","704","1","78","84.60","4.90E-24","n/a"
"NCOA3","8202","NP_001167559.1","SRC-1","Steroid receptor coactivator","Domain","n/a","626","714","626","714","1","78","84.60","4.90E-24","n/a"
"NCOA3","8202","NP_006525.2","SRC-1","Steroid receptor coactivator","Domain","n/a","616","704","616","704","1","78","84.60","4.90E-24","n/a"
"NCOA3","8202","NP_858045.1","SRC-1","Steroid receptor coactivator","Domain","n/a","616","704","616","704","1","78","84.50","4.90E-24","n/a"
"NDC80","10403","NP_006092.1","Ndc80_HEC","HEC/Ndc80p family","Family","n/a","49","215","50","207","2","152","182.60","2.80E-54","n/a"
"NDN","4692","NP_002478.1","MAGE","MAGE family","Family","n/a","105","275","105","275","1","195","128.10","2.00E-37","n/a"
"NDRG1","10397","NP_001128714.1","Ndr","Ndr family","Family","CL0028","34","316","34","316","1","283","422.60","3.00E-127","n/a"
"NDRG1","10397","NP_006087.2","Ndr","Ndr family","Family","CL0028","34","316","34","316","1","283","422.60","3.00E-127","n/a"
"NDUFA2","4695","NP_001171941.1","L51_S25_CI-B8","Mitochondrial ribosomal protein L51 / S25 / CI-B8 domain","Domain","n/a","33","75","33","70","1","38","48.90","3.20E-13","n/a"
"NDUFA2","4695","NP_002479.1","L51_S25_CI-B8","Mitochondrial ribosomal protein L51 / S25 / CI-B8 domain","Domain","n/a","33","84","33","83","1","51","56.50","1.30E-15","n/a"
"NFE2L2","4780","NP_001138884.1","bZIP_1","bZIP transcription factor","Family","CL0018","480","542","483","540","5","62","33.40","2.60E-08","n/a"
"NFE2L2","4780","NP_001138885.1","bZIP_1","bZIP transcription factor","Family","CL0018","473","535","476","533","5","62","33.40","2.50E-08","n/a"
"NFE2L2","4780","NP_006155.2","bZIP_1","bZIP transcription factor","Family","CL0018","496","558","499","556","5","62","33.40","2.60E-08","n/a"
"NFIB","4781","NP_001177666.1","CTF_NFI","CTF/NF-I family transcription modulation region","Family","n/a","209","494","209","494","1","295","405.00","2.00E-121","n/a"
"NFIB","4781","NP_001177667.1","CTF_NFI","CTF/NF-I family transcription modulation region","Family","n/a","235","445","235","441","1","207","288.00","9.00E-86","n/a"
"NFIB","4781","NP_005587.2","CTF_NFI","CTF/NF-I family transcription modulation region","Family","n/a","209","419","209","415","1","207","288.20","7.70E-86","n/a"
"NFIB","4781","NP_001177666.1","MH1","MH1 domain","Domain","CL0263","65","173","68","171","4","105","46.90","1.80E-12","n/a"
"NFIB","4781","NP_001177667.1","MH1","MH1 domain","Domain","CL0263","91","199","94","197","4","105","47.10","1.50E-12","n/a"
"NFIB","4781","NP_005587.2","MH1","MH1 domain","Domain","CL0263","65","173","68","171","4","105","47.30","1.30E-12","n/a"
"NFIB","4781","NP_001177666.1","NfI_DNAbd_pre-N","Nuclear factor I protein pre-N-terminus","Family","n/a","4","47","5","47","2","44","94.20","2.00E-27","n/a"
"NFIB","4781","NP_001177667.1","NfI_DNAbd_pre-N","Nuclear factor I protein pre-N-terminus","Family","n/a","31","73","36","73","7","44","86.20","6.40E-25","n/a"
"NFIB","4781","NP_005587.2","NfI_DNAbd_pre-N","Nuclear factor I protein pre-N-terminus","Family","n/a","4","47","5","47","2","44","94.50","1.60E-27","n/a"
"NFKB1","4790","NP_001158884.1","Ank","Ankyrin repeat","Repeat","CL0465","718","750","718","749","1","32","23.60","2.30E-05","n/a"
"NFKB1","4790","NP_003989.2","Ank","Ankyrin repeat","Repeat","CL0465","719","751","719","750","1","32","23.60","2.30E-05","n/a"
"NFKB1","4790","NP_001158884.1","Ank_2","Ankyrin repeats (3 copies)","Family","CL0465","499","612","525","611","13","88","35.40","8.10E-09","n/a"
"NFKB1","4790","NP_001158884.1","Ank_2","Ankyrin repeats (3 copies)","Family","CL0465","619","714","619","708","1","81","52.00","5.40E-14","n/a"
"NFKB1","4790","NP_003989.2","Ank_2","Ankyrin repeats (3 copies)","Family","CL0465","500","613","526","612","13","88","35.40","8.10E-09","n/a"
"NFKB1","4790","NP_003989.2","Ank_2","Ankyrin repeats (3 copies)","Family","CL0465","620","715","620","709","1","81","52.00","5.40E-14","n/a"
"NFKB1","4790","NP_001158884.1","Death","Death domain","Domain","CL0041","817","892","818","891","2","82","38.60","5.30E-10","n/a"
"NFKB1","4790","NP_003989.2","Death","Death domain","Domain","CL0041","818","893","819","892","2","82","38.60","5.30E-10","n/a"
"NFKB1","4790","NP_001158884.1","RHD","Rel homology domain (RHD)","Domain","CL0073","44","242","44","242","1","169","243.30","8.30E-73","n/a"
"NFKB1","4790","NP_003989.2","RHD","Rel homology domain (RHD)","Domain","CL0073","45","243","45","243","1","169","243.30","8.30E-73","n/a"
"NGFRAP1","27018","NP_055195.1","BEX","Brain expressed X-linked like family","Family","n/a","1","110","1","110","1","100","105.80","8.60E-31","n/a"
"NGFRAP1","27018","NP_996798.1","BEX","Brain expressed X-linked like family","Family","n/a","1","110","1","110","1","100","105.80","8.60E-31","n/a"
"NGFRAP1","27018","NP_996800.1","BEX","Brain expressed X-linked like family","Family","n/a","1","100","2","100","12","100","90.50","5.00E-26","n/a"
"NID1","4811","NP_002499.2","NIDO","Nidogen-like","Family","n/a","176","268","176","267","1","89","91.80","2.70E-26","n/a"
"NID1","4811","NP_002499.2","G2F","G2F domain","Domain","CL0069","428","626","428","624","1","191","271.90","1.60E-81","n/a"
"NID1","4811","NP_002499.2","EGF_3","EGF domain","Domain","CL0001","672","708","672","708","1","36","28.80","7.10E-07","n/a"
"NID1","4811","NP_002499.2","EGF_CA","Calcium-binding EGF domain","Domain","CL0001","710","750","710","750","1","42","34.60","1.10E-08","n/a"
"NID1","4811","NP_002499.2","cEGF","Complement Clr-like EGF-like","Domain","CL0001","784","805","784","805","1","24","33.90","1.50E-08","n/a"
"NID1","4811","NP_002499.2","EGF_3","EGF domain","Domain","CL0001","806","839","809","839","6","36","38.30","7.30E-10","n/a"
"NID1","4811","NP_002499.2","Thyroglobulin_1","Thyroglobulin type-1 repeat","Domain","n/a","849","919","849","919","1","68","69.20","1.10E-19","n/a"
"NID1","4811","NP_002499.2","Ldl_recept_b","Low-density lipoprotein receptor repeat class B","Repeat","CL0186","990","1031","992","1030","3","42","40.00","2.70E-10","n/a"
"NID1","4811","NP_002499.2","Ldl_recept_b","Low-density lipoprotein receptor repeat class B","Repeat","CL0186","1033","1073","1033","1070","1","39","43.30","2.50E-11","n/a"
"NID1","4811","NP_002499.2","Ldl_recept_b","Low-density lipoprotein receptor repeat class B","Repeat","CL0186","1076","1119","1076","1117","1","41","40.70","1.70E-10","n/a"
"NKX2-1","7080","NP_001073136.1","Homeobox","Homeobox domain","Domain","CL0123","192","248","192","248","1","57","71.10","3.40E-20","n/a"
"NKX2-1","7080","NP_001073136.1","Homeobox","Homeobox domain","Domain","CL0123","593","649","593","649","1","57","71.10","3.40E-20","n/a"
"NKX2-1","7080","NP_001073136.1","Homeobox","Homeobox domain","Domain","CL0123","994","1050","994","1050","1","57","71.10","3.40E-20","n/a"
"NKX2-1","7080","NP_003308.1","Homeobox","Homeobox domain","Domain","CL0123","162","218","162","218","1","57","73.30","7.20E-21","n/a"
"NME1","4830","NP_000260.1","NDK","Nucleoside diphosphate kinase","Domain","n/a","5","139","5","138","1","134","189.90","1.20E-56","118"
"NME1","4830","NP_937818.1","NDK","Nucleoside diphosphate kinase","Domain","n/a","30","164","30","163","1","134","189.10","2.10E-56","143"
"NME2","4831","NP_001018147.1","NDK","Nucleoside diphosphate kinase","Domain","n/a","5","139","5","138","1","134","192.60","1.70E-57","118"
"NME2","4831","NP_001018148.1","NDK","Nucleoside diphosphate kinase","Domain","n/a","5","139","5","138","1","134","192.60","1.70E-57","118"
"NME2","4831","NP_001018149.1","NDK","Nucleoside diphosphate kinase","Domain","n/a","5","139","5","138","1","134","192.60","1.70E-57","118"
"NME2","4831","NP_001185611.1","NDK","Nucleoside diphosphate kinase","Domain","n/a","5","81","5","77","1","73","98.80","1.60E-28","n/a"
"NME2","4831","NP_002503.1","NDK","Nucleoside diphosphate kinase","Domain","n/a","5","139","5","138","1","134","192.60","1.70E-57","118"
"NPDC1","56654","NP_056207.3","NPDC1","Neural proliferation differentiation control-1 protein (NPDC1)","Family","n/a","1","325","1","325","1","341","667.60","2.20E-201","n/a"
"NPR1","4881","NP_000897.3","Guanylate_cyc","Adenylate and Guanylate cyclase catalytic domain","Domain","CL0276","867","1053","867","1052","1","186","240.10","7.30E-72","n/a"
"NPR1","4881","NP_000897.3","Pkinase_Tyr","Protein tyrosine kinase","Domain","CL0016","542","801","556","799","18","257","132.40","1.20E-38","n/a"
"NPR1","4881","NP_000897.3","ANF_receptor","Receptor family ligand binding region","Family","CL0144","54","416","54","415","1","347","192.30","8.60E-57","n/a"
"NPTX1","4884","NP_002513.2","Pentaxin","Pentaxin family","Domain","CL0004","227","422","232","420","5","191","126.50","6.50E-37","n/a"
"NR3C1","2908","NP_001019265.1","Hormone_recep","Ligand-binding domain of nuclear hormone receptor","Domain","n/a","543","754","549","736","7","197","102.80","1.00E-29","n/a"
"NR3C1","2908","NP_000167.1","GCR","Glucocorticoid receptor","Family","n/a","26","401","26","401","1","370","610.10","8.70E-184","n/a"
"NR3C1","2908","NP_001018084.1","GCR","Glucocorticoid receptor","Family","n/a","26","401","26","401","1","370","610.10","8.70E-184","n/a"
"NR3C1","2908","NP_001018085.1","GCR","Glucocorticoid receptor","Family","n/a","26","401","26","401","1","370","610.10","8.70E-184","n/a"
"NR3C1","2908","NP_001018086.1","GCR","Glucocorticoid receptor","Family","n/a","26","401","26","401","1","370","610.10","8.70E-184","n/a"
"NR3C1","2908","NP_001018087.1","GCR","Glucocorticoid receptor","Family","n/a","26","401","26","401","1","370","610.10","8.70E-184","n/a"
"NR3C1","2908","NP_001018661.1","GCR","Glucocorticoid receptor","Family","n/a","26","401","26","401","1","370","610.30","7.80E-184","n/a"
"NR3C1","2908","NP_001019265.1","GCR","Glucocorticoid receptor","Family","n/a","26","401","26","401","1","370","610.10","8.70E-184","n/a"
"NR3C1","2908","NP_001191187.1","GCR","Glucocorticoid receptor","Family","n/a","1","375","1","375","2","370","607.80","4.40E-183","n/a"
"NR3C1","2908","NP_001191188.1","GCR","Glucocorticoid receptor","Family","n/a","1","316","1","316","61","370","520.50","1.40E-156","n/a"
"NR3C1","2908","NP_001191189.1","GCR","Glucocorticoid receptor","Family","n/a","1","312","1","312","65","370","509.60","3.00E-153","n/a"
"NR3C1","2908","NP_001191190.1","GCR","Glucocorticoid receptor","Family","n/a","1","304","1","304","73","370","493.70","2.10E-148","n/a"
"NR3C1","2908","NP_001191191.1","GCR","Glucocorticoid receptor","Family","n/a","1","86","1","86","284","370","160.30","4.20E-47","n/a"
"NR3C1","2908","NP_001191192.1","GCR","Glucocorticoid receptor","Family","n/a","1","71","1","71","299","370","125.70","1.40E-36","n/a"
"NR3C1","2908","NP_001191193.1","GCR","Glucocorticoid receptor","Family","n/a","1","66","1","66","304","370","110.80","4.60E-32","n/a"
"NR3C1","2908","NP_001191194.1","GCR","Glucocorticoid receptor","Family","n/a","26","401","26","401","1","370","610.60","6.10E-184","n/a"
"NR3C1","2908","NP_000167.1","Hormone_recep","Ligand-binding domain of nuclear hormone receptor","Domain","n/a","542","753","548","735","7","197","102.80","1.00E-29","n/a"
"NR3C1","2908","NP_001018084.1","Hormone_recep","Ligand-binding domain of nuclear hormone receptor","Domain","n/a","542","753","548","735","7","197","102.80","1.00E-29","n/a"
"NR3C1","2908","NP_001018085.1","Hormone_recep","Ligand-binding domain of nuclear hormone receptor","Domain","n/a","542","753","548","735","7","197","102.80","1.00E-29","n/a"
"NR3C1","2908","NP_001018086.1","Hormone_recep","Ligand-binding domain of nuclear hormone receptor","Domain","n/a","542","753","548","735","7","197","102.80","1.00E-29","n/a"
"NR3C1","2908","NP_001018087.1","Hormone_recep","Ligand-binding domain of nuclear hormone receptor","Domain","n/a","542","753","548","735","7","197","102.80","1.00E-29","n/a"
"NR3C1","2908","NP_001018661.1","Hormone_recep","Ligand-binding domain of nuclear hormone receptor","Domain","n/a","542","736","548","729","7","191","102.80","1.10E-29","n/a"
"NR3C1","2908","NP_001191187.1","Hormone_recep","Ligand-binding domain of nuclear hormone receptor","Domain","n/a","516","727","522","709","7","197","102.90","9.70E-30","n/a"
"NR3C1","2908","NP_001191188.1","Hormone_recep","Ligand-binding domain of nuclear hormone receptor","Domain","n/a","457","668","463","650","7","197","103.10","8.40E-30","n/a"
"NR3C1","2908","NP_001191189.1","Hormone_recep","Ligand-binding domain of nuclear hormone receptor","Domain","n/a","453","664","459","646","7","197","103.10","8.30E-30","n/a"
"NR3C1","2908","NP_001191190.1","Hormone_recep","Ligand-binding domain of nuclear hormone receptor","Domain","n/a","445","656","451","638","7","197","103.10","8.10E-30","n/a"
"NR3C1","2908","NP_001191191.1","Hormone_recep","Ligand-binding domain of nuclear hormone receptor","Domain","n/a","227","442","233","420","7","197","104.40","3.40E-30","n/a"
"NR3C1","2908","NP_001191192.1","Hormone_recep","Ligand-binding domain of nuclear hormone receptor","Domain","n/a","212","427","218","405","7","197","104.50","3.20E-30","n/a"
"NR3C1","2908","NP_001191193.1","Hormone_recep","Ligand-binding domain of nuclear hormone receptor","Domain","n/a","207","422","213","400","7","197","104.50","3.10E-30","n/a"
"NR3C1","2908","NP_001191194.1","Hormone_recep","Ligand-binding domain of nuclear hormone receptor","Domain","n/a","542","675","548","674","7","137","79.60","1.30E-22","n/a"
"NR3C1","2908","NP_000167.1","zf-C4","Zinc finger; C4 type (two domains)","Domain","n/a","419","488","420","487","2","69","97.20","3.70E-28","n/a"
"NR3C1","2908","NP_001018084.1","zf-C4","Zinc finger; C4 type (two domains)","Domain","n/a","419","488","420","487","2","69","97.20","3.70E-28","n/a"
"NR3C1","2908","NP_001018085.1","zf-C4","Zinc finger; C4 type (two domains)","Domain","n/a","419","488","420","487","2","69","97.20","3.70E-28","n/a"
"NR3C1","2908","NP_001018086.1","zf-C4","Zinc finger; C4 type (two domains)","Domain","n/a","419","488","420","487","2","69","97.20","3.70E-28","n/a"
"NR3C1","2908","NP_001018087.1","zf-C4","Zinc finger; C4 type (two domains)","Domain","n/a","419","488","420","487","2","69","97.20","3.70E-28","n/a"
"NR3C1","2908","NP_001018661.1","zf-C4","Zinc finger; C4 type (two domains)","Domain","n/a","419","488","420","487","2","69","97.30","3.50E-28","n/a"
"NR3C1","2908","NP_001019265.1","zf-C4","Zinc finger; C4 type (two domains)","Domain","n/a","419","489","420","488","2","69","93.90","4.00E-27","n/a"
"NR3C1","2908","NP_001191187.1","zf-C4","Zinc finger; C4 type (two domains)","Domain","n/a","393","462","394","461","2","69","97.30","3.50E-28","n/a"
"NR3C1","2908","NP_001191188.1","zf-C4","Zinc finger; C4 type (two domains)","Domain","n/a","334","403","335","402","2","69","97.50","3.20E-28","n/a"
"NR3C1","2908","NP_001191189.1","zf-C4","Zinc finger; C4 type (two domains)","Domain","n/a","330","399","331","398","2","69","97.50","3.10E-28","n/a"
"NR3C1","2908","NP_001191190.1","zf-C4","Zinc finger; C4 type (two domains)","Domain","n/a","322","391","323","390","2","69","97.50","3.10E-28","n/a"
"NR3C1","2908","NP_001191191.1","zf-C4","Zinc finger; C4 type (two domains)","Domain","n/a","104","173","105","172","2","69","98.30","1.80E-28","n/a"
"NR3C1","2908","NP_001191192.1","zf-C4","Zinc finger; C4 type (two domains)","Domain","n/a","89","158","90","157","2","69","98.30","1.70E-28","n/a"
"NR3C1","2908","NP_001191193.1","zf-C4","Zinc finger; C4 type (two domains)","Domain","n/a","84","153","85","152","2","69","98.40","1.70E-28","n/a"
"NR3C1","2908","NP_001191194.1","zf-C4","Zinc finger; C4 type (two domains)","Domain","n/a","419","488","420","487","2","69","97.50","3.10E-28","n/a"
"NSDHL","50814","NP_001123237.1","3Beta_HSD","3-beta hydroxysteroid dehydrogenase/isomerase family","Family","CL0063","41","297","42","294","2","277","220.80","1.10E-65","n/a"
"NSDHL","50814","NP_057006.1","3Beta_HSD","3-beta hydroxysteroid dehydrogenase/isomerase family","Family","CL0063","41","297","42","294","2","277","220.80","1.10E-65","n/a"
"NT5E","4907","NP_001191742.1","5_nucleotid_C","5'-nucleotidase; C-terminal domain","Domain","n/a","338","404","340","397","3","48","24.30","2.10E-05","n/a"
"NT5E","4907","NP_001191742.1","5_nucleotid_C","5'-nucleotidase; C-terminal domain","Domain","n/a","400","463","404","462","98","150","44.10","1.60E-11","n/a"
"NT5E","4907","NP_002517.1","5_nucleotid_C","5'-nucleotidase; C-terminal domain","Domain","n/a","338","513","340","512","3","150","137.30","3.00E-40","n/a"
"NT5E","4907","NP_001191742.1","Metallophos","Calcineurin-like phosphoesterase","Domain","CL0163","29","246","29","244","1","195","58.00","6.90E-16","118"
"NT5E","4907","NP_002517.1","Metallophos","Calcineurin-like phosphoesterase","Domain","CL0163","29","246","29","244","1","195","57.70","8.50E-16","118"
"NUP107","57122","NP_065134.1","Nup84_Nup100","Nuclear pore protein 84 / 107","Family","n/a","207","910","208","910","2","697","743.10","1.50E-223","n/a"
"OGN","4969","NP_054776.1","LRR_4","Leucine Rich repeats (2 copies)","Family","CL0022","143","188","143","186","1","43","29.70","2.70E-07","n/a"
"OGN","4969","NP_148935.1","LRR_4","Leucine Rich repeats (2 copies)","Family","CL0022","143","188","143","186","1","43","29.70","2.70E-07","n/a"
"OLFM1","10439","NP_006325.1","Noelin-1","Neurogenesis glycoprotein","Family","n/a","35","135","36","134","2","100","171.30","2.60E-51","n/a"
"OLFM1","10439","NP_055094.1","Noelin-1","Neurogenesis glycoprotein","Family","n/a","35","135","36","134","2","100","167.00","5.60E-50","n/a"
"OLFM1","10439","NP_055094.1","OLF","Olfactomedin-like domain","Family","n/a","211","460","212","458","2","247","324.30","3.40E-97","n/a"
"OSR2","116039","NP_001135934.1","zf-C2H2","Zinc finger; C2H2 type","Domain","CL0361","172","194","172","194","1","23","21.20","0.00021","n/a"
"OSR2","116039","NP_001135934.1","zf-C2H2","Zinc finger; C2H2 type","Domain","CL0361","200","222","200","222","1","23","20.60","0.00034","n/a"
"OSR2","116039","NP_001135934.1","zf-C2H2","Zinc finger; C2H2 type","Domain","CL0361","228","250","228","250","1","23","16.20","0.0083","n/a"
"OSR2","116039","NP_001135934.1","zf-C2H2","Zinc finger; C2H2 type","Domain","CL0361","256","278","256","278","1","23","25.60","8.40E-06","n/a"
"OSR2","116039","NP_001135934.1","zf-C2H2","Zinc finger; C2H2 type","Domain","CL0361","284","306","284","306","1","23","19.90","0.00057","n/a"
"OSR2","116039","NP_443727.2","zf-C2H2","Zinc finger; C2H2 type","Domain","CL0361","172","194","172","194","1","23","21.50","0.00018","n/a"
"OSR2","116039","NP_443727.2","zf-C2H2","Zinc finger; C2H2 type","Domain","CL0361","200","222","200","222","1","23","20.80","0.00029","n/a"
"OSR2","116039","NP_443727.2","zf-C2H2","Zinc finger; C2H2 type","Domain","CL0361","228","250","228","250","1","23","16.40","0.0071","n/a"
"P2RY14","9934","NP_001074924.1","7tm_1","7 transmembrane receptor (rhodopsin family)","Family","CL0192","40","295","55","295","18","257","135.30","1.60E-39","n/a"
"P2RY14","9934","NP_055694.3","7tm_1","7 transmembrane receptor (rhodopsin family)","Family","CL0192","40","295","55","295","18","257","135.30","1.60E-39","n/a"
"PA2G4","5036","NP_006182.2","Peptidase_M24","Metallopeptidase family M24","Domain","n/a","19","263","20","228","2","183","99.50","1.50E-28","88"
"PAFAHIB3","5050","NP_001139411.1","Lipase_GDSL","GDSL-like Lipase/Acylhydrolase","Family","CL0264","41","208","41","201","1","228","22.40","7.40E-05","195;192;47"
"PAFAHIB3","5050","NP_001139412.1","Lipase_GDSL","GDSL-like Lipase/Acylhydrolase","Family","CL0264","41","208","41","201","1","228","22.40","7.40E-05","195;192;47"
"PAFAHIB3","5050","NP_002564.1","Lipase_GDSL","GDSL-like Lipase/Acylhydrolase","Family","CL0264","41","208","41","201","1","228","22.40","7.40E-05","195;192;47"
"PAK3","5063","NP_001121638.1","PBD","P21-Rho-binding domain","Domain","n/a","69","127","69","126","1","58","79.90","1.10E-22","n/a"
"PAK3","5063","NP_001121638.1","Pkinase","Protein kinase domain","Domain","CL0016","268","519","268","519","1","260","242.40","3.30E-72","405;387;387;387"
"PAK3","5063","NP_001121639.1","PBD","P21-Rho-binding domain","Domain","n/a","69","127","69","126","1","58","79.90","1.10E-22","n/a"
"PAK3","5063","NP_001121639.1","Pkinase","Protein kinase domain","Domain","CL0016","268","519","268","519","1","260","242.40","3.30E-72","405;387;387;387"
"PAK3","5063","NP_001121640.1","PBD","P21-Rho-binding domain","Domain","n/a","69","116","69","108","1","40","37.70","1.70E-09","n/a"
"PAK3","5063","NP_001121640.1","PBD","P21-Rho-binding domain","Domain","n/a","124","163","129","162","25","58","29.50","5.90E-07","n/a"
"PAK3","5063","NP_001121640.1","Pkinase","Protein kinase domain","Domain","CL0016","304","555","304","555","1","260","242.20","3.90E-72","441;423;423;423"
"PAK3","5063","NP_001121644.1","PBD","P21-Rho-binding domain","Domain","n/a","69","148","69","147","1","58","63.40","1.50E-17","n/a"
"PAK3","5063","NP_001121644.1","Pkinase","Protein kinase domain","Domain","CL0016","289","540","289","540","1","260","242.30","3.70E-72","426;408;408;408"
"PAK3","5063","NP_001121645.1","PBD","P21-Rho-binding domain","Domain","n/a","69","142","69","141","1","58","68.90","3.00E-19","n/a"
"PAK3","5063","NP_001121645.1","Pkinase","Protein kinase domain","Domain","CL0016","283","534","283","534","1","260","242.30","3.60E-72","420;402;402;402"
"PAK3","5063","NP_002569.1","PBD","P21-Rho-binding domain","Domain","n/a","69","127","69","126","1","58","79.90","1.10E-22","n/a"
"PAK3","5063","NP_002569.1","Pkinase","Protein kinase domain","Domain","CL0016","268","519","268","519","1","260","242.40","3.30E-72","405;387;387;387"
"PAPPA","5069","NP_002572.2","Notch","LNR domain","Domain","n/a","407","441","413","441","11","38","29.20","6.30E-07","n/a"
"PAPPA","5069","NP_002572.2","Notch","LNR domain","Domain","n/a","1549","1584","1553","1584","5","38","28.30","1.30E-06","n/a"
"PAPPA","5069","NP_002572.2","Peptidase_M43","Pregnancy-associated plasma protein-A","Family","CL0126","506","660","555","659","68","153","33.20","2.70E-08","563"
"PAPPA","5069","NP_002572.2","Sushi","Sushi domain (SCR repeat)","Domain","n/a","1280","1342","1285","1338","1","52","21.00","0.00026","n/a"
"PAPPA","5069","NP_002572.2","Sushi","Sushi domain (SCR repeat)","Domain","n/a","1346","1410","1346","1408","1","52","31.60","1.20E-07","n/a"
"PAPPA","5069","NP_002572.2","Sushi","Sushi domain (SCR repeat)","Domain","n/a","1415","1471","1415","1471","1","56","30.80","2.20E-07","n/a"
"PARM1","25849","NP_056208.2","-","-","-","-","0","0","0","0","0","0","0.00","-","-"
"PARP1","142","NP_001609.2","BRCT","BRCA1 C Terminus (BRCT) domain","Family","CL0459","385","462","388","461","4","76","30.90","1.80E-07","n/a"
"PARP1","142","NP_001609.2","PADR1","PADR1 (NUC008) domain","Domain","n/a","279","332","279","332","1","55","83.20","4.90E-24","n/a"
"PARP1","142","NP_001609.2","zf-PARP","Poly(ADP-ribose) polymerase and DNA-Ligase Zn-finger region","Domain","n/a","12","90","12","89","1","81","83.30","8.30E-24","n/a"
"PARP1","142","NP_001609.2","zf-PARP","Poly(ADP-ribose) polymerase and DNA-Ligase Zn-finger region","Domain","n/a","116","200","116","199","1","81","77.00","7.80E-22","n/a"
"PARP1","142","NP_001609.2","PARP","Poly(ADP-ribose) polymerase catalytic domain","Family","CL0084","797","1007","797","1007","1","205","257.20","6.70E-77","n/a"
"PARP1","142","NP_001609.2","PARP_reg","Poly(ADP-ribose) polymerase; regulatory domain","Domain","n/a","662","795","662","795","1","134","172.40","2.60E-51","n/a"
"PARP1","142","NP_001609.2","WGR","WGR domain","Domain","n/a","549","633","550","629","2","77","72.10","2.20E-20","n/a"
"PAWR","5074","NP_002574.2","-","-","-","-","0","0","0","0","0","0","0.00","-","-"
"PDGFRA","5156","NP_006197.1","I-set","Immunoglobulin I-set domain","Domain","CL0011","216","307","223","306","10","89","29.40","4.20E-07","n/a"
"PDGFRA","5156","NP_006197.1","I-set","Immunoglobulin I-set domain","Domain","CL0011","319","411","328","404","13","83","32.00","6.50E-08","n/a"
"PDGFRA","5156","NP_006197.1","Pkinase_Tyr","Protein tyrosine kinase","Domain","CL0016","593","950","594","948","2","257","358.50","1.3E-107","818"
"PDYN","5173","NP_001177821.1","Opiods_neuropep","Vertebrate endogenous opioids neuropeptide","Family","n/a","21","69","21","68","1","48","61.00","5.20E-17","n/a"
"PDYN","5173","NP_001177827.1","Opiods_neuropep","Vertebrate endogenous opioids neuropeptide","Family","n/a","21","69","21","68","1","48","61.00","5.20E-17","n/a"
"PDYN","5173","NP_001177828.1","Opiods_neuropep","Vertebrate endogenous opioids neuropeptide","Family","n/a","21","69","21","68","1","48","61.00","5.20E-17","n/a"
"PDYN","5173","NP_001177829.1","Opiods_neuropep","Vertebrate endogenous opioids neuropeptide","Family","n/a","21","69","21","68","1","48","61.00","5.20E-17","n/a"
"PDYN","5173","NP_077722.1","Opiods_neuropep","Vertebrate endogenous opioids neuropeptide","Family","n/a","21","69","21","68","1","48","61.00","5.20E-17","n/a"
"PEG3","5178","NP_001139656.1","SCAN","SCAN domain","Family","n/a","40","135","41","132","2","93","112.90","2.90E-33","n/a"
"PEG3","5178","NP_001139656.1","zf-C2H2","Zinc finger; C2H2 type","Domain","CL0361","452","474","452","474","1","23","15.80","0.011","n/a"
"PEG3","5178","NP_001139656.1","zf-C2H2","Zinc finger; C2H2 type","Domain","CL0361","505","527","505","527","1","23","17.20","0.0039","n/a"
"PEG3","5178","NP_001139656.1","zf-C2H2","Zinc finger; C2H2 type","Domain","CL0361","563","585","563","585","1","23","13.60","0.054","n/a"
"PEG3","5178","NP_001139656.1","zf-C2H2","Zinc finger; C2H2 type","Domain","CL0361","627","649","627","649","1","23","17.10","0.0044","n/a"
"PEG3","5178","NP_001139656.1","zf-C2H2","Zinc finger; C2H2 type","Domain","CL0361","969","991","969","991","1","23","20.90","0.00027","n/a"
"PEG3","5178","NP_001139656.1","zf-C2H2","Zinc finger; C2H2 type","Domain","CL0361","1107","1129","1107","1129","1","23","14.80","0.024","n/a"
"PEG3","5178","NP_001139656.1","zf-C2H2","Zinc finger; C2H2 type","Domain","CL0361","1163","1185","1163","1185","1","23","19.30","0.00085","n/a"
"PEG3","5178","NP_001139656.1","zf-C2H2","Zinc finger; C2H2 type","Domain","CL0361","1225","1247","1226","1247","2","23","15.10","0.019","n/a"
"PEG3","5178","NP_001139656.1","zf-C2H2","Zinc finger; C2H2 type","Domain","CL0361","1282","1304","1282","1304","1","23","13.70","0.053","n/a"
"PEG3","5178","NP_001139656.1","zf-C2H2","Zinc finger; C2H2 type","Domain","CL0361","1332","1354","1332","1354","1","23","18.60","0.0015","n/a"
"PEG3","5178","NP_001139656.1","zf-C2H2","Zinc finger; C2H2 type","Domain","CL0361","1505","1527","1505","1527","1","23","13.70","0.052","n/a"
"PEG3","5178","NP_001139656.1","zf-C2H2","Zinc finger; C2H2 type","Domain","CL0361","1564","1586","1564","1586","1","23","14.60","0.028","n/a"
"PEG3","5178","NP_001139657.1","zf-C2H2","Zinc finger; C2H2 type","Domain","CL0361","326","348","326","348","1","23","16.00","0.0098","n/a"
"PEG3","5178","NP_001139657.1","zf-C2H2","Zinc finger; C2H2 type","Domain","CL0361","379","401","379","401","1","23","17.40","0.0035","n/a"
"PEG3","5178","NP_001139657.1","zf-C2H2","Zinc finger; C2H2 type","Domain","CL0361","437","459","437","459","1","23","13.80","0.05","n/a"
"PEG3","5178","NP_001139657.1","zf-C2H2","Zinc finger; C2H2 type","Domain","CL0361","501","523","501","523","1","23","17.20","0.004","n/a"
"PEG3","5178","NP_001139657.1","zf-C2H2","Zinc finger; C2H2 type","Domain","CL0361","843","865","843","865","1","23","21.00","0.00025","n/a"
"PEG3","5178","NP_001139657.1","zf-C2H2","Zinc finger; C2H2 type","Domain","CL0361","981","1003","981","1003","1","23","14.90","0.022","n/a"
"PEG3","5178","NP_001139657.1","zf-C2H2","Zinc finger; C2H2 type","Domain","CL0361","1037","1059","1037","1059","1","23","19.40","0.00077","n/a"
"PEG3","5178","NP_001139657.1","zf-C2H2","Zinc finger; C2H2 type","Domain","CL0361","1099","1121","1100","1121","2","23","15.20","0.017","n/a"
"PEG3","5178","NP_001139657.1","zf-C2H2","Zinc finger; C2H2 type","Domain","CL0361","1156","1178","1156","1178","1","23","13.80","0.049","n/a"
"PEG3","5178","NP_001139657.1","zf-C2H2","Zinc finger; C2H2 type","Domain","CL0361","1206","1228","1206","1228","1","23","18.70","0.0013","n/a"
"PEG3","5178","NP_001139657.1","zf-C2H2","Zinc finger; C2H2 type","Domain","CL0361","1379","1401","1379","1401","1","23","13.80","0.047","n/a"
"PEG3","5178","NP_001139657.1","zf-C2H2","Zinc finger; C2H2 type","Domain","CL0361","1438","1460","1438","1460","1","23","14.70","0.025","n/a"
"PEG3","5178","NP_001139658.1","SCAN","SCAN domain","Family","n/a","40","135","41","132","2","93","112.90","2.90E-33","n/a"
"PEG3","5178","NP_001139658.1","zf-C2H2","Zinc finger; C2H2 type","Domain","CL0361","452","474","452","474","1","23","15.80","0.011","n/a"
"PEG3","5178","NP_001139658.1","zf-C2H2","Zinc finger; C2H2 type","Domain","CL0361","505","527","505","527","1","23","17.20","0.0039","n/a"
"PEG3","5178","NP_001139658.1","zf-C2H2","Zinc finger; C2H2 type","Domain","CL0361","563","585","563","585","1","23","13.60","0.054","n/a"
"PEG3","5178","NP_001139658.1","zf-C2H2","Zinc finger; C2H2 type","Domain","CL0361","627","649","627","649","1","23","17.10","0.0044","n/a"
"PEG3","5178","NP_001139658.1","zf-C2H2","Zinc finger; C2H2 type","Domain","CL0361","969","991","969","991","1","23","20.90","0.00027","n/a"
"PEG3","5178","NP_001139658.1","zf-C2H2","Zinc finger; C2H2 type","Domain","CL0361","1107","1129","1107","1129","1","23","14.80","0.024","n/a"
"PEG3","5178","NP_001139658.1","zf-C2H2","Zinc finger; C2H2 type","Domain","CL0361","1163","1185","1163","1185","1","23","19.30","0.00085","n/a"
"PEG3","5178","NP_001139658.1","zf-C2H2","Zinc finger; C2H2 type","Domain","CL0361","1225","1247","1226","1247","2","23","15.10","0.019","n/a"
"PEG3","5178","NP_001139658.1","zf-C2H2","Zinc finger; C2H2 type","Domain","CL0361","1282","1304","1282","1304","1","23","13.70","0.053","n/a"
"PEG3","5178","NP_001139658.1","zf-C2H2","Zinc finger; C2H2 type","Domain","CL0361","1332","1354","1332","1354","1","23","18.60","0.0015","n/a"
"PEG3","5178","NP_001139658.1","zf-C2H2","Zinc finger; C2H2 type","Domain","CL0361","1505","1527","1505","1527","1","23","13.70","0.052","n/a"
"PEG3","5178","NP_001139658.1","zf-C2H2","Zinc finger; C2H2 type","Domain","CL0361","1564","1586","1564","1586","1","23","14.60","0.028","n/a"
"PEG3","5178","NP_001139659.1","zf-C2H2","Zinc finger; C2H2 type","Domain","CL0361","328","350","328","350","1","23","16.00","0.0099","n/a"
"PEG3","5178","NP_001139659.1","zf-C2H2","Zinc finger; C2H2 type","Domain","CL0361","381","403","381","403","1","23","17.40","0.0035","n/a"
"PEG3","5178","NP_001139659.1","zf-C2H2","Zinc finger; C2H2 type","Domain","CL0361","439","461","439","461","1","23","13.80","0.05","n/a"
"PEG3","5178","NP_001139659.1","zf-C2H2","Zinc finger; C2H2 type","Domain","CL0361","503","525","503","525","1","23","17.20","0.004","n/a"
"PEG3","5178","NP_001139659.1","zf-C2H2","Zinc finger; C2H2 type","Domain","CL0361","845","867","845","867","1","23","21.00","0.00025","n/a"
"PEG3","5178","NP_001139659.1","zf-C2H2","Zinc finger; C2H2 type","Domain","CL0361","983","1005","983","1005","1","23","14.90","0.022","n/a"
"PEG3","5178","NP_001139659.1","zf-C2H2","Zinc finger; C2H2 type","Domain","CL0361","1039","1061","1039","1061","1","23","19.40","0.00077","n/a"
"PEG3","5178","NP_001139659.1","zf-C2H2","Zinc finger; C2H2 type","Domain","CL0361","1101","1123","1102","1123","2","23","15.20","0.017","n/a"
"PEG3","5178","NP_001139659.1","zf-C2H2","Zinc finger; C2H2 type","Domain","CL0361","1158","1180","1158","1180","1","23","13.80","0.049","n/a"
"PEG3","5178","NP_001139659.1","zf-C2H2","Zinc finger; C2H2 type","Domain","CL0361","1208","1230","1208","1230","1","23","18.70","0.0013","n/a"
"PEG3","5178","NP_001139659.1","zf-C2H2","Zinc finger; C2H2 type","Domain","CL0361","1381","1403","1381","1403","1","23","13.80","0.047","n/a"
"PEG3","5178","NP_001139659.1","zf-C2H2","Zinc finger; C2H2 type","Domain","CL0361","1440","1462","1440","1462","1","23","14.70","0.025","n/a"
"PEG3","5178","NP_006201.1","SCAN","SCAN domain","Family","n/a","40","135","41","132","2","93","112.90","2.90E-33","n/a"
"PEG3","5178","NP_006201.1","zf-C2H2","Zinc finger; C2H2 type","Domain","CL0361","452","474","452","474","1","23","15.80","0.011","n/a"
"PEG3","5178","NP_006201.1","zf-C2H2","Zinc finger; C2H2 type","Domain","CL0361","505","527","505","527","1","23","17.20","0.0039","n/a"
"PEG3","5178","NP_006201.1","zf-C2H2","Zinc finger; C2H2 type","Domain","CL0361","563","585","563","585","1","23","13.60","0.054","n/a"
"PEG3","5178","NP_006201.1","zf-C2H2","Zinc finger; C2H2 type","Domain","CL0361","627","649","627","649","1","23","17.10","0.0044","n/a"
"PEG3","5178","NP_006201.1","zf-C2H2","Zinc finger; C2H2 type","Domain","CL0361","969","991","969","991","1","23","20.90","0.00027","n/a"
"PEG3","5178","NP_006201.1","zf-C2H2","Zinc finger; C2H2 type","Domain","CL0361","1107","1129","1107","1129","1","23","14.80","0.024","n/a"
"PEG3","5178","NP_006201.1","zf-C2H2","Zinc finger; C2H2 type","Domain","CL0361","1163","1185","1163","1185","1","23","19.30","0.00085","n/a"
"PEG3","5178","NP_006201.1","zf-C2H2","Zinc finger; C2H2 type","Domain","CL0361","1225","1247","1226","1247","2","23","15.10","0.019","n/a"
"PEG3","5178","NP_006201.1","zf-C2H2","Zinc finger; C2H2 type","Domain","CL0361","1282","1304","1282","1304","1","23","13.70","0.053","n/a"
"PEG3","5178","NP_006201.1","zf-C2H2","Zinc finger; C2H2 type","Domain","CL0361","1332","1354","1332","1354","1","23","18.60","0.0015","n/a"
"PEG3","5178","NP_006201.1","zf-C2H2","Zinc finger; C2H2 type","Domain","CL0361","1505","1527","1505","1527","1","23","13.70","0.052","n/a"
"PEG3","5178","NP_006201.1","zf-C2H2","Zinc finger; C2H2 type","Domain","CL0361","1564","1586","1564","1586","1","23","14.60","0.028","n/a"
"PGGT1B","5229","NP_005014.2","Prenyltrans","Prenyltransferase and squalene oxidase repeat","Repeat","CL0059","142","186","143","186","2","44","28.70","5.50E-07","n/a"
"PGGT1B","5229","NP_005014.2","Prenyltrans","Prenyltransferase and squalene oxidase repeat","Repeat","CL0059","191","234","191","234","1","44","30.50","1.60E-07","n/a"
"PGGT1B","5229","NP_005014.2","Prenyltrans","Prenyltransferase and squalene oxidase repeat","Repeat","CL0059","240","284","244","283","5","43","30.60","1.50E-07","n/a"
"PGGT1B","5229","NP_005014.2","Prenyltrans","Prenyltransferase and squalene oxidase repeat","Repeat","CL0059","289","333","290","332","2","43","36.70","1.80E-09","n/a"
"PGR","5241","NP_000917.3","Hormone_recep","Ligand-binding domain of nuclear hormone receptor","Domain","n/a","698","909","704","886","8","193","97.90","3.20E-28","n/a"
"PGR","5241","NP_001189403.1","Hormone_recep","Ligand-binding domain of nuclear hormone receptor","Domain","n/a","533","745","539","722","7","193","98.60","2.00E-28","n/a"
"PGR","5241","NP_000917.3","Prog_receptor","Progesterone receptor","Family","n/a","1","564","1","564","1","549","905.00","1.50E-272","n/a"
"PGR","5241","NP_001189403.1","Prog_receptor","Progesterone receptor","Family","n/a","1","400","1","400","164","549","663.10","2.90E-199","n/a"
"PGR","5241","NP_000917.3","zf-C4","Zinc finger; C4 type (two domains)","Domain","n/a","565","634","566","633","2","69","91.30","2.60E-26","n/a"
"PGR","5241","NP_001189403.1","zf-C4","Zinc finger; C4 type (two domains)","Domain","n/a","401","470","402","469","2","69","91.70","2.00E-26","n/a"
"PID1","55022","NP_001094288.1","PID","Phosphotyrosine interaction domain (PTB/PID)","Domain","CL0266","59","196","124","193","73","137","27.80","1.70E-06","n/a"
"PID1","55022","NP_060403.3","PID","Phosphotyrosine interaction domain (PTB/PID)","Domain","CL0266","90","227","155","224","73","137","27.30","2.30E-06","n/a"
"PITX1","5307","NP_002644.4","Homeobox","Homeobox domain","Domain","CL0123","90","146","90","146","1","57","77.70","2.90E-22","n/a"
"PITX1","5307","NP_002644.4","OAR","OAR domain","Domain","n/a","275","295","275","294","1","20","34.50","7.20E-09","n/a"
"PLA2G4A","5321","NP_077734.1","C2","C2 domain","Domain","CL0154","20","106","22","105","3","84","52.60","2.40E-14","n/a"
"PLA2G4A","5321","NP_077734.1","PLA2_B","Lysophospholipase catalytic domain","Family","CL0323","190","675","190","674","1","490","489.60","5.40E-147","n/a"
"PLAG1","5324","NP_001108106.1","C2","C2 domain","Domain","CL0154","20","106","22","105","3","84","52.60","2.40E-14","n/a"
"PLAG1","5324","NP_001108106.1","PLA2_B","Lysophospholipase catalytic domain","Family","CL0323","190","675","190","674","1","490","489.60","5.40E-147","n/a"
"PLAG1","5324","NP_001108107.1","zf-C2H2","Zinc finger; C2H2 type","Domain","CL0361","10","32","10","32","1","23","14.70","2.50E-02","n/a"
"PLAG1","5324","NP_001108107.1","zf-C2H2","Zinc finger; C2H2 type","Domain","CL0361","39","61","39","61","1","23","16.00","9.30E-03","n/a"
"PLAG1","5324","NP_001108107.1","zf-C2H2","Zinc finger; C2H2 type","Domain","CL0361","103","125","103","125","1","23","15.40","1.50E-02","n/a"
"PLAG1","5324","NP_001108107.1","zf-C2H2","Zinc finger; C2H2 type","Domain","CL0361","131","154","133","154","3","23","18.80","1.30E-03","n/a"
"PLAG1","5324","NP_002646.2","zf-C2H2","Zinc finger; C2H2 type","Domain","CL0361","34","56","34","56","1","23","15.00","1.90E-02","n/a"
"PLAG1","5324","NP_002646.2","zf-C2H2","Zinc finger; C2H2 type","Domain","CL0361","62","86","67","86","4","23","18.00","2.20E-03","n/a"
"PLAG1","5324","NP_002646.2","zf-C2H2","Zinc finger; C2H2 type","Domain","CL0361","92","114","92","114","1","23","14.40","3.10E-02","n/a"
"PLAG1","5324","NP_002646.2","zf-C2H2","Zinc finger; C2H2 type","Domain","CL0361","121","143","121","143","1","23","15.70","1.20E-02","n/a"
"PLAG1","5324","NP_002646.2","zf-C2H2","Zinc finger; C2H2 type","Domain","CL0361","185","207","185","207","1","23","15.10","1.90E-02","n/a"
"PLAG1","5324","NP_002646.2","zf-C2H2","Zinc finger; C2H2 type","Domain","CL0361","213","236","215","236","3","23","18.50","1.60E-03","n/a"
"PLAU","5328","NP_001138503.1","Kringle","Kringle domain","Domain","n/a","53","134","53","134","1","79","79.30","1.40E-22","n/a"
"PLAU","5328","NP_002649.1","Kringle","Kringle domain","Domain","n/a","70","151","70","151","1","79","79.20","1.50E-22","n/a"
"PLAU","5328","NP_001138503.1","Trypsin","Trypsin","Domain","CL0124","162","402","162","402","1","219","232.80","2.70E-69","258;359;207"
"PLAU","5328","NP_002649.1","Trypsin","Trypsin","Domain","CL0124","179","419","179","419","1","219","232.70","3.00E-69","275;376;224"
"PLAUR","5329","NP_001005376.1","UPAR_LY6","u-PAR/Ly-6 domain","Domain","CL0117","25","99","25","99","1","77","43.00","3.60E-11","n/a"
"PLAUR","5329","NP_001005376.1","UPAR_LY6","u-PAR/Ly-6 domain","Domain","CL0117","117","199","117","199","1","77","11.40","2.60E-01","n/a"
"PLAUR","5329","NP_001005376.1","UPAR_LY6","u-PAR/Ly-6 domain","Domain","CL0117","216","260","216","252","1","33","23.40","4.80E-05","n/a"
"PLAUR","5329","NP_001005377.1","UPAR_LY6","u-PAR/Ly-6 domain","Domain","CL0117","25","99","25","99","1","77","42.90","3.90E-11","n/a"
"PLAUR","5329","NP_001005377.1","UPAR_LY6","u-PAR/Ly-6 domain","Domain","CL0117","171","249","171","249","1","77","43.80","2.00E-11","n/a"
"PLAUR","5329","NP_002650.1","UPAR_LY6","u-PAR/Ly-6 domain","Domain","CL0117","25","99","25","99","1","77","42.60","5.00E-11","n/a"
"PLAUR","5329","NP_002650.1","UPAR_LY6","u-PAR/Ly-6 domain","Domain","CL0117","117","199","117","199","1","77","11.00","3.60E-01","n/a"
"PLAUR","5329","NP_002650.1","UPAR_LY6","u-PAR/Ly-6 domain","Domain","CL0117","216","294","216","294","1","77","43.40","2.60E-11","n/a"
"PLEKHH2","130271","NP_742066.2","FERM_M","FERM central domain","Domain","n/a","1226","1354","1235","1354","13","125","46.00","4.30E-12","n/a"
"PLEKHH2","130271","NP_742066.2","MyTH4","MyTH4 domain","Family","n/a","997","1110","999","1109","3","114","75.30","2.60E-21","n/a"
"PLEKHH2","130271","NP_742066.2","PH","PH domain","Domain","CL0266","704","797","705","796","2","104","58.60","4.90E-16","n/a"
"POLE3","54107","NP_059139.3","CBFD_NFYB_HMF","Histone-like transcription factor (CBF/NF-Y) and archaeal histone","Domain","CL0012","8","73","9","73","2","65","51.20","7.60E-14","n/a"
"POLR2H","5437","NP_006223.2 ","RNA_pol_Rpb8","RNA polymerase Rpb8","Family","CL0021","7","147","7","147","1","138","222.80","1.20E-66","n/a"
"POM121","9883","NP_742017.1","-","-","-","-","0","0","0","0","0","0","0.00","-","-"
"PPAP2C","8612","NP_003703.1","PAP2","PAP2 superfamily","Family","n/a","95","248","101","243","4","124","79.10","1.80E-22","220;168"
"PPAP2C","8612","NP_803545.1","PAP2","PAP2 superfamily","Family","n/a","39","192","45","187","4","124","79.90","9.70E-23","164;112"
"PPAP2C","8612","NP_808211.1","PAP2","PAP2 superfamily","Family","n/a","116","269","122","264","4","124","78.80","2.10E-22","241;189"
"PPM1D","8493","NP_003611.1","PP2C","Protein phosphatase 2C","Family","CL0238","65","368","67","368","3","257","303.20","1.10E-90","n/a"
"PPPDE1","51029","NP_057160.2","DUF862","PPPDE putative peptidase domain","Domain","n/a","5","149","7","149","3","151","148.50","9.10E-44","n/a"
"PRKAR1B","5575","NP_001158230.1","cNMP_binding","Cyclic nucleotide-binding domain","Domain","n/a","156","239","160","236","6","87","69.70","1.10E-19","n/a"
"PRKAR1B","5575","NP_001158230.1","cNMP_binding","Cyclic nucleotide-binding domain","Domain","n/a","273","364","274","361","2","88","73.50","7.40E-21","n/a"
"PRKAR1B","5575","NP_001158231.1","cNMP_binding","Cyclic nucleotide-binding domain","Domain","n/a","156","239","160","236","6","87","69.70","1.10E-19","n/a"
"PRKAR1B","5575","NP_001158231.1","cNMP_binding","Cyclic nucleotide-binding domain","Domain","n/a","273","364","274","361","2","88","73.50","7.40E-21","n/a"
"PRKAR1B","5575","NP_001158232.1","cNMP_binding","Cyclic nucleotide-binding domain","Domain","n/a","156","239","160","236","6","87","69.70","1.10E-19","n/a"
"PRKAR1B","5575","NP_001158232.1","cNMP_binding","Cyclic nucleotide-binding domain","Domain","n/a","273","364","274","361","2","88","73.50","7.40E-21","n/a"
"PRKAR1B","5575","NP_001158233.1","cNMP_binding","Cyclic nucleotide-binding domain","Domain","n/a","156","239","160","236","6","87","69.70","1.10E-19","n/a"
"PRKAR1B","5575","NP_001158233.1","cNMP_binding","Cyclic nucleotide-binding domain","Domain","n/a","273","364","274","361","2","88","73.50","7.40E-21","n/a"
"PRKAR1B","5575","NP_001158234.1","cNMP_binding","Cyclic nucleotide-binding domain","Domain","n/a","156","239","160","236","6","87","69.70","1.10E-19","n/a"
"PRKAR1B","5575","NP_001158234.1","cNMP_binding","Cyclic nucleotide-binding domain","Domain","n/a","273","364","274","361","2","88","73.50","7.40E-21","n/a"
"PRKAR1B","5575","NP_002726.1","cNMP_binding","Cyclic nucleotide-binding domain","Domain","n/a","156","239","160","236","6","87","69.70","1.10E-19","n/a"
"PRKAR1B","5575","NP_002726.1","cNMP_binding","Cyclic nucleotide-binding domain","Domain","n/a","273","364","274","361","2","88","73.50","7.40E-21","n/a"
"PRKAR1B","5575","NP_001158230.1","RIIa","Regulatory subunit of type II PKA R-subunit","Domain","CL0068","25","62","25","61","1","37","49.90","1.20E-13","n/a"
"PRKAR1B","5575","NP_001158231.1","RIIa","Regulatory subunit of type II PKA R-subunit","Domain","CL0068","25","62","25","61","1","37","49.90","1.20E-13","n/a"
"PRKAR1B","5575","NP_001158232.1","RIIa","Regulatory subunit of type II PKA R-subunit","Domain","CL0068","25","62","25","61","1","37","49.90","1.20E-13","n/a"
"PRKAR1B","5575","NP_001158233.1","RIIa","Regulatory subunit of type II PKA R-subunit","Domain","CL0068","25","62","25","61","1","37","49.90","1.20E-13","n/a"
"PRKAR1B","5575","NP_001158234.1","RIIa","Regulatory subunit of type II PKA R-subunit","Domain","CL0068","25","62","25","61","1","37","49.90","1.20E-13","n/a"
"PRKAR1B","5575","NP_002726.1","RIIa","Regulatory subunit of type II PKA R-subunit","Domain","CL0068","25","62","25","61","1","37","49.90","1.20E-13","n/a"
"PRKCA","5578","NP_002728.1","C2","C2 domain","Domain","CL0154","173","260","173","259","1","84","94.00","2.80E-27","n/a"
"PRKCA","5578","NP_002728.1","C1_1","Phorbol esters/diacylglycerol binding domain (C1 domain)","Domain","CL0006","37","89","37","87","1","51","57.20","7.80E-16","n/a"
"PRKCA","5578","NP_002728.1","C1_1","Phorbol esters/diacylglycerol binding domain (C1 domain)","Domain","CL0006","102","154","102","153","1","52","57.40","6.80E-16","n/a"
"PRKCA","5578","NP_002728.1","Pkinase_C","Protein kinase C terminal domain","Family","n/a","622","662","624","662","9","49","34.80","1.20E-08","n/a"
"PRKCA","5578","NP_002728.1","Pkinase","Protein kinase domain","Domain","CL0016","339","597","340","583","2","251","220.60","1.50E-65","481;463;463;463"
"PRKCD","5580","NP_006245.2","C1_1","Phorbol esters/diacylglycerol binding domain (C1 domain)","Domain","CL0006","159","211","159","209","1","51","51.80","3.90E-14","n/a"
"PRKCD","5580","NP_006245.2","C1_1","Phorbol esters/diacylglycerol binding domain (C1 domain)","Domain","CL0006","231","283","231","282","1","52","60.30","8.40E-17","n/a"
"PRKCD","5580","NP_997704.1","C1_1","Phorbol esters/diacylglycerol binding domain (C1 domain)","Domain","CL0006","159","211","159","209","1","51","51.80","3.90E-14","n/a"
"PRKCD","5580","NP_997704.1","C1_1","Phorbol esters/diacylglycerol binding domain (C1 domain)","Domain","CL0006","231","283","231","282","1","52","60.30","8.40E-17","n/a"
"PRKCD","5580","NP_006245.2","Pkinase_C","Protein kinase C terminal domain","Family","n/a","623","669","623","669","1","49","50.50","1.40E-13","n/a"
"PRKCD","5580","NP_997704.1","Pkinase_C","Protein kinase C terminal domain","Family","n/a","623","669","623","669","1","49","50.50","1.40E-13","n/a"
"PRKCD","5580","NP_006245.2","Pkinase","Protein kinase domain","Domain","CL0016","349","603","351","603","3","260","218.60","6.10E-65","491;473;473;473"
"PRKCD","5580","NP_997704.1","Pkinase","Protein kinase domain","Domain","CL0016","349","603","351","603","3","260","218.60","6.10E-65","491;473;473;473"
"PSMA3","5684","NP_002779.1","Proteasome","Proteasome subunit","Domain","CL0052","31","217","31","217","1","190","176.30","3.00E-52","n/a"
"PSMA3","5684","NP_687033.1","Proteasome","Proteasome subunit","Domain","CL0052","31","210","31","210","1","190","157.80","1.40E-46","n/a"
"PSMA3","5684","NP_002779.1","Proteasome_A_N","Proteasome subunit A N-terminal signature","Domain","n/a","8","30","8","30","1","23","52.60","1.50E-14","n/a"
"PSMA3","5684","NP_687033.1","Proteasome_A_N","Proteasome subunit A N-terminal signature","Domain","n/a","8","30","8","30","1","23","52.70","1.50E-14","n/a"
"PTEN","5728","NP_000305.3","PTEN_C2","C2 domain of PTEN tumour-suppressor protein","Family","n/a","188","349","188","349","1","133","144.50","1.20E-42","n/a"
"PTEN","5728","NP_000305.3","DSPc","Dual specificity phosphatase; catalytic domain","Domain","CL0031","47","175","80","159","42","114","32.50","4.40E-08","124"
"PTGS1","5742","NP_000953.2","An_peroxidase","Animal haem peroxidase","Family","n/a","139","219","145","214","21","92","50.50","8.60E-14","206;206"
"PTGS1","5742","NP_000953.2","An_peroxidase","Animal haem peroxidase","Family","n/a","215","582","220","575","142","524","268.30","8.60E-80","384;384"
"PTGS1","5742","NP_542158.1","An_peroxidase","Animal haem peroxidase","Family","n/a","142","221","145","214","21","92","50.70","7.60E-14","206;206"
"PTGS1","5742","NP_542158.1","An_peroxidase","Animal haem peroxidase","Family","n/a","212","405","220","397","142","323","150.40","4.70E-44","384;384"
"PTGS1","5742","NP_542158.1","An_peroxidase","Animal haem peroxidase","Family","n/a","395","545","398","538","384","524","102.60","1.50E-29","n/a"
"PTGS2","5743","NP_000954.1","An_peroxidase","Animal haem peroxidase","Family","n/a","128","569","131","559","20","521","316.40","2.40E-94","371;371;193;193"
"PTPRC","5788","NP_002829.2","PTP_N","Protein tyrosine phosphatase N terminal","Family","n/a","5","32","5","32","1","28","47.20","8.30E-13","n/a"
"PTPRC","5788","NP_002829.2","PTP_N","Protein tyrosine phosphatase N terminal","Family","n/a","33","60","33","60","1","28","33.10","2.10E-08","n/a"
"PTPRC","5788","NP_002829.2","CD45","Leukocyte receptor CD45","Family","n/a","234","294","234","293","1","60","104.40","1.60E-30","n/a"
"PTPRC","5788","NP_002829.2","fn3","Fibronectin type III domain","Domain","CL0159","391","465","393","460","3","76","27.50","2.10E-06","n/a"
"PTPRC","5788","NP_002829.2","fn3","Fibronectin type III domain","Domain","CL0159","484","563","484","562","1","83","25.20","1.00E-05","n/a"
"PTPRC","5788","NP_002829.2","Y_phosphatase","Protein-tyrosine phosphatase","Domain","CL0031","675","909","675","909","1","235","285.20","2.80E-85","851;851"
"PTPRC","5788","NP_002829.2","Y_phosphatase","Protein-tyrosine phosphatase","Domain","CL0031","966","1225","966","1224","1","234","280.50","7.10E-84","1167;1167"
"PTPRC","5788","NP_563578.1","PTP_N","Protein tyrosine phosphatase N terminal","Family","n/a","5","32","5","32","1","28","46.30","1.60E-12","n/a"
"PTPRC","5788","NP_563578.1","CD45","Leukocyte receptor CD45","Family","n/a","73","133","73","132","1","60","104.60","1.40E-30","n/a"
"PTPRC","5788","NP_563578.1","fn3","Fibronectin type III domain","Domain","CL0159","230","304","232","299","3","76","27.70","1.70E-06","n/a"
"PTPRC","5788","NP_563578.1","fn3","Fibronectin type III domain","Domain","CL0159","323","402","323","401","1","83","25.40","8.80E-06","n/a"
"PTPRC","5788","NP_563578.1","Y_phosphatase","Protein-tyrosine phosphatase","Domain","CL0031","514","748","514","748","1","235","285.40","2.20E-85","690;690"
"PTPRC","5788","NP_563578.1","Y_phosphatase","Protein-tyrosine phosphatase","Domain","CL0031","805","1064","805","1063","1","234","280.80","5.70E-84","1006;1006"
"PTPRC","5788","NP_563580.1","PTP_N","Protein tyrosine phosphatase N terminal","Family","n/a","5","32","5","32","1","28","55.70","1.70E-15","n/a"
"PYCARD","29108","NP_037390.2","CARD","Caspase recruitment domain","Domain","CL0041","112","195","113","194","2","84","75.40","1.80E-21","n/a"
"PYCARD","29108","NP_660183.1","CARD","Caspase recruitment domain","Domain","CL0041","93","176","94","175","2","84","75.70","1.40E-21","n/a"
"PYCARD","29108","NP_037390.2","PAAD_DAPIN","PAAD/DAPIN/Pyrin domain","Family","CL0041","4","87","5","86","2","82","74.00","4.50E-21","n/a"
"PYCARD","29108","NP_660183.1","PAAD_DAPIN","PAAD/DAPIN/Pyrin domain","Family","CL0041","4","87","5","86","2","82","74.40","3.50E-21","n/a"
"RAB2A","5862","NP_002856.1","Ras","Ras family","Domain","CL0023","8","169","8","168","1","161","212.10","2.20E-63","n/a"
"RAD51","5888","NP_001157741.1","Rad51","Rad51","Domain","CL0023","106","339","115","339","37","261","423.80","1.30E-127","n/a"
"RAD51","5888","NP_001157742.1","Rad51","Rad51","Domain","CL0023","78","261","78","258","1","181","324.30","3.00E-97","n/a"
"RAD51","5888","NP_002866.2","Rad51","Rad51","Domain","CL0023","78","338","78","338","1","261","481.60","2.90E-145","n/a"
"RAD51 ","5888","NP_597994.3","Rad51","Rad51","Domain","CL0023","106","339","115","339","37","261","423.80","1.30E-127","n/a"
"RAMP1","10267","NP_005846.1","RAMP","Receptor activity modifying family","Family","n/a","34","148","36","147","3","114","164.30","5.80E-49","n/a"
"RARRES1","5918","NP_002879.2","Latexin","Latexin","Family","n/a","51","228","52","227","2","170","286.60","7.30E-86","n/a"
"RARRES1","5918","NP_996846.1","Latexin","Latexin","Family","n/a","51","228","52","227","2","170","286.60","7.30E-86","n/a"
"RASGEF1A","221002","NP_660356.2","RasGEF","RasGEF domain","Family","n/a","211","412","213","411","3","187","156.60","4.70E-46","n/a"
"RASGEF1A","221002","NP_660356.2","RasGEF_N","RasGEF N-terminal motif","Family","n/a","44","148","46","140","3","98","64.20","7.20E-18","n/a"
"RASSF1","11186","NP_009113.3","C1_1","Phorbol esters/diacylglycerol binding domain (C1 domain)","Domain","CL0006","52","104","52","101","1","50","30.30","2.00E-07","n/a"
"RASSF1","11186","NP_733832.1","C1_1","Phorbol esters/diacylglycerol binding domain (C1 domain)","Domain","CL0006","52","108","52","105","1","50","27.50","1.60E-06","n/a"
"RASSF1","11186","NP_009113.3","RA","Ras association (RalGDS/AF-6) domain","Domain","CL0072","200","288","205","287","8","92","63.60","1.50E-17","n/a"
"RASSF1","11186","NP_733830.1","RA","Ras association (RalGDS/AF-6) domain","Domain","CL0072","48","137","54","136","8","92","65.30","4.30E-18","n/a"
"RASSF1","11186","NP_733831.1","RA","Ras association (RalGDS/AF-6) domain","Domain","CL0072","129","218","135","217","8","92","64.20","9.50E-18","n/a"
"RASSF1","11186","NP_733832.1","RA","Ras association (RalGDS/AF-6) domain","Domain","CL0072","204","292","209","291","8","92","63.50","1.60E-17","n/a"
"RASSF2","9770","NP_055552.1","RA","Ras association (RalGDS/AF-6) domain","Domain","CL0072","176","264","180","263","5","92","45.60","6.20E-12","n/a"
"RASSF2","9770","NP_739580.1","RA","Ras association (RalGDS/AF-6) domain","Domain","CL0072","176","264","180","263","5","92","45.60","6.20E-12","n/a"
"RASSF6","166824","NP_803876.1","RA","Ras association (RalGDS/AF-6) domain","Domain","CL0072","186","274","191","272","6","91","50.20","2.20E-13","n/a"
"RASSF6","166824","NP_958834.1","RA","Ras association (RalGDS/AF-6) domain","Domain","CL0072","218","306","223","304","6","91","50.00","2.60E-13","n/a"
"RBP1","5947","NP_001124464.1","Lipocalin","Lipocalin / cytosolic fatty-acid binding protein family","Domain","CL0116","68","148","69","144","2","78","40.90","1.50E-10","n/a"
"RBP1","5947","NP_001124465.1","Lipocalin","Lipocalin / cytosolic fatty-acid binding protein family","Domain","CL0116","68","149","69","146","2","80","41.60","9.40E-11","n/a"
"RBP1","5947","NP_002890.2","Lipocalin","Lipocalin / cytosolic fatty-acid binding protein family","Domain","CL0116","68","196","69","195","2","143","64.80","6.40E-18","n/a"
"RBP7","116362","NP_443192.1","Lipocalin","Lipocalin / cytosolic fatty-acid binding protein family","Domain","CL0116","6","134","6","133","1","143","65.30","4.50E-18","n/a"
"RHOC","389","NP_001036143.1","Ras","Ras family","Domain","CL0023","7","180","7","177","1","159","194.20","7.10E-58","n/a"
"RHOC","389","NP_001036144.1","Ras","Ras family","Domain","CL0023","7","180","7","177","1","159","194.20","7.10E-58","n/a"
"RHOC","389","NP_786886.1","Ras","Ras family","Domain","CL0023","7","180","7","177","1","159","194.20","7.10E-58","n/a"
"RNF213","57674","NP_066005.2","DZR","Double zinc ribbon","Family","CL0167","3","64","3","44","1","24","14.80","1.40E-02","n/a"
"RNF213","57674","NP_065965.4","zf-C3HC4","Zinc finger; C3HC4 type (RING finger)","Domain","CL0229","4046","4084","4046","4084","1","41","22.20","6.60E-05","n/a"
"RORB","6096","NP_008845.2","Hormone_recep","Ligand-binding domain of nuclear hormone receptor","Domain","n/a","241","433","244","431","4","202","91.40","3.10E-26","n/a"
"RORB","6096","NP_008845.2","zf-C4","Zinc finger; C4 type (two domains)","Domain","n/a","8","77","9","77","2","70","113.10","4.10E-33","n/a"
"RP54X","6191","NP_000998.1","KOW","KOW motif","Family","CL0107","177","211","178","211","2","32","22.40","5.00E-05","n/a"
"RP54X","6191","NP_000998.1","Ribosomal_S4e","Ribosomal family S4e","Family","n/a","94","170","94","170","1","77","109.00","5.30E-32","n/a"
"RP54X","6191","NP_000998.1","RS4NT","RS4NT (NUC023) domain","Domain","n/a","3","40","3","40","1","38","73.30","7.80E-21","n/a"
"RP54X","6191","NP_000998.1","S4","S4 domain","Family","n/a","42","90","43","90","2","48","23.00","3.00E-05","n/a"
"RPS6KB1","6198","NP_003152.1","Pkinase_C","Protein kinase C terminal domain","Family","n/a","373","417","374","417","3","49","41.10","1.30E-10","n/a"
"RPS6KB1","6198","NP_003152.1","Pkinase","Protein kinase domain","Domain","CL0016","91","352","91","352","1","260","240.40","1.40E-71","236;218;218;218"
"RPS6KB2","6199","NP_003943.2","Pkinase_C","Protein kinase C terminal domain","Family","n/a","348","393","350","393","3","49","45.30","6.00E-12","n/a"
"RPS6KB2","6199","NP_003943.2","Pkinase","Protein kinase domain","Domain","CL0016","67","328","67","328","1","260","235.30","4.90E-70","212;194;194;194"
"RUNX1","861","NP_001001890.1","Runt","Runt domain","Domain","CL0073","48","182","49","182","2","135","249.30","4.00E-75","n/a"
"RUNX1","861","NP_001116079.1","Runt","Runt domain","Domain","CL0073","48","182","49","182","2","135","251.20","1.00E-75","n/a"
"RUNX1","861","NP_001745.2","Runt","Runt domain","Domain","CL0073","75","209","76","209","2","135","249.10","4.40E-75","n/a"
"RUNX1","861","NP_001001890.1","RunxI","Runx inhibition domain","Family","n/a","359","453","359","453","1","101","143.00","2.60E-42","n/a"
"RUNX1","861","NP_001745.2","RunxI","Runx inhibition domain","Family","n/a","386","480","386","480","1","101","142.90","2.90E-42","n/a"
"RUNX1T1","862","NP_001185554.1","zf-MYND","MYND finger","Family","CL0175","488","524","488","524","1","40","30.40","2.10E-07","n/a"
"RUNX1T1","862","NP_001185555.1","zf-MYND","MYND finger","Family","CL0175","515","551","515","551","1","40","30.30","2.20E-07","n/a"
"RUNX1T1","862","NP_001185556.1","zf-MYND","MYND finger","Family","CL0175","515","551","515","551","1","40","30.30","2.20E-07","n/a"
"RUNX1T1","862","NP_001185557.1","zf-MYND","MYND finger","Family","CL0175","515","551","515","551","1","40","30.30","2.20E-07","n/a"
"RUNX1T1","862","NP_001185558.1","zf-MYND","MYND finger","Family","CL0175","515","551","515","551","1","40","30.30","2.20E-07","n/a"
"RUNX1T1","862","NP_001185559.1","zf-MYND","MYND finger","Family","CL0175","515","551","515","551","1","40","30.30","2.20E-07","n/a"
"RUNX1T1","862","NP_001185560.1","zf-MYND","MYND finger","Family","CL0175","515","551","515","551","1","40","30.30","2.20E-07",""
"RUNX1T1","862","NP_001185561.1 ","zf-MYND","MYND finger","Family","CL0175","515","551","515","551","1","40","30.30","2.20E-07",""
"RUNX1T1","862","NP_001185562.1","zf-MYND","MYND finger","Family","CL0175","495","531","495","531","1","40","30.40","2.10E-07","n/a"
"RUNX1T1","862","NP_001185563.1","zf-MYND","MYND finger","Family","CL0175","526","562","526","562","1","40","30.30","2.20E-07","n/a"
"RUNX1T1","862","NP_001185608.1","zf-MYND","MYND finger","Family","CL0175","574","610","574","610","1","40","30.20","2.50E-07","n/a"
"RUNX1T1","862","NP_004340.1 ","zf-MYND","MYND finger","Family","CL0175","488","524","488","524","1","40","30.40","2.10E-07","n/a"
"RUNX1T1","862","NP_783552.1","zf-MYND","MYND finger","Family","CL0175","515","551","515","551","1","40","30.30","2.20E-07","n/a"
"RUNX1T1","862","NP_783553.1","zf-MYND","MYND finger","Family","CL0175","515","551","515","551","1","40","30.30","2.20E-07","n/a"
"RUNX1T1","862","NP_783554.1","zf-MYND","MYND finger","Family","CL0175","478","514","478","514","1","40","30.40","2.00E-07","n/a"
"RUNX1T1","862","NP_001185554.1","TAFH","NHR1 homology to TAF","Family","n/a","93","188","94","187","2","96","117.80","9.50E-35","n/a"
"RUNX1T1","862","NP_001185555.1","TAFH","NHR1 homology to TAF","Family","n/a","120","215","121","214","2","96","117.70","1.00E-34","n/a"
"RUNX1T1","862","NP_001185556.1","TAFH","NHR1 homology to TAF","Family","n/a","120","215","121","214","2","96","117.70","1.00E-34","n/a"
"RUNX1T1","862","NP_001185557.1","TAFH","NHR1 homology to TAF","Family","n/a","120","215","121","214","2","96","117.70","1.00E-34","n/a"
"RUNX1T1","862","NP_001185558.1","TAFH","NHR1 homology to TAF","Family","n/a","120","215","121","214","2","96","117.70","1.00E-34","n/a"
"RUNX1T1","862","NP_001185559.1","TAFH","NHR1 homology to TAF","Family","n/a","120","215","121","214","2","96","117.70","1.00E-34","n/a"
"RUNX1T1","862","NP_001185560.1","TAFH","NHR1 homology to TAF","Family","n/a","120","215","121","214","2","96","117.70","1.00E-34","n/a"
"RUNX1T1","862","NP_001185561.1 ","TAFH","NHR1 homology to TAF","Family","n/a","120","215","121","214","2","96","117.70","1.00E-34","n/a"
"RUNX1T1","862","NP_001185562.1","TAFH","NHR1 homology to TAF","Family","n/a","100","195","101","194","2","96","117.80","9.70E-35","n/a"
"RUNX1T1","862","NP_001185563.1","TAFH","NHR1 homology to TAF","Family","n/a","131","226","132","225","2","96","117.70","1.00E-34","n/a"
"RUNX1T1","862","NP_001185608.1","TAFH","NHR1 homology to TAF","Family","n/a","179","274","180","273","2","96","117.50","1.20E-34","n/a"
"RUNX1T1","862","NP_004340.1 ","TAFH","NHR1 homology to TAF","Family","n/a","93","188","94","187","2","96","117.80","9.50E-35","n/a"
"RUNX1T1","862","NP_783552.1","TAFH","NHR1 homology to TAF","Family","n/a","120","215","121","214","2","96","117.70","1.00E-34","n/a"
"RUNX1T1","862","NP_783553.1","TAFH","NHR1 homology to TAF","Family","n/a","120","215","121","214","2","96","117.70","1.00E-34","n/a"
"RUNX1T1","862","NP_783554.1","TAFH","NHR1 homology to TAF","Family","n/a","83","178","84","177","2","96","117.90","9.30E-35","n/a"
"RUNX1T1","862","NP_001185554.1","NHR2","NHR2 domain like","Domain","n/a","310","376","310","376","1","67","130.90","6.90E-39","n/a"
"RUNX1T1","862","NP_001185555.1","NHR2","NHR2 domain like","Domain","n/a","337","403","337","403","1","67","130.80","7.40E-39","n/a"
"RUNX1T1","862","NP_001185556.1","NHR2","NHR2 domain like","Domain","n/a","337","403","337","403","1","67","130.80","7.40E-39","n/a"
"RUNX1T1","862","NP_001185557.1","NHR2","NHR2 domain like","Domain","n/a","337","403","337","403","1","67","130.80","7.40E-39","n/a"
"RUNX1T1","862","NP_001185558.1","NHR2","NHR2 domain like","Domain","n/a","337","403","337","403","1","67","130.80","7.40E-39","n/a"
"RUNX1T1","862","NP_001185559.1","NHR2","NHR2 domain like","Domain","n/a","337","403","337","403","1","67","130.80","7.40E-39","n/a"
"RUNX1T1","862","NP_001185560.1","NHR2","NHR2 domain like","Domain","n/a","337","403","337","403","1","67","130.80","7.40E-39","n/a"
"RUNX1T1","862","NP_001185561.1 ","NHR2","NHR2 domain like","Domain","n/a","337","403","337","403","1","67","130.80","7.40E-39","n/a"
"RUNX1T1","862","NP_001185562.1","NHR2","NHR2 domain like","Domain","n/a","317","383","317","383","1","67","130.90","7.00E-39","n/a"
"RUNX1T1","862","NP_001185563.1","NHR2","NHR2 domain like","Domain","n/a","348","414","348","414","1","67","130.80","7.50E-39","n/a"
"RUNX1T1","862","NP_001185608.1","NHR2","NHR2 domain like","Domain","n/a","396","462","396","462","1","67","130.60","8.30E-39","n/a"
"RUNX1T1","862","NP_004340.1 ","NHR2","NHR2 domain like","Domain","n/a","310","376","310","376","1","67","130.90","6.90E-39","n/a"
"RUNX1T1","862","NP_783552.1","NHR2","NHR2 domain like","Domain","n/a","337","403","337","403","1","67","130.80","7.40E-39","n/a"
"RUNX1T1","862","NP_783553.1","NHR2","NHR2 domain like","Domain","n/a","337","403","337","403","1","67","130.80","7.40E-39","n/a"
"RUNX1T1","862","NP_783554.1","NHR2","NHR2 domain like","Domain","n/a","300","366","300","366","1","67","130.90","6.70E-39","n/a"
"RUVBL1","8607","NP_003698.1","TIP49","TIP49 C-terminus","Family","CL0023","14","416","14","415","1","397","649.00","1.70E-195","n/a"
"S100A2","6273","NP_005969.1","S_100","S-100/ICaBP type calcium binding domain","Domain","CL0220","5","48","5","47","1","43","67.80","2.80E-19","n/a"
"S100A4","6275","NP_002952.1","S_100","S-100/ICaBP type calcium binding domain","Domain","CL0220","5","48","5","48","1","44","73.80","3.90E-21","n/a"
"S100A4","6275","NP_062427.1","S_100","S-100/ICaBP type calcium binding domain","Domain","CL0220","5","48","5","48","1","44","73.80","3.90E-21","n/a"
"SAA1","6288","NP_000322.2","SAA","Serum amyloid A protein","Family","n/a","21","122","22","122","2","103","175.20","2.60E-52","n/a"
"SAA1","6288","NP_001171477.1","SAA","Serum amyloid A protein","Family","n/a","21","122","22","122","2","103","175.20","2.60E-52","n/a"
"SAA1","6288","NP_954630.1","SAA","Serum amyloid A protein","Family","n/a","21","122","22","122","2","103","175.20","2.60E-52","n/a"
"SAA2","6289","NP_110381.2","SAA"," Serum amyloid A protein"," Family","n/a","21","122","22","122","2","103","174.00","6.00E-52","n/a"
"SAA2","6289","NP_001120852.1","SAA","Serum amyloid A protein","Family","n/a","21","82","22","77","2","57","100.60","4.10E-29","n/a"
"SAT1","6303","NP_002961.1","Acetyltransf_1","Acetyltransferase (GNAT) family","Family","CL0257","65","146","67","145","3","82","55.90","2.50E-15","n/a"
"SCARA5","286133","NP_776194.2","Collagen","Collagen triple helix repeat (20 copies)","Repeat","n/a","304","358","305","357","3","55","33.90","1.40E-08","n/a"
"SCARA5","286133","NP_776194.2","Collagen","Collagen triple helix repeat (20 copies)","Repeat","n/a","327","386","327","379","1","53","34.50","8.40E-09","n/a"
"SCARA5","286133","NP_776194.2","SRCR","Scavenger receptor cysteine-rich domain","Domain","n/a","396","493","396","493","1","100","107.40","3.00E-31","n/a"
"SCGB2A2","4250","NP_002402.1","Uteroglobin","Uteroglobin family","Domain","CL0370","22","90","22","90","1","67","82.40","1.10E-23","n/a"
"SDC1","6382","NP_001006947.1","Syndecan","Syndecan domain","Family","n/a","3","308","4","308","2","328","262.80","5.80E-78","n/a"
"SDC1","6382","NP_002988.3","Syndecan","Syndecan domain","Family","n/a","3","308","4","308","2","328","262.80","5.80E-78","n/a"
"SELP","6403","NP_002996.2","Lectin_C","Lectin C-type domain","Domain","CL0056","49","160","50","159","2","107","104.60","2.70E-30","n/a"
"SELP","6403","NP_002996.2","Sushi","Sushi domain (SCR repeat)","Domain","n/a","200","257","215","257","16","56","35.40","7.90E-09","n/a"
"SELP","6403","NP_002996.2","Sushi","Sushi domain (SCR repeat)","Domain","n/a","262","319","262","319","1","56","37.70","1.50E-09","n/a"
"SELP","6403","NP_002996.2","Sushi","Sushi domain (SCR repeat)","Domain","n/a","324","381","342","381","17","56","35.00","1.10E-08","n/a"
"SELP","6403","NP_002996.2","Sushi","Sushi domain (SCR repeat)","Domain","n/a","386","443","386","443","1","56","33.00","4.50E-08","n/a"
"SELP","6403","NP_002996.2","Sushi","Sushi domain (SCR repeat)","Domain","n/a","448","505","448","505","1","56","30.60","2.50E-07","n/a"
"SELP","6403","NP_002996.2","Sushi","Sushi domain (SCR repeat)","Domain","n/a","510","567","510","567","1","56","30.00","4.00E-07","n/a"
"SELP","6403","NP_002996.2","Sushi","Sushi domain (SCR repeat)","Domain","n/a","572","629","578","629","7","56","37.80","1.50E-09","n/a"
"SELP","6403","NP_002996.2","Sushi","Sushi domain (SCR repeat)","Domain","n/a","642","699","642","699","1","56","31.10","1.80E-07","n/a"
"SELP","6403","NP_002996.2","Sushi","Sushi domain (SCR repeat)","Domain","n/a","704","761","719","761","16","56","28.80","9.00E-07","n/a"
"SERPINA3","12","NP_001076.2","Serpin","Serpin (serine protease inhibitor)","Domain","n/a","51","420","52","420","2","369","386.30","1.30E-115","n/a"
"SERPINB2","5055","NP_001137290.1","Serpin","Serpin (serine protease inhibitor)","Domain","n/a","6","415","7","415","2","369","439.10","1.20E-131","n/a"
"SERPINB2","5055","NP_002566.1","Serpin","Serpin (serine protease inhibitor)","Domain","n/a","6","415","7","415","2","369","439.10","1.20E-131","n/a"
"SESN3","143686","NP_653266.2 ","PA26","PA26 p53-induced protein (sestrin)","Family","CL0423","37","492","38","492","2","451","712.10","2.00E-214","n/a"
"SFN","2810","NP_006133.1","14-3-3","14-3-3 protein","Domain","n/a","3","238","4","237","2","235","357.10","2.30E-107","n/a"
"SFRS3","6428","NP_003008.1","RRM_1","RNA recognition motif. (a.k.a. RRM; RBD; or RNP domain)","Domain","CL0221","12","77","12","77","1","70","63.20","9.90E-18","n/a"
"SHBG","6462","NP_001031.2","Laminin_G_1","Laminin G domain","Domain","CL0004","75","205","75","204","1","130","107.80","3.10E-31","n/a"
"SHBG","6462","NP_001139751.1","Laminin_G_1","Laminin G domain","Domain","CL0004","75","205","75","198","1","122","93.20","9.70E-27","n/a"
"SHBG","6462","NP_001139752.1","Laminin_G_1","Laminin G domain","Domain","CL0004","75","205","75","204","1","130","108.80","1.50E-31","n/a"
"SHBG","6462","NP_001139753.1","Laminin_G_1","Laminin G domain","Domain","CL0004","75","205","75","204","1","130","108.80","1.50E-31","n/a"
"SHD","56961","NP_064594.3","SH2","SH2 domain","Domain","n/a","240","316","240","316","1","77","54.50","6.00E-15","n/a"
"SIN3B","23309","NP_056075.1","PAH","Paired amphipathic helix repeat","Repeat","n/a","59","105","59","105","1","47","52.50","2.10E-14","n/a"
"SIN3B","23309","NP_056075.1","PAH","Paired amphipathic helix repeat","Repeat","n/a","180","236","180","236","1","47","65.40","2.10E-18","n/a"
"SIN3B","23309","NP_056075.1","PAH","Paired amphipathic helix repeat","Repeat","n/a","321","367","322","366","2","46","38.50","5.00E-10","n/a"
"SIN3B","23309","NP_056075.1","HDAC_interact","Histone deacetylase (HDAC) interacting","Domain","n/a","393","448","393","444","1","53","34.00","1.50E-08","n/a"
"SIN3B","23309","NP_056075.1","HDAC_interact","Histone deacetylase (HDAC) interacting","Domain","n/a","449","525","453","524","29","100","95.20","1.30E-27","n/a"
"SKP2","6502","NP_005974.2","F-box-like","F-box-like","Domain","CL0271","97","143","97","142","1","47","56.00","1.90E-15","n/a"
"SKP2","6502","NP_116026.1","F-box-like","F-box-like","Domain","CL0271","97","143","97","142","1","47","56.10","1.80E-15","n/a"
"SLC18A2","6751","NP_001040.1","7tm_1","7 transmembrane receptor (rhodopsin family)","Family","CL0192","75","323","75","323","1","257","229.20","3.60E-68","n/a"
"SLC24A3","57419","NP_065740.2","Na_Ca_ex","Sodium/calcium exchanger protein","Family","n/a","123","255","124","254","2","138","110.90","2.80E-32","n/a"
"SLC24A3","57419","NP_065740.2","Na_Ca_ex","Sodium/calcium exchanger protein","Family","n/a","485","625","485","625","1","139","84.90","3.00E-24","n/a"
"SLC26A2","1836","NP_000103.2","STAS","STAS domain","Domain","n/a","569","715","569","715","1","117","104.90","1.30E-30","n/a"
"SLC26A2","1836","NP_000103.2","Sulfate_transp","Sulfate transporter family","Family","CL0062","236","514","236","514","1","280","278.10","4.70E-83","n/a"
"SLC29A2","3177","NP_001523.2","Nucleoside_tran","Nucleoside transporter","Family","CL0015","131","454","131","454","1","308","409.80","5.50E-123","n/a"
"SLC2A5","6518","NP_001129057.1","Sugar_tr","Sugar (and other) transporter","Family","CL0015","20","236","21","185","2","162","165.90","9.00E-49","n/a"
"SLC2A5","6518","NP_003030.1","Sugar_tr","Sugar (and other) transporter","Family","CL0015","20","475","21","475","2","451","450.30","4.80E-135","n/a"
"SLC38A1","81539","NP_001070952.1","Aa_trans","Transmembrane amino acid transporter protein","Family","CL0062","69","475","70","470","2","405","264.10","1.20E-78","n/a"
"SLC38A1","81539","NP_109599.3","Aa_trans","Transmembrane amino acid transporter protein","Family","CL0062","69","475","70","470","2","405","264.10","1.20E-78","n/a"
"SLC47A1","55244","NP_060712.2","MatE","MatE","Family","CL0222","44","204","44","204","1","162","93.90","6.20E-27","n/a"
"SLC47A1","55244","NP_060712.2","MatE","MatE","Family","CL0222","265","426","265","424","1","160","112.40","1.30E-32","n/a"
"SMYD2","56950","NP_064582.2","zf-MYND","MYND finger","Family","CL0175","52","90","52","90","1","40","44.80","6.60E-12","n/a"
"SMYD2","56950","NP_064582.2","SET","SET domain","Family","n/a","18","241","18","240","1","167","59.00","5.00E-16","n/a"
"SNAPC1","6617","NP_003073.1","SNAPc_SNAP43","Small nuclear RNA activating complex (SNAPc); subunit SNAP43","Family","n/a","6","191","6","191","1","194","238.80","3.00E-71","n/a"
"SORBS2","8470","NP_001139142.1","SH3_1","SH3 domain","Domain","CL0010","413","458","413","457","1","47","54.20","5.50E-15","n/a"
"SORBS2","8470","NP_001139142.1","SH3_1","SH3 domain","Domain","CL0010","488","535","488","535","1","48","46.30","1.60E-12","n/a"
"SORBS2","8470","NP_001139142.1","SH3_1","SH3 domain","Domain","CL0010","591","638","591","637","1","47","39.20","2.70E-10","n/a"
"SORBS2","8470","NP_001139143.1","SH3_1","SH3 domain","Domain","CL0010","500","545","500","544","1","47","53.90","6.50E-15","n/a"
"SORBS2","8470","NP_001139143.1","SH3_1","SH3 domain","Domain","CL0010","575","622","575","622","1","48","46.10","1.90E-12","n/a"
"SORBS2","8470","NP_001139143.1","SH3_1","SH3 domain","Domain","CL0010","678","725","678","724","1","47","39.00","3.10E-10","n/a"
"SORBS2","8470","NP_001139143.1","SH3_1","SH3 domain","Domain","CL0010","430","475","430","474","1","47","54.10","5.70E-15","n/a"
"SORBS2","8470","NP_001139143.1","SH3_1","SH3 domain","Domain","CL0010","505","552","505","552","1","48","46.20","1.60E-12","n/a"
"SORBS2","8470","NP_001139143.1","SH3_1","SH3 domain","Domain","CL0010","608","655","608","654","1","47","39.10","2.80E-10","n/a"
"SORBS2","8470","NP_001139144.1","SH3_1","SH3 domain","Domain","CL0010","593","638","593","637","1","47","53.70","7.50E-15","n/a"
"SORBS2","8470","NP_001139144.1","SH3_1","SH3 domain","Domain","CL0010","668","715","668","715","1","48","45.90","2.20E-12","n/a"
"SORBS2","8470","NP_001139144.1","SH3_1","SH3 domain","Domain","CL0010","771","818","771","817","1","47","38.70","3.60E-10","n/a"
"SORBS2","8470","NP_001139145.1","SH3_1","SH3 domain","Domain","CL0010","773","818","773","817","1","47","53.40","9.50E-15","n/a"
"SORBS2","8470","NP_001139145.1","SH3_1","SH3 domain","Domain","CL0010","848","895","848","895","1","48","45.50","2.70E-12","n/a"
"SORBS2","8470","NP_001139145.1","SH3_1","SH3 domain","Domain","CL0010","951","998","951","997","1","47","38.40","4.60E-10","n/a"
"SORBS2","8470","NP_001139146.1","SH3_1","SH3 domain","Domain","CL0010","261","306","261","305","1","47","54.60","3.90E-15","n/a"
"SORBS2","8470","NP_001139146.1","SH3_1","SH3 domain","Domain","CL0010","336","383","336","383","1","48","46.80","1.10E-12","n/a"
"SORBS2","8470","NP_001139146.1","SH3_1","SH3 domain","Domain","CL0010","439","486","439","485","1","47","39.70","1.90E-10","n/a"
"SORBS2","8470","NP_001139147.1","SH3_1","SH3 domain","Domain","CL0010","435","480","435","479","1","47","54.10","5.80E-15","n/a"
"SORBS2","8470","NP_001139147.1","SH3_1","SH3 domain","Domain","CL0010","510","557","510","557","1","48","46.20","1.70E-12","n/a"
"SORBS2","8470","NP_001139147.1","SH3_1","SH3 domain","Domain","CL0010","613","660","613","659","1","47","39.10","2.80E-10","n/a"
"SORBS2","8470","NP_003594.3","SH3_1","SH3 domain","Domain","CL0010","869","914","869","913","1","47","53.30","1.10E-14","n/a"
"SORBS2","8470","NP_003594.3","SH3_1","SH3 domain","Domain","CL0010","944","991","944","991","1","48","45.40","3.00E-12","n/a"
"SORBS2","8470","NP_003594.3","SH3_1","SH3 domain","Domain","CL0010","1047","1094","1047","1093","1","47","38.30","5.10E-10","n/a"
"SORBS2","8470","NP_066547.1","SH3_1","SH3 domain","Domain","CL0010","869","914","869","913","1","47","53.30","1.10E-14","n/a"
"SORBS2","8470","NP_066547.1","SH3_1","SH3 domain","Domain","CL0010","944","991","944","991","1","48","45.40","3.00E-12","n/a"
"SORBS2","8470","NP_066547.1","SH3_1","SH3 domain","Domain","CL0010","1047","1094","1047","1093","1","47","38.30","5.10E-10","n/a"
"SORBS2","8470","NP_001139142.1","Sorb","Sorbin homologous domain","Family","n/a","153","202","153","201","1","46","102.00","6.50E-30","n/a"
"SORBS2","8470","NP_001139143.1","Sorb","Sorbin homologous domain","Family","n/a","153","202","153","202","1","47","103.90","1.60E-30","n/a"
"SORBS2","8470","NP_001139143.1","Sorb","Sorbin homologous domain","Family","n/a","136","185","136","185","1","47","104.10","1.40E-30","n/a"
"SORBS2","8470","NP_001139144.1","Sorb","Sorbin homologous domain","Family","n/a","246","295","246","295","1","47","103.70","1.90E-30","n/a"
"SORBS2","8470","NP_001139145.1","Sorb","Sorbin homologous domain","Family","n/a","2","35","5","34","17","46","69.10","1.20E-19","n/a"
"SORBS2","8470","NP_001139146.1","Sorb","Sorbin homologous domain","Family","n/a","2","35","5","35","17","47","71.30","2.50E-20","n/a"
"SORBS2","8470","NP_001139147.1","Sorb","Sorbin homologous domain","Family","n/a","113","162","113","162","1","47","104.00","1.40E-30","n/a"
"SORBS2","8470","NP_003594.3","Sorb","Sorbin homologous domain","Family","n/a","67","116","67","116","1","47","103.20","2.70E-30","n/a"
"SORBS2","8470","NP_066547.1","Sorb","Sorbin homologous domain","Family","n/a","67","116","67","116","1","47","103.20","2.70E-30","n/a"
"SOX2","6657","NP_003097.1","HMG_box","HMG (high mobility group) box","Domain","CL0114","41","109","41","109","1","69","93.00","7.90E-27","n/a"
"SOX2","6657","NP_003097.1","SOXp","SOX transcription factor","Family","n/a","110","200","110","200","1","84","104.10","3.50E-30","n/a"
"SPDEF","25803","NP_036523.1","Ets","Ets-domain","Domain","CL0123","248","334","249","333","2","84","114.50","1.50E-33","n/a"
"SPDEF","25803","NP_036523.1","SAM_PNT","Sterile alpha motif (SAM)/Pointed domain","Domain","CL0003","131","213","132","212","2","82","88.90","1.10E-25","n/a"
"SPHK1","8877","NP_001136073.1","DAGK_cat","Diacylglycerol kinase catalytic domain","Family","CL0240","16","153","16","133","1","111","91.70","1.90E-26","n/a"
"SPHK1","8877","NP_001136074.1","DAGK_cat","Diacylglycerol kinase catalytic domain","Family","CL0240","16","153","16","133","1","111","91.70","1.90E-26","n/a"
"SPHK1","8877","NP_068807.2","DAGK_cat","Diacylglycerol kinase catalytic domain","Family","CL0240","30","167","30","147","1","111","91.60","2.00E-26","n/a"
"SPHK1","8877","NP_892010.2","DAGK_cat","Diacylglycerol kinase catalytic domain","Family","CL0240","102","239","102","219","1","111","91.10","2.80E-26","n/a"
"SPP1","6696","NP_000573.1","Osteopontin","Osteopontin","Family","n/a","20","300","20","300","1","293","462.50","4.00E-139","n/a"
"SPP1","6696","NP_001035147.1","Osteopontin","Osteopontin","Family","n/a","20","314","20","314","1","293","514.10","7.60E-155","n/a"
"SPP1","6696","NP_001035149.1","Osteopontin","Osteopontin","Family","n/a","20","287","30","287","38","293","432.60","5.10E-130","n/a"
"SPRY2","10253","NP_005833.1","Sprouty","Sprouty protein (Spry)","Family","n/a","183","294","183","294","1","108","127.50","1.60E-37","n/a"
"SPTLC1","10558","NP_006406.1","-","","","-","0","0","0","0","0","0","0.00","-","-"
"SPTLC1","10558","NP_847894.1","-","","","-","0","0","0","0","0","0","0.00","-","-"
"SRC","6714","NP_005408.1"," Protein tyrosine kinase","Domain","CL0016","270","519","271","518","2","258","310","0.00","389",""
"SRC","6714","NP_938033.1","Pkinase_Tyr","Protein tyrosine kinase","Domain","CL0016","270","519","271","518","2","258","310.00","7.90E-93","389"
"SRC","6714","NP_005408.1","SH2","SH2 domain","Domain","n/a","151","233","151","233","1","77","96.50","4.60E-28","n/a"
"SRC","6714","NP_938033.1","SH2","SH2 domain","Domain","n/a","151","233","151","233","1","77","96.50","4.60E-28","n/a"
"SRC","6714","NP_005408.1","SH3_1","SH3 domain","Domain","CL0010","90","137","90","137","1","48","63.20","8.40E-18","n/a"
"SRC","6714","NP_938033.1","SH3_1","SH3 domain","Domain","CL0010","90","137","90","137","1","48","63.20","8.40E-18","n/a"
"SRPX","8406","NP_001164221.1","HYR","HYR domain","Domain","CL0159","155","237","155","237","1","81","92.00","1.40E-26","n/a"
"SRPX","8406","NP_001164222.1","HYR","HYR domain","Domain","CL0159","116","198","118","198","3","81","87.80","2.70E-25","n/a"
"SRPX","8406","NP_001164221.1","Sushi","Sushi domain (SCR repeat)","Domain","n/a","37","100","49","92","14","52","28.20","1.40E-06","n/a"
"SRPX","8406","NP_001164221.1","Sushi","Sushi domain (SCR repeat)","Domain","n/a","95","154","115","154","17","56","30.40","2.80E-07","n/a"
"SRPX","8406","NP_001164221.1","Sushi","Sushi domain (SCR repeat)","Domain","n/a","242","297","242","297","1","56","39.80","3.40E-10","n/a"
"SRPX","8406","NP_001164222.1","Sushi","Sushi domain (SCR repeat)","Domain","n/a","57","115","69","112","14","52","27.40","2.50E-06","n/a"
"SRPX","8406","NP_001164222.1","Sushi","Sushi domain (SCR repeat)","Domain","n/a","203","258","203","258","1","56","40.00","3.00E-10","n/a"
"SRPX","8406","NP_001164223.1","-","-","-","-","0","0","0","0","0","0","0.00","-","-"
"SRPX","8406","NP_006298.1","-","-","-","-","0","0","0","0","0","0","0.00","-","-"
"ST6GAL1","6480","NP_003023.1","Glyco_transf_29","Glycosyltransferase family 29 (sialyltransferase)","Family","n/a","136","392","159","388","33","261","210.10","2.50E-62","n/a"
"ST6GAL1","6480","NP_775323.1","Glyco_transf_29","Glycosyltransferase family 29 (sialyltransferase)","Family","n/a","136","392","159","388","33","261","210.10","2.50E-62","n/a"
"ST6GAL1","6480","NP_775324.1","Glyco_transf_29","Glycosyltransferase family 29 (sialyltransferase)","Family","n/a","1","161","14","157","127","261","107.40","5.60E-31","n/a"
"ST8SIA4","7903","NP_005659.1","Glyco_transf_29","Glycosyltransferase family 29 (sialyltransferase)","Family","n/a","90","355","92","355","3","266","248.80","4.10E-74","n/a"
"ST8SIA4","7903","NP_778222.1","Glyco_transf_29","Glycosyltransferase family 29 (sialyltransferase)","Family","n/a","90","168","92","168","3","87","69.60","1.80E-19","n/a"
"STK11","6794","NP_000446.1","Pkinase","Protein kinase domain","Domain","CL0016","49","309","52","309","4","260","192.80","4.50E-57","194;176;176;176"
"SULT1A1","6817","NP_001046.2","Sulfotransfer_1","Sulfotransferase domain","Domain","CL0023","38","288","38","287","1","256","271.20","6.50E-81","108;48"
"SULT1A1","6817","NP_803565.1","Sulfotransfer_1","Sulfotransferase domain","Domain","CL0023","38","288","38","287","1","256","271.20","6.50E-81","108;48"
"SULT1A1","6817","NP_803566.1","Sulfotransfer_1","Sulfotransferase domain","Domain","CL0023","38","288","38","287","1","256","271.20","6.50E-81","108;48"
"SULT1A1","6817","NP_803878.1","Sulfotransfer_1","Sulfotransferase domain","Domain","CL0023","38","288","38","287","1","256","271.20","6.50E-81","108;48"
"SULT1A1","6817","NP_803880.1","Sulfotransfer_1","Sulfotransferase domain","Domain","CL0023","34","210","39","209","97","256","176.90","4.00E-52","n/a"
"SULT1E1","6783","NP_005411.1","Sulfotransfer_1","Sulfotransferase domain","Domain","CL0023","37","287","37","286","1","256","300.50","7.20E-90","107;47"
"TBX3","6926","NP_005987.3","T-box","T-box","Domain","CL0073","104","286","104","285","1","183","289.30","7.30E-87","n/a"
"TBX3","6926","NP_005987.3","TBX","T-box transcription factor","Family","n/a","303","393","303","390","1","88","94.10","3.90E-27","n/a"
"TBX3","6926","NP_057653.3","T-box","T-box","Domain","CL0073","104","306","104","305","1","183","265.30","1.70E-79","n/a"
"TBX3","6926","NP_057653.3","TBX","T-box transcription factor","Family","n/a","323","413","323","410","1","88","94.10","4.00E-27","n/a"
"TCEAL7","56849","NP_689491.1","BEX","Brain expressed X-linked like family","Family","n/a","1","97","1","97","1","100","115.40","8.60E-34","n/a"
"TCEB3","6924","NP_003189.2","Elongin_A","RNA polymerase II transcription factor SIII (Elongin) subunit A","Family","n/a","592","695","592","694","1","108","126.50","4.50E-37","n/a"
"TCEB3","6924","NP_003189.2","Med26","TFIIS helical bundle-like domain","Domain","n/a","54","103","54","102","1","52","60.70","5.50E-17","n/a"
"TFAM","7019","NP_003192.1","HMG_box","HMG (high mobility group) box","Domain","CL0114","50","118","50","118","1","69","71.30","4.90E-20","n/a"
"TFAM","7019","NP_003192.1","HMG_box","HMG (high mobility group) box","Domain","CL0114","155","219","155","218","1","68","40.10","2.60E-10","n/a"
"TFAP2A","7020","NP_001027451.1","TF_AP-2","Transcription factor AP-2","Family","n/a","201","408","201","407","1","208","335.80","7.10E-101","n/a"
"TFAP2A","7020","NP_001035890.1","TF_AP-2","Transcription factor AP-2","Family","n/a","203","410","203","409","1","208","335.70","7.20E-101","n/a"
"TFAP2A","7020","NP_003211.1","TF_AP-2","Transcription factor AP-2","Family","n/a","207","414","207","413","1","208","335.70","7.30E-101","n/a"
"TFF1","7031","NP_003216.1","Trefoil","Trefoil (P-type) domain","Domain","n/a","30","71","30","71","1","43","61.70","3.00E-17","n/a"
"TFF3","7033","NP_003217.3","Trefoil","Trefoil (P-type) domain","Domain","n/a","45","86","45","86","1","43","65.70","1.60E-18","n/a"
"THBS2","7058","NP_003238.2","EGF_CA","Calcium-binding EGF domain","Domain","CL0001","590","646","590","630","1","36","28.10","1.20E-06","n/a"
"THBS2","7058","NP_003238.2","EGF_3","EGF domain","Domain","CL0001","652","691","652","691","1","36","33.20","2.90E-08","n/a"
"THBS2","7058","NP_003238.2","TSP_C","Thrombospondin C-terminal region","Family","n/a","974","1172","974","1171","1","198","320.10","4.10E-96","n/a"
"THBS2","7058","NP_003238.2","TSP_1","Thrombospondin type 1 domain","Family","n/a","385","430","385","430","1","49","46.50","2.40E-12","n/a"
"THBS2","7058","NP_003238.2","TSP_1","Thrombospondin type 1 domain","Family","n/a","441","491","441","491","1","49","56.60","1.60E-15","n/a"
"THBS2","7058","NP_003238.2","TSP_1","Thrombospondin type 1 domain","Family","n/a","498","548","498","548","1","49","58.40","4.40E-16","n/a"
"THBS2","7058","NP_003238.2","TSP_3","Thrombospondin type 3 repeat","Repeat","n/a","729","741","729","741","1","16","13.60","5.00E-02","n/a"
"THBS2","7058","NP_003238.2","TSP_3","Thrombospondin type 3 repeat","Repeat","n/a","765","780","766","780","2","16","10.70","4.40E-01","n/a"
"THBS2","7058","NP_003238.2","TSP_3","Thrombospondin type 3 repeat","Repeat","n/a","788","800","789","800","2","16","11.30","2.80E-01","n/a"
"THBS2","7058","NP_003238.2","TSP_3","Thrombospondin type 3 repeat","Repeat","n/a","824","839","825","839","2","16","14.00","3.80E-02","n/a"
"THBS2","7058","NP_003238.2","TSP_3","Thrombospondin type 3 repeat","Repeat","n/a","862","877","862","877","1","16","14.90","1.90E-02","n/a"
"THBS2","7058","NP_003238.2","TSP_3","Thrombospondin type 3 repeat","Repeat","n/a","921","933","921","933","1","16","10.00","7.20E-01","n/a"
"THBS2","7058","NP_003238.2","VWC","von Willebrand factor type C domain","Family","CL0451","320","374","320","374","1","57","51.70","5.40E-14","n/a"
"THRB","7068","NP_000452.2","Hormone_recep","Ligand-binding domain of nuclear hormone receptor","Domain","n/a","257","445","268","427","18","186","68.20","4.10E-19","n/a"
"THRB","7068","NP_001121648.1","Hormone_recep","Ligand-binding domain of nuclear hormone receptor","Domain","n/a","257","445","268","427","18","186","68.20","4.10E-19","n/a"
"THRB","7068","NP_001121649.1","Hormone_recep","Ligand-binding domain of nuclear hormone receptor","Domain","n/a","257","445","268","427","18","186","68.20","4.10E-19","n/a"
"THRB","7068","NP_000452.2","zf-C4","Zinc finger; C4 type (two domains)","Domain","n/a","105","176","106","175","2","69","104.20","2.50E-30","n/a"
"THRB","7068","NP_001121648.1","zf-C4","Zinc finger; C4 type (two domains)","Domain","n/a","105","176","106","175","2","69","104.20","2.50E-30","n/a"
"THRB","7068","NP_001121649.1","zf-C4","Zinc finger; C4 type (two domains)","Domain","n/a","105","176","106","175","2","69","104.20","2.50E-30","n/a"
"TIMP1","7076","NP_003245.1","TIMP","Tissue inhibitor of metalloproteinase","Family","CL0353","22","199","22","199","1","181","205.90","2.90E-61","n/a"
"TMC5","79838","NP_001098718.1","TMC","TMC domain","Domain","CL0416","724","830","724","830","1","111","137.90","1.30E-40","n/a"
"TMC5","79838","NP_001098719.1","TMC","TMC domain","Domain","CL0416","724","830","724","830","1","111","138.10","1.20E-40","n/a"
"TMC5","79838","NP_079056.2","TMC","TMC domain","Domain","CL0416","478","584","478","584","1","111","138.50","8.80E-41","n/a"
"TMEFF1","8577","NP_003683.2","hEGF","Human growth factor-like EGF","Domain","CL0001","298","310","298","310","1","13","18.00","1.80E-03","n/a"
"TMEFF1","8577","NP_003683.2","Kazal_2","Kazal-type serine protease inhibitor domain","Domain","CL0005","103","143","103","143","1","42","42.10","4.90E-11","n/a"
"TMEFF1","8577","NP_003683.2","Kazal_2","Kazal-type serine protease inhibitor domain","Domain","CL0005","194","235","194","235","1","42","32.40","5.10E-08","n/a"
"TMEM101","84336","NP_115752.1","MscS_TM","Mechanosensitive ion channel inner membrane domain 1","Domain","n/a","104","230","107","208","122","228","13.00","2.30E-02","n/a"
"TMEM101","84336","NP_115752.1","DUF1282","Protein of unknown function (DUF1282)","Family","CL0112","6","156","56","125","57","120","13.00","4.80E-02","n/a"
"TMEM132C","92293","NP_001129575.2","-","-","-","-","0","0","0","0","0","0","0.00","-","-"
"TMEM9B","56674","NP_065695.1","Tmemb_9","TMEM9","Family","n/a","48","197","48","197","1","149","248.10","1.90E-74","n/a"
"TMSB10","9168","NP_066926.1","Thymosin","Thymosin beta-4 family","Family","n/a","2","42","2","41","1","40","82.10","1.20E-23","n/a"
"TNFAIP3","7128","NP_006281.1","zf-A20","A20-like zinc finger","Family","n/a","384","409","385","408","2","24","40.20","1.40E-10","n/a"
"TNFAIP3","7128","NP_006281.1","zf-A20","A20-like zinc finger","Family","n/a","475","500","475","500","1","25","34.10","1.10E-08","n/a"
"TNFAIP3","7128","NP_006281.1","zf-A20","A20-like zinc finger","Family","n/a","604","629","605","628","2","24","26.30","3.20E-06","n/a"
"TNFAIP3","7128","NP_006281.1","zf-A20","A20-like zinc finger","Family","n/a","654","679","655","678","2","24","30.10","2.10E-07","n/a"
"TNFAIP3","7128","NP_006281.1","zf-A20","A20-like zinc finger","Family","n/a","713","738","714","738","2","25","23.80","2.00E-05","n/a"
"TNFAIP3","7128","NP_006281.1","zf-A20","A20-like zinc finger","Family","n/a","759","784","759","784","1","25","33.40","1.90E-08","n/a"
"TNFAIP3","7128","NP_006281.1","OTU","OTU-like cysteine protease","Family","CL0125","98","257","98","257","1","126","101.40","3.90E-29","103"
"TNFRSF10C","8794","NP_003832.2","TNFR_c6","TNFR/NGFR cysteine-rich region","Domain","n/a","69","109","69","109","1","39","32.90","3.80E-08","n/a"
"TNFRSF10C","8794","NP_003832.2","TNFR_c6","TNFR/NGFR cysteine-rich region","Domain","n/a","111","149","111","149","1","39","30.60","2.00E-07","n/a"
"TNXB","7148","NP_061978.6","EGF_2","EGF-like domain","Domain","CL0001","187","213","187","213","1","32","20.80","0.00024","n/a"
"TNXB","7148","NP_061978.6","EGF_2","EGF-like domain","Domain","CL0001","218","244","218","244","1","32","21.50","0.00015","n/a"
"TNXB","7148","NP_061978.6","EGF_2","EGF-like domain","Domain","CL0001","249","275","249","275","1","32","18.20","0.0016","n/a"
"TNXB","7148","NP_061978.6","EGF_2","EGF-like domain","Domain","CL0001","280","306","280","306","1","32","18.10","0.0017","n/a"
"TNXB","7148","NP_061978.6","EGF_2","EGF-like domain","Domain","CL0001","404","430","404","430","1","32","19.40","0.00068","n/a"
"TNXB","7148","NP_061978.6","EGF_2","EGF-like domain","Domain","CL0001","435","461","435","461","1","32","18.90","0.00098","n/a"
"TNXB","7148","NP_061978.6","EGF_2","EGF-like domain","Domain","CL0001","497","523","497","523","1","32","20.30","0.00035","n/a"
"TNXB","7148","NP_061978.6","EGF_2","EGF-like domain","Domain","CL0001","528","554","528","554","1","32","17.90","0.002","n/a"
"TNXB","7148","NP_061978.6","EGF_2","EGF-like domain","Domain","CL0001","621","647","621","647","1","32","21.20","0.00019","n/a"
"TNXB","7148","NP_061978.6","fn3","Fibronectin type III domain","Domain","CL0159","750","833","755","829","6","82","43.20","2.60E-11","n/a"
"TNXB","7148","NP_061978.6","fn3","Fibronectin type III domain","Domain","CL0159","841","920","842","914","2","79","41.60","7.90E-11","n/a"
"TNXB","7148","NP_061978.6","fn3","Fibronectin type III domain","Domain","CL0159","1062","1141","1066","1135","4","78","45.00","7.00E-12","n/a"
"TNXB","7148","NP_061978.6","fn3","Fibronectin type III domain","Domain","CL0159","1159","1240","1163","1233","4","79","40.30","2.10E-10","n/a"
"TNXB","7148","NP_061978.6","fn3","Fibronectin type III domain","Domain","CL0159","1262","1342","1266","1342","5","85","47.20","1.50E-12","n/a"
"TNXB","7148","NP_061978.6","fn3","Fibronectin type III domain","Domain","CL0159","1373","1453","1377","1446","5","79","36.80","2.40E-09","n/a"
"TNXB","7148","NP_061978.6","fn3","Fibronectin type III domain","Domain","CL0159","1475","1555","1478","1548","4","79","45.10","6.60E-12","n/a"
"TNXB","7148","NP_061978.6","fn3","Fibronectin type III domain","Domain","CL0159","1578","1656","1581","1645","4","73","44.10","1.30E-11","n/a"
"TNXB","7148","NP_061978.6","fn3","Fibronectin type III domain","Domain","CL0159","1674","1753","1679","1743","5","75","36.00","4.40E-09","n/a"
"TNXB","7148","NP_061978.6","fn3","Fibronectin type III domain","Domain","CL0159","1778","1857","1781","1847","5","76","34.70","1.20E-08","n/a"
"TNXB","7148","NP_061978.6","fn3","Fibronectin type III domain","Domain","CL0159","1882","1960","1885","1955","4","79","31.80","9.00E-08","n/a"
"TNXB","7148","NP_061978.6","fn3","Fibronectin type III domain","Domain","CL0159","1988","2068","1991","2061","4","79","49.00","3.90E-13","n/a"
"TNXB","7148","NP_061978.6","fn3","Fibronectin type III domain","Domain","CL0159","2096","2176","2100","2169","5","79","44.10","1.30E-11","n/a"
"TNXB","7148","NP_061978.6","fn3","Fibronectin type III domain","Domain","CL0159","2196","2275","2199","2269","5","80","46.50","2.40E-12","n/a"
"TNXB","7148","NP_061978.6","fn3","Fibronectin type III domain","Domain","CL0159","2304","2384","2307","2378","4","80","50.70","1.10E-13","n/a"
"TNXB","7148","NP_061978.6","fn3","Fibronectin type III domain","Domain","CL0159","2412","2492","2416","2485","5","79","44.10","1.30E-11","n/a"
"TNXB","7148","NP_061978.6","fn3","Fibronectin type III domain","Domain","CL0159","2523","2603","2527","2596","5","79","45.60","4.50E-12","n/a"
"TNXB","7148","NP_061978.6","fn3","Fibronectin type III domain","Domain","CL0159","2629","2709","2632","2707","4","83","48.70","5.00E-13","n/a"
"TNXB","7148","NP_061978.6","fn3","Fibronectin type III domain","Domain","CL0159","2737","2817","2741","2810","5","79","44.70","8.80E-12","n/a"
"TNXB","7148","NP_061978.6","fn3","Fibronectin type III domain","Domain","CL0159","2843","2923","2846","2921","4","83","48.30","6.60E-13","n/a"
"TNXB","7148","NP_061978.6","fn3","Fibronectin type III domain","Domain","CL0159","2951","3031","2955","3024","5","79","42.60","3.80E-11","n/a"
"TNXB","7148","NP_061978.6","fn3","Fibronectin type III domain","Domain","CL0159","3059","3139","3062","3133","4","80","47.30","1.30E-12","n/a"
"TNXB","7148","NP_061978.6","fn3","Fibronectin type III domain","Domain","CL0159","3165","3245","3169","3238","5","79","46.00","3.30E-12","n/a"
"TNXB","7148","NP_061978.6","fn3","Fibronectin type III domain","Domain","CL0159","3261","3339","3264","3329","4","74","33.80","2.20E-08","n/a"
"TNXB","7148","NP_061978.6","fn3","Fibronectin type III domain","Domain","CL0159","3353","3434","3357","3431","4","82","46.30","2.80E-12","n/a"
"TNXB","7148","NP_061978.6","fn3","Fibronectin type III domain","Domain","CL0159","3447","3528","3451","3517","4","75","44.50","1.00E-11","n/a"
"TNXB","7148","NP_061978.6","fn3","Fibronectin type III domain","Domain","CL0159","3555","3635","3560","3628","6","79","40.70","1.50E-10","n/a"
"TNXB","7148","NP_061978.6","fn3","Fibronectin type III domain","Domain","CL0159","3654","3739","3657","3735","4","77","32.10","7.40E-08","n/a"
"TNXB","7148","NP_061978.6","fn3","Fibronectin type III domain","Domain","CL0159","3755","3834","3756","3832","2","82","52.00","4.70E-14","n/a"
"TNXB","7148","NP_061978.6","fn3","Fibronectin type III domain","Domain","CL0159","3844","3924","3845","3918","2","80","30.40","2.50E-07","n/a"
"TNXB","7148","NP_061978.6","fn3","Fibronectin type III domain","Domain","CL0159","3932","4010","3933","4005","2","79","32.60","5.00E-08","n/a"
"TNXB","7148","NP_061978.6","Fibrinogen_C","Fibrinogen beta and gamma chains; C-terminal globular domain","Domain","CL0422","4024","4233","4025","4232","2","234","266.30","1.90E-79","n/a"
"TNXB","7148","NP_115859.2","fn3","Fibronectin type III domain","Domain","CL0159","1","66","1","60","16","80","30.70","2.00E-07","n/a"
"TNXB","7148","NP_115859.2","fn3","Fibronectin type III domain","Domain","CL0159","85","170","88","166","4","77","35.20","8.00E-09","n/a"
"TNXB","7148","NP_115859.2","fn3","Fibronectin type III domain","Domain","CL0159","186","265","187","263","2","82","55.00","5.20E-15","n/a"
"TNXB","7148","NP_115859.2","fn3","Fibronectin type III domain","Domain","CL0159","275","355","276","349","2","80","33.50","2.70E-08","n/a"
"TNXB","7148","NP_115859.2","fn3","Fibronectin type III domain","Domain","CL0159","363","441","364","436","2","79","35.70","5.60E-09","n/a"
"TNXB","7148","NP_115859.2","Fibrinogen_C","Fibrinogen beta and gamma chains; C-terminal globular domain","Domain","CL0422","455","664","456","663","2","234","270.00","1.30E-80","n/a"
"TP53","7157","NP_000537.3","P53","P53 DNA-binding domain","Domain","CL0073","95","289","95","288","1","195","364.40","9.70E-110","n/a"
"TP53","7157","NP_001119584.1","P53","P53 DNA-binding domain","Domain","CL0073","95","289","95","288","1","195","364.40","9.70E-110","n/a"
"TP53","7157","NP_001119585.1","P53","P53 DNA-binding domain","Domain","CL0073","95","289","95","288","1","195","364.80","6.90E-110","n/a"
"TP53","7157","NP_001119586.1","P53","P53 DNA-binding domain","Domain","CL0073","95","289","95","288","1","195","364.90","6.70E-110","n/a"
"TP53","7157","NP_001119587.1","P53","P53 DNA-binding domain","Domain","CL0073","1","157","1","156","39","195","297.00","4.20E-89","n/a"
"TP53","7157","NP_001119588.1","P53","P53 DNA-binding domain","Domain","CL0073","1","157","1","156","39","195","298.00","2.10E-89","n/a"
"TP53","7157","NP_001119589.1","P53","P53 DNA-binding domain","Domain","CL0073","1","157","1","156","39","195","297.90","2.30E-89","n/a"
"TP53","7157","NP_000537.3","P53_tetramer","P53 tetramerisation motif","Motif","n/a","318","359","318","358","1","41","69.30","8.40E-20","n/a"
"TP53","7157","NP_001119584.1","P53_tetramer","P53 tetramerisation motif","Motif","n/a","318","359","318","358","1","41","69.30","8.40E-20","n/a"
"TP53","7157","NP_001119587.1","P53_tetramer","P53 tetramerisation motif","Motif","n/a","186","227","186","226","1","41","70.10","4.60E-20","n/a"
"TP53","7157","NP_000537.3","P53_TAD","P53 transactivation motif","Motif","n/a","5","29","6","29","2","25","39.30","1.80E-10","n/a"
"TP53","7157","NP_001119584.1","P53_TAD","P53 transactivation motif","Motif","n/a","5","29","6","29","2","25","39.30","1.80E-10","n/a"
"TP53","7157","NP_001119585.1","P53_TAD","P53 transactivation motif","Motif","n/a","5","29","6","29","2","25","39.50","1.60E-10","n/a"
"TP53","7157","NP_001119586.1","P53_TAD","P53 transactivation motif","Motif","n/a","5","29","6","29","2","25","39.50","1.50E-10","n/a"
"TRO","7216","NP_001034794.1","MAGE","MAGE family","Family","n/a","451","620","451","620","1","195","186.30","3.00E-55","n/a"
"TRO","7216","NP_057241.2","MAGE","MAGE family","Family","n/a","451","620","451","620","1","195","187.80","1.00E-55","n/a"
"TRO","7216","NP_808224.1","MAGE","MAGE family","Family","n/a","451","620","451","620","1","195","187.80","1.00E-55","n/a"
"TRPC1","7220","NP_003295.1","Ank_2","Ankyrin repeats (3 copies)","Family","CL0465","51","153","53","148","3","82","32.40","6.90E-08","n/a"
"TRPC1","7220","NP_003295.1","Ion_trans","Ion transport protein","Family","CL0030","391","611","392","610","2","199","77.50","6.40E-22","n/a"
"TRPC1","7220","NP_003295.1","TRP_2","Transient receptor ion channel II","Family","n/a","159","221","159","221","1","63","90.40","4.10E-26","n/a"
"TSHZ3","57616","NP_065907.2","zf-AN1","AN1-like Zinc finger","Family","n/a","1032","1060","1037","1055","10","28","10.40","0.36","n/a"
"TSHZ3","57616","NP_065907.2","zf-C2H2_2","C2H2 type zinc-finger","Family","CL0361","189","261","213","245","50","82","10.60","0.37","n/a"
"TSHZ3","57616","NP_065907.2","zf-C2H2_2","C2H2 type zinc-finger","Family","CL0361","258","312","272","301","48","77","16.80","0.0043","n/a"
"TSHZ3","57616","NP_065907.2","zf-C2H2_2","C2H2 type zinc-finger","Family","CL0361","376","424","386","412","51","77","10.40","0.44","n/a"
"TSHZ3","57616","NP_065907.2","Homeobox","Homeobox domain","Domain","CL0123","891","959","897","959","6","57","10.40","0.31","n/a"
"TSHZ3","57616","NP_065907.2","DUF3222","Protein of unknown function (DUF3222)","Family","n/a","1008","1056","1031","1051","23","43","10.50","0.37","n/a"
"TSHZ3","57616","NP_065907.2","zf-met","Zinc-finger of C2H2 type","Domain","CL0361","1041","1064","1041","1060","1","20","14.90","0.018","n/a"
"TTC5","91875","NP_612385.2","TPR_2","Tetratricopeptide repeat","Repeat","CL0020","103","136","104","134","2","32","19.00","7.20E-04","n/a"
"TTC5","91875","NP_612385.2","TPR_2","Tetratricopeptide repeat","Repeat","CL0020","224","257","225","256","2","33","13.10","5.60E-02","n/a"
"TTK","7272","NP_001160163.1","Pkinase","Protein kinase domain","Domain","CL0016","524","790","524","790","1","260","221.70","7.10E-66","663;646;646;646"
"TTK","7272","NP_003309.2","Pkinase","Protein kinase domain","Domain","CL0016","525","791","525","791","1","260","221.70","7.10E-66","664;647;647;647"
"TWIST2","117581","NP_476527.1","HLH","Helix-loop-helix DNA-binding domain","Domain","n/a","67","118","67","117","1","53","60.70","6.50E-17","n/a"
"TYMP","1890","NP_001107227.1","Glycos_transf_3","Glycosyl transferase family; a/b domain","Family","n/a","109","362","110","353","2","244","195.50","7.30E-58","n/a"
"TYMP","1890","NP_001107228.1","Glycos_transf_3","Glycosyl transferase family; a/b domain","Family","n/a","109","362","110","353","2","244","195.50","7.30E-58","n/a"
"TYMP","1890","NP_001944.1","Glycos_transf_3","Glycosyl transferase family; a/b domain","Family","n/a","109","362","110","353","2","244","195.50","7.30E-58","n/a"
"TYMP","1890","NP_001107227.1","Glycos_trans_3N","Glycosyl transferase family; helical bundle domain","Domain","n/a","35","100","36","99","2","65","51.20","5.40E-14","n/a"
"TYMP","1890","NP_001107228.1","Glycos_trans_3N","Glycosyl transferase family; helical bundle domain","Domain","n/a","35","100","36","99","2","65","51.20","5.40E-14","n/a"
"TYMP","1890","NP_001944.1","Glycos_trans_3N","Glycosyl transferase family; helical bundle domain","Domain","n/a","35","100","36","99","2","65","51.20","5.40E-14","n/a"
"TYMP","1890","NP_001107227.1","PYNP_C","Pyrimidine nucleoside phosphorylase C-terminal domain","Domain","CL0105","388","462","389","447","2","60","39.30","2.60E-10","n/a"
"TYMP","1890","NP_001107228.1","PYNP_C","Pyrimidine nucleoside phosphorylase C-terminal domain","Domain","CL0105","388","462","389","447","2","60","39.30","2.60E-10","n/a"
"TYMP","1890","NP_001944.1","PYNP_C","Pyrimidine nucleoside phosphorylase C-terminal domain","Domain","CL0105","388","462","389","447","2","60","39.30","2.60E-10","n/a"
"TYMS","7298","NP_001062.1","Thymidylat_synt","Thymidylate synthase","Domain","n/a","30","313","31","313","2","266","408.30","8.30E-123","195"
"UBE2E2","7325","NP_689866.1","UQ_con","Ubiquitin-conjugating enzyme","Domain","CL0208","59","196","59","195","1","139","157.00","1.50E-46","139"
"UCHL1","7345","NP_004172.2","Peptidase_C12","Ubiquitin carboxyl-terminal hydrolase; family 1","Domain","CL0125","2","208","4","207","3","216","234.30","6.50E-70","161;176;90"
"UGT1A1","54658","NP_000454.1","UDPGT","UDP-glucoronosyl and UDP-glucosyl transferase","Family","CL0113","28","525","28","525","1","501","827.40","2.9E-249","n/a"
"USP37","57695","NP_065986.2","UCH","Ubiquitin carboxyl-terminal hydrolase","Family","CL0125","338","948","339","948","2","273","247.30","1.20E-73","906;897;350"
"USP37","57695","NP_065986.2","UIM","Ubiquitin interaction motif","Motif","n/a","805","822","806","822","2","18","13.60","0.029","n/a"
"USP37","57695","NP_065986.2","UIM","Ubiquitin interaction motif","Motif","n/a","827","844","828","844","2","18","18.20","0.001","n/a"
"VEGFA","7422","NP_001020537.2","PDGF","Platelet-derived growth factor (PDGF)","Domain","CL0079","232","310","232","310","1","84","113.80","2.20E-33","n/a"
"VEGFA","7422","NP_001020538.2","PDGF","Platelet-derived growth factor (PDGF)","Domain","CL0079","232","310","232","310","1","84","114.00","2.00E-33","n/a"
"VEGFA","7422","NP_001020539.2","PDGF","Platelet-derived growth factor (PDGF)","Domain","CL0079","232","310","232","310","1","84","114.10","1.80E-33","n/a"
"VEGFA","7422","NP_001020540.2","PDGF","Platelet-derived growth factor (PDGF)","Domain","CL0079","232","310","232","310","1","84","114.20","1.70E-33","n/a"
"VEGFA","7422","NP_001020541.2","PDGF","Platelet-derived growth factor (PDGF)","Domain","CL0079","232","310","232","310","1","84","114.40","1.50E-33","n/a"
"VEGFA","7422","NP_001028928.1","PDGF","Platelet-derived growth factor (PDGF)","Domain","CL0079","232","310","232","310","1","84","114.10","1.80E-33","n/a"
"VEGFA","7422","NP_001165093.1","PDGF","Platelet-derived growth factor (PDGF)","Domain","CL0079","232","310","232","310","1","84","114.50","1.40E-33","n/a"
"VEGFA","7422","NP_001165094.1","PDGF","Platelet-derived growth factor (PDGF)","Domain","CL0079","52","130","52","130","1","84","115.30","7.60E-34","n/a"
"VEGFA","7422","NP_001165095.1","PDGF","Platelet-derived growth factor (PDGF)","Domain","CL0079","52","130","52","130","1","84","115.50","6.50E-34","n/a"
"VEGFA","7422","NP_001165096.1","PDGF","Platelet-derived growth factor (PDGF)","Domain","CL0079","52","130","52","130","1","84","115.60","6.10E-34","n/a"
"VEGFA","7422","NP_001165097.1","PDGF","Platelet-derived growth factor (PDGF)","Domain","CL0079","52","130","52","130","1","84","115.90","5.00E-34","n/a"
"VEGFA","7422","NP_001165098.1","PDGF","Platelet-derived growth factor (PDGF)","Domain","CL0079","52","130","52","130","1","84","116.20","4.00E-34","n/a"
"VEGFA","7422","NP_001165099.1","PDGF","Platelet-derived growth factor (PDGF)","Domain","CL0079","52","130","52","130","1","84","116.80","2.60E-34","n/a"
"VEGFA","7422","NP_001165100.1","PDGF","Platelet-derived growth factor (PDGF)","Domain","CL0079","52","130","52","130","1","84","115.90","5.00E-34","n/a"
"VEGFA","7422","NP_001165101.1","PDGF","Platelet-derived growth factor (PDGF)","Domain","CL0079","52","130","52","130","1","84","117.10","2.10E-34","n/a"
"VEGFA","7422","NP_001191313.1","PDGF","Platelet-derived growth factor (PDGF)","Domain","CL0079","52","130","52","130","1","84","116.30","3.80E-34","n/a"
"VEGFA","7422","NP_001191314.1","PDGF","Platelet-derived growth factor (PDGF)","Domain","CL0079","232","310","232","310","1","84","114.20","1.70E-33","n/a"
"VEGFA","7422","NP_003367.4","PDGF","Platelet-derived growth factor (PDGF)","Domain","CL0079","232","310","232","310","1","84","113.90","2.00E-33","n/a"
"VGLL1","51442","NP_057351.1","Tissue_fac","Tissue factor","Family","CL0159","12","123","18","123","6","107","107.00","3.10E-31","n/a"
"VGLL3","389136","NP_057290.2","Vg_Tdu","Vestigial/Tondu family","Family","n/a","82","113","82","110","1","29","70.20","5.30E-20","n/a"
"VIM","7431","NP_003371.2","Filament_head","Intermediate filament head (DNA binding) region","Family","n/a","6","101","7","101","2","89","72.80","2.20E-20","n/a"
"VIM","7431","NP_003371.2","Filament","Intermediate filament protein","Family","n/a","102","410","102","410","1","312","389.00","1.40E-116","n/a"
"VOPP1","81552","NP_110423.3","CX","CX module","Family","n/a","34","54","37","52","44","59","10.90","2.90E-01","n/a"
"VOPP1","81552","NP_110423.3","DUF3483","Domain of unknown function (DUF3483)","Family","n/a","50","98","54","90","86","122","11.60","1.00E-01","n/a"
"VOPP1","81552","NP_110423.3","WBP-1","WW domain-binding protein 1","Family","n/a","37","89","37","78","1","40","17.40","2.70E-03","n/a"
"VPS36","51028","NP_057159.2","EAP30","EAP30/Vps36 family","Family","n/a","154","369","154","369","1","223","190.10","2.30E-56","n/a"
"VPS36","51028","NP_057159.2","Vps36_ESCRT-II","Vacuolar protein sorting protein 36 Vps36","Family","CL0266","2","88","6","88","5","89","61.20","4.90E-17","n/a"
"WNT7A","7476","NP_004616.2","wnt","wnt family","Family","n/a","37","349","37","349","1","310","416.40","5.20E-125","n/a"
"XYLT1","64131","NP_071449.1","Branch","Core-2/I-Branching enzyme","Family","n/a","328","583","328","580","1","244","172.70","6.00E-51","529"
"XYLT1","64131","NP_071449.1","Xylo_C","Xylosyltransferase C terminal","Family","n/a","613","794","613","794","1","178","239.80","9.20E-72","n/a"
"YES1","7525","NP_005424.1","Pkinase_Tyr","Protein tyrosine kinase","Domain","CL0016","277","526","278","526","2","259","307.90","3.50E-92","396"
"YES1","7525","NP_005424.1","SH2","SH2 domain","Domain","n/a","158","240","158","240","1","77","97.60","2.20E-28","n/a"
"YES1","7525","NP_005424.1","SH3_1","SH3 domain","Domain","CL0010","97","144","97","144","1","48","67.80","3.10E-19","n/a"
"YWHAB","7529","NP_003395.1","14-3-3","14-3-3 protein","Domain","n/a","5","238","6","237","2","235","377.10","1.80E-113","n/a"
"YWHAB","7529","NP_647539.1","14-3-3","14-3-3 protein","Domain","n/a","5","238","6","237","2","235","377.10","1.80E-113","n/a"
"ZBED1","9189","NP_001164606.1","zf-BED","BED zinc finger","Domain","CL0361","23","72","23","72","1","45","44.20","9.30E-12","n/a"
"ZBED1","9189","NP_001164607.1","zf-BED","BED zinc finger","Domain","CL0361","23","72","23","72","1","45","44.20","9.30E-12","n/a"
"ZBED1","9189","NP_004720.1","zf-BED","BED zinc finger","Domain","CL0361","23","72","23","72","1","45","44.20","9.30E-12","n/a"
"ZBED1","9189","NP_001164606.1","Dimer_Tnp_hAT","hAT family dimerisation domain","Domain","n/a","571","651","571","650","1","83","54.80","4.20E-15","n/a"
"ZBED1","9189","NP_001164607.1","Dimer_Tnp_hAT","hAT family dimerisation domain","Domain","n/a","571","651","571","650","1","83","54.80","4.20E-15","n/a"
"ZBED1","9189","NP_004720.1","Dimer_Tnp_hAT","hAT family dimerisation domain","Domain","n/a","571","651","571","650","1","83","54.80","4.20E-15","n/a"
"ZEB1","6935","NP_001121600.1","Homeobox","Homeobox domain","Domain","CL0123","570","618","576","614","11","49","23.00","3.70E-05","n/a"
"ZEB1","6935","NP_001167564.1","Homeobox","Homeobox domain","Domain","CL0123","566","614","572","610","11","49","23.00","3.70E-05","n/a"
"ZEB1","6935","NP_001167565.1","Homeobox","Homeobox domain","Domain","CL0123","569","617","575","613","11","49","23.00","3.70E-05","n/a"
"ZEB1","6935","NP_001167566.1","Homeobox","Homeobox domain","Domain","CL0123","519","567","525","563","11","49","23.00","3.50E-05","n/a"
"ZEB1","6935","NP_001167567.1","Homeobox","Homeobox domain","Domain","CL0123","587","635","593","631","11","49","22.90","3.80E-05","n/a"
"ZEB1","6935","NP_110378.3","Homeobox","Homeobox domain","Domain","CL0123","586","634","592","630","11","49","22.90","3.80E-05","n/a"
"ZEB1","6935","NP_001121600.1","zf-C2H2","Zinc finger; C2H2 type","Domain","CL0361","154","177","155","177","2","23","14.90","2.10E-02","n/a"
"ZEB1","6935","NP_001121600.1","zf-C2H2","Zinc finger; C2H2 type","Domain","CL0361","184","206","184","206","1","23","15.40","1.50E-02","n/a"
"ZEB1","6935","NP_001121600.1","zf-C2H2","Zinc finger; C2H2 type","Domain","CL0361","224","246","224","246","1","23","19.90","5.60E-04","n/a"
"ZEB1","6935","NP_001121600.1","zf-C2H2","Zinc finger; C2H2 type","Domain","CL0361","888","910","888","910","1","23","14.10","3.80E-02","n/a"
"ZEB1","6935","NP_001121600.1","zf-C2H2","Zinc finger; C2H2 type","Domain","CL0361","916","938","916","938","1","23","18.00","2.20E-03","n/a"
"ZEB1","6935","NP_001121600.1","zf-C2H2","Zinc finger; C2H2 type","Domain","CL0361","944","965","944","964","1","21","17.30","3.70E-03","n/a"
"ZEB1","6935","NP_001167564.1","zf-C2H2","Zinc finger; C2H2 type","Domain","CL0361","150","173","151","173","2","23","14.90","2.10E-02","n/a"
"ZEB1","6935","NP_001167564.1","zf-C2H2","Zinc finger; C2H2 type","Domain","CL0361","180","202","180","202","1","23","15.40","1.50E-02","n/a"
"ZEB1","6935","NP_001167564.1","zf-C2H2","Zinc finger; C2H2 type","Domain","CL0361","220","242","220","242","1","23","19.90","5.60E-04","n/a"
"ZEB1","6935","NP_001167564.1","zf-C2H2","Zinc finger; C2H2 type","Domain","CL0361","884","906","884","906","1","23","14.10","3.80E-02","n/a"
"ZEB1","6935","NP_001167564.1","zf-C2H2","Zinc finger; C2H2 type","Domain","CL0361","912","934","912","934","1","23","18.00","2.20E-03","n/a"
"ZEB1","6935","NP_001167564.1","zf-C2H2","Zinc finger; C2H2 type","Domain","CL0361","940","961","940","960","1","21","17.30","3.70E-03","n/a"
"ZEB1","6935","NP_001167565.1","zf-C2H2","Zinc finger; C2H2 type","Domain","CL0361","153","176","154","176","2","23","14.90","2.10E-02","n/a"
"ZEB1","6935","NP_001167565.1","zf-C2H2","Zinc finger; C2H2 type","Domain","CL0361","183","205","183","205","1","23","15.40","1.50E-02","n/a"
"ZEB1","6935","NP_001167565.1","zf-C2H2","Zinc finger; C2H2 type","Domain","CL0361","223","245","223","245","1","23","19.90","5.60E-04","n/a"
"ZEB1","6935","NP_001167565.1","zf-C2H2","Zinc finger; C2H2 type","Domain","CL0361","887","909","887","909","1","23","14.10","3.80E-02","n/a"
"ZEB1","6935","NP_001167565.1","zf-C2H2","Zinc finger; C2H2 type","Domain","CL0361","915","937","915","937","1","23","18.00","2.20E-03","n/a"
"ZEB1","6935","NP_001167565.1","zf-C2H2","Zinc finger; C2H2 type","Domain","CL0361","943","964","943","963","1","21","17.30","3.70E-03","n/a"
"ZEB1","6935","NP_001167566.1","zf-C2H2","Zinc finger; C2H2 type","Domain","CL0361","103","126","104","126","2","23","15.00","2.00E-02","n/a"
"ZEB1","6935","NP_001167566.1","zf-C2H2","Zinc finger; C2H2 type","Domain","CL0361","133","155","133","155","1","23","15.40","1.50E-02","n/a"
"ZEB1","6935","NP_001167566.1","zf-C2H2","Zinc finger; C2H2 type","Domain","CL0361","173","195","173","195","1","23","19.90","5.30E-04","n/a"
"ZEB1","6935","NP_001167566.1","zf-C2H2","Zinc finger; C2H2 type","Domain","CL0361","837","859","837","859","1","23","14.20","3.60E-02","n/a"
"ZEB1","6935","NP_001167566.1","zf-C2H2","Zinc finger; C2H2 type","Domain","CL0361","865","887","865","887","1","23","18.10","2.10E-03","n/a"
"ZEB1","6935","NP_001167566.1","zf-C2H2","Zinc finger; C2H2 type","Domain","CL0361","893","914","893","913","1","21","17.40","3.50E-03","n/a"
"ZEB1","6935","NP_001167567.1","zf-C2H2","Zinc finger; C2H2 type","Domain","CL0361","171","194","172","194","2","23","14.90","2.20E-02","n/a"
"ZEB1","6935","NP_001167567.1","zf-C2H2","Zinc finger; C2H2 type","Domain","CL0361","201","223","201","223","1","23","15.30","1.60E-02","n/a"
"ZEB1","6935","NP_001167567.1","zf-C2H2","Zinc finger; C2H2 type","Domain","CL0361","241","263","241","263","1","23","19.90","5.70E-04","n/a"
"ZEB1","6935","NP_001167567.1","zf-C2H2","Zinc finger; C2H2 type","Domain","CL0361","905","927","905","927","1","23","14.10","3.90E-02","n/a"
"ZEB1","6935","NP_001167567.1","zf-C2H2","Zinc finger; C2H2 type","Domain","CL0361","933","955","933","955","1","23","18.00","2.20E-03","n/a"
"ZEB1","6935","NP_001167567.1","zf-C2H2","Zinc finger; C2H2 type","Domain","CL0361","961","982","961","981","1","21","17.30","3.80E-03","n/a"
"ZEB1","6935","NP_110378.3","zf-C2H2","Zinc finger; C2H2 type","Domain","CL0361","170","193","171","193","2","23","14.90","2.20E-02","n/a"
"ZEB1","6935","NP_110378.3","zf-C2H2","Zinc finger; C2H2 type","Domain","CL0361","200","222","200","222","1","23","15.30","1.60E-02","n/a"
"ZEB1","6935","NP_110378.3","zf-C2H2","Zinc finger; C2H2 type","Domain","CL0361","240","262","240","262","1","23","19.90","5.70E-04","n/a"
"ZEB1","6935","NP_110378.3","zf-C2H2","Zinc finger; C2H2 type","Domain","CL0361","904","926","904","926","1","23","14.10","3.90E-02","n/a"
"ZEB1","6935","NP_110378.3","zf-C2H2","Zinc finger; C2H2 type","Domain","CL0361","932","954","932","954","1","23","18.00","2.20E-03","n/a"
"ZEB1","6935","NP_110378.3","zf-C2H2","Zinc finger; C2H2 type","Domain","CL0361","960","981","960","980","1","21","17.30","3.80E-03","n/a"
"ZIC1","7545","NP_003403.2","zf-C2H2","Zinc finger; C2H2 type","Domain","CL0361","269","296","276","296","6","23","13.30","0.067","n/a"
"ZIC1","7545","NP_003403.2","zf-C2H2","Zinc finger; C2H2 type","Domain","CL0361","302","326","302","326","1","23","24.20","2.40E-05","n/a"
"ZIC1","7545","NP_003403.2","zf-C2H2","Zinc finger; C2H2 type","Domain","CL0361","332","356","332","356","1","23","12.50","0.13","n/a"
"ZIC1","7545","NP_003403.2","zf-C2H2","Zinc finger; C2H2 type","Domain","CL0361","362","384","362","384","1","23","21.90","0.00012","n/a"
"ZMYND19","116225","NP_612471.1","zf-MYND","MYND finger","Family","CL0175","167","212","180","212","8","40","33.80","1.80E-08","n/a"
"ZNF207","7756","NP_001027464.1","zf-FCS","MYM-type Zinc finger with FCS sequence motif","Domain","CL0175","29","58","32","49","4","21","10.70","2.50E-01","n/a"
"ZNF207","7756","NP_001091977.1","zf-FCS","MYM-type Zinc finger with FCS sequence motif","Domain","CL0175","29","58","32","49","4","21","10.70","2.50E-01","n/a"
"ZNF207","7756","NP_003448.1","zf-FCS","MYM-type Zinc finger with FCS sequence motif","Domain","CL0175","29","58","32","49","4","21","10.70","2.40E-01","n/a"
"ZNF207","7756","NP_001027464.1","SSP160","Special lobe-specific silk protein SSP160","Family","n/a","226","351","273","346","235","310","8.30","3.90E-01","n/a"
"","0","","","","","","0","0","0","0","0","0","0.00","",""
"","0","","","","","","0","0","0","0","0","0","0.00","",""
"","0","","","","","","0","0","0","0","0","0","0.00","",""
"","0","","","","","","0","0","0","0","0","0","0.00","",""
"","0","","","","","","0","0","0","0","0","0","0.00","",""
"","0","","","","","","0","0","0","0","0","0","0.00","",""
"","0","","","","","","0","0","0","0","0","0","0.00","",""
"","0","","","","","","0","0","0","0","0","0","0.00","",""
"","0","","","","","","0","0","0","0","0","0","0.00","",""
"","0","","","","","","0","0","0","0","0","0","0.00","",""
"","0","","","","","","0","0","0","0","0","0","0.00","",""
"","0","","","","","","0","0","0","0","0","0","0.00","",""
"","0","","","","","","0","0","0","0","0","0","0.00","",""
"","0","","","","","","0","0","0","0","0","0","0.00","",""
"","0","","","","","","0","0","0","0","0","0","0.00","",""
"","0","","","","","","0","0","0","0","0","0","0.00","",""
"","0","","","","","","0","0","0","0","0","0","0.00","",""
"","0","","","","","","0","0","0","0","0","0","0.00","",""
"","0","","","","","","0","0","0","0","0","0","0.00","",""
"","0","","","","","","0","0","0","0","0","0","0.00","",""
"","0","","","","","","0","0","0","0","0","0","0.00","",""
"","0","","","","","","0","0","0","0","0","0","0.00","",""
"","0","","","","","","0","0","0","0","0","0","0.00","",""
"","0","","","","","","0","0","0","0","0","0","0.00","",""
"","0","","","","","","0","0","0","0","0","0","0.00","",""
"","0","","","","","","0","0","0","0","0","0","0.00","",""
"","0","","","","","","0","0","0","0","0","0","0.00","",""
"","0","","","","","","0","0","0","0","0","0","0.00","",""
"","0","","","","","","0","0","0","0","0","0","0.00","",""
"","0","","","","","","0","0","0","0","0","0","0.00","",""
"","0","","","","","","0","0","0","0","0","0","0.00","",""
"","0","","","","","","0","0","0","0","0","0","0.00","",""
"","0","","","","","","0","0","0","0","0","0","0.00","",""
"","0","","","","","","0","0","0","0","0","0","0.00","",""
"","0","","","","","","0","0","0","0","0","0","0.00","",""
"","0","","","","","","0","0","0","0","0","0","0.00","",""
"","0","","","","","","0","0","0","0","0","0","0.00","",""
"","0","","","","","","0","0","0","0","0","0","0.00","",""
"","0","","","","","","0","0","0","0","0","0","0.00","",""
"","0","","","","","","0","0","0","0","0","0","0.00","",""
"","0","","","","","","0","0","0","0","0","0","0.00","",""
"","0","","","","","","0","0","0","0","0","0","0.00","",""
