"Gene_Name","Gene_ID","Pubmed_ID","Classification","Mechanism","Marker","Type","Normal_Cases","Disease_Cases","Age","Mean_Age","Place","FIGO","Grade","Remark","Title","Journal","Volume","Year"
"ABCB1","5243","17300681","-","Mutation","-","-","198+488 healthy volunteers","198","-","64.9 (disease); 64.8 (control); 39.2 (volunteers)","-","-","-","[1] MDR1 C3435T polymorphism is correlated with endometrial cancer susceptibility. [2] Genotypes containing at least one 3435T allele were statistically significant more frequent in the endometrial cancer group (86.8% vs 75.2%; OR 2.18; P = 0.004). [3] The distribution of MDR1 3435 genotypes was significantlydifferent between cases and controls (P ¼ 0.006).Genotypes containing at least one 3435T allele were statisticallysignificant more frequent in the endometrialcancer group (86.8% vs 75.2% in controls; OR 2.18; P ¼0.004). The overrepresentation of homozygous 3435TTgenotypes in endometrial cancer group (31.3% vs22.2%) and slight overrepresentation of heterozygous3435CT in this group (55.6% vs 53.0%) were observed;however; did not reach statistical significance.; Analysisof alleles frequency showed significant overrepresentationof 3435T allele in endometrial cancer group(P ¼ 0.004).","The significance of C3435T point mutation of the MDR1 gene in endometrial cancer.","International Journal of Gynecological Cancer","17(3):728-31","2007"
"ABCC3","8714","18949382","-","Up regulation/ Over expression/High expression","-","-","-","-","-","-","Shandong Tumor Hospital; China","-","-","[1] The microarray study shows that this gene is up-regulated by 5.449 fold in the tumor associated endometrium.","Gene alterations in tumor-associated endothelial cells from endometrial cancer.","International Journal of Molecular Medicine","22(5):619-32","2008"
"ACOT2","10965","18949382","-","Down regulation/ Down expression","-","-","-","-","-","-","Shandong Tumor Hospital; China","-","-","[1] The microarray study shows that this gene is down-regulated by 0.157 fold in the tumor associated endometrium.","Gene alterations in tumor-associated endothelial cells from endometrial cancer.","International Journal of Molecular Medicine","22(5):619-32","2008"
"ADAM3","80332","17043662","-","Down regulation/ Down expression","-","-","29","55","36 to 82 (disease); 38 to 85 (control","55.5 (disease); 52.8 (control)",""Department of Obstetrics and Gynaecology"," The Chinese University of HingKong"," Prince of Wales Hospital."","-","-","[1] This investigation suggests that this gene is differently regulated by -5.1 fold change in the pathogenesis of endometrial carcinoma.","Identification of molecular markers and signaling pathway in endometrial cancer in Hong Kong Chinese women by genome-wide gene expression profiling","0"
"ADAM9","8754","18949382","-","Up regulation/ Over expression/High expression","-","-","-","-","-","-","Shandong Tumor Hospital; China","-","-","[1] The microarray study shows that this gene is up-regulated by 14.611 fold in the tumor associated endometrium.","Gene alterations in tumor-associated endothelial cells from endometrial cancer.","International Journal of Molecular Medicine","22(5):619-32","2008"
"ADAMTS5","11096","17043662","-","Down regulation/ Down expression","-","-","29","55","36 to 82 (disease); 38 to 85 (control","55.5 (disease); 52.8 (control)",""Department of Obstetrics and Gynaecology"," The Chinese University of HingKong"," Prince of Wales Hospital."","-","-","[1] This investigation suggests that this gene is differently regulated by-7.36fold change in the pathogenesis of endometrial carcinoma.","Identification of molecular markers and signaling pathway in endometrial cancer in Hong Kong Chinese women by genome-wide gene expression profiling","0"
"ADD3","120","15604243","-","-","-","-","-","-","50 to 80","-","Department of Gynecological Oncology; Hospital Vall d'Hebron and Hospital del Mar in Barcelona; Spain.","-","-","[1] The microarray study shows that this gene is differently expressed in endometrioid carcinoma profile; and thus found to be altered in endometrial cancer.","A differential gene expression profile reveals overexpression of RUNX1/AML1 in invasive endometrioid carcinoma.","Cancer Research","64(24):8846-53","2004"
"ADD3","120","18949382","-","Down regulation/ Down expression","-","-","-","-","-","-","Shandong Tumor Hospital; China","-","-","[1] The microarray study shows that this gene is down-regulated by 0.104 fold in the tumor associated endometrium.","Gene alterations in tumor-associated endothelial cells from endometrial cancer.","International Journal of Molecular Medicine","22(5):619-32","2008"
"AGR2","10551","15930340","-","Differentially expressed","","-","-","119 (66 endometrioid; 24 papillary serous; 29 mixed mullerian tumors)","-","-","Duke University Medical Centre; North Carolina","-","-","[1] The microarray study shows that this gene is differently expressed in endometrioid carcinoma profile; reflecting expression value 5.603 and 16.175 on both the endometrioid versus papillary serous carcionma and endometrioid versus mixed mullerian tumor respectively. ","Microarray analysis of endometrial carcinomas and mixed mullerian tumors reveals distinct gene expression profiles associated with different histologic types of uterine cancer","Clinical Cancer Research","11(11):4056-66","2005"
"AKT1","207","11309338","-","-","-","-","-","103","-","-","Tottori University Hospital Yonago; Japan","-","-","[1] Akt activation accompained by PTEN activation is a key step in the development and/or progression of carcinomas. [2] A significant inverse correlation between PTEN and phospho-Akt (r = -0.796). The phospho-Akt level in negative immunohistochemical staining of PTEN cases is significantly higher. [3] The study demonstrates the phosphorylation of Akt is accompanied by the loss of PTEN in clinical specimens of endometrial carcinomas. ","Correlation between loss of PTEN expression and Akt phosphorylation in endometrial carcinoma.","Clinical Cancer Research","7(4):892-5","2001"
"AKT1","207","12790783","-","-","-","-","-","-","-","-","-","IIIC (n=55); IV (n=9)","1 (n=21); 2 (n=25); 3 (n=18)","[1] The phosphorylation of Akt accompanied by the loss of PTEN in clinical specimens of endometrial cancers.  Akt was signi?cantly phosphorylated in tumor tissue with loss of PTEN expression; and that phosphorylated Akt expression was negatively correlated with PTEN expression. This ?nding supports the basic evidence that Akt activation accompanied by PTEN inactivation is a key step for the development and/or progression of cancer. ","Loss of PTEN expression followed by Akt phosphorylation is a poor prognostic factor for patients with endometrial cancer","Endocrine-related Cancer","10(2):203-8","2003"
"ALDH1A2","8854","17043662","-","Down regulation/ Down expression","-","-","29","55","36 to 82 (disease); 38 to 85 (control","55.5 (disease); 52.8 (control)",""Department of Obstetrics and Gynaecology"," The Chinese University of HingKong"," Prince of Wales Hospital."","-","-","[1] This investigation suggests that this gene is differently regulated by-7.01fold change in the pathogenesis of endometrial carcinoma.","Identification of molecular markers and signaling pathway in endometrial cancer in Hong Kong Chinese women by genome-wide gene expression profiling","0"
"ALPPL2","251","17043662","-","Up regulation/ Over expression/High expression","-","-","29","55","36 to 82 (disease); 38 to 85 (control","55.5 (disease); 52.8 (control)",""Department of Obstetrics and Gynaecology"," The Chinese University of HingKong"," Prince of Wales Hospital."","-","-","[1] This investigation suggests that this gene is differently regulated by 10.87 fold change in the pathogenesis of endometrial carcinoma.","Identification of molecular markers and signaling pathway in endometrial cancer in Hong Kong Chinese women by genome-wide gene expression profiling","0"
"ANXA2","302","18949382","-","Up regulation/ Over expression/High expression","-","-","-","-","-","-","Shandong Tumor Hospital; China","-","-","[1] The microarray study shows that this gene is up-regulated by 8.745 fold in the tumor associated endometrium.","Gene alterations in tumor-associated endothelial cells from endometrial cancer.","International Journal of Molecular Medicine","22(5):619-32","2008"
"APC","324","12097272","-","Hypermethylation","-","Tumor suppressor","-","114","-","-","University of Toronto","-","-","[1] APC hypermethylation occurs at an increased frequency in MSI+ endometrial tumors (P = 0.01).Methylation of APC is also observed at the earliest stages of endometrial tumorigenesis; including simple; complex; and atypical hyperplasias. [2] Tumor-specific hypermethylation of APC with corresponding unmethylated normal endometrial tissue occurred in 43% (17 of 40) of MSI+ cases (P = 0.0007) and 16% (12 of 74) of microsatellite stable cases (P = 0.04). Interestingly; tumor tissue was unmethylated with normal tissue displaying APC methylation in 4% (5 of 114; 2MSI+ and 3 microsatellite stable) of cases. ","Methylation of adenomatous polyposis coli in endometrial cancer occurs more frequently in tumors with microsatellite instability phenotype","Cancer Research","62(13):3663-6","2002"
"AR","367","16161040","-","Polymorphism","-","-","666 (Nurse Health Study); 411 (Women Health Study)","222 (Nurse Health Study); 137 (Women Health Study)","-","-","-","-","-","[1] An increasing number of functional CAG repeats may be associated with endometrial carcinogenesis because of AR's reduced ability to recruit coregulators and other transcriptional components. [2] In the pooled analysis; women with an average repeat allele > or =22 repeats compared to <22 repeats were at a statistically significant decreased risk of endometrial cancer (odds ratio (OR) = 0.76; 95% confidence interval (CI); 0.59-0.98). Women with one or two long alleles (> or =27 repeats) compared to both alleles <22 repeats were also at a statistically significant decreased risk (OR = 0.60; 95% CI; 0.36-0.99). We observed a modest yet statistically significant association for each one unit increase in the average repeat length and endometrial cancer risk (OR = 0.94; 95% CI; 0.88-1.00). Associations for the AR CAG average repeat length and endometrial cancer risk differed by menopausal status (p = 0.02). ","Androgen receptor polymorphisms and endometrial cancer risk.","International Journal of Cancer","118(5):1261-8","2006"
"AREG","374","15604243","-","-","-","-","-","-","50 to 80","-","Department of Gynecological Oncology; Hospital Vall d'Hebron and Hospital del Mar in Barcelona; Spain.","-","-","[1] The microarray study shows that this gene is differently expressed in endometrioid carcinoma profile; and thus found to be altered in endometrial cancer.","A differential gene expression profile reveals overexpression of RUNX1/AML1 in invasive endometrioid carcinoma.","Cancer Research","64(24):8846-53","2004"
"ARL4A","10124","18949382","-","Down regulation/ Down expression","-","-","-","-","-","-","Shandong Tumor Hospital; China","-","-","[1] The microarray study shows that this gene is down-regulated by 0.108 fold in the tumor associated endometrium.","Gene alterations in tumor-associated endothelial cells from endometrial cancer.","International Journal of Molecular Medicine","22(5):619-32","2008"
"ASRGL1","80150","15930340","-","Differentially expressed","","-","-","119 (66 endometrioid; 24 papillary serous; 29 mixed mullerian tumors)","-","-","Duke University Medical Centre; North Carolina","-","-","[1] The microarray study shows that this gene is differently expressed in endometrioid carcinoma profile; reflecting expression value 2.218 and 8.166 on both the endometrioid versus papillary serous carcionma and endometrioid versus mixed mullerian tumor respectively. ","Microarray analysis of endometrial carcinomas and mixed mullerian tumors reveals distinct gene expression profiles associated with different histologic types of uterine cancer","Clinical Cancer Research","11(11):4056-66","2005"
"ATAD2","29028","15930340","-","Differentially expressed","","-","-","119 (66 endometrioid; 24 papillary serous; 29 mixed mullerian tumors)","-","-","Duke University Medical Centre; North Carolina","-","-","[1] The microarray study shows that this gene is differently expressed in endometrioid carcinoma profile; reflecting expression value 0.465 and 0.384 on both the endometrioid versus papillary serous carcionma and endometrioid versus mixed mullerian tumor respectively. ","Microarray analysis of endometrial carcinomas and mixed mullerian tumors reveals distinct gene expression profiles associated with different histologic types of uterine cancer","Clinical Cancer Research","11(11):4056-66","2005"
"ATP2C2","9914","15930340","-","Differentially expressed","","-","-","119 (66 endometrioid; 24 papillary serous; 29 mixed mullerian tumors)","-","-","Duke University Medical Centre; North Carolina","-","-","[1] The microarray study shows that this gene is differently expressed in endometrioid carcinoma profile; reflecting expression value 3.223 and 6.239 on both the endometrioid versus papillary serous carcionma and endometrioid versus mixed mullerian tumor respectively. ","Microarray analysis of endometrial carcinomas and mixed mullerian tumors reveals distinct gene expression profiles associated with different histologic types of uterine cancer","Clinical Cancer Research","11(11):4056-66","2005"
"ATP8A2","51761","17043662","-","Down regulation/ Down expression","-","-","29","55","36 to 82 (disease); 38 to 85 (control","55.5 (disease); 52.8 (control)",""Department of Obstetrics and Gynaecology"," The Chinese University of HingKong"," Prince of Wales Hospital."","-","-","[1] This investigation suggests that this gene is differently regulated by-6.58fold change in the pathogenesis of endometrial carcinoma.","Identification of molecular markers and signaling pathway in endometrial cancer in Hong Kong Chinese women by genome-wide gene expression profiling","0"
"ATP8B2","57198","15930340","-","Differentially expressed","","-","-","119 (66 endometrioid; 24 papillary serous; 29 mixed mullerian tumors)","-","-","Duke University Medical Centre; North Carolina","-","-","[1] The microarray study shows that this gene is differently expressed in endometrioid carcinoma profile; reflecting expression value 0.308 and 0.199 on both the endometrioid versus papillary serous carcionma and endometrioid versus mixed mullerian tumor respectively. ","Microarray analysis of endometrial carcinomas and mixed mullerian tumors reveals distinct gene expression profiles associated with different histologic types of uterine cancer","Clinical Cancer Research","11(11):4056-66","2005"
"ATP9B","374868","15604243","-","-","-","-","-","-","50 to 80","-","Department of Gynecological Oncology; Hospital Vall d'Hebron and Hospital del Mar in Barcelona; Spain.","-","-","[1] The microarray study shows that this gene is differently expressed in endometrioid carcinoma profile; and thus found to be altered in endometrial cancer.","A differential gene expression profile reveals overexpression of RUNX1/AML1 in invasive endometrioid carcinoma.","Cancer Research","64(24):8846-53","2004"
"ATR","545","19470935","-","Mutation","-","-","-","248","-","63.7",""The Division of Gynecologic Oncology"," Washington University School  of Medicine"",""Ia (n=35)"," Ib/Ic (n=148)"," II (n=13)"," III/IV (n=48)"," Ustaged (n=4)"","0"
"B3GAT3","26229","15604243","-","-","-","-","-","-","50 to 80","-","Department of Gynecological Oncology; Hospital Vall d'Hebron and Hospital del Mar in Barcelona; Spain.","-","-","[1] The microarray study shows that this gene is differently expressed in endometrioid carcinoma profile; and thus found to be altered in endometrial cancer.","A differential gene expression profile reveals overexpression of RUNX1/AML1 in invasive endometrioid carcinoma.","Cancer Research","64(24):8846-53","2004"
"BAMBI","25805","15930340","-","Differentially expressed","","-","-","119 (66 endometrioid; 24 papillary serous; 29 mixed mullerian tumors)","-","-","Duke University Medical Centre; North Carolina","-","-","[1] The microarray study shows that this gene is differently expressed in endometrioid carcinoma profile; reflecting expression value 2.383 and 2.065 on both the endometrioid versus papillary serous carcionma and endometrioid versus mixed mullerian tumor respectively. ","Microarray analysis of endometrial carcinomas and mixed mullerian tumors reveals distinct gene expression profiles associated with different histologic types of uterine cancer","Clinical Cancer Research","11(11):4056-66","2005"
"BCAM","4059","15930340","-","Differentially expressed","","-","-","119 (66 endometrioid; 24 papillary serous; 29 mixed mullerian tumors)","-","-","Duke University Medical Centre; North Carolina","-","-","[1] The microarray study shows that this gene is differently expressed in endometrioid carcinoma profile; reflecting expression value 2.363 and 2.013 on both the papillary serous carcionma versus endometrioid versus and papillary serous versus mixed mullerian tumor respectively. ","Microarray analysis of endometrial carcinomas and mixed mullerian tumors reveals distinct gene expression profiles associated with different histologic types of uterine cancer","Clinical Cancer Research","11(11):4056-66","2005"
"BCL2L1","598","20178603","-","Up regulation/ Over expression/High expression","-","-","10 (6 proliferative+ 4 secretory)","50 (6 simple hyperplasia + 12 atypical hyperplasia+ 32 endometrial carcinoma)","34 to 70 (patient); 37 to 59 (control)","52 (patient); 48 (control)","Department of Obstetrics and Gynecology; Hospital of China Medical University","I (n=22); II (n=4); III (n=6)","1 (n=14); 2 (n=12); 3 (n=6)","[1] The abnormal expressions of Bcl-xs and Bcl-xl were one of the molecular mechanisms for the pathogenesis of endometrial carcinoma; and altered ratio between these two might involve in the onset of endometrial carcinoma. [2] Bcl-xl expression in endometrial carcinoma tissue was significantly higher than the normal endometrial tissue (P = 0.00); which was correlated with the pathological grading of endometrial carcinoma (F = 5.33; P = 0.02). ","Relevance of Bcl-x expression in different types of endometrial tissues","Journal of Experimental and Clinical Research","29:14","2010"
"BEX5","340542","17043662","-","Down regulation/ Down expression","-","-","29","55","36 to 82 (disease); 38 to 85 (control","55.5 (disease); 52.8 (control)",""Department of Obstetrics and Gynaecology"," The Chinese University of HingKong"," Prince of Wales Hospital."","-","-","[1] This gene is differently downregulated by -4.46 fold change in late stage endometrioid cancer as compared to early stage disease.","Identification of molecular markers and signaling pathway in endometrial cancer in Hong Kong Chinese women by genome-wide gene expression profiling","0"
"BIRC5","332","16826583","-","Up regulation/ Over expression/High expression","-","-","-","17 endometrial adenocarcinoma and 4 atypical endometrium; 60 endometrial adenocarcinoma paraffin-embedded tissue; 20 atypical endometrium paraffin-embedded tissue; 20 normal endometrium paraffin embedded tissue","31 to 77","55","Obstetrics and Gynecology Hospital; Fudan University","I (n=13); II (n=2); III (n=2) [for paraffin- embedded tissue I (n=47); II (n=9); III (n=3); IV (n=1)]","1 (n=12); 2 (n=2); 3 (n=3) [for paraffin- embedded tissue 1 (n=14); 2 (n=13); 3 (n=7)]","[1] Higher levels of survivin mRNA and protein expression were observedin endometrial adenocarcinomas than in atypical or normal endometrium.Immunohistochemical staining revealed that 83.3% (50 of 60) of endometrial adenocarcinomasamples; 55.0% (11 of 20) of atypical endometrium samples; and25.0% (5 of 20) of normal endometrium samples were positive for survivin protein. [2] The MAPK pathway was a signal transduction pathway upstream of survivin.Epidermal growth factor (EGF) and transforming growth factor-a (TGF-a) upregulatedsurvivin protein expression by activating the MAPK pathway in endometrialcancer cells. [3] Survivin promotescell proliferation and cell cycle progression byactivating the cdk4/cyclinD1 complex and enhancing RB phosphorylation to release E2F transcription factor.","Inhibition of survivin reduces cell proliferation and induces apoptosis in human endometrial cancer.","Cancer","107(4):746-56","2006"
"BRAF","673","16144912","-","Mutation","-","-","20 (10 proliferative+ 10 secretory)","97 (78 endometroid adenocarcinoma+ 12 serous papillary + 6 clear cell carcinomas)","30 to 76","-","Shinshu University Hospital","I (n=52); II (n=10); III (n=28); IV (n=7)","1 (n=36); 2 (n=19); 3 (n=23)",""[1] mutations of the BRAF gene are partly involved in the malignant transformation of the endometrium. [2] Of the 97 carcinomas and 9 hyperplasias"," 20 (21%) and 1 (11%) had BRAF mutations"," most of them at previously unreported sites. Twenty samples of normal endometrium and 21 samples of normal endometrium obtained from sites adjacent to neoplastic lesions had no BRAF mutations. There was no apparent difference in the prevalence of BRAF mutation among stages"," histologic subtypes","0"
"BST2","684","17043662","-","Up regulation/ Over expression/High expression","-","-","29","55","36 to 82 (disease); 38 to 85 (control","55.5 (disease); 52.8 (control)",""Department of Obstetrics and Gynaecology"," The Chinese University of HingKong"," Prince of Wales Hospital."","-","-","[1] This investigation suggests that this gene is differently regulated by 5.1 fold change in the pathogenesis of endometrial carcinoma.","Identification of molecular markers and signaling pathway in endometrial cancer in Hong Kong Chinese women by genome-wide gene expression profiling","0"
"BTN2A1","11120","15604243","-","-","-","-","-","-","50 to 80","-","Department of Gynecological Oncology; Hospital Vall d'Hebron and Hospital del Mar in Barcelona; Spain.","-","-","[1] The microarray study shows that this gene is differently expressed in endometrioid carcinoma profile; and thus found to be altered in endometrial cancer.","A differential gene expression profile reveals overexpression of RUNX1/AML1 in invasive endometrioid carcinoma.","Cancer Research","64(24):8846-53","2004"
"C19ORF33","64073","18507030","-","Up regulation/ Over expression/High expression","-","-","-","26 Korean and 27 Japanese patients with endometrioid-type endometrial carcinoma","-","-",""Bundang CHA General Hospital"," South Korea and Hokkaido University Hospital"," Japan"",""Korean: I (n=21); II (n=2)"," III (n=3); Japanese I (n=20)"," III (n=6)"," IV (n=1)"","0"
"C1QTNF3","114899","18949382","-","Up regulation/ Over expression/High expression","-","-","-","-","-","-","Shandong Tumor Hospital; China","-","-","[1] The microarray study shows that this gene is up-regulated by 7.486 fold in the tumor associated endometrium.","Gene alterations in tumor-associated endothelial cells from endometrial cancer.","International Journal of Molecular Medicine","22(5):619-32","2008"
"C20orf32","25927","17043662","-","Down regulation/ Down expression","-","-","29","55","36 to 82 (disease); 38 to 85 (control","55.5 (disease); 52.8 (control)",""Department of Obstetrics and Gynaecology"," The Chinese University of HingKong"," Prince of Wales Hospital."","-","-","[1] This investigation suggests that this gene is differently regulated by -5.49 fold change in the pathogenesis of endometrial carcinoma.","Identification of molecular markers and signaling pathway in endometrial cancer in Hong Kong Chinese women by genome-wide gene expression profiling","0"
"C8A","731","15604243","-","-","-","-","-","-","50 to 80","-","Department of Gynecological Oncology; Hospital Vall d'Hebron and Hospital del Mar in Barcelona; Spain.","-","-","[1] The microarray study shows that this gene is differently expressed in endometrioid carcinoma profile; and thus found to be altered in endometrial cancer.","A differential gene expression profile reveals overexpression of RUNX1/AML1 in invasive endometrioid carcinoma.","Cancer Research","64(24):8846-53","2004"
"CAPG","822","18949382","-","Up regulation/ Over expression/High expression","-","-","-","-","-","-","Shandong Tumor Hospital; China","-","-","[1] The microarray study shows that this gene is up-regulated by 5.177 fold in the tumor associated endometrium.","Gene alterations in tumor-associated endothelial cells from endometrial cancer.","International Journal of Molecular Medicine","22(5):619-32","2008"
"CAPZA1","829","18949382","-","Up regulation/ Over expression/High expression","-","-","-","-","-","-","Shandong Tumor Hospital; China","-","-","[1] The microarray study shows that this gene is up-regulated by 8.179 fold in the tumor associated endometrium.","Gene alterations in tumor-associated endothelial cells from endometrial cancer.","International Journal of Molecular Medicine","22(5):619-32","2008"
"CASC2","255082","17352238","-","Down regulation/ Down expression","-","Tumor suppressor","-","-","-","-",""Sassari University and Azienda Unità Sanitaria Locale of Sassari"," Italy"","-","-",""[1] A significantly decreased level of CASC2a transcripts was observed in 13/17 (76%) EC tissues. [2] Exogenous expression of CASC2a in undifferentiated AN3CA endometrial cancer cells inhibited cellular growth in anchorage-independent growth assays indicating that CASC2A may excert a high potential for negative regulation of clonal growth. [3] CASC2a may act as a tumour suppressor gene"," with both epigenetic and genetic alterations concurring to gene inactivation. Down-regulation of CASC2a may provide a growth advantage in EC cells. [4] CASC2a mRNA levels were markedly reduced (with a down-regulation of at least 79%) in all EC+SD tumours."","CASC2a gene is down-regulated in endometrial cancer.","0"
"CASP3","836","19531679","-","Polymorphism","-","-","1003","1028","-","54.3 (for case) 54.4 (for control)","Sanghai; China","-","-","[1] The GG genotype of rs2705901 in the caspase-3 gene was significantly associated with increased cancer risk compared with the CC genotype (odds ratio; 2.25; 95% CI; 1.03-4.95). ","Polymorphisms and haplotypes in the caspase-3; caspase-7; and caspase-8 genes and risk for endometrial cancer: a population-based; case-control study in a Chinese population","Cancer epidemiology; biomarkers & prevention","18(7):2114-22","2009"
"CASP7","840","19531679","-","Polymorphism","-","-","1003","1028","-","54.3 (for case) 54.4 (for control)","Sanghai; China","-","-","[1] Four SNP in the caspase-7 gene were in high linkage diequilibrium (rs11593766; rs3124740; rs11196445 and rs11196418) and associated with the risk for endometrial cancer. [2] The AA genotype of rs11196418 [odds ratio; 0.36; 95% confidence interval (95% CI); 0.14-0.94] and the G allele of rs11593766 were associated with reduced risk (odds ratio of 0.75 and 95% CI of 0.59-0.96 for carriers of one G allele; odds ratio of 0.70 and 95% CI of 0.24-2.03 for carriers of two G alleles). The AA genotype of rs11196445 (odds ratio; 1.74; 95% CI; 0.99-3.05); the CC genotype of rs3124740 (odds ratio; 1.36; 95% CI; 1.06-1.75); and the GG genotype of rs10787498 in the caspase-7 gene (odds ratio; 1.90; 95% CI; 1.16-3.11) were associated with increased risk compared with homozygotes of the major alleles.","Polymorphisms and haplotypes in the caspase-3; caspase-7; and caspase-8 genes and risk for endometrial cancer: a population-based; case-control study in a Chinese population","Cancer epidemiology; biomarkers & prevention","18(7):2114-22","2009"
"CCL2","6347","20364004","-","Polymorphism","-","-","211","50","-","57.75 (patient); 55.23 (control)",""Gynecology Clinic of Istanbul University Istanbul Medical School"," Department of Obstetrics and Gynecology"","-","-","[1] Individuals with CCL2 A2518G GG genotype showed a 6.7-fold increased risk for endometrial cancer (p<0.0001) and individuals with CCL2 A2518G A allele had a 7.14-fold lower risk of endometrium cancer (p<0.0001). [2] CCL2 G: CCR2 64I haplotype frequency was significantly higher in patients compared to controls (p=0.019).","Association of CCL2 and CCR2 gene variants with endometrial cancer in Turkish women.","In vivo","24"
"CCL20","6364","17043662","-","Up regulation/ Over expression/High expression","-","-","29","55","36 to 82 (disease); 38 to 85 (control","55.5 (disease); 52.8 (control)",""Department of Obstetrics and Gynaecology"," The Chinese University of HingKong"," Prince of Wales Hospital."","-","-","[1] This investigation suggests that this gene is differently regulated by 7.82 fold change in the pathogenesis of endometrial carcinoma.","Identification of molecular markers and signaling pathway in endometrial cancer in Hong Kong Chinese women by genome-wide gene expression profiling","0"
"CCNA2","890","12073048","Endometrial adenocarcinoma; Endometrial hyperplasia","-","-","-","15 (5 proliferative+ 5 secertory + 5 atrophic)","23 (endometrial hyperplasia); 112 (endometrial adenocarcinoma)","30 to 83 (pateint); 26 to 51 (normal)","-","Kitasato University Hospital","I (n=75); II (n=11); III (n=24); IV (n=2)","1 (n=48); 2 (n=46); 3 (n=15)","[1] Cyclin A expression was involved in the progression to malignancy of the endometrium and was correlated with proliferative activity and prognostic features including histological grade; without coexisting endometrial hyperplasia and LVSI. [2] mmunohistochemistry showed that the nuclei of the cells were positive for cyclin A. In normal endometrium; only proliferative phase was focally positive for cyclin A. Cyclin A was also positive for endometrial hyperplasia. Its expression in hyperplasia was significantly more frequent than that of proliferative phase and less than that of endometrioid adenocarcinoma. The labeling index (LI) of cyclin A in endometrioid adenocarcinoma was 16.3+/-6.9 in well-differentiated; 18.3+/-8.8 in moderately differentiated; and 30.2+/-11.8 in poorly differentiated adenocarcinoma; respectively. Cyclin A expression increased significantly more in high histological grades. [3] Cyclin A expression was significantly associated with carcinoma without coexisting endometrial hyperplasia and lymphovascular space involvement (LVSI); but not with FIGO stage; myometrial invasion; lymph node metastasis; estrogen receptor; progesterone receptor; and menopause as well as recurrence.","Expression of cyclin A in endometrial adenocarcinoma and its correlation with proliferative activity and clinicopathological variables.","Journal of Cancer Research and Clinical Oncology","128(6):307-12.","2002"
"CCND1","595","8826947","-","-","-","-","58","74","-","-","Shinshu University Hospital","I (n=51); II (n=8); III (n=15)","1 (n=39); 2 (n=23); 3 (n=12)","[1] The coabnormal expression of cyclin D1 and p53 protein may contribute to the development of endometrial carcinoma and may also be involved in the progression to malignancy. [2] The expression of cyclin D1 was restricted to only a few cells of normal and hyperplastic endometrium; whereas it was preferentially expressed in 40% (30/74) of endometrial carcinomas. The cells that overexpressed cyclin D1 also overexpressed p53. Moreover; all 30 cases with varied distributions of cyclin D1-positive cells corresponded identically with the distribution of p53-positive cells. Diffuse positivity for cyclin D1 was specifically observed in clinically advanced stages of pathologic G2 and G3 tumors. [2] The total cyclin D1 positive rate was 33.3% in stage I; 37.5% in stage II and 66.7% in stage III. Statistically; the cyclin D1 positive aret was significantly greater in stage III patients (p<0.05).","Coabnormal expression of cyclin D1 and p53 protein in human uterine endometrial carcinomas","Cancer","78(6):1248-53","1996"
"CCND1","595","11900573","Endometrioid adenocarcinoma + Complex hyperplasia","Up regulation/ Over expression/High expression","-","-","13 proliferative; 11 secretory; 26 simple hyperplasia;  21 complex hyperplasia","37 endometrioid adenocarcinoma","-","-","Department of Pathology of Women and Infants Hospital; RI and Truman Medical Center; Kanas City; Mo.","-","-","[1] Overexpression of cyclin D1 increases from normal endometrium to hyperplasia and carcinoma; suggesting that it may play a role in endometrial carcinogenesis. Overexpression of cyclin D1 in endometrial glands was independent from overexpression of cyclin D1 in surface metaplastic epithelium. [2] Cyclin D1 was significantly overexpressed in glands with complex hyperplasia and endometrioid adenocarcinoma compared with proliferative or secretory endometrium and simple hyperplasia. Significant overexpression was also noted in papillary; syncytial; and squamous metaplasias compared with normal surface epithelium or epithelium with tubal metaplasia.","Expression of cyclin D1 in normal; metaplastic; hyperplastic endometrium and endometrioid carcinoma suggests a role in endometrial carcinogenesis","Archives of Pathology and Laboratory Medicine","126(4):459-63","2002"
"CCND1","595","12955092","-","Mutation","-","-","-","60","31 to 89","62.47","Pathology Department of La Paz Hospital; Madrid","I (n=45); II (n=7); III/IV (n=7)","1 (n=29); 2 (n=20); 3 (n=11)","[1] CCND1 mutations affecting critical residues involved in protein degradation. [2] There was a statistically significant relationship between cyclin D1 expression and tumor grade (P=0.03); whereby cyclin D1 overexpression (cyclin D1 expression in more than 25% of neoplastic cells) was observed in 36.3% of grade 3 carcinomas; but only in 13 and 5% of grade 1 and 2 carcinomas; respectively. [3] It was found that two EECs with cyclin D1 expression in more than 50% of the cells had single-base substitutions affecting codon 287; one CCC to ACC and one CCC to TCC change leading to a change from proline to threonine and serine; respectively ","Cyclin D1 gene (CCND1) mutations in endometrial cancer","Oncogene","22(38):6115-8","2003"
"CCND1","595","14740230","Proliferative Endometrium (30); Hyperplasia (29); Endometrium Carcinoma (30)","Up regulation/ Over expression/High expression","-","-","-","30 (Proliferative Endometrium); 14 (Atypical Endometrial Hyperplasia; 15 (Simple Endometrial Hyperplasia); 30 ( Endometrium Carcinoma).","47 to 75","59.3","-","I (n=21); II (n=3); III (n=6)","1 (n=20);2 (n=6); 3 (n=4)","[1] One out of 30 patients (3.3%) with proliferative endometrium; 1 out of 14 patients (7.1%) with atypical hyperplasia; and 8 out of 30 patients (26.6%) with endometrial carcinoma were found to have immunoreactivity to cyclin D1. [2] Cyclin D1 expression in endometrial carcinoma is higher than proliferative endometrium and simple hyperplasia. These findings support that cyclin D1 may play a role in endometrial carcinogenesis.","Expression of cyclin D1 in normal; hyperplastic and neoplastic endometrium and its correlation with Ki-67 and clinicopathological variables","Archives of Gynecology and Obstetrics","271(2):123-6","2005"
"CCND1","595","15863141","Endometrial adenocarcinoma","Polymorphism","-","-","154","77","-","-","Seoul National University Hospital; South Korea","-","-","[1] CCND1 G870A polymorphism is associated with an increased risk of endometrial cancer. [2] Conditional logistic regression adjusted for various risk factors of endometrial cancer revealed positive associations between the AA genotype and an increased risk of endometrial cancer (OR 3.16; 95% CI 1.18-8.43; P = 0.022). [3] The OR of the AA genotype is 2.14 (95% CI= 1.02 to 4.48; P=0.044) which supports the recessive nature of A allele. [4] The CCND1-Rb-p16 pathway has been suggested to be associated with endometrial carcinoma.","Cyclin D1 polymorphism and the risk of endometrial cancer.","Gynecologic Oncology","97(2):431-5","2005"
"CCND1","595","18822177","-","Polymorphism","-","-","291","191","-","-","Hunter Centre for Gynaecological Cancer; John Hunter Hospital; NewCastle; New South Wales; Australia","-","-","[1] The cyclin D1 870 G>A polymorphism is possibly involved in the development of endometrial cancer.Women homozygous for the variant cyclin D1 870 AA genotype showed a trend for an increased risk of developing endometrial cancer compared to those with the wild-type GG genotype. [2] There is a trend for increased risk of developing endometrial cancer for women with the AA genotype compared to those with the GG genotype (ORadj 1.692 95% CI (0.939–3.049); p = 0.080).","The influence of the Cyclin D1 870 G>A polymorphism as an endometrial cancer risk factor.","BMC Cancer","0.522222222","2008"
"CCND1","595","19502783","Endometroid adenocarcinoma+ Serous papillary","-","-","-","-","126 (endometroid adenocarcinoma 83+ adenosquamous carcinoma 16+ serous papillary 27+ adenocarcinoma 14+ clear cell carcinoma 11+ squamous cell carcinoma 2)","25 to 74","53.5","Qilu Hospital of Shandong University",""I (n=69)"," II (n=10)"," III (n=45)"," IV (n=2)"",""1 (n=58)"," 2 (n=41)","3"
"CCNE","898","14648662","-","Amplification","-","-","-","8 Atypical endometrioid hyperplasia; 51 endometrioid carcinomas; 22 Non endometrioid carcinomas (3 clear-cell; 11 serous; 4 clear-cell/ serous; 3 endometrioid/ serous; 1 clear-cell/ serous/ endometrioid carcinomas)","-","-","Pathology Department of La Paz Hospital; Madrid","I (n=46); II (n=8); III-IV (n=15)","1 (n=21); 2 (n=16); 3 (n=10)","[1] Cyclin E overexpression is associated with gene amplification in ECs; these alterations being more frequent in NEECs.[2] Cyclin E overexpression was found in 26/81 (32%) cases and was associated with the histological type of the lesion; since it was not found in any AEHs but was present in 27% of EECs and 54.5% of NEECs (p=0.035). Cyclin E overexpression was associated with histological grade (p=0.011) and p53 immunostaining in EECs (p=0.033). CCNE amplification was found in 6 of 37 (16%) ECs examined. There was a significant association between CCNE amplification and the histological type of the lesion; since five (83%) of the six cases with amplification were NEECs (p=0.008).","Cyclin E gene (CCNE) amplification and hCDC4 mutations in endometrial carcinoma","The Journal of Pathology","201(4):589-95","2003"
"CCR2","729230","20364004","-","Polymorphism","-","-","211","50","-","57.75 (patient); 55.23 (control)",""Gynecology Clinic of Istanbul University Istanbul Medical School"," Department of Obstetrics and Gynecology"","-","-","[1] Individuals carrying the CCR2 64I/64I genotype had a 4.13-fold increased risk for endometrial cancer (p<0.0001). We also found that individuals carrying the CCR2 wt allele had a 4.16-fold lower risk for endometrial cancer (p=0.005). [2] CCL2 G: CCR2 64I haplotype frequency was significantly higher in patients compared to controls (p=0.019)","Association of CCL2 and CCR2 gene variants with endometrial cancer in Turkish women.","In vivo","24"
"CD24","100133941","19130400","-","-","Diagnostic Marker","-",""62 normal/atrophic endometrium cases (47/15)"," 127 endometrial hyperplasia cases (51/52/24"," simple/complex/atypical hyperplasia)"","82 endometrial carcinoma","-","-",""Eulji University Hospital"," Chungbuk National University Hospital"," Konyang University Hospital and Kangbuk Samsung Hospital. "","-","-","0"
"CD248","57124","17043662","-","Down regulation/ Down expression","-","-","29","55","36 to 82 (disease); 38 to 85 (control","55.5 (disease); 52.8 (control)",""Department of Obstetrics and Gynaecology"," The Chinese University of HingKong"," Prince of Wales Hospital."","-","-","[1] This investigation suggests that this gene is differently regulated by -4.34 fold change in the pathogenesis of endometrial carcinoma.","Identification of molecular markers and signaling pathway in endometrial cancer in Hong Kong Chinese women by genome-wide gene expression profiling","0"
"CD44","960","15930340","-","Differentially expressed","","-","-","119 (66 endometrioid; 24 papillary serous; 29 mixed mullerian tumors)","-","-","Duke University Medical Centre; North Carolina","-","-","[1] The microarray study shows that this gene is differently expressed in endometrioid carcinoma profile; reflecting expression value 2.487 and 2.187 on both the endometrioid versus papillary serous carcionma and endometrioid versus mixed mullerian tumor respectively. ","Microarray analysis of endometrial carcinomas and mixed mullerian tumors reveals distinct gene expression profiles associated with different histologic types of uterine cancer","Clinical Cancer Research","11(11):4056-66","2005"
"CD69","969","18949382","-","Up regulation/ Over expression/High expression","-","-","-","-","-","-","Shandong Tumor Hospital; China","-","-","[1] The microarray study shows that this gene is up-regulated by 8.352 fold in the tumor associated endometrium.","Gene alterations in tumor-associated endothelial cells from endometrial cancer.","International Journal of Molecular Medicine","22(5):619-32","2008"
"CDC20B","166979","17043662","-","Up regulation/ Over expression/High expression","-","-","29","55","36 to 82 (disease); 38 to 85 (control","55.5 (disease); 52.8 (control)",""Department of Obstetrics and Gynaecology"," The Chinese University of HingKong"," Prince of Wales Hospital."","-","-","[1] This investigation suggests that this gene is differently regulated by 4.18 fold change in the pathogenesis of endometrial carcinoma.","Identification of molecular markers and signaling pathway in endometrial cancer in Hong Kong Chinese women by genome-wide gene expression profiling","0"
"CDC25B","994","18949382","-","Up regulation/ Over expression/High expression","-","-","-","-","-","-","Shandong Tumor Hospital; China","-","-","[1] The microarray study shows that this gene is up-regulated by 8.788 fold in the tumor associated endometrium.","Gene alterations in tumor-associated endothelial cells from endometrial cancer.","International Journal of Molecular Medicine","22(5):619-32","2008"
"CDCP1","64866","20372833","-","-","-","-",""18 Normal (3 cases of proliferative and 4 of secretory phases)"," atrophic (3 cases)"," and hyperplastic endometrium (6 cases)"," together with endometrial polyp (2 cases)"","110","22 to 75","54.7","Osaka University Hospital","I (n=71); II (n=2); III (n=28); IV (n=6)",""1 (n=44)"," 2 (n=43)","3"
"CDH1","999","12379748","Endometrial Adenocarcinoma and Serous Carcinoma","-","-","-","-","34 (17 Endometrial Adenocarcinoma and 17 Serous Carcinoma)","-","-","-","III (n=17)","-","[1] The expression of E-cadherin in high-grade endometrial cancers is strongly associated with histological subtype. [2] Moderate or strong E-cadherin expression was identified in 7 of 17 (41%) serous carcinomas as opposed to in only 1 of 17 (6%) endometrioid adenocarcinomas (P = .02). [3] [3] There was a tendency of strong -catenin expression being associated with weak E-cadherin expression.","Beta-catenin and E-cadherin expression patterns in high-grade endometrial carcinoma are associated with histological subtype","Modern Pathology","15(10):1032-7","2002"
"CDH1","999","12569599","-","Hypermethylation","-","-","-","-","-","-","Sapporo Medical University Hospital","IA (n=13); IB (n=36); IC (n=19); IIA (n=2); IIB (n=3); IIIA (n=7); IIIB (n=1); IIIC (n=19); IVB (n=3)","1 (n=45); 2 (n=42); 3 (n=11)","[1] Methylation of the E-cadherin gene promoter of endometrial carcinoma and the evidence suggests that methylation of the E-cadherin gene occurs in association with the acquisition of invasive capacity. [2] In G1 endometrial adenocarcinomas; 66.7% showed positive staining and 33.3% showed heterogeneous staining. Methylation of the E-cadherin gene was detected in 15.6%. In G2 tumors; 19.0% showed positive staining; 69.0% showed heterogeneous staining and 11.9% showed negative staining. Methylation of the E-cadherin gene was found in 50.0%. In G3 tumors; 9.1% showed positive staining; 54.5% showed heterogeneous staining and 36.3% showed negative staining. Methylation of the E-cadherin gene was found in 81.8% of the tumors. Of the samples with no-myometrial invasion; 23.1% had methylation. In those with invasion in less than half of the myometrium; 28.6% did and in those with invasion of half or more of the myometrium; 55.6% had methylation. Of samples that did not have lymph node metastasis; 33.7% had methylation; whereas of samples that had lymph node metastasis; 60.0% had methylation.","Hypermethylation in promoter region of E-cadherin gene is associated with tumor dedifferention and myometrial invasion in endometrial carcinoma.","Cancer","97(4):1002-9","2003"
"CDH1","999","15051772","-","Down regulation/ Down expression","-","-","-","286","-","-","-","I (n=52); II (n=125); III (n=109)","-","[1] Reduced or low membranous expression of E-cadherin(n=159; 56%) was significantly associated with the serousor papillary type (P=0.002); high FIGO grade (P=0.04);vascular invasion (P=0.04); deep myometrial invasion (50%; P=0.002); and high FIGO stage (P=0.001);Low E-cadherin expression was also associatedwith high nuclear grade (P=0.002); solid growth more than50% (P=0.001); diffusely infiltrative growth pattern (P=0.001); and high mitotic count (P=0.003)","Prognostic impact of alterations in P-cadherin expression and related cell adhesion markers in endometrial cancer.","Journal of Clinical Oncology","22(7):1242-52","2004"
"CDH3","1001","15051772","-","Up regulation/ Over expression/High expression","-","-","-","286","-","-","-","I (n=52); II (n=125); III (n=109)","-","[1] Eighty-three patient samples (30%) showed high membranous expression of P-cadherin; with a significantly higher proportion among the clear-cell or serous papillary type (P = .004). High expression also was associated with high FIGO grade (P < .001); vascular invasion (P = .01); deep myometrial infiltration (P < .001); and increasing FIGO stage (P = .02). [2] Strong P-cadherin expression also was significantly associated with high nuclear grade (P <. 001); solid growth (P = .03); and high mitotic count (P = .01; Mann-Whitney test; data not shown). Among the endometrioid tumors; high P-cadherin expression was significantly associated with high FIGO grade (P = .004); high nuclear grade (P < .001); and deep myometrial infiltration (P = .002).","Prognostic impact of alterations in P-cadherin expression and related cell adhesion markers in endometrial cancer.","Journal of Clinical Oncology","22(7):1242-52","2004"
"CDH6","1004","15930340","-","Differentially expressed","","-","-","119 (66 endometrioid; 24 papillary serous; 29 mixed mullerian tumors)","-","-","Duke University Medical Centre; North Carolina","-","-","[1] The microarray study shows that this gene is differently expressed in endometrioid carcinoma profile; reflecting expression value 2.255 and 2.010 on both the papillary serous carcionma versus endometrioid versus and papillary serous versus mixed mullerian tumor respectively. ","Microarray analysis of endometrial carcinomas and mixed mullerian tumors reveals distinct gene expression profiles associated with different histologic types of uterine cancer","Clinical Cancer Research","11(11):4056-66","2005"
"CDK4","1019","9404701","-","-","-","-","20 (10 proliferative+ 10 secretory)","41","-","-","Shinshu University Hospital","I (n=28); II (n=5); III (n=7); IV (n=1)","1 (n=22); 2 (n=14); 3 (n=5)","[1] Increased expression of nuclear cdk4 associatedwith loss of p16INK4 expression could be involved in the carcinogenesis of asubset of endometrial carcinomas. [2] Topographically;the nuclear cdk4 positive tumor cells were negative for p16INK4 andthe nuclear p16INK4 positive tumor cells were found in areas without nuclear cdk4expression; suggesting an inverse correlation between the two agents.","Immunohistochemical analysis of the expression of cdk4 and p16INK4 in human endometrioid-type endometrial carcinoma.","Cancer","80(12):2250-6","1997"
"CDK4","1019","10682682","-","-","-","-","-","35 endometrioid type + 18 endometrial hyperplasia + 12 atypical hyperplasia","-","-","-","I (n=23); II (n=5); III (n=6)","-","[1] The expression of CDK4 may be an early event in the neoplastic transformation of endometrial cancer.[2] Strong CDK4 staining was observed in 12 of 35 EC (34.3%) and one of 18 EH (5.6%). The strong expression of CDK4 was higher in EC than in EH (P = 0.0399). The expression of CDK4 was higher in EH than PE (P = 0.0054).","The role of p16-cyclin d/CDK-pRb pathway in the tumorigenesis of endometrioid-type endometrial carcinoma.","British Journal of Cancer","82(3):675-82","2000"
"CDKN1A","1026","15099969","-","Polymorphism","-","-","285","95","-","-","Department of Obstetrics and Gynecology; Seoul National University Hospital.","IA (n=31); IB (n=34); IC (n=11); IIA (n=5); IIB (n=2); IIIA (n=4); IIIC (n=4); IVB (n=4) ","-","[1] There is a significant association between the genetic polymorphisms of p21; and specific combinations of the at-risk genotypes of this gene and the risk of developing endometrial cancer in Korean women. [2] The homozygous carriers of the p21 Ser allele showed a substantially increased risk of developing endometrial cancer (OR 2.68; 95% CI 1.59-4.51) as compared to homozygous and heterozygous carriers of the Arg allele. [3] the combination of the pro allele containing genotypes of p53 and the Ser homozygous genotype of p21 posed a remarkably increased risk (OR 9.55; 95% CI 4.30-21.24) of endometrial cancer development. ","p53 and p21 genetic polymorphisms and susceptibility to endometrial cancer","Gynecologic Oncology","93(2):499-505","2004"
"CDKN1B","1027","10389625","-","Down regulation/ Down expression","-","-","21 (n=12; proliferative phase; n=9; secretory phase)","41","-","-","Department of Gynaecopathology; University Hospital Eppendorf; Hamburg","IA (n=8); IB (n=21); IC (n=6); II (n=6)","1 (n=21); 2 (n=15); 3 (n=5)","[1] There is a strongly reduced or abolished expression of p27 in endometrial carcinoma (85.3% of cases). The 41 tumours analysed were classified according to p27 staining intensity and percentage of positive cells into the following categories of p27 expression: negative/very low (56.0%); low (29.3%); moderate (14.7%) and high (0.0%). [2] Comparison with the p53 status showed that all tumours with strong p53 expression had low/negative p27 staining; while those that were positive for p27 had negative/low p53 staining. [3] p27 expression is essential for the control of normal endometrial proliferation; and reduced or absent p27 expression may be an important step in endometrial carcinogenesis.","Strongly reduced expression of the cell cycle inhibitor p27 in endometrial neoplasia","Virchows Archiv","434(5):423-8","1999"
"CDKN1B","1027","14614018","Endometrial Adenocarcinoma","Down regulation/ Down expression","-","Tumor suppressor","73 (30 normal endometrium+ 24 hyperplasia without atypia+ 5 atypical hyperplasia+ 14 cysic atrophy)","217","28 to 93","64","Department of Gynecology of the University of Florence and St Orsola Hospital; University of Bologna; Italy.","I (n=92); II (n=15); III (n=14); IV (n=3)","1 (n=46); 2 (n=49); 3 (n=21)","[1] p27 expression could progressively decrease from normal endometrium through hyperplastic endometrium to invasive endometrial carcinomas; suggesting that loss of this tumor suppressor may represent a novel and distinct molecular alteration involved in estrogen-related endometrial adenocarcinomas (type I). [2] A significant loss of p27 expression from normal (33%) through hyperplastic endometrium (50%) to endometrial adenocarcinomas (71%; P </= 0.001).","Frequent loss of expression of the cyclin-dependent kinase inhibitor p27(Kip1) in estrogen-related Endometrial adenocarcinomas","Clinical Cancer Research","9(14):5332-8","2003"
"CDKN1B","1027","15188025","Endometrial adenocarcinoma","Down regulation/ Down expression","-","-","30 normal functional (15 proliferative; 15 secretory)","38 endometrial carcinoma; 24 hyperplastic endometrium (12 without atypia; 12 with atypia) ","35 to 65","-","Kocaeli University Medical Faculty Hospital","I (n=31); II (n=2); III (n=5)","1 (n=18);2 (n=14)3 (n=6)","[1] p27 is necessary to control the proliferation of endometrium and its loss of expression seems to play a role in some aspects of endometrial carcinogenesis.[2] Nuclear p53 expression was detected in 13 (34.2%) patients with endometrial carcinoma and was higher in non-endometrioid carcinomas and in tumors with increasing FIGO grade (p<0.05). [3] In complex hyperplasia with atypia; p27 expression was even higher and it was significantly reduced in the endometrial carcinoma group (p<0.05). [4] p27 expression was present both in the proliferative and secretory phases; the expression being stronger in the secretory period.","Significantly decreased P27 expression in endometrial carcinoma compared to complex hyperplasia with atypia (correlation with p53 expression)","Pathology Oncology Research","10(2):89-97","2004"
"CDKN1B","1027","21454826","-","Polymorphism","-","-","1212","1199","-","54.8 (Diseased); 54.88 (Control)","-","-","-",""[1] Polymorphisms of the CDKN1B gene may play a role in endometrial carcinogenesis. [2]Three single nucleotide polymorphisms in the CDKN1B gene (rs11055027"," rs3759216"," and rs34330) were related to endometrial cancer risk"," although only the association with rs34330 remained statistically significant after adjustment for multiple comparisons. The odds ratios for rs34330 were 1.33 (95% confidence interval (CI): 1.06","2"
"CDKN2A","1029","9404701","-","-","-","Tumor suppressor","20 (10 proliferative+ 10 secretory)","41","-","-","Shinshu University Hospital","I (n=28); II (n=5); III (n=7); IV (n=1)","1 (n=22); 2 (n=14); 3 (n=5)","[1] Increased expression of nuclear cdk4 associatedwith loss of p16INK4 expression could be involved in the carcinogenesis of asubset of endometrial carcinomas. [2] Topographically;the nuclear cdk4 positive tumor cells were negative for p16INK4 andthe nuclear p16INK4 positive tumor cells were found in areas without nuclear cdk4expression; suggesting an inverse correlation between the two agents.","Immunohistochemical analysis of the expression of cdk4 and p16INK4 in human endometrioid-type endometrial carcinoma.","Cancer","80(12):2250-6","1997"
"CDKN2A","1029","10682682","-","-","-","-","-","35 endometrioid type + 18 endometrial hyperplasia + 12 atypical hyperplasia","-","-","-","I (n=23); II (n=5); III (n=6)","-","[1] The expression of p16 may be an early event in the neoplastic transformation of endometrial cancer. [2] p16 expression was significantly higher in EC than EH (P = 0.0119). ","The role of p16-cyclin d/CDK-pRb pathway in the tumorigenesis of endometrioid-type endometrial carcinoma.","British Journal of Cancer","82(3):675-82","2000"
"CDKN2A","1029","18949382","-","Down regulation/ Down expression","-","-","-","-","-","-","Shandong Tumor Hospital; China","-","-","[1] The microarray study shows that this gene is down-regulated by 0.138 fold in the tumor associated endometrium.","Gene alterations in tumor-associated endothelial cells from endometrial cancer.","International Journal of Molecular Medicine","22(5):619-32","2008"
"CDKN3","1033","18949382","-","Up regulation/ Over expression/High expression","-","-","-","-","-","-","Shandong Tumor Hospital; China","-","-","[1] The microarray study shows that this gene is up-regulated by 8.358 fold in the tumor associated endometrium.","Gene alterations in tumor-associated endothelial cells from endometrial cancer.","International Journal of Molecular Medicine","22(5):619-32","2008"
"CDR2L","30850","15930340","-","Differentially expressed","","-","-","119 (66 endometrioid; 24 papillary serous; 29 mixed mullerian tumors)","-","-","Duke University Medical Centre; North Carolina","-","-","[1] The microarray study shows that this gene is differently expressed in endometrioid carcinoma profile; reflecting expression value 2.187 and 3.340 on both the papillary serous carcionma versus endometrioid versus and papillary serous versus mixed mullerian tumor respectively. ","Microarray analysis of endometrial carcinomas and mixed mullerian tumors reveals distinct gene expression profiles associated with different histologic types of uterine cancer","Clinical Cancer Research","11(11):4056-66","2005"
"CEACAM1","634","15930340","-","Differentially expressed","","-","-","119 (66 endometrioid; 24 papillary serous; 29 mixed mullerian tumors)","-","-","Duke University Medical Centre; North Carolina","-","-","[1] The microarray study shows that this gene is differently expressed in endometrioid carcinoma profile; reflecting expression value 2.633 and 4.250 on both the endometrioid versus papillary serous carcionma and endometrioid versus mixed mullerian tumor respectively. ","Microarray analysis of endometrial carcinomas and mixed mullerian tumors reveals distinct gene expression profiles associated with different histologic types of uterine cancer","Clinical Cancer Research","11(11):4056-66","2005"
"CEACAM1","634","9626043","-","-","-","-","24 (10 proliferative+ 14 secretory)","47 (39 endometroid+8 serous papillary)","","-","-","-","1 (n=15); 2 (n=12); 3 (n=12)",""[1] Strong CD66a expression was observed in glandular and luminal epithelial cells of the normal endometrium with a consistent localization at the apical poles of these cells throughout the cycle. [2] The apical expression pattern of the normal epithelium was changed to a membranous all-around pattern in 55% of the tumors"," mostly in solid areas. This change correlated with malignancy grade and could be observed in 3 of 15 G1 tumors"," 4 of 12 G2 tumors"," 11 of 12 G3 tumors","0"
"CEP290","80184","15604243","-","-","-","-","-","-","50 to 80","-","Department of Gynecological Oncology; Hospital Vall d'Hebron and Hospital del Mar in Barcelona; Spain.","-","-","[1] The microarray study shows that this gene is differently expressed in endometrioid carcinoma profile; and thus found to be altered in endometrial cancer.","A differential gene expression profile reveals overexpression of RUNX1/AML1 in invasive endometrioid carcinoma.","Cancer Research","64(24):8846-53","2004"
"CLDN1","9076","16797678","Endometroid adenocarcinoma+ Serous","-","-","-",""24 normal endometria (12 proliferative and 12 secretory phase)"," 14 complex endometria hyperplasia "","17 endometroid+ 15 nonendometroid serous (10 well defined papillary architecture with typical fibrovascular cores + 5 papillary less defined)","-",""46.2 (12 proliferative phase)"," 46 (12 secretory phase)"," 55.3 (endometroid)"," 63.8 (serous)"","Department of Pathology and the National Institute of Oncology","-","-","0"
"CLMP","79827","17043662","-","Down regulation/ Down expression","-","-","29","55","36 to 82 (disease); 38 to 85 (control","55.5 (disease); 52.8 (control)",""Department of Obstetrics and Gynaecology"," The Chinese University of HingKong"," Prince of Wales Hospital."","-","-","[1] This investigation suggests that this gene is differently regulated by -4.72 fold change in the pathogenesis of endometrial carcinoma.","Identification of molecular markers and signaling pathway in endometrial cancer in Hong Kong Chinese women by genome-wide gene expression profiling","0"
"CMTM8","152189","18949382","-","Up regulation/ Over expression/High expression","-","-","-","-","-","-","Shandong Tumor Hospital; China","-","-","[1] The microarray study shows that this gene is up-regulated by 6.335 fold in the tumor associated endometrium.","Gene alterations in tumor-associated endothelial cells from endometrial cancer.","International Journal of Molecular Medicine","22(5):619-32","2008"
"CNR2","1269","20133454","-","-","Prognostic Marker","-","16","18 (16 endometroid+ 1 siero-papillar+ 1 clear cell)","-",""50.9 (case)"," 51.6 (control)"","Department of Obstetrics and Gynecology of University of Naples","-",""1 (n=7)"," 2 (n=8)"," 3 (n=3)"",""[1] In human endometrial carcinoma biopsies the expression of CB2 receptor and the levels of its ligand","2"
"CNTF","1270","15604243","-","-","-","-","-","-","50 to 80","-","Department of Gynecological Oncology; Hospital Vall d'Hebron and Hospital del Mar in Barcelona; Spain.","-","-","[1] The microarray study shows that this gene is differently expressed in endometrioid carcinoma profile; and thus found to be altered in endometrial cancer.","A differential gene expression profile reveals overexpression of RUNX1/AML1 in invasive endometrioid carcinoma.","Cancer Research","64(24):8846-53","2004"
"COL3A1","1281","18949382","-","Down regulation/ Down expression","-","-","-","-","-","-","Shandong Tumor Hospital; China","-","-","[1] The microarray study shows that this gene is down-regulated by 0.044 fold in the tumor associated endometrium.","Gene alterations in tumor-associated endothelial cells from endometrial cancer.","International Journal of Molecular Medicine","22(5):619-32","2008"
"COL3A1","1281","17043662","-","Down regulation/ Down expression","-","-","29","55","36 to 82 (disease); 38 to 85 (control","55.5 (disease); 52.8 (control)",""Department of Obstetrics and Gynaecology"," The Chinese University of HingKong"," Prince of Wales Hospital."","-","-","[1] This investigation suggests that this gene is differently regulated by -4.1 fold change in the pathogenesis of endometrial carcinoma.","Identification of molecular markers and signaling pathway in endometrial cancer in Hong Kong Chinese women by genome-wide gene expression profiling","0"
"COL4A5","1287","18949382","-","Up regulation/ Over expression/High expression","-","-","-","-","-","-","Shandong Tumor Hospital; China","-","-","[1] The microarray study shows that this gene is up-regulated by 8.484 fold in the tumor associated endometrium.","Gene alterations in tumor-associated endothelial cells from endometrial cancer.","International Journal of Molecular Medicine","22(5):619-32","2008"
"COLEC11","78989","18949382","-","Down regulation/ Down expression","-","-","-","-","-","-","Shandong Tumor Hospital; China","-","-","[1] The microarray study shows that this gene is down-regulated by 0.107 fold in the tumor associated endometrium.","Gene alterations in tumor-associated endothelial cells from endometrial cancer.","International Journal of Molecular Medicine","22(5):619-32","2008"
"COPS2","9318","15604243","-","-","-","-","-","-","50 to 80","-","Department of Gynecological Oncology; Hospital Vall d'Hebron and Hospital del Mar in Barcelona; Spain.","-","-","[1] The microarray study shows that this gene is differently expressed in endometrioid carcinoma profile; and thus found to be altered in endometrial cancer.","A differential gene expression profile reveals overexpression of RUNX1/AML1 in invasive endometrioid carcinoma.","Cancer Research","64(24):8846-53","2004"
"COX7A1","1346","17043662","-","Down regulation/ Down expression","-","-","29","55","36 to 82 (disease); 38 to 85 (control","55.5 (disease); 52.8 (control)",""Department of Obstetrics and Gynaecology"," The Chinese University of HingKong"," Prince of Wales Hospital."","-","-","[1] This investigation suggests that this gene is differently regulated by -5.16 fold change in the pathogenesis of endometrial carcinoma.","Identification of molecular markers and signaling pathway in endometrial cancer in Hong Kong Chinese women by genome-wide gene expression profiling","0"
"CRABP2","1382","15930340","-","Differentially expressed","","-","-","119 (66 endometrioid; 24 papillary serous; 29 mixed mullerian tumors)","-","-","Duke University Medical Centre; North Carolina","-","-","[1] The microarray study shows that this gene is differently expressed in endometrioid carcinoma profile; reflecting expression value 0.485 and 0.411 on both the endometrioid versus papillary serous carcionma and endometrioid versus mixed mullerian tumor respectively. ","Microarray analysis of endometrial carcinomas and mixed mullerian tumors reveals distinct gene expression profiles associated with different histologic types of uterine cancer","Clinical Cancer Research","11(11):4056-66","2005"
"CREB1","1385","15604243","-","-","-","-","-","-","50 to 80","-","Department of Gynecological Oncology; Hospital Vall d'Hebron and Hospital del Mar in Barcelona; Spain.","-","-","[1] The microarray study shows that this gene is differently expressed in endometrioid carcinoma profile; and thus found to be altered in endometrial cancer.","A differential gene expression profile reveals overexpression of RUNX1/AML1 in invasive endometrioid carcinoma.","Cancer Research","64(24):8846-53","2004"
"CRISPLD2","83716","17043662","-","Down regulation/ Down expression","-","-","29","55","36 to 82 (disease); 38 to 85 (control","55.5 (disease); 52.8 (control)",""Department of Obstetrics and Gynaecology"," The Chinese University of HingKong"," Prince of Wales Hospital."","-","-","[1] This investigation suggests that this gene is differently regulated by-6.36fold change in the pathogenesis of endometrial carcinoma.","Identification of molecular markers and signaling pathway in endometrial cancer in Hong Kong Chinese women by genome-wide gene expression profiling","0"
"CSNK2B","1460","19056846","-","-","-","-","70 (20 proliferative phase+ 40 seceretory phase+ 10 menstrual endometria)","95","-","-","-","I (n=565); II (n=4); III (n=14); IV (n= 1)","1 (n=25); 2 (n=34); 3 (n=19) ","[1] CK2beta is widely expressed in EC; and suggest a role in cell proliferation and anchorage-independent cell growth. [2] CK2beta expression was correlated with histological type; grade and stage; cell proliferation (Ki-67) and apoptotic index; immunostaining for cyclin D1; PTEN; AKT; beta-catenin; and FLIP. [3] CK2beta expression correlated with cell proliferation. Knock-down of CK2beta blocked colony formation of EC in soft agar; and also resulted in decreased expression of cyclin D1 and ERK phosphorylation. ","CK2beta is expressed in endometrial carcinoma and has a role in apoptosis resistance and cell proliferation.","The Americal Journal of Pathology","174(1):287-96","2009"
"CTHRC1","115908","18949382","-","Up regulation/ Over expression/High expression","-","-","-","-","-","-","Shandong Tumor Hospital; China","-","-","[1] The microarray study shows that this gene is up-regulated by 6.745 fold in the tumor associated endometrium.","Gene alterations in tumor-associated endothelial cells from endometrial cancer.","International Journal of Molecular Medicine","22(5):619-32","2008"
"CTNNB1","1499","12111402","-","Mutation","-","-","10 simple hyperplasia + 7 complex hyperplasia + 8 atypical hyperplasia","20 endometrial cancer; 11 simple endometrial hyperplasia + 9 complex endometrial hyperplasia","-","-","Sapporo Medical University Hospital","-","1 (n=16); 2 (n=3); 3 (n=1)","[1] Molecular alteration of the beta-catenin gene occurs in atypical hyperplasia or cancer; rather than in simple or complex hyperplasia without atypia; during endometrial carcinogenesis. [2] Fourteen of the 25 (56.0%) endometrial hyperplasia samples; 12 (60.0%) endometrial cancers; and 11 (55.0%) associated hyperplasias of the 20 endometrial cancers associated with hyperplasia showed nuclear localization of beta-catenin. Mutation in exon 3 of the beta-catenin gene was found in 2 of the 20 endometrial cancer samples; however; it was not found in the 25 endometrial hyperplasias or the 20 associated hyperplasias. [3] 14 of the 25 endometrial hyperplasia samples (56.0%) showed nuclear localization of b-catenin by immunohistochemistry. ","Mutation of beta-catenin gene in endometrial cancer but not in associated hyperplasia","Medical Electron Microscopy","35(1):9-15","2002"
"CTNNB1","1499","12379748","Endometrial Adenocarcinoma and Serous Carcinoma","-","-","-","-","34 (17 Endometrial Adenocarcinoma and 17 Serous Carcinoma)","-","-","-","III (n=17)","-","[1] The expression of b-Catenin in high-grade endometrial cancers is strongly associated with histological subtype. [2] Nuclear expression of beta-catenin was observed in 8 of 17 (47%) endometrioid adenocarcinomas but in none of the serous carcinomas (P = .003). [3] There was a tendency of strong -catenin expression being associated with weak E-cadherin expression.","Beta-catenin and E-cadherin expression patterns in high-grade endometrial carcinoma are associated with histological subtype","Modern Pathology","15(10):1032-7","2002"
"CTNNB1","1499","15051772","-","Down regulation/ Down expression","-","-","-","286","-","-","-","I (n=52); II (n=125); III (n=109)","-","[1] Reduced membranous expression of ß-catenin (53%) was found significantly more often among tumors with vascular invasion (P < .001); deep myometrial invasion (P = .002); and high FIGO stage. low expression was more frequent in tumors showing solid growth more than 50% of the tumor area (P = .002) and a diffusely infiltrative growth pattern (P = .005). Nuclear ß-catenin expression was detected in 27% of the endometrioid tumors. The percentage of tumor cells with nuclear ß-catenin expression varied from 5% to 90%; and often was found in areas with squamous differentiation.","Prognostic impact of alterations in P-cadherin expression and related cell adhesion markers in endometrial cancer.","Journal of Clinical Oncology","22(7):1242-52","2004"
"CTNNB1","1499","18949382","-","Down regulation/ Down expression","-","-","-","-","-","-","Shandong Tumor Hospital; China","-","-","[1] The microarray study shows that this gene is down-regulated by 0.144 fold in the tumor associated endometrium.","Gene alterations in tumor-associated endothelial cells from endometrial cancer.","International Journal of Molecular Medicine","22(5):619-32","2008"
"CTNND1","1500","15051772","-","Down regulation/ Down expression","-","-","-","286","-","-","-","I (n=52); II (n=125); III (n=109)","-","[1] Reduced or low membrane expression of p120ctn showed a significant association with increasing FIGO grade (P = .01); and also was correlated with high mitotic count (P = .009; Mann-Whitney test); presence of necrosis (P = .04); and solid growth more than 50% (P = .004).","Prognostic impact of alterations in P-cadherin expression and related cell adhesion markers in endometrial cancer.","Journal of Clinical Oncology","22(7):1242-52","2004"
"CTSB","1508","19110306","-","Up regulation/ Over expression/High expression","Biomarker","-","-","64","27 to 88","62.82","Oncologic Hospital of Athens","I (n=43); II (n=9); III (n=7); IV (n=4); unknown (n=4)","1 (n=21); 2 (n=19); 3 (n=17); unknown (n=7)","[1] Increased Cathepsin-B expression was found to be predictive of more aggressive tumourbehaviour over time and can be regarded as an unfavourable and independent tumour marker forendometrial cancer patients with a long follow-up. [2] Positive Cathepsin-B immunostaining was observed in 27 patients (42.2%) and was significantlyassociated with the FIGO stage of the disease (p=0.006); as well as cervical and stromal invasion (p=0.001and p=0.037; respectively) and progesterone receptor status (p=0.027). Positive Cathepsin-B expression wasalso inversely related to Disease-free Survival (p=0.034) and Overall Survival (p=0.035) in univariateanalysis; as well as in multivariate analysis (p=0.022 and p=0.035; respectively). [2] Cathepsin-B expression is predictive of more aggressive tumour behaviour over time. Considered in isolation of other clinicopathological variables and age; Cathepsin-B positive staining was associatedwith about a 2-fold increase in the risk of both disease progression anddeath. This effect was even greater (3.9-fold increase in the risk fordisease progression and 3.6-fold for death); when outcomes wereadjusted to the other clinicopathological variables and age in multivariateanalysis.","Cathepsin B protein levels in endometrial cancer: Potential value as a tumour biomarker.","Gynecologic Oncology","112(3):531-6","2009"
"CTSD","1509","8664123","-","-","Prognostic Marker","-","-","115","36 to 85","64.3","-","I (n=94); II (n=12); III (n=9)","1 (n=64); 2 (n=28); 3 (n=23)","[1] In the univariate analysis cathepsin D expression showed significant prognostic value for overall survival (P-value = 0.007). In the multivariate analysis with established prognostic parameters (stage; grade) we found an independent prognostic value for cathepsin D (P-value = 0.002; relative risk = 3.8; 95% confidence interval 1.4 - 10.0). ","Lysosomal protease cathepsin D is a prognostic marker in endometrial cancer","British Journal of Cancer","73(12):1525-8","1996"
"CTSH","1512","18949382","-","Up regulation/ Over expression/High expression","-","-","-","-","-","-","Shandong Tumor Hospital; China","-","-","[1] The microarray study shows that this gene is up-regulated by 5.145 fold in the tumor associated endometrium.","Gene alterations in tumor-associated endothelial cells from endometrial cancer.","International Journal of Molecular Medicine","22(5):619-32","2008"
"CTSW","1521","17043662","-","Down regulation/ Down expression","-","-","29","55","36 to 82 (disease); 38 to 85 (control","55.5 (disease); 52.8 (control)",""Department of Obstetrics and Gynaecology"," The Chinese University of HingKong"," Prince of Wales Hospital."","-","-","[1] This investigation suggests that this gene is differently regulated by -5.05 fold change in the pathogenesis of endometrial carcinoma.","Identification of molecular markers and signaling pathway in endometrial cancer in Hong Kong Chinese women by genome-wide gene expression profiling","0"
"CXCL12","6387","17043662","-","Down regulation/ Down expression","-","-","29","55","36 to 82 (disease); 38 to 85 (control","55.5 (disease); 52.8 (control)",""Department of Obstetrics and Gynaecology"," The Chinese University of HingKong"," Prince of Wales Hospital."","-","-","[1] This investigation suggests that this gene is differently regulated by -4.07 fold change in the pathogenesis of endometrial carcinoma.","Identification of molecular markers and signaling pathway in endometrial cancer in Hong Kong Chinese women by genome-wide gene expression profiling","0"
"CXCL17","284340","17043662","-","Up regulation/ Over expression/High expression","-","-","29","55","36 to 82 (disease); 38 to 85 (control","55.5 (disease); 52.8 (control)",""Department of Obstetrics and Gynaecology"," The Chinese University of HingKong"," Prince of Wales Hospital."","-","-","[1] This investigation suggests that this gene is differently regulated by 6.17 fold change in the pathogenesis of endometrial carcinoma.","Identification of molecular markers and signaling pathway in endometrial cancer in Hong Kong Chinese women by genome-wide gene expression profiling","0"
"CXCL5","6374","17043662","-","Up regulation/ Over expression/High expression","-","-","29","55","36 to 82 (disease); 38 to 85 (control","55.5 (disease); 52.8 (control)",""Department of Obstetrics and Gynaecology"," The Chinese University of HingKong"," Prince of Wales Hospital."","-","-","[1] This investigation suggests that this gene is differently regulated by 7.72 fold change in the pathogenesis of endometrial carcinoma.","Identification of molecular markers and signaling pathway in endometrial cancer in Hong Kong Chinese women by genome-wide gene expression profiling","0"
"CXCL9","4283","17043662","-","Down regulation/ Down expression","-","-","29","55","36 to 82 (disease); 38 to 85 (control","55.5 (disease); 52.8 (control)",""Department of Obstetrics and Gynaecology"," The Chinese University of HingKong"," Prince of Wales Hospital."","-","-","[1] This gene is differently downregulated by -4.37 fold change in late stage endometrioid cancer as compared to early stage disease.","Identification of molecular markers and signaling pathway in endometrial cancer in Hong Kong Chinese women by genome-wide gene expression profiling","0"
"CXCR4","7852","19199057","","Up regulation/ Over expression/High expression","-","-","-","-","-","-","Department of Gynecology; Perinatology and Human Reproduction ","IA (n=6); IB (n=13); IC (n=15)","1 (n=10); 2 (n=20); 3 (n=11)","[1] The expression of CXCR4 was predominant in endometrial cancer (P = 0.035). [2] The levels of CXCR4 mRNA are significantly higher in endometrial carcinomas (median 10.3; range: 0.1-6; 964) than in their normal counterpart (2.9; 0.2-379; P=0.035)","The CXCR4/CXCL12 axis in endometrial cancer","Clinical and Experimental Metastasis","26(3):261-8","2009"
"CYP17A1","1586","11358812","-","Polymorphism","-","-","554","184","-","-","-","-","-","[1] The A2 allele of CYP17 decreases endometrial cancer risk; but has only weak effects on endogenous estrogen levels among postmenopausal women. [2] Women with the A2 allele of CYP17 were at decreased risk of endometrial cancer (A1/A1 genotype (reference); A1/A2 genotype: odds ratio; 0.89; 95% confidence interval; 0.62-1.27; A2/A2 genotype: odds ratio; 0.43; 95% confidence interval; 0.23-0.80; P trend; 0.02). The inverse association between the A2 allele and endometrial cancer risk to be stronger among women with a first-degree family history of endometrial and/or colorectal cancer (P for interaction; 0.05).","A polymorphism in CYP17 and endometrial cancer risk","Cancer Research","61(10):3955-60","2001"
"CYP17A1","1586","20886547","-","Up regulation/ Over expression/High expression","-","-","24","24","-","-","-","-","-","[1] Upregulation of CYP17 in endometrial cancers play a crucial role in endometrial carcinogenesis by targeting multiple components of apoptosis and invasion pathways. [2] Inhibition of CYP17 expression could be a promosing therapeutic approach for treatment of endometrial cancer. [3] Silencing of CYP17 caused decreased cell proliferation and induced apoptosis. Significantly; CYP17 depletion leads to downregulation of anti-apoptotic genes B cell lymphoma 2 (Bcl-2) and telomerase reverse transcriptase (TERT); indicating induced apoptosis. Also; attenuation of CYP17 decreased the cellular invasion ability and regulated expression of several invasion pathway components such as melanoma cell adhesion molecule (MCAM); matrix metallopeptidase 2 and 9 (MMP-2 and MMP-9); and tissue inhibitor of metalloproteinase 3 (TIMP3).","Cytochrome P450 17 (CYP17) is involved in endometrial cancinogenesis through apoptosis and invasion pathways.","Molecular Carcinogenesis","50(1):16-23","2011"
"CYP19A1","1588","17507620","-","Polymorphism","-","-","-","-","30 to 69","-","Sanghai; China","-","-","[1] CYP19A1 genetic polymorphisms; including rs1065779; rs700519; rs28566535; rs752760; rs1870050; in relation to endometrial cancer risk in a case-control study. [2] An inverse association between CYP19A1 haplotype TCATC and endometrial cancer in our population (OR; 0.76; 95% CI; 0.62-0.92). An inverse association was found between endometrial cancer and single nucleotide polymorphism rs1870050 in the promoter region with ORs of 0.81 (95% CI; 0.68-0.97) and 0.58 (95% CI; 0.42-0.80) for the AC and CC genotypes; respectively. [3] A multiplicative interaction between single nucleotide polymorphism rs700519 and body mass index among postmenopausal women (P = 0.01); with stronger associations between rs700519 genotypes and endometrial cancer risk among heavier (body mass index; >or=25) postmenopausal women. ","Polymorphisms in the CYP19A1 (aromatase) gene and endometrial cancer risk in Chinese women.","Cancer epidemiology; biomarkers & prevention","16(5):943-9","2007"
"CYP1A1","1543","9155064","Endometrioid type+ adenoacanthomas+ papillary serous carcinoma+ clear cell carcinoma+ papillar carcinoma+ mucinous carcinoma)","-","-","-","-","80 (61 endometrioid type+ 13 adenoacanthomas+ 2 papillary serous carcinoma+ clear cell carcinoma+ 1 papillar carcinoma+ 1 mucinous carcinoma)","45 to 82","-","Department of Obstetrics and Gynecology; Hospital Universitari Materno- Infantil Vall d'Hebron of Barcelona","IA (n=13); IB (n=19); IC (n=8); IIA (n=11); IIB (n=9); IIIC (n=2)","-","[1] A statistically significant association is found between endometrial carcinoma and both CYP1A1 polymorphism studied (P=0.02). The OR and CI of endometrial cancer risk for the combined genotypes of heterozygous and homozygous rare mutant alleles at the 3' end and exon 7 of the CYP1A1 gene is same: .67 (CI 1.21-13.26). [2] An association of p53 and CYP1A1 genetic polymorphism with endometrial cancer risk. ","Susceptibility to endometrial cancer: influence of allelism at p53; glutathione S-transferase (GSTM1 and GSTT1) and cytochrome P-450 (CYP1A1) loci","British Journal of Cancer","75(9):1385-8","1997"
"CYP1A1","1543","9450474","-","Polymorphism","Molecular Marker","-","60","80","44 to 76","-","Department of Obsterics and Gynecology; Hospital Universtari MaternoInfantil Vall d'Hebron; Barcelona","I (n=35); II+III (n=45)","1 (n=40); 2+3 (n=40)","[1] There is an association between polymorphisms at the cytochrome P-450 1A1 (CYP1A1) gene and susceptibility to endometrial cancer. [2] Mutation in exon 7 of CYP1A1 gene (threonine exchanged to asparagine in codon 461) showed a strong association with endometrial cancer risk with an odds ratio of 6.36 (95% confidence interval: 1.99-26.5; P = 0.0004). ","Germ line polymorphisms in cytochrome-P450 1A1 (C4887 CYP1A1) and methylenetetrahydrofolate reductase (MTHFR) genes and endometrial cancer susceptibility","Carcinogenesis","18(12):2307-11","1997"
"CYP1A1","1543","18318428","Endometrioid Adenocarcinoma (137) and 13 unknown.","Polymorphism","-","-","165","150","44 to 83 yrs for patient; 43 to 83 yrs for control","60","Veterans Affairs Medical Center San Francisco.","I (n=70;47%); II (n=56; 37%); III (n=22; 15%); IV (n=2; 1%)","-","[1] A decreased frequency of TC+CC genotype of the CYP1A1 m1 (T/C) polymorphism was observed in endometrial cancer patients compared with controls (OR=0.42; 95% CI; 0.27-0.69). The T-A haplotype of CYP1A1 m1 and m2 was increased in endometrial cancer patients (p=0.017). The frequency of CYPiA1 m1 T/C +C/C was highre in CYP1A1 expression group (p=0.009). [2] The frequency of combined genotypes (SULT1A1 213 GA+AA and CYP1A1 m1 TT) was higher in endometrial cancer patients (OR; 4.58; 95% CI; 2.35-8.93). [3] The combined association of CYP1A1 and SULT gene polymorphism in endometrial cancer suggest a decreased SNP of CYP1A1 and an increased SNP for SULT1A1 and SULT1E1 genes may be risk for endometrial cancer in Caucasians. ","CYP1A1; SULT1A1; and SULT1E1 polymorphisms are risk factors for endometrial cancer susceptibility.","Cancer","112(9):1964-73","2008"
"CYP1B1","1545","12873984","-","Polymorphism","-","-","202","113 [86 endometrioid cancer; 6 adenocarcinoma; 2 adenosquamous; 2 clear cell cancer; 17 unkown type]","29 to 87","61.7","Department of Gynecology; Hospital of Hokkaido University; Japan","-","-","[1] The rare polymorphisms at codons 119 and 432 of CYP1B1 gene have higher risk for endometrial cancer; and positive correlations with ERalpha and ERbeta expressions in endometrial cancer. [2] The distributions of CYP1B1 genotypes at codons 119 and 432 were significantly different between endometrial cancer patients and healthy normal controls. The relative risks of 119T/T and 432G/G in endometrial cancer were calculated as 3.32 and 2.49 compared with wild-types. The 119T/T showed significant correlation for positivities of ERalpha and ERbeta.","CYP1B1 gene polymorphisms have higher risk for endometrial cancer; and positive correlations with estrogen receptor alpha and estrogen receptor beta expressions","Cancer Research","63(14):3913-8","2003"
"CYP1B1","1545","14656940","-","-","-","-","666","222","-","59","-","-","-","[1] CYP1B1 Ser allele may decrease endometrial cancer risk by altering the production of catechol estrogens. However; further studies are warranted to elucidate the role of CYP1B1 in endometrial cancer. [2] Carriers of the CYP1B1 Ser allele had a statistically significant decreased risk of endometrial cancer (OR = 0.62; 95% CI; 0.42-0.91); there was no significant association between the CYP1B1 Val allele and endometrial cancer risk (OR = 1.10; 95% CI; 0.75-1.59). [3] The CYP1B1 Ser allele is associated with a decreased endometrial cancer risk may be due to alterations in the production of reactive catechol estrogens.","Cytochrome P450 1B1 and catechol-O-methyltransferase polymorphisms and endometrial cancer susceptibility.","Carcinogenesis","25(4):559-65","2004"
"CYP1B1","1545","19690133","-","Up regulation/ Over expression/High expression","Biomarker","-","12","36","-","-","-","-","-","[1] CYP1B1 up-regulation plays a crucial role in endometrial carcinogenesis by targeting multiple pathways. CYP1B1 inhibition in endometrial carcinomas could be a useful therapeutic approach as it regulates several potential anticancer targets like cyclin E1; Skp2; and TRAIL. [2] CYP1B1 depletion decreased the invasive potential of the endometrial cancer cells and expression of melanoma cell adhesion molecule (MCAM). [3] CYP1B1 depletion in endometrial carcinoma cells leads to decreased cellular proliferation and induces G(0)-G(1) cell cycle arrest. Significantly; CYP1B1 knockdown leads to down-regulated expression of cyclin E1; S-phase kinase-associated protein 2 (SKP2); minichromosome maintenance complex component 4 (MCM4); and RAD51 and up-regulation of p27(Kip1). ","Functional significance of cytochrome P450 1B1 in endometrial carcinogenesis.","Cancer Research","69(17):7038-45","2009"
"CYP39A1","51302","15930340","-","Differentially expressed","","-","-","119 (66 endometrioid; 24 papillary serous; 29 mixed mullerian tumors)","-","-","Duke University Medical Centre; North Carolina","-","-","[1] The microarray study shows that this gene is differently expressed in endometrioid carcinoma profile; reflecting expression value 2.042 and 2.679 on both the endometrioid versus papillary serous carcionma and endometrioid versus mixed mullerian tumor respectively. ","Microarray analysis of endometrial carcinomas and mixed mullerian tumors reveals distinct gene expression profiles associated with different histologic types of uterine cancer","Clinical Cancer Research","11(11):4056-66","2005"
"CYP3A7","1551","18949382","-","Down regulation/ Down expression","-","-","-","-","-","-","Shandong Tumor Hospital; China","-","-","[1] The microarray study shows that this gene is down-regulated by 0.072 fold in the tumor associated endometrium.","Gene alterations in tumor-associated endothelial cells from endometrial cancer.","International Journal of Molecular Medicine","22(5):619-32","2008"
"CYP4X1","260293","15930340","-","Differentially expressed","","-","-","119 (66 endometrioid; 24 papillary serous; 29 mixed mullerian tumors)","-","-","Duke University Medical Centre; North Carolina","-","-","[1] The microarray study shows that this gene is differently expressed in endometrioid carcinoma profile; reflecting expression value 2.124 and 3.088 on both the endometrioid versus papillary serous carcionma and endometrioid versus mixed mullerian tumor respectively. ","Microarray analysis of endometrial carcinomas and mixed mullerian tumors reveals distinct gene expression profiles associated with different histologic types of uterine cancer","Clinical Cancer Research","11(11):4056-66","2005"
"CYR61","3491","15471875","-","Down regulation/ Down expression","-","-","-","-","-","-","-","-","-","[1] Levels of Cyr61 were decreased in endometrial tumors compared with normal endometrium. [2] The increased apoptosis in these endometrial cancer cells with forced overexpression of Cyr61 was associated with elevated expression of the pro-apoptotic proteins Bax; Bad; and TRAIL (tumor necrosis factor receptor-associated ligand). ","Cyr61 suppresses growth of human endometrial cancer cells","The Journal of Biological Chemistry","279(51):53087-96","2004"
"DAB2IP","153090","18404674","-","-","-","-","8 (4 proliferative + 3 secretory + 1 atrophic endometrium)","63 endometrioid carcinoma + 6 serous carcinoma +10 clear cell carcinoma + 16 hyperplastic endometrium without atypia + 40 atypical complex hyperplasia","34 to 97","57.9","Department of Pathology; University of HongKong; Queen Mary Hospital","-","-","[1] There are significant correlations between methylation of hDAB2IP and RASSF1A; RASSF2A (p = 0.042; p = 0.012; respectively). [2] There was marginal associations between methylation of hDAB2IP at m2a and deep myometrial invasion (p=0.005).","Hypermethylation of RAS effector related genes and DNA methyltransferase 1 expression in endometrial carcinogenesis.","International Journal of Cancer","123(2):296-302","2008"
"DACH1","1602","19502783","Endometroid adenocarcinoma+ Serous papillary","Down regulation/ Down expression","-","-","-","126 (endometroid adenocarcinoma 83+ adenosquamous carcinoma 16+ serous papillary 27+ adenocarcinoma 14+ clear cell carcinoma 11+ squamous cell carcinoma 2)","25 to 74","53.5","Qilu Hospital of Shandong University",""I (n=69)"," II (n=10)"," III (n=45)"," IV (n=2)"",""1 (n=58)"," 2 (n=41)","3"
"DARS","1615","18949382","-","Down regulation/ Down expression","-","-","-","-","-","-","Shandong Tumor Hospital; China","-","-","[1] The microarray study shows that this gene is down-regulated by 0.147 fold in the tumor associated endometrium.","Gene alterations in tumor-associated endothelial cells from endometrial cancer.","International Journal of Molecular Medicine","22(5):619-32","2008"
"DDR1","780","17704737","-","-","Potential Marker","-","-","20","-","-",""Gynecology Clinic of Odessa State Medical University"," Odessa"," Ukraine"","-","-",""[1] There is the first report that reveals an association between DDR1 and endometrial cancer. [2] Search for new molecular markers of endometrial cancer within anonymous DNA sequences located between microsatellite repeats revealed 100 bp and 174 bp polymorphic fragments. These fragments were detected correspondingly in 60% and 35% of patients. 100 bp fragment appeared to be homologous to a region within the NFKB gene"," 174 bp fragment – to a sequence within the DDR1 gene."","0"
"DEPDC1","55635","15930340","-","Differentially expressed","","-","-","119 (66 endometrioid; 24 papillary serous; 29 mixed mullerian tumors)","-","-","Duke University Medical Centre; North Carolina","-","-","[1] The microarray study shows that this gene is differently expressed in endometrioid carcinoma profile; reflecting expression value 0.441 and 0.426 on both the endometrioid versus papillary serous carcionma and endometrioid versus mixed mullerian tumor respectively. ","Microarray analysis of endometrial carcinomas and mixed mullerian tumors reveals distinct gene expression profiles associated with different histologic types of uterine cancer","Clinical Cancer Research","11(11):4056-66","2005"
"DHX16","8449","18949382","-","Down regulation/ Down expression","-","-","-","-","-","-","Shandong Tumor Hospital; China","-","-","[1] The microarray study shows that this gene is down-regulated by 0.184 fold in the tumor associated endometrium.","Gene alterations in tumor-associated endothelial cells from endometrial cancer.","International Journal of Molecular Medicine","22(5):619-32","2008"
"DKK4","27121","17043662","-","Up regulation/ Over expression/High expression","-","-","29","55","36 to 82 (disease); 38 to 85 (control","55.5 (disease); 52.8 (control)",""Department of Obstetrics and Gynaecology"," The Chinese University of HingKong"," Prince of Wales Hospital."","-","-","[1] This investigation suggests that this gene is differently regulated by 46.9 fold change in the pathogenesis of endometrial carcinoma.","Identification of molecular markers and signaling pathway in endometrial cancer in Hong Kong Chinese women by genome-wide gene expression profiling","0"
"DLX5","1749","15930340","-","Differentially expressed","","-","-","119 (66 endometrioid; 24 papillary serous; 29 mixed mullerian tumors)","-","-","Duke University Medical Centre; North Carolina","-","-","[1] The microarray study shows that this gene is differently expressed in endometrioid carcinoma profile; reflecting expression value 3.617 and 3.865 on both the endometrioid versus papillary serous carcionma and endometrioid versus mixed mullerian tumor respectively. ","Microarray analysis of endometrial carcinomas and mixed mullerian tumors reveals distinct gene expression profiles associated with different histologic types of uterine cancer","Clinical Cancer Research","11(11):4056-66","2005"
"DNAJA2","10294","15604243","-","-","-","-","-","-","50 to 80","-","Department of Gynecological Oncology; Hospital Vall d'Hebron and Hospital del Mar in Barcelona; Spain.","-","-","[1] The microarray study shows that this gene is differently expressed in endometrioid carcinoma profile; and thus found to be altered in endometrial cancer.","A differential gene expression profile reveals overexpression of RUNX1/AML1 in invasive endometrioid carcinoma.","Cancer Research","64(24):8846-53","2004"
"DNMT1","1786","18404674","-","-","-","-","8 (4 proliferative + 3 secretory + 1 atrophic endometrium)","63 endometrioid carcinoma + 6 serous carcinoma +10 clear cell carcinoma + 16 hyperplastic endometrium without atypia + 40 atypical complex hyperplasia","34 to 97","57.9","Department of Pathology; University of HongKong; Queen Mary Hospital","-","-","[1] There is a progressive increase in DNMT1 expression level among normal endometrium; simple and complex hyperplasia of endometrium without atypia; atypical complex hyperplasia and endometriod carcinoma (p= 0.001). [2] Among carcinomas; distinctly higher DNMT1 expression was observed in Type I endometrioid carcinomas (p < 0.001). DNMT1 immunoreactivity correlated with RASSF1A and RASSF2A methylation (p < 0.05).","Hypermethylation of RAS effector related genes and DNA methyltransferase 1 expression in endometrial carcinogenesis.","International Journal of Cancer","123(2):296-302","2008"
"DPP6","1804","17043662","-","Down regulation/ Down expression","-","-","29","55","36 to 82 (disease); 38 to 85 (control","55.5 (disease); 52.8 (control)",""Department of Obstetrics and Gynaecology"," The Chinese University of HingKong"," Prince of Wales Hospital."","-","-","[1] This investigation suggests that this gene is differently regulated by -5.04 fold change in the pathogenesis of endometrial carcinoma.","Identification of molecular markers and signaling pathway in endometrial cancer in Hong Kong Chinese women by genome-wide gene expression profiling","0"
"ECM2","1842","17043662","-","Down regulation/ Down expression","-","-","29","55","36 to 82 (disease); 38 to 85 (control","55.5 (disease); 52.8 (control)",""Department of Obstetrics and Gynaecology"," The Chinese University of HingKong"," Prince of Wales Hospital."","-","-","[1] This investigation suggests that this gene is differently regulated by -4.18 fold change in the pathogenesis of endometrial carcinoma.","Identification of molecular markers and signaling pathway in endometrial cancer in Hong Kong Chinese women by genome-wide gene expression profiling","0"
"EDNRB","1910","17043662","-","Down regulation/ Down expression","-","-","29","55","36 to 82 (disease); 38 to 85 (control","55.5 (disease); 52.8 (control)",""Department of Obstetrics and Gynaecology"," The Chinese University of HingKong"," Prince of Wales Hospital."","-","-","[1] This investigation suggests that this gene is differently regulated by -4.26 fold change in the pathogenesis of endometrial carcinoma.","Identification of molecular markers and signaling pathway in endometrial cancer in Hong Kong Chinese women by genome-wide gene expression profiling","0"
"EFEMP1","2202","17043662","-","Down regulation/ Down expression","-","-","29","55","36 to 82 (disease); 38 to 85 (control","55.5 (disease); 52.8 (control)",""Department of Obstetrics and Gynaecology"," The Chinese University of HingKong"," Prince of Wales Hospital."","-","-","[1] This investigation suggests that this gene is differently regulated by -4.86 fold change in the pathogenesis of endometrial carcinoma.","Identification of molecular markers and signaling pathway in endometrial cancer in Hong Kong Chinese women by genome-wide gene expression profiling","0"
"EFHA2","286097","17043662","-","Down regulation/ Down expression","-","-","29","55","36 to 82 (disease); 38 to 85 (control","55.5 (disease); 52.8 (control)",""Department of Obstetrics and Gynaecology"," The Chinese University of HingKong"," Prince of Wales Hospital."","-","-","[1] This investigation suggests that this gene is differently regulated by -4.19 fold change in the pathogenesis of endometrial carcinoma.","Identification of molecular markers and signaling pathway in endometrial cancer in Hong Kong Chinese women by genome-wide gene expression profiling","0"
"EFNB2","1948","17108150","-","Up regulation/ Over expression/High expression","-","Prognostic Marker","-","-","35 to 79","-","Department of Obstetrics and Gynecology; Gifu University School of Medicine; Japan","I (n=25); II (n=21); III (n=22)","1 (n=24); 2 (n=22); 3 (n=22)","[1] EphrinB2 is overexpressed during the tumor advancement as dedifferentiation and myometrial invasion. Therefore; ephrinB2 might work on tumor advancement and may be recognized as a novel prognostic indicator for uterine endometrial cancers. [2] EphrinB2 histoscores are highly correlated with ephrinB2 mRNA levels; (r = 0.864; P < 0.01). Both the histoscores and mRNA levels of ephrinB2 significantly increased with clinical stages (I < II < III; P < 0.01); dedifferentiation (G(1) < G(2) < G(3); P < 0.01) and myometrial invasion (A < B < C; P < 0.01) in uterine endometrial cancers. ","Overexpression of ephrinB2 and EphB4 in tumor advancement of uterine endometrial cancers.","Annals of Oncology ","18(3):485-90","2007"
"EFS","10278","17043662","-","Down regulation/ Down expression","-","-","29","55","36 to 82 (disease); 38 to 85 (control","55.5 (disease); 52.8 (control)",""Department of Obstetrics and Gynaecology"," The Chinese University of HingKong"," Prince of Wales Hospital."","-","-","[1] This investigation suggests that this gene is differently regulated by -4.26 fold change in the pathogenesis of endometrial carcinoma.","Identification of molecular markers and signaling pathway in endometrial cancer in Hong Kong Chinese women by genome-wide gene expression profiling","0"
"EGF","1950","18006148","-","Down regulation/ Down expression","-","-","30","30","31 to 88","64.8","Department of Obstetrics and Gynecology; PAGNH University Hospital Crete.","I (n=14); II (n=12); III (n=4)","1 (n=6); 2 (n=17); 1-2 (n=2); 3 (n=5)","[1] EGF down-regulation seem to comprise the main features of endometrial carcinogenesis. [2] Endometrial tissue-pair analysis revealed a significant positive correlation between EGF and IGF-1 (P=0.010); supporting the hypothesis of a cross-talk between IGF- and EGF-mediated signaling pathways in endometrial cancer. EGF transcript levels were marginally higher in endometrioid than non-endometrioid tumors (P=0.050); and in grade I compared to grade II tumors (P=0.053). [3] EGF down regulation is significantly more frequent in endometrial cancer than up regulation (p=0.001; OR= 0.39; CI= 0.21-0.71).","FGF2 transcript levels are positively correlated with EGF and IGF-1 in the malignant endometrium.","Cancer Letters","259(2):146-55","2008"
"EGFL6","25975","18949382","-","Up regulation/ Over expression/High expression","-","-","-","-","-","-","Shandong Tumor Hospital; China","-","-","[1] The microarray study shows that this gene is up-regulated by 11.079 fold in the tumor associated endometrium.","Gene alterations in tumor-associated endothelial cells from endometrial cancer.","International Journal of Molecular Medicine","22(5):619-32","2008"
"EGFL6","25975","15930340","-","Differentially expressed","","-","-","119 (66 endometrioid; 24 papillary serous; 29 mixed mullerian tumors)","-","-","Duke University Medical Centre; North Carolina","-","-","[1] The microarray study shows that this gene is differently expressed in endometrioid carcinoma profile; reflecting expression value 0.479 and 0.498 on both the endometrioid versus papillary serous carcionma and endometrioid versus mixed mullerian tumor respectively. ","Microarray analysis of endometrial carcinomas and mixed mullerian tumors reveals distinct gene expression profiles associated with different histologic types of uterine cancer","Clinical Cancer Research","11(11):4056-66","2005"
"EGFR","1956","17549377","-","Up regulation/ Over expression/High expression","-","-","12 (n=2; proliferative; n=2; secretory phase; n=8; atrophic endometria)","25","50 to 80","61","Second Department of Gynecology; Lublin University School of Medicine; Lublin; Poland","I (n=20); II (n=1); III (n=2); IV (n=2)","1 (n=7); 2 (n=11); 3 (n=7)","[1] erbB-1 mRNA was overexpressed in 48% (12/25) of the analysed tumor. [2] The level of expression appeared to be significantly higher in the malignant tumors as compared to the benign ones for erbB-1 (p=0.0001). A significant correlation between erbB-1 overexpression and tumor differentiation was found (Spearman rank correlation test; p<0.001). Concomitant erbB-1 and erbB-2 overexpression was detected only in 1 out of 25 (4%) uterine neoplasms. erbB-1 was overexpressed in a sarcoma botryoides of the uterine cervix. The data suggest that erbB-1/erbB-2 overexpression is a direct effect of higher than normal transcriptional activity of the encoding genes in a subset of human endometrial carcinomas.","Expression of erbB-1 and erbB-2 genes in normal and pathological human endometrium.","Oncology Reports","18(1):261-5","2007"
"EGFR","1956","8104681","Endometrial adenocarcinoma + Papillary Serous carcinoma","-","-","-","-","32 (Endometrial adenocarcinoma) + 2 (Papillary Serous carcinoma)","-","-","-","I (n=17); II (n=4); III (n=13)","1 (n=12); 2 (n=14); 3 (n=6)","[1] The expression of EGFR in addition to c-erbB-2 protein is more  frequently  observed with  advancing  stage of disease  and is  inversely correlated  with the grade of differentiation and with the expression of ER or PR of the tumor. [2] The incidence of  EGFR positivity  in G3 tumors was sig- nificantly higher than that in G1 tumors (P < 0.05). [3] Of the 34 endometrial carcinomas; 22 (64.7%) were cerbB-2 protein-positive and EGFR-negative; 8(23.5%) were positive for both c-erbB-2 protein andEGFR; and the remaining 4 were negative forboth proteins. Of the 22 patients with c-erbB-2 proteinpositiveand EGFR-negative disease; 12 had FIGOStage I(12 of 17 Stage I; 70.6%); 2 had Stage I1 (2 of 4Stage 11; 50%); and 8 had Stage 111 disease (8 of 13 Stage111; 61.5%). Of the eight patients with c-erbB-2 proteinpositiveand EGFR-positive disease; two had Stage 1(2of 17 Stage I; 11.8%); one had Stage I1 (1 of 4 Stage 11;25%); and five had Stage I11 disease (5 of 13 Stage 111;38.5%)","Expression of c-erbB-2 protein and epidermal growth receptor in endometrial carcinomas. Correlation with clinicopathologic and sex steroid receptor status.","Cancer","72(9):2628-37","1993"
"EHD2","30846","17043662","-","Down regulation/ Down expression","-","-","29","55","36 to 82 (disease); 38 to 85 (control","55.5 (disease); 52.8 (control)",""Department of Obstetrics and Gynaecology"," The Chinese University of HingKong"," Prince of Wales Hospital."","-","-","[1] This investigation suggests that this gene is differently regulated by -4.45 fold change in the pathogenesis of endometrial carcinoma.","Identification of molecular markers and signaling pathway in endometrial cancer in Hong Kong Chinese women by genome-wide gene expression profiling","0"
"EIF4EBP1","1978","18949382","-","Down regulation/ Down expression","-","-","-","-","-","-","Shandong Tumor Hospital; China","-","-","[1] The microarray study shows that this gene is down-regulated by 0.124 fold in the tumor associated endometrium.","Gene alterations in tumor-associated endothelial cells from endometrial cancer.","International Journal of Molecular Medicine","22(5):619-32","2008"
"ELF1","1997","12798703","-","-","-","-","20","31","-","-",""Department of Obstetrics and Gynecology"," Oita Medical University Hospital"","-","-",""[1] Elf-1 expression in endometrial carcinoma correlates with the malignant potential of this tumor. [2] Elf-1 was weakly detected in some normal endometria in the proliferative phase (0-18.9%) and other normal endometria in the secretory phase (0-28.5%). There was"," however"," abundant Elf-1 immunoreactivity in the nucleus of the endometrial carcinoma cells along with a little cytoplasmic staining. Scoring on the basis of the percentage of nuclear-positive cells indicated that nuclear Elf-1 expression was significantly associa","0"
"ELF5","2001","15930340","-","Differentially expressed","","-","-","119 (66 endometrioid; 24 papillary serous; 29 mixed mullerian tumors)","-","-","Duke University Medical Centre; North Carolina","-","-","[1] The microarray study shows that this gene is differently expressed in endometrioid carcinoma profile; reflecting expression value 2.428 and 2.310 on both the endometrioid versus papillary serous carcionma and endometrioid versus mixed mullerian tumor respectively. ","Microarray analysis of endometrial carcinomas and mixed mullerian tumors reveals distinct gene expression profiles associated with different histologic types of uterine cancer","Clinical Cancer Research","11(11):4056-66","2005"
"EMILIN1","11117","17043662","-","Down regulation/ Down expression","-","-","29","55","36 to 82 (disease); 38 to 85 (control","55.5 (disease); 52.8 (control)",""Department of Obstetrics and Gynaecology"," The Chinese University of HingKong"," Prince of Wales Hospital."","-","-","[1] This investigation suggests that this gene is differently regulated by -4.67 fold change in the pathogenesis of endometrial carcinoma.","Identification of molecular markers and signaling pathway in endometrial cancer in Hong Kong Chinese women by genome-wide gene expression profiling","0"
"EMP2","2013","20578181","-","Up regulation/ Over expression/High expression","Biomarker","-","-","231 benign endometrium; 105 simple hyperplasia; 36 complex hyperplasia; 10 simple atypical hyperplasia; 44 complex atypical hyperplasia; 109 primary endometrial adenocarcinoma","30 to 85","-","University of California; Los Angeles Medical Center","-","-","[1] EMP2 is an early predictor of EC development in preneoplastic lesions. [2] There was a stepwise; statistically significantincrease in the average EMP2 expression from benign to hyperplasia to atypia to EC. Furthermore; detailed analysisof EMP2 expression in potentially premalignant cases demonstrated that EMP2 positivity was a strong predictor forEC development.","Epithelial membrane protein-2 expression is an early predictor of endometrial cancer development.","Cancer","116(20):4718-26","2010"
"ENOSF1","55556","19190136","-","-","-","-","-","-","30 to 69","-","-","-","-","[1] Genetic polymorphisms in the ENOSF1 gene may play a role in the development of endometrial cancer among Chinese women. [2] The SNP rs3819102; located in the 3'-flanking region of the TYMS gene and in an intron of the ENOSF1 gene; was associated with risk of endometrial cancer. The odds ratio (95% confidence interval) for the CC genotype was 1.5 (1.0-2.2) compared with the TT genotype. Haplotype TTG in block 2 of the TYMS gene; which includes SNPs rs10502289; rs2298583; and rs2298581 (located in introns of the ENOSF1 gene); was associated with a marginally significant decrease in risk of endometrial cancer under the dominant model (odds ratio; 0.8; 95% confidence interval; 0.6-1.0).","Association of thymidylate synthase gene with endometrial cancer risk in a Chinese population.","Cancer epidemiology; biomarkers & prevention","18(2):579-84","2009"
"ENSA","2029","18949382","-","Down regulation/ Down expression","-","-","-","-","-","-","Shandong Tumor Hospital; China","-","-","[1] The microarray study shows that this gene is down-regulated by 0.099 fold in the tumor associated endometrium.","Gene alterations in tumor-associated endothelial cells from endometrial cancer.","International Journal of Molecular Medicine","22(5):619-32","2008"
"EPDR1","54749","18949382","-","Up regulation/ Over expression/High expression","-","-","-","-","-","-","Shandong Tumor Hospital; China","-","-","[1] The microarray study shows that this gene is up-regulated by 6.369 fold in the tumor associated endometrium.","Gene alterations in tumor-associated endothelial cells from endometrial cancer.","International Journal of Molecular Medicine","22(5):619-32","2008"
"EPHB2","2048","15930340","-","Differentially expressed","","-","-","119 (66 endometrioid; 24 papillary serous; 29 mixed mullerian tumors)","-","-","Duke University Medical Centre; North Carolina","-","-","[1] The microarray study shows that this gene is differently expressed in endometrioid carcinoma profile; reflecting expression value 0.430 and 0.364 on both the endometrioid versus papillary serous carcionma and endometrioid versus mixed mullerian tumor respectively. ","Microarray analysis of endometrial carcinomas and mixed mullerian tumors reveals distinct gene expression profiles associated with different histologic types of uterine cancer","Clinical Cancer Research","11(11):4056-66","2005"
"EPHB4","2050","12562648","-","-","-","-","-","102","37 to 91","66.1","Department of Obsterics and Gynecology; University of Bern","IA (n=11); IB (n=53); IC (n=24); IIA (n=2); IIB (n=4); IIIA (n=2); IIIC (n=6)","1 (n=18); 2 (n=75); 3 (n=9)","[1] A drastic increase (P <0.0001) in the number of EphB4 protein-expressing glandular epithelial cells in the majority of hyperplasias and carcinomas. Moreover; there is a statistically highly significant positive correlation between EphB4 expression and post-menopausal stage of the patient (P = 0.007). [2] EphB4 is an early indicator of malignant development and; thus; EphB4 may represent a potent tool for diagnosis and therapeutic intervention.","Beta-catenin and E-cadherin expression patterns in high-grade endometrial carcinoma are associated with histological subtype","Modern Pathology","15(10):1032-7","2002"
"EPHB4","2050","17108150","-","Up regulation/ Over expression/High expression","-","Prognostic Marker","-","-","35 to 79","-","Department of Obstetrics and Gynecology; Gifu University School of Medicine; Japan","I (n=25); II (n=21); III (n=22)","1 (n=24); 2 (n=22); 3 (n=22)","[1] EphB4 is overexpressed during the tumor advancement as dedifferentiation and myometrial invasion. Therefore; EphB4 might work on tumor advancement and may be recognized as a novel prognostic indicator for uterine endometrial cancers. [2] EphB4 histoscores are highly correlated with EphB4 mRNA levels(r = 0.615; P < 0.01). Both the histoscores and mRNA levels of EphB4 significantly increased with clinical stages (I < II < III; P < 0.01); dedifferentiation (G(1) < G(2) < G(3); P < 0.01) and myometrial invasion (P < 0.05) in uterine endometrial cancers. ","Overexpression of ephrinB2 and EphB4 in tumor advancement of uterine endometrial cancers.","Annals of Oncology ","18(3):485-90","2007"
"EPPK1","83481","17043662","-","Up regulation/ Over expression/High expression","-","-","29","55","36 to 82 (disease); 38 to 85 (control","55.5 (disease); 52.8 (control)",""Department of Obstetrics and Gynaecology"," The Chinese University of HingKong"," Prince of Wales Hospital."","-","-","[1] This investigation suggests that this gene is differently regulated by 4.54 fold change in the pathogenesis of endometrial carcinoma.","Identification of molecular markers and signaling pathway in endometrial cancer in Hong Kong Chinese women by genome-wide gene expression profiling","0"
"ERBB2","2064","16710036","-","Amplification","-","-","-","483","17 to 89","62","Arthur James Cancer Hospital of the Ohio State University Medical School","I (n=289); II (n=46); III (n=109); IV (n=39)","1 (n=184); 2 (n=116); 3 (n=63)","[1] HER-2 is an important oncogene in high grade and stage endometrial cancer; but plays only a minor role in the much more common low grade and stage tumors that encompass the majority of clinical practice. [2] Both expression and amplification of HER-2 was associated with high-grade (P = .0001) and high stage (P = .0001) endometrial cancer. The highest rate of HER-2 expression and amplification was seen in serous carcinoma (43% and 29%); while grade 1 endometrioid adenocarcinoma showed the lowest levels (3% and 1%). For all histologic types; the rate of HER-2 expression and amplification was remarkably different (P < .0001) for grade 3 cancers (31% and 15%) versus grade 2 (7% and 3%) and grade 1 cancers (3% and 1%); with similar results for endometrioid type (P < .0001). ","HER-2 is an independent prognostic factor in endometrial cancer: association with outcome in a large cohort of surgically staged patients","Jounral of Clinical Oncology","24(15):2376-85","2006"
"ERBB2","2064","17549377","-","Up regulation/ Over expression/High expression","-","-","12 (n=2; proliferative; n=2; secretory phase; n=8; atrophic endometria)","25","50 to 80","61","Second Department of Gynecology; Lublin University School of Medicine; Lublin; Poland","I (n=20); II (n=1); III (n=2); IV (n=2)","1 (n=7); 2 (n=11); 3 (n=7)","[1] erbB-2 mRNA was overexpressed in 8% (2/25) of the analysed tumors.  [2] The level of expression appeared to be significantly higher in the malignant tumors as compared to the benign ones for erbB-2 (p=0.008; respectively). Concomitant erbB-1 and erbB-2 overexpression was detected only in 1 out of 25 (4%) uterine neoplasms. The data suggest that erbB-1/erbB-2 overexpression is a direct effect of higher than normal transcriptional activity of the encoding genes in a subset of human endometrial carcinomas.","Expression of erbB-1 and erbB-2 genes in normal and pathological human endometrium.","Oncology Reports","18(1):261-5","2007"
"ERBB2","2064","8104681","Endometrial adenocarcinoma + Papillary Serous carcinoma","-","-","-","-","32 (Endometrial adenocarcinoma) + 2 (Papillary Serous carcinoma)","-","-","-","I (n=17); II (n=4); III (n=13)","1 (n=12); 2 (n=14); 3 (n=6)","[1] The expression of EGFR in addition to c-erbB-2 protein is more  frequently  observed with  advancing  stage of disease  and is  inversely correlated  with the grade of differentiation and with the expression of ER or PR of the tumor. [2] Of the 34 endometrial carcinomas; 22 (64.7%) were cerbB-2 protein-positive and EGFR-negative; 8(23.5%) were positive for both c-erbB-2 protein andEGFR; and the remaining 4 were negative forboth proteins. Of the 22 patients with c-erbB-2 proteinpositiveand EGFR-negative disease; 12 had FIGOStage I(12 of 17 Stage I; 70.6%); 2 had Stage I1 (2 of 4Stage 11; 50%); and 8 had Stage 111 disease (8 of 13 Stage111; 61.5%). Of the eight patients with c-erbB-2 proteinpositiveand EGFR-positive disease; two had Stage 1(2of 17 Stage I; 11.8%); one had Stage I1 (1 of 4 Stage 11;25%); and five had Stage I11 disease (5 of 13 Stage 111;38.5%)","Expression of c-erbB-2 protein and epidermal growth receptor in endometrial carcinomas. Correlation with clinicopathologic and sex steroid receptor status.","Cancer","72(9):2628-37","1993"
"ERO1L","30001","15604243","-","-","-","-","-","-","50 to 80","-","Department of Gynecological Oncology; Hospital Vall d'Hebron and Hospital del Mar in Barcelona; Spain.","-","-","[1] The microarray study shows that this gene is differently expressed in endometrioid carcinoma profile; and thus found to be altered in endometrial cancer.","A differential gene expression profile reveals overexpression of RUNX1/AML1 in invasive endometrioid carcinoma.","Cancer Research","64(24):8846-53","2004"
"ESM1","11082","18949382","-","Up regulation/ Over expression/High expression","-","-","-","-","-","-","Shandong Tumor Hospital; China","-","-","[1] The microarray study shows that this gene is up-regulated by 6.494 fold in the tumor associated endometrium.","Gene alterations in tumor-associated endothelial cells from endometrial cancer.","International Journal of Molecular Medicine","22(5):619-32","2008"
"ESPN","83715","17043662","-","Up regulation/ Over expression/High expression","-","-","29","55","36 to 82 (disease); 38 to 85 (control","55.5 (disease); 52.8 (control)",""Department of Obstetrics and Gynaecology"," The Chinese University of HingKong"," Prince of Wales Hospital."","-","-","[1] This investigation suggests that this gene is differently regulated by 8.46 fold change in the pathogenesis of endometrial carcinoma.","Identification of molecular markers and signaling pathway in endometrial cancer in Hong Kong Chinese women by genome-wide gene expression profiling","0"
"ESR1","2099","12270131","-","Polymorphism","-","-","200","113 (86 endometrioid cancer+ 6 adenoacantoma+ 2 adenosquamous cancer+ 2 clear cell cancer+ 17 unknown type)","20 to 69","-","Department of Gynecology; Hospital of Hokkaido University; Japan","-","-","[1] Inherited alterations in ERalpha may be associated with changes in estrogen metabolism and thereby may possibly explain inter-individual differences in disease incidences of endometrial cancer. [2] The frequency of variant genotype on codon 10 was significantly lower in endometrial cancer patients as compared to controls. Nine of 113 endometrial cancer patients (8.0%) showed genotype 10C/C compared to 27 of 200 healthy controls (13.5%). The relative risk of genotype 10C/C was calculated as 0.44; compared to wild-type. Forty-five of 113 endometrial cancer patients (39.8%) showed genotype T/C on codon 10 compared to 111 of 200 healthy controls (55.5%). The relative risk of genotype 10T/C was calculated as 0.67; compared to wild-type. [3] The frequency of alleles on codon 10 was also significantly lower in endometrial cancer patients as compared to controls (P<0.001). ","Polymorphisms of estrogen receptor alpha gene in endometrial cancer.","Biochemical and biophysical research communications","297(3):558-64","2002"
"ESR1","2099","12962933","-","Polymorphism","-","-","65","92","-","59.3 (patient); 57.4 (control)","Department of Obstetrics and Gynecology; Faculty of Medicine; Kagoshima University; Japan","-","-","[1] Estrogen receptor alpha polymorphisms; may be associated with a risk of endometrial cancer. [2] The Pvu II PP genotype was associated with a decreased risk of endometrial cancer (multivariable OR 0.23; 95% CI 0.07; 0.82) compared with the pp genotype. The Xba I XX genotype was associated with a decreased risk for endometrial cancer (multivariable OR 0.26; 95% CI 0.09; 0.79) compared with the xx genotype. ","Association of estrogen receptor alpha and beta3-adrenergic receptor polymorphisms with endometrial cancer.","Obstetrics and Gynecology","102(3):506-11","2003"
"ESR1","2099","18990228","-","Polymorphism","-","-","702","1563","50 to 74 {The specimens were reclassified as: endometroid adenocarcinoma (n = 648); seropapillary carcinoma (n = 36); clear cell carcinoma (n = 10); adenoacanthoma (n = 3); adenosquamous carcinoma (n = 12); endometrial atypical hyperplasia (n = 80) (adeno","-","-","-","-","[1] An intronic variation in ESR1 was associated with endometrial cancer risk. [2] An association between rs2234670; rs2234693; as well as rs9340799; markers in strong linkage disequilibrium (LD); and endometrial cancer risk. The association with rs9340799 was the strongest; OR 0.75 (CI 0.60-0.93) for heterozygous and OR 0.53 (CI 0.37-0.77) for homozygous rare compared to those homozygous for the most common allele.","Estrogen receptor alpha gene polymorphism and endometrial cancer risk--a case-control study.","BMC Cancer","8:322","2008"
"ESR1","2099","19438492","-","Polymorphism","-","-","191","291","-","-","Hunter Centre for Gynaecological Cancer; John Hunter Hospital; Newcastle; New South Wales; Australia. ","-","-","[1] Two ESR1 (rs2234693 and rs9340799) polymorphisms were associated with an increased risk of endometrial cancer. Following adjustment for risk factors; the association with the ESR1 polymorphisms (rs2234693) remained highly significant. Haplotype analysis revealed that carriers of the ESR1 haplotype (variant alleles; rs2234693 and rs9340799) were at an increased risk (OR 1.862; P = 0.013 and OR 1.918; P = 0.046 respectively). This risk was even greater in women carrying both ESR1 and ESR2 risk haplotypes (OR 5.041; P = 0.007).","Estrogen receptor polymorphisms and the risk of endometrial cancer.","BJOG: An International Journal of Obstetrics & Gynaecology","116(8):1053-61","2009"
"ESR1","2099","21272446","-","Polymorphism","-","-","1212","1204","30 to 69","-","Shanghai; China","-","-","[1] The polymorphism rs2046210 of ESR1 may play a role in the etiology of endometrial cancer. [2] The A allele of rs2046210; linked to an increased risk of breast cancer; was associated with increased but not statistically significant risk of endometrial cancer (OR = 1.16; 95% CI = 0.96-1.41 for the GA and AA genotypes compared with the GG genotype); the association was stronger among post-menopausal women (OR = 1.28; 95% CI = 1.00-1.65). The association tended to be stronger among women with higher or longer estrogen exposure than among women with relatively lower or shorter exposure to estrogen. ","Association of a single nucleotide polymorphism at 6q25.1;rs2046210; with endometrial cancer risk among Chinese women.","Chinese Journal of Cancer","30(2):138-43","2011"
"ESR1","2099","8104681","Endometrial adenocarcinoma + Papillary Serous carcinoma","-","-","-","-","32 (Endometrial adenocarcinoma) + 2 (Papillary Serous carcinoma)","-","-","-","I (n=17); II (n=4); III (n=13)","1 (n=12); 2 (n=14); 3 (n=6)","[1] In the endometrial carcinomas; ER positivity was found in 19 of the 34 (55.9%) patients. [2] The positivity for ER or PR was observed in 12 of the 17 (70.6%) patients with Stage I disease; 3 of the 4 (75%) patients withStage 11; and 9 of the 13 (69.2%) patients with Stage I11disease. [3] ER or PR positivity also was significantly correlated with histologic differentiation   in endometrioid-type carcinomas; ER or PR were positive in 91.7% of G1; 78.6% of G2; and 33.3% of G3   tumors","Expression of c-erbB-2 protein and epidermal growth receptor in endometrial carcinomas. Correlation with clinicopathologic and sex steroid receptor status.","Cancer","72(9):2628-37","1993"
"ESR2","2100","19438492","-","Polymorphism","-","-","191","291","-","-","Hunter Centre for Gynaecological Cancer; John Hunter Hospital; Newcastle; New South Wales; Australia. ","-","-","[1] TwoESR2 (rs1255998 and rs944050) polymorphisms were associated with an increased risk of endometrial cancer. Following adjustment for risk factors; the association with the ESR2 polymorphisms remained highly significant. Haplotype analysis revealed that carriers of the  ESR2 haplotype (variant allele; rs1255998 and wild-type alleles; rs944050; rs4986938 and rs1256049) were at an increased risk (OR 1.862; P = 0.013 and OR 1.918; P = 0.046 respectively). This risk was even greater in women carrying both ESR1 and ESR2  risk haplotypes (OR 5.041; P = 0.007).","Estrogen receptor polymorphisms and the risk of endometrial cancer.","BJOG: An International Journal of Obstetrics & Gynaecology","116(8):1053-61","2009"
"ETS1","2113","12377649","-","Up regulation/ Over expression/High expression","-","-","-","60","-","-",""Department of Obstetricsa and Gynecology"," Gifu University School of Medicine"",""I (n=25)"," II (n=19)"," III (n=16)"",""1 (n=30)"," 2 (n=20)","3"
"ETV5","2119","15604243","-","-","-","-","-","-","50 to 80","-","Department of Gynecological Oncology; Hospital Vall d'Hebron and Hospital del Mar in Barcelona; Spain.","-","-","[1] The microarray study shows that this gene is differently expressed in endometrioid carcinoma profile; and thus found to be altered in endometrial cancer.","A differential gene expression profile reveals overexpression of RUNX1/AML1 in invasive endometrioid carcinoma.","Cancer Research","64(24):8846-53","2004"
"F10","2159","17043662","-","Down regulation/ Down expression","-","-","29","55","36 to 82 (disease); 38 to 85 (control","55.5 (disease); 52.8 (control)",""Department of Obstetrics and Gynaecology"," The Chinese University of HingKong"," Prince of Wales Hospital."","-","-","[1] This investigation suggests that this gene is differently regulated by-7.05fold change in the pathogenesis of endometrial carcinoma.","Identification of molecular markers and signaling pathway in endometrial cancer in Hong Kong Chinese women by genome-wide gene expression profiling","0"
"F13A1","2162","18949382","-","Up regulation/ Over expression/High expression","-","-","-","-","-","-","Shandong Tumor Hospital; China","-","-","[1] The microarray study shows that this gene is up-regulated by 7.713 fold in the tumor associated endometrium.","Gene alterations in tumor-associated endothelial cells from endometrial cancer.","International Journal of Molecular Medicine","22(5):619-32","2008"
"FAM20A","54757","15930340","-","Differentially expressed","","-","-","119 (66 endometrioid; 24 papillary serous; 29 mixed mullerian tumors)","-","-","Duke University Medical Centre; North Carolina","-","-","[1] The microarray study shows that this gene is differently expressed in endometrioid carcinoma profile; reflecting expression value 3.187 and 2.580 on both the papillary serous carcionma versus endometrioid versus and papillary serous versus mixed mullerian tumor respectively. ","Microarray analysis of endometrial carcinomas and mixed mullerian tumors reveals distinct gene expression profiles associated with different histologic types of uterine cancer","Clinical Cancer Research","11(11):4056-66","2005"
"FAM46C","54855","17043662","-","Down regulation/ Down expression","-","-","29","55","36 to 82 (disease); 38 to 85 (control","55.5 (disease); 52.8 (control)",""Department of Obstetrics and Gynaecology"," The Chinese University of HingKong"," Prince of Wales Hospital."","-","-","[1] This gene is differently downregulated by -3 fold change in late stage endometrioid cancer as compared to early stage disease.","Identification of molecular markers and signaling pathway in endometrial cancer in Hong Kong Chinese women by genome-wide gene expression profiling","0"
"FAM65C","140876","17043662","-","Down regulation/ Down expression","-","-","29","55","36 to 82 (disease); 38 to 85 (control","55.5 (disease); 52.8 (control)",""Department of Obstetrics and Gynaecology"," The Chinese University of HingKong"," Prince of Wales Hospital."","-","-","[1] This investigation suggests that this gene is differently regulated by-7.84fold change in the pathogenesis of endometrial carcinoma.","Identification of molecular markers and signaling pathway in endometrial cancer in Hong Kong Chinese women by genome-wide gene expression profiling","0"
"FAM89B","23625","15604243","-","-","-","-","-","-","50 to 80","-","Department of Gynecological Oncology; Hospital Vall d'Hebron and Hospital del Mar in Barcelona; Spain.","-","-","[1] The microarray study shows that this gene is differently expressed in endometrioid carcinoma profile; and thus found to be altered in endometrial cancer.","A differential gene expression profile reveals overexpression of RUNX1/AML1 in invasive endometrioid carcinoma.","Cancer Research","64(24):8846-53","2004"
"FAS","355","10817504","-","Down regulation/ Down expression","-","-","8","25","-","-","-","-","-","[1] The real-time quantitative reverse transcription polymerase chain reactionanalysis revealed that down-regulation of Fas expression is more prominent than the up-regulation of FasL expression in all types ofgynaecological cancer studied. [2] Among 25 endometrial carcinoma samples evaluated with eightnormal tissues; levels of Fas gene expression were found to besignificantly decreased (P < 0.003).","Quantitation of Fas and Fas ligand gene expression in human ovarian; cervical and endometrial carcinomas using real-time quantitative RT-PCR","British Journal of Cancer","82(10):1682-8","2000"
"FBN1","2200","17043662","-","Down regulation/ Down expression","-","-","29","55","36 to 82 (disease); 38 to 85 (control","55.5 (disease); 52.8 (control)",""Department of Obstetrics and Gynaecology"," The Chinese University of HingKong"," Prince of Wales Hospital."","-","-","[1] This investigation suggests that this gene is differently regulated by -5.26 fold change in the pathogenesis of endometrial carcinoma.","Identification of molecular markers and signaling pathway in endometrial cancer in Hong Kong Chinese women by genome-wide gene expression profiling","0"
"FBXO32","114907","17043662","-","Down regulation/ Down expression","-","-","29","55","36 to 82 (disease); 38 to 85 (control","55.5 (disease); 52.8 (control)",""Department of Obstetrics and Gynaecology"," The Chinese University of HingKong"," Prince of Wales Hospital."","-","-","[1] This investigation suggests that this gene is differently regulated by-6.46fold change in the pathogenesis of endometrial carcinoma.","Identification of molecular markers and signaling pathway in endometrial cancer in Hong Kong Chinese women by genome-wide gene expression profiling","0"
"FBXW7","55294","12183400","Endometrioid adenocarcinoma","Mutation","-","Tumor suppressor","15","51","-","-","-","-","-","[1] The hCDC4 gene is mutated in primary human tumors and suggest that it may function as a tumor suppressor in the genesis of many human cancers. [2] the F-box protein hCdc4 that targets cyclin E to the SCF (Skp1-Cull-F-box) protein ubiquitin ligase is mutated in at least 16% of human endometrial tumors. Mutations were found either in the substrate-binding domain of the protein or at the amino terminus; suggesting a critical role for the region of hCdc4 upstream of the F-box. hCDC4 gene mutations were accompanied by loss of heterozygosity and correlated with aggressive disease. The hCDC4 gene is localized to chromosome region 4q32; which is deleted in over 30% of human tumors. [3] hCDC4 gene mutations are significantly corelated with high grade (G3) tumors (P=0.05) and trended toward high-stage tumors (P=0.104).","hCDC4 gene mutations in endometrial cancer.","Cancer Research","62(16):4535-9","2002"
"FBXW7","55294","14648662","-","Mutation","-","Tumor suppressor","-","8 Atypical endometrioid hyperplasia; 51 endometrioid carcinomas; 22 Non endometrioid carcinomas (3 clear-cell; 11 serous; 4 clear-cell/ serous; 3 endometrioid/ serous; 1 clear-cell/ serous/ endometrioid carcinomas)","-","-","Pathology Department of La Paz Hospital; Madrid","I (n=46); II (n=8); III-IV (n=15)","1 (n=21); 2 (n=16); 3 (n=10)","[1] hCDC4 exhibits a low mutation frequency in ECs overexpressing cyclin E; it seems to function as a tumour suppressor gene that is involved in endometrial carcinogenesis. [2] The tumour with hCDC4 mutation showed LOH of D4S1610. ","Cyclin E gene (CCNE) amplification and hCDC4 mutations in endometrial carcinoma","The Journal of Pathology","201(4):589-95","2003"
"FGF2","2247","18006148","-","Up regulation/ Over expression/High expression","-","-","30","30","31 to 88","64.8","Department of Obstetrics and Gynecology; PAGNH University Hospital Crete.","I (n=14); II (n=12); III (n=4)","1 (n=6); 2 (n=17); 1-2 (n=2); 3 (n=5)","[1] FGF2 up-regulation seem to comprise the main features of endometrial carcinogenesis. [2] FGF2 mRNA was positively correlated with EGF and IGF-1 transcript levels in endometrial cancer (P=0.024 and P=0.006; respectively). [3] FGF2 overexpression is significantly more ferquent in endometrial cancer than reduced expression (OR=3; CI= 1.71-5.29)","FGF2 transcript levels are positively correlated with EGF and IGF-1 in the malignant endometrium.","Cancer Letters","259(2):146-55","2008"
"FGFR1","2260","15930340","-","Differentially expressed","","-","-","119 (66 endometrioid; 24 papillary serous; 29 mixed mullerian tumors)","-","-","Duke University Medical Centre; North Carolina","-","-","[1] The microarray study shows that this gene is differently expressed in endometrioid carcinoma profile; reflecting expression value 0.480 and 0.396 on both the papillary serous carcionma versus endometrioid versus and papillary serous versus mixed mullerian tumor respectively. ","Microarray analysis of endometrial carcinomas and mixed mullerian tumors reveals distinct gene expression profiles associated with different histologic types of uterine cancer","Clinical Cancer Research","11(11):4056-66","2005"
"FHIT","2272","10652418","Endometroid adenocarcinoma+ serous papillary+ clear cell","Down regulation/ Down expression","-","Tumor suppressor","10 (5 proliferative+ 2 secretory+ 3 atrophic endometria)","39 (36 endometroid adenocarcinoma+ 2 serous papillary+ 1 squamous cell carcinoma)","21 to 84","55","-","-",""1 (n=16)"," 2 (n=9)"," 3 (n=11)"",""[1] Loss of fhit transcript was observed in 6/39 (15%) tumours. Aberrant fhit transcripts"," with deletions and/or insertions","0"
"FLRT2","23768","17043662","-","Down regulation/ Down expression","-","-","29","55","36 to 82 (disease); 38 to 85 (control","55.5 (disease); 52.8 (control)",""Department of Obstetrics and Gynaecology"," The Chinese University of HingKong"," Prince of Wales Hospital."","-","-","[1] This investigation suggests that this gene is differently regulated by-6.41fold change in the pathogenesis of endometrial carcinoma.","Identification of molecular markers and signaling pathway in endometrial cancer in Hong Kong Chinese women by genome-wide gene expression profiling","0"
"FOLH1","2346","18349274","-","Down regulation/ Down expression","Prognostic Marker","-","-","-","30 to 87","66","Roswell Park Cancer Institute; Newyork","I (n=83); II (n=21); III (n=17); IV (n=9)","1 (n=51); 2 (n=46); 3 (n=33)","[1] PSMA is underexpressed in advanced stage EAC; [2] loss ofPSMA expression can be considered as a prognosticmarker in patients with EAC; and [3] loss of PSMAexpression in a subset of EAC cases couldbe due toepigenetic silencing. [4] There is an association between PSMA methylationandtumor size (P = 0.025). [5] High PSMA mRNA levels was significantly associated withFIGO stage I disease (P = 0.046).","Prostate-specific membrane antigen expression is a potential prognostic marker in endometrial adenocarcinoma.","Cancer epidemiology; biomarkers & prevention","17(3):571-7","2008"
"FOXA1","3169","17043662","-","Up regulation/ Over expression/High expression","-","-","29","55","36 to 82 (disease); 38 to 85 (control","55.5 (disease); 52.8 (control)",""Department of Obstetrics and Gynaecology"," The Chinese University of HingKong"," Prince of Wales Hospital."","-","-","[1] This investigation suggests that this gene is differently regulated by 5.99 fold change in the pathogenesis of endometrial carcinoma.","Identification of molecular markers and signaling pathway in endometrial cancer in Hong Kong Chinese women by genome-wide gene expression profiling","0"
"FOXA2","3170","15930340","-","Differentially expressed","","-","-","119 (66 endometrioid; 24 papillary serous; 29 mixed mullerian tumors)","-","-","Duke University Medical Centre; North Carolina","-","-","[1] The microarray study shows that this gene is differently expressed in endometrioid carcinoma profile; reflecting expression value 4.989 and 8.530 on both the endometrioid versus papillary serous carcionma and endometrioid versus mixed mullerian tumor respectively. [2] This genes with a >2-fold  endometrioid/papillary serous carcinoma expression ratio.","Microarray analysis of endometrial carcinomas and mixed mullerian tumors reveals distinct gene expression profiles associated with different histologic types of uterine cancer","Clinical Cancer Research","11(11):4056-66","2005"
"FOXC1","2296","17043662","-","Up regulation/ Over expression/High expression","-","-","29","55","36 to 82 (disease); 38 to 85 (control","55.5 (disease); 52.8 (control)",""Department of Obstetrics and Gynaecology"," The Chinese University of HingKong"," Prince of Wales Hospital."","-","-","[1] This investigation suggests that this gene is differently regulated by 5.21 fold change in the pathogenesis of endometrial carcinoma.","Identification of molecular markers and signaling pathway in endometrial cancer in Hong Kong Chinese women by genome-wide gene expression profiling","0"
"FOXL2","668","17043662","-","Down regulation/ Down expression","-","-","29","55","36 to 82 (disease); 38 to 85 (control","55.5 (disease); 52.8 (control)",""Department of Obstetrics and Gynaecology"," The Chinese University of HingKong"," Prince of Wales Hospital."","-","-","[1] This investigation suggests that this gene is differently regulated by -4.39 fold change in the pathogenesis of endometrial carcinoma.","Identification of molecular markers and signaling pathway in endometrial cancer in Hong Kong Chinese women by genome-wide gene expression profiling","0"
"FUCA1","2517","15604243","-","-","-","-","-","-","50 to 80","-","Department of Gynecological Oncology; Hospital Vall d'Hebron and Hospital del Mar in Barcelona; Spain.","-","-","[1] The microarray study shows that this gene is differently expressed in endometrioid carcinoma profile; and thus found to be altered in endometrial cancer.","A differential gene expression profile reveals overexpression of RUNX1/AML1 in invasive endometrioid carcinoma.","Cancer Research","64(24):8846-53","2004"
"GAD1","2571","15930340","-","Differentially expressed","","-","-","119 (66 endometrioid; 24 papillary serous; 29 mixed mullerian tumors)","-","-","Duke University Medical Centre; North Carolina","-","-","[1] The microarray study shows that this gene is differently expressed in endometrioid carcinoma profile; reflecting expression value 6.279 and 5.010 on both the endometrioid versus papillary serous carcionma and endometrioid versus mixed mullerian tumor respectively. ","Microarray analysis of endometrial carcinomas and mixed mullerian tumors reveals distinct gene expression profiles associated with different histologic types of uterine cancer","Clinical Cancer Research","11(11):4056-66","2005"
"GADD45G","10912","17043662","-","Down regulation/ Down expression","-","-","29","55","36 to 82 (disease); 38 to 85 (control","55.5 (disease); 52.8 (control)",""Department of Obstetrics and Gynaecology"," The Chinese University of HingKong"," Prince of Wales Hospital."","-","-","[1] This gene is differently downregulated by -4.04 fold change in late stage endometrioid cancer as compared to early stage disease.","Identification of molecular markers and signaling pathway in endometrial cancer in Hong Kong Chinese women by genome-wide gene expression profiling","0"
"GAS6","2621","17043662","-","Down regulation/ Down expression","-","-","29","55","36 to 82 (disease); 38 to 85 (control","55.5 (disease); 52.8 (control)",""Department of Obstetrics and Gynaecology"," The Chinese University of HingKong"," Prince of Wales Hospital."","-","-","[1] This investigation suggests that this gene is differently regulated by -5.35 fold change in the pathogenesis of endometrial carcinoma.","Identification of molecular markers and signaling pathway in endometrial cancer in Hong Kong Chinese women by genome-wide gene expression profiling","0"
"GCNT3","9245","15930340","-","Differentially expressed","","-","-","119 (66 endometrioid; 24 papillary serous; 29 mixed mullerian tumors)","-","-","Duke University Medical Centre; North Carolina","-","-","[1] The microarray study shows that this gene is differently expressed in endometrioid carcinoma profile; reflecting expression value 2.073 and 4.648 on both the endometrioid versus papillary serous carcionma and endometrioid versus mixed mullerian tumor respectively. ","Microarray analysis of endometrial carcinomas and mixed mullerian tumors reveals distinct gene expression profiles associated with different histologic types of uterine cancer","Clinical Cancer Research","11(11):4056-66","2005"
"GLT8D2","83468","17043662","-","Down regulation/ Down expression","-","-","29","55","36 to 82 (disease); 38 to 85 (control","55.5 (disease); 52.8 (control)",""Department of Obstetrics and Gynaecology"," The Chinese University of HingKong"," Prince of Wales Hospital."","-","-","[1] This investigation suggests that this gene is differently regulated by -4.11 fold change in the pathogenesis of endometrial carcinoma.","Identification of molecular markers and signaling pathway in endometrial cancer in Hong Kong Chinese women by genome-wide gene expression profiling","0"
"GLTP","51228","18949382","-","Up regulation/ Over expression/High expression","-","-","-","-","-","-","Shandong Tumor Hospital; China","-","-","[1] The microarray study shows that this gene is up-regulated by 6.365 fold in the tumor associated endometrium.","Gene alterations in tumor-associated endothelial cells from endometrial cancer.","International Journal of Molecular Medicine","22(5):619-32","2008"
"GNLY","10578","17043662","-","Down regulation/ Down expression","-","-","29","55","36 to 82 (disease); 38 to 85 (control","55.5 (disease); 52.8 (control)",""Department of Obstetrics and Gynaecology"," The Chinese University of HingKong"," Prince of Wales Hospital."","-","-","[1] This investigation suggests that this gene is differently regulated by-17.96fold change in the pathogenesis of endometrial carcinoma.","Identification of molecular markers and signaling pathway in endometrial cancer in Hong Kong Chinese women by genome-wide gene expression profiling","0"
"GP2","2813","15604243","-","-","-","-","-","-","50 to 80","-","Department of Gynecological Oncology; Hospital Vall d'Hebron and Hospital del Mar in Barcelona; Spain.","-","-","[1] The microarray study shows that this gene is differently expressed in endometrioid carcinoma profile; and thus found to be altered in endometrial cancer.","A differential gene expression profile reveals overexpression of RUNX1/AML1 in invasive endometrioid carcinoma.","Cancer Research","64(24):8846-53","2004"
"GPR133","283383","17043662","-","Down regulation/ Down expression","-","-","29","55","36 to 82 (disease); 38 to 85 (control","55.5 (disease); 52.8 (control)",""Department of Obstetrics and Gynaecology"," The Chinese University of HingKong"," Prince of Wales Hospital."","-","-","[1] This investigation suggests that this gene is differently regulated by-8.43fold change in the pathogenesis of endometrial carcinoma.","Identification of molecular markers and signaling pathway in endometrial cancer in Hong Kong Chinese women by genome-wide gene expression profiling","0"
"GSTP1","2950","15681469","-","Hypermethylation","-","-","8 proliferative endometruim; 20 simple hyperplasia; 11 complex hyperplasia; 20 atypical hyperplasia","97 (70 endometrioid adenocarcinoma + 12 endometrioid adenocarcinoma with focal squamoid differentiation; 3 with mucinous differentiation; 2 with secertory change as well as 7 high grade papillary serous carcinoma; 3 clear cell carcinoma)","31 to 97","56.9","Queen Mary Hospital; University of HongKong","-","1 (n=69); 2 (n=12); 3 (n=16)","[1] Hypermethylation of the GSTP1 gene promoter region may act as a dynamic regulation mechanism contributing to reduced GSTP1 expression; which is associated with myometrial invasion potential of the endometrial carcinoma. [2] The extent of myometrial invasion was found to be significantly correlated with both the methylation status (P = 0.009) and the protein expression (P = 0.036) of the GSTP1 gene. [3] 68.0% (66 of 97) of the cases showed reduced protein expression while 64% (16 of 25) showed reduced mRNA expression; 30.9% (30 of 97) of the cases demonstrated methylated alleles in at least one of the six methylation-specific polymerase chain reaction reactions. The methylation status significantly correlated with reduced protein expression (P = 0.008) and reduced mRNA expression (P = 0.003). ","Promoter methylation and differential expression of pi-class glutathione S-transferase in endometrial carcinoma.","The Journal of Molecular Diagnostics","7(1):8-16","2005"
"GSTP1","2950","15837751","-","Polymorphism","-","-","200","180 (154 endometrioid carcinoma+ 16 endometrioid carcinoma with focal squamoid differentiation+ 1 mucinous carcinoma+ 7 high-grade papillary serous )carcinoma+ 2 cleal cell carcinoma)","31 to 86 (patient); 27 to 82 (normal)","52.93 (patient); 54.2 (normal)","Department of Pathology; Queen Mary Hospital; University of Hong Kong","-","-","[1] The GSTP1 Ile(105)Val polymorphism was associated with an increased risk of endometrial cancer. [2] Statistical analysis showed that patients of valine allele carriers had 2.03-fold of increased risk of developing endometrial carcinoma (P < 0.01). The allele frequencies for the Ile and Val variants between the cancer cases and controls were also significantly different (P < 0.01; odds ratio; 1.59; 95% confidence interval; 1.13-2.23). Such association was shown in endometrial cancers as a group and in type I endometrioid adenocarcinoma but not the type II nonendometrioid adenocarcinoma. In addition; the Val allele was found significantly associated with high-grade endometrial cancer and/or endometrial cancer of deep myometrial invasion (P < 0.01).","Single nucleotide polymorphism of pi-class glutathione s-transferase and susceptibility to endometrial carcinoma.","Clinical Cancer Research","11(8):2981-5","2005"
"GZMA","3001","15604243","-","-","-","-","-","-","50 to 80","-","Department of Gynecological Oncology; Hospital Vall d'Hebron and Hospital del Mar in Barcelona; Spain.","-","-","[1] The microarray study shows that this gene is differently expressed in endometrioid carcinoma profile; and thus found to be altered in endometrial cancer.","A differential gene expression profile reveals overexpression of RUNX1/AML1 in invasive endometrioid carcinoma.","Cancer Research","64(24):8846-53","2004"
"HDAC2","3066","20178884","-","Up regulation/ Over expression/High expression","-","-","30 (15 proliferative+ 15 secretory)","66","27  to 78 ","57","Shinshu University Hospital","I (n=66); II (n=9); III (n=11); IV (n=5)","1 (n=30); 2 (n=19); 3 (17)","[1] The expression of HDAC2 was significantly stronger thanthat in normal endometrial epithelia. [2] The positivity index for histone deacetylase 1 (79.8 +/- 33.0; mean +/- SD) and histone deacetylase 2 (106.3 +/- 41.9) was higher in endometrial carcinoma than the normal endometrium; with a significant difference for histone deacetylase 2. The positivity index for histone deacetylase 2 was significantly increased in higher-grade carcinomas (positivity index for grade 3; 124.9 +/- 28.4) compared with grade 1 tumors (86.0 +/- 41.0) and was positively correlated with that for Ki-67. In addition; patients with histone deacetylase 2-positive carcinomas had a poor prognosis compared with those with histone deacetylase 2-negative carcinoma (P = .048). ","Immunohistochemical detection of histone deacetylases in endometrial carcinoma: involvement of histone deacetylase 2 in the proliferation of endometrial carcinoma cells","Human Pathology","41(6):848-58","2010"
"HGD","3081","15930340","-","Differentially expressed","","-","-","119 (66 endometrioid; 24 papillary serous; 29 mixed mullerian tumors)","-","-","Duke University Medical Centre; North Carolina","-","-","[1] The microarray study shows that this gene is differently expressed in endometrioid carcinoma profile; reflecting expression value 2.572 and 8.822 on both the endometrioid versus papillary serous carcionma and endometrioid versus mixed mullerian tumor respectively. ","Microarray analysis of endometrial carcinomas and mixed mullerian tumors reveals distinct gene expression profiles associated with different histologic types of uterine cancer","Clinical Cancer Research","11(11):4056-66","2005"
"HIF1A","3091","12209691","-","Up regulation/ Over expression/High expression","-","-","25 (normal endometria)","81 (Stage 1 endometrial adenocarcinoma)","34 to 40 (normal endometria)","-",""Department of Pathology"," Democritus University of Thrace."","I (n=81)","-",""[1] HIF-1 expression was detected in 49% of endometrial carcinomas. The up-regulation of HIF-1a and"," to a lesser extent"," of HIF-2  is a common event in Stage I endometrial adenocarcinomas. In these tumors","0"
"HKDC1","80201","18949382","-","Up regulation/ Over expression/High expression","-","-","-","-","-","-","Shandong Tumor Hospital; China","-","-","[1] The microarray study shows that this gene is up-regulated by 6.018 fold in the tumor associated endometrium.","Gene alterations in tumor-associated endothelial cells from endometrial cancer.","International Journal of Molecular Medicine","22(5):619-32","2008"
"HMGB1","3146","18949382","-","Up regulation/ Over expression/High expression","-","-","-","-","-","-","Shandong Tumor Hospital; China","-","-","[1] The microarray study shows that this gene is up-regulated by 5.008 fold in the tumor associated endometrium.","Gene alterations in tumor-associated endothelial cells from endometrial cancer.","International Journal of Molecular Medicine","22(5):619-32","2008"
"HOXA10","3206","16424022","-","Down regulation/ Down expression","-","-","10","151","-","-","University of Texas; M.D. Anderson Cancer Centre","I (n=32); II (n=6); III (n=7); IV (n=13)","1(n=26); 2(n=37); 3(n=58); UPSC (n=30)","[1] The down-regulation of HOXA10 expression in endometrial carcinomas strongly correlates with increased tumor grade and is associated with methylation of the HOXA10 promoter.[2] The prevalance of HOXA10 promoter methylation in G3 tumors is strongly consistent with the lack of HOXA10 expression seen in the majority of G3 tumors; whereas the lower frequency of promoter methylation in G1 tumors and normal endometrium is consistent with the higher HOXA10 expression in these tissues. This indicate that loss of HOXA10 expression in endometrial carcinomas; particulary high grade tumors; is attributable at least in part to methylation of the HOXA10 promoter. [3] The inhibitory effect of HOXA10 on invasive behavior was attributable at least in part to the ability of HOXA10 to induce expression of the epithelial cell adhesion molecule E-cadherin by down-regulating expression of Snail; a repressor of E-cadherin gene transcription. ","Deregulation of the HOXA10 homeobox gene in endometrial carcinoma: role in epithelial-mesenchymal transition.","Cancer Research","66(2):889-97","2006"
"HOXA10","3206","15627890","Endometrial adenocarcinoma ","Up regulation/ Over expression/High expression","Potential Marker","-",""9 normal endometria (5 endometrial hyperplasia: 2 simple hyperplasia without atypia"," 3: complex hyperplasia with stypia)"","18 endometrial carcinoma","-","-","-",""I (n=6)"," II(n=8)"",""1 (n=3)"," 2 (n=10)"",""[1] Expression of HOXA10 was increased by 25% in high nuclear grade endometrial adenocarcinomas compared with normal","0"
"HOXA11","3207","12796396","Endometrial Adenocarcinoma","Hypermethylation","-","-","-","-","-","-","-","-","-","[1] High rates of methylation were found in the HOXA11. HOXA11 promoter methylation was significantly more frequent in recurrent than nonrecurrent cases. HOXA11 methylation in early stage endometrial cancer is associated with poor outcome.[2] The HOXA11 promoter had the highest rate of methylation; with 17 of 24 (70.8%) primary tumors and all of the cell lines showing methylation. Eleven of 12 (91.7%) recurrences and 6 of 12 (50%) nonrecurrences were methylated (P = 0.0686; Fisher’s exact test). [3] HOXA11 methylation appears to be a molecular event that can predict recurrence in stage I and II endometrioid endometrial adenocarcinoma. ","Frequent HOXA11 and THBS2 promoter methylation; and a methylator phenotype in endometrial adenocarcinoma","Clinical Cancer Research","9(6):2277-87","2003"
"HP","3240","17043662","-","Up regulation/ Over expression/High expression","-","-","29","55","36 to 82 (disease); 38 to 85 (control","55.5 (disease); 52.8 (control)",""Department of Obstetrics and Gynaecology"," The Chinese University of HingKong"," Prince of Wales Hospital."","-","-","[1] This investigation suggests that this gene is differently regulated by 4.09 fold change in the pathogenesis of endometrial carcinoma.","Identification of molecular markers and signaling pathway in endometrial cancer in Hong Kong Chinese women by genome-wide gene expression profiling","0"
"HSPA8","3312","18949382","-","Up regulation/ Over expression/High expression","-","-","-","-","-","-","Shandong Tumor Hospital; China","-","-","[1] The microarray study shows that this gene is up-regulated by 11.084 fold in the tumor associated endometrium.","Gene alterations in tumor-associated endothelial cells from endometrial cancer.","International Journal of Molecular Medicine","22(5):619-32","2008"
"HTR1B","3351","15604243","-","-","-","-","-","-","50 to 80","-","Department of Gynecological Oncology; Hospital Vall d'Hebron and Hospital del Mar in Barcelona; Spain.","-","-","[1] The microarray study shows that this gene is differently expressed in endometrioid carcinoma profile; and thus found to be altered in endometrial cancer.","A differential gene expression profile reveals overexpression of RUNX1/AML1 in invasive endometrioid carcinoma.","Cancer Research","64(24):8846-53","2004"
"HTRA1","5654","16650464","Endometrial adenocarcinoma","Down regulation/ Down expression","-","-","-","33","46 to 78","65","Monash Medical Centre; Melbourne; Australia","-","-","[1] Positive immunostaining; scored semiquantitatively; revealed a significant decrease of HTRA1 protein expression with increasing grades of EC. [2] The mRNA level of HTRA1 significantly decreased in all grades of EC compared with normal human endometrium (C; mean=0.601; SEM=0.011; Grade1; P<0.001; mean=0.383; SEM=0.036; Grade2; P<0.05; mean=00.47; SEM=0.023; Grade3; P<0.001; mean-0.325; SEM=0.025). There is also a decrease in HTRA1 mRNA levels from Grade2 EC to Grade3 EC(P<0.01).","Serine proteases HTRA1 and HTRA3 are down-regulated with increasing grades of human endometrial cancer.","Gynecologic Oncology","103(1):253-60","2006"
"HTRA1","5654","19424634","-","Down regulation/ Down expression","-","tumor suppressor","36","88","-","-","Medical University of Gdansk; Poland","I (n=64); II (n=13); III+IV (n=11)","1 (n=35); 2 (n=22); 3 (n=5)","[1] A significant decrease of HtrA1 mRNA level is observed in endometrial cancer as compared to the normal group (p=0.000). For HtrA1 a 1.8 fold decrease is observed. There is a significant correaltion between HtrA1 and HtrA3 mRNAs (r=0.541; p=0.000). HtrA1 and HtrA3 mRNA levels are lower in stage III and IV tumors compared to stage I and II.[2] Analysis of TGF-b1 and HtrA protein level showed a statistically significant negative correlation between the level of TGF-b1 and HtrA1 levels (p=0.000).","Expression of human HtrA1; HtrA2; HtrA3 and TGF-beta1 genes in primary endometrial cancer.","Oncology Reports","21(6):1529-37","2009"
"HTRA2","27429","19424634","-","Down regulation/ Down expression","-","-","36","88","-","-","Medical University of Gdansk; Poland","I (n=64); II (n=13); III+IV (n=11)","1 (n=35); 2 (n=22); 3 (n=5)","[1] A slight decrease of mRNA level in the endometrial cancers compared to normal endometrium. A significant correlation between HtrA2 and HtrA1 mRNAs (r=0.239; p=0.008) and between HtrA2 and HtrA3 mRNAs (r=0.265; p=0.003). [2] Analysis of TGF-b1 and HtrA protein level showed a statistically significant negative correlation between the level of TGF-b1 and HtrA2 levels (p=0.000).","Expression of human HtrA1; HtrA2; HtrA3 and TGF-beta1 genes in primary endometrial cancer.","Oncology Reports","21(6):1529-37","2009"
"HTRA3","94031","16650464","Endometrial adenocarcinoma","Down regulation/ Down expression","-","-","-","33","46 to 78","65","Monash Medical Centre; Melbourne; Australia","-","-","[1] Positive immunostaining; scored semiquantitatively; revealed a significant decrease of HTRA3 protein expression with increasing grades of EC. [2] The mRNA level of HTRA3 significantly decreased in Grade2 and Grade3 EC compared with normal human endometrium (C; mean=0.73; SEM=0.06; Grade2; P<0.05; mean=0.26; SEM=0.05; Grade3; P<0.05; mean=0.27; SEM=0.07).","Serine proteases HTRA1 and HTRA3 are down-regulated with increasing grades of human endometrial cancer.","Gynecologic Oncology","103(1):253-60","2006"
"HTRA3","94031","19424634","-","Down regulation/ Down expression","-","tumor suppressor","36","88","-","-","Medical University of Gdansk; Poland","I (n=64); II (n=13); III+IV (n=11)","1 (n=35); 2 (n=22); 3 (n=5)","[1] A significant decrease of HtrA3 mRNA level is observed in endometrial cancer as compared to the normal group (p=0.000). For HtrA3 a 3.2 fold decrease is observed. There is a significant correaltion between HtrA1 and HtrA3 mRNAs (r=0.541; p=0.000). HtrA1 and HtrA3 mRNA levels are lower in stage III and IV tumors compared to stage I and II. [2] Analysis of TGF-b1 and HtrA protein level showed a statistically significant negative correlation between the level of TGF-b1 and HtrA3 levels (p=0.006).","Expression of human HtrA1; HtrA2; HtrA3 and TGF-beta1 genes in primary endometrial cancer.","Oncology Reports","21(6):1529-37","2009"
"HYAL1","3373","20875124","-","Down regulation/ Down expression","-","Tumor suppressor","-","35","-","-","Kuopio University Hospital","IB (n=7); IC (n=6); II (n=4)","1 (n=8); 2 (n=4); 3 (n=5)","[1] The results indicated that HYAL1 are coexpressed and significantly downregulated in endometrioid endometrial cancer. [2] The median of HYAL1 mRNA was 10-fold and 15-fold lower in both grade 1 and grade 2+3 endometrioid endometrial cancers; as compared to normal endometrium (p = 0.004-0.006); and post-menopausal endometrium (p = 0.002); respectively. ","Hyaluronan synthases (HAS1-3) and hyaluronidases (HYAL1-2) in the accumulation of hyaluronan in endometrioid endometrial carcinoma","BMC Cancer","10:512","2010"
"HYAL2","8692","20875124","-","-","-","-","-","35","-","-","Kuopio University Hospital","IB (n=7); IC (n=6); II (n=4)","1 (n=8); 2 (n=4); 3 (n=5)","[1] The results indicated that HYAL2 are coexpressed and significantly downregulated in endometrioid endometrial cancer. [2] HYAL2 mRNA was also reduced in cancer (p = 0.02) and correlated with HYAL1 (r = 0.8; p = 0.0001).  ","Hyaluronan synthases (HAS1-3) and hyaluronidases (HYAL1-2) in the accumulation of hyaluronan in endometrioid endometrial carcinoma","BMC Cancer","10:512","2010"
"ID4","3400","18949382","-","Up regulation/ Over expression/High expression","-","-","-","-","-","-","Shandong Tumor Hospital; China","-","-","[1] The microarray study shows that this gene is up-regulated by 8.744 fold in the tumor associated endometrium.","Gene alterations in tumor-associated endothelial cells from endometrial cancer.","International Journal of Molecular Medicine","22(5):619-32","2008"
"IFIT4","3437","18949382","-","Up regulation/ Over expression/High expression","-","-","-","-","-","-","Shandong Tumor Hospital; China","-","-","[1] The microarray study shows that this gene is up-regulated by 7.014 fold in the tumor associated endometrium.","Gene alterations in tumor-associated endothelial cells from endometrial cancer.","International Journal of Molecular Medicine","22(5):619-32","2008"
"IGF1","3479","9279518","Endometrial adenocarcinoma + Endometrial adenosquamous","Up regulation/ Over expression/High expression","-","-","27","23 (22 endometrial adenocarcinoma + 1 endometrial adenosquamous); 11 (uterine cervical cancer)","30 to 74 (diseased); 22 to 75 (control)","-","Japan","I (n=11); II (n=3); III (n=9)","1 (n=10); 2 (n=10); 3 (n=3)","[1] The circulating IGF-I concentration was higher in postmenopausal endometrial cancer patients (155.2±6.9; P<0.001) than in postmenopausal control subjects (102.5±8.8; P<0.001) . ","Increased circulating levels of insulin-like growth factor-I and decreased circulating levels of insulin-like growth factor binding protein-1 in postmenopausal women with endometrial cancer","Endocrine Journal","44(3):419-24","1997"
"IGF1","3479","15066926","-","-","-","-","136","174","-","-","Chicago (Northwestern University); IL; Chicago (Rush Medical College); IL; Hershey; PA; Irvine; CA; Long Beach; CA; Minneapolis; MN; and Winston-Salem; NC","-","-","[1] Serum IGF-1is inversely associated with endometrial cancer in postmenopausal women. These associations and the potential role of the IGF system in endometrial proliferation and carcinogenesis warrant further research. [2] Higher IGF-1 levels were not positively associated with endometrial cancer: odds ratio (OR) for the highest tertile versus the lowest tertile = 0.63; 95% confidence interval (CI) = 0.30-1.32. ","Insulin-like growth factors; insulin-like growth factor-binding proteins; and endometrial cancer in postmenopausal women: results from a U.S. case-control study","Cancer epidemiology; biomarkers & prevention","13(4):607-12","2004"
"IGF1","3479","18006148","-","Down regulation/ Down expression","-","-","30","30","31 to 88","64.8","Department of Obstetrics and Gynecology; PAGNH University Hospital Crete.","I (n=14); II (n=12); III (n=4)","1 (n=6); 2 (n=17); 1-2 (n=2); 3 (n=5)","[1] IGF-1 down-regulation up-regulation seem to comprise the main features of endometrial carcinogenesis. [2]  Endometrial tissue-pair analysis revealed a significant positive correlation between EGF and IGF-1 (P=0.010); supporting the hypothesis of a cross-talk between IGF- and EGF-mediated signaling pathways in endometrial cancer. [3] The expression of IGF-1 is poaitively correlated with tumor grade.","FGF2 transcript levels are positively correlated with EGF and IGF-1 in the malignant endometrium.","Cancer Letters","259(2):146-55","2008"
"IGF2","3481","15066926","-","-","-","-","136","174","-","-","Chicago (Northwestern University); IL; Chicago (Rush Medical College); IL; Hershey; PA; Irvine; CA; Long Beach; CA; Minneapolis; MN; and Winston-Salem; NC","-","-","[1] Serum IGF-2 is inversely associated with endometrial cancer in postmenopausal women. These associations and the potential role of the IGF system in endometrial proliferation and carcinogenesis warrant further research. [2] Endometrial cancer was inversely associated with IGF-2 (OR for the highest tertile = 0.35; 95% CI = 0.18-0.69) and IGFBP-3 (OR for the highest tertile = 0.40; 95% CI = 0.21-0.77).","Insulin-like growth factors; insulin-like growth factor-binding proteins; and endometrial cancer in postmenopausal women: results from a U.S. case-control study","Cancer epidemiology; biomarkers & prevention","13(4):607-12","2004"
"IGF2","3481","15930340","-","Differentially expressed","","-","-","119 (66 endometrioid; 24 papillary serous; 29 mixed mullerian tumors)","-","-","Duke University Medical Centre; North Carolina","-","-","[1] The microarray study shows that this gene is differently expressed in endometrioid carcinoma profile; reflecting expression value 0.259 and 0.104 on both the endometrioid versus papillary serous carcionma and endometrioid versus mixed mullerian tumor respectively. [2] IGF2 was noted to be overexpressed in the analysis of mixedmullerian tumors (P < 0.001) when compared with bothendometrioid and papillary serous endometrial cancers. [3] associated with a >2-fold papillary serous/endometrioid expression ratio.","Microarray analysis of endometrial carcinomas and mixed mullerian tumors reveals distinct gene expression profiles associated with different histologic types of uterine cancer","Clinical Cancer Research","11(11):4056-66","2005"
"IGF2BP2","10644","15930340","-","Differentially expressed","","-","-","119 (66 endometrioid; 24 papillary serous; 29 mixed mullerian tumors)","-","-","Duke University Medical Centre; North Carolina","-","-","[1] The microarray study shows that this gene is differently expressed in endometrioid carcinoma profile; reflecting expression value 0.337 and 0.322 on both the endometrioid versus papillary serous carcionma and endometrioid versus mixed mullerian tumor respectively. ","Microarray analysis of endometrial carcinomas and mixed mullerian tumors reveals distinct gene expression profiles associated with different histologic types of uterine cancer","Clinical Cancer Research","11(11):4056-66","2005"
"IGF2BP3","10643","15930340","-","Differentially expressed","","-","-","119 (66 endometrioid; 24 papillary serous; 29 mixed mullerian tumors)","-","-","Duke University Medical Centre; North Carolina","-","-","[1] The microarray study shows that this gene is differently expressed in endometrioid carcinoma profile; reflecting expression value 0.423 and 0.349 on both the endometrioid versus papillary serous carcionma and endometrioid versus mixed mullerian tumor respectively. ","Microarray analysis of endometrial carcinomas and mixed mullerian tumors reveals distinct gene expression profiles associated with different histologic types of uterine cancer","Clinical Cancer Research","11(11):4056-66","2005"
"IGFBP1","3484","9279518","Endometrial adenocarcinoma + Endometrial adenosquamous","Down regulation/ Down expression","-","-","27","23 (22 endometrial adenocarcinoma + 1 endometrial adenosquamous); 11 (uterine cervical cancer)","30 to 74 (diseased); 22 to 75 (control)","-","Japan","I (n=11); II (n=3); III (n=9)","1 (n=10); 2 (n=10); 3 (n=3)","[1] The mean circulating level of IGFBP-1 was significantly lower in postmenopausal cancer patients (5.64±2.01; P<0.05)than in postmenopausal control subjects (16.81±4.71; P<0.05). ","Increased circulating levels of insulin-like growth factor-I and decreased circulating levels of insulin-like growth factor binding protein-1 in postmenopausal women with endometrial cancer","Endocrine Journal","44(3):419-24","1997"
"IGFBP3","3486","15066926","-","-","-","-","136","174","-","-","Chicago (Northwestern University); IL; Chicago (Rush Medical College); IL; Hershey; PA; Irvine; CA; Long Beach; CA; Minneapolis; MN; and Winston-Salem; NC","-","-","[1] Serum IGFBP-3 is inversely associated with endometrial cancer in postmenopausal women. These associations and the potential role of the IGF system in endometrial proliferation and carcinogenesis warrant further research. [2] Higher IGFBP-3 is inversely associated with endometrial cancer. ","Insulin-like growth factors; insulin-like growth factor-binding proteins; and endometrial cancer in postmenopausal women: results from a U.S. case-control study","Cancer epidemiology; biomarkers & prevention","13(4):607-12","2004"
"IGFBP6","3489","17043662","-","Down regulation/ Down expression","-","-","29","55","36 to 82 (disease); 38 to 85 (control","55.5 (disease); 52.8 (control)",""Department of Obstetrics and Gynaecology"," The Chinese University of HingKong"," Prince of Wales Hospital."","-","-","[1] This investigation suggests that this gene is differently regulated by -5.4 fold change in the pathogenesis of endometrial carcinoma.","Identification of molecular markers and signaling pathway in endometrial cancer in Hong Kong Chinese women by genome-wide gene expression profiling","0"
"IGJ","3512","17043662","-","Down regulation/ Down expression","-","-","29","55","36 to 82 (disease); 38 to 85 (control","55.5 (disease); 52.8 (control)",""Department of Obstetrics and Gynaecology"," The Chinese University of HingKong"," Prince of Wales Hospital."","-","-","[1] This gene is differently downregulated by -8.88 fold change in late stage endometrioid cancer as compared to early stage disease.","Identification of molecular markers and signaling pathway in endometrial cancer in Hong Kong Chinese women by genome-wide gene expression profiling","0"
"IL11","3589","20553623","-","Up regulation/ Over expression/High expression","Diagnostic Marker","-","10 (proliferative phase)","16","34 to 88","64.4","Monash Medical Centre Melbourne; Australia","-","1 (n=5); 2 (n=5); 3 (n=6)","[1] IL11 was present in uterine flushings and was significantly higher in women with Grade 1 carcinomas compared to postmenopausal women (p < 0.05). IL11 immunostaining was significantly elevated in the endometrial tumour epithelial cells from Grade 1 and 3 compared to endometrial epithelium from postmenopausal and cycling women. IL11R alpha immunostaining intensity was increased in cancer epithelium in the Grades 1 and 2 tumours compared to epithelium from postmenopausal women. [2] pSTAT3 staining intensity was significantly higher in Grade 1 and 2 tumour epithelial cells compared to epithelial cells from cycling and postmenopausal women. [3] SOCS3 in cycling endometrium was significantly higher compared to postmenopausal and Tumour Grades 2 and 3. [4] IL11; along with its specific receptor; IL11R alpha; and downstream signalling molecules; STAT3 and SOCS3; are likely to play a role in the progression of endometrial carcinoma. ","Interleukin 11 is upregulated in uterine lavage and endometrial cancer cells in women with endometrial carcinoma.","Reproductive biology and endocrinology","8:63","2010"
"IL20RA","53832","15930340","-","Differentially expressed","","-","-","119 (66 endometrioid; 24 papillary serous; 29 mixed mullerian tumors)","-","-","Duke University Medical Centre; North Carolina","-","-","[1] The microarray study shows that this gene is differently expressed in endometrioid carcinoma profile; reflecting expression value 2.589 and 3.198 on both the endometrioid versus papillary serous carcionma and endometrioid versus mixed mullerian tumor respectively. ","Microarray analysis of endometrial carcinomas and mixed mullerian tumors reveals distinct gene expression profiles associated with different histologic types of uterine cancer","Clinical Cancer Research","11(11):4056-66","2005"
"IL8","3576","11996475","-","-","-","-","-","-","31 to 83","-","Gifu University School of Medicine ",""Ia (n=15). Ib (n=15)"," Ic (n=15)"," II (n=7)"," III (n=5)"," IV (n=3)"",""1 (n=38)","2"
"INPP5F","22876","18949382","-","Up regulation/ Over expression/High expression","-","-","-","-","-","-","Shandong Tumor Hospital; China","-","-","[1] The microarray study shows that this gene is up-regulated by 6.489 fold in the tumor associated endometrium.","Gene alterations in tumor-associated endothelial cells from endometrial cancer.","International Journal of Molecular Medicine","22(5):619-32","2008"
"IP6K1","9807","15604243","-","-","-","-","-","-","50 to 80","-","Department of Gynecological Oncology; Hospital Vall d'Hebron and Hospital del Mar in Barcelona; Spain.","-","-","[1] The microarray study shows that this gene is differently expressed in endometrioid carcinoma profile; and thus found to be altered in endometrial cancer.","A differential gene expression profile reveals overexpression of RUNX1/AML1 in invasive endometrioid carcinoma.","Cancer Research","64(24):8846-53","2004"
"ITGAV","3685","18949382","-","Up regulation/ Over expression/High expression","-","-","-","-","-","-","Shandong Tumor Hospital; China","-","-","[1] The microarray study shows that this gene is up-regulated by 8.667 fold in the tumor associated endometrium.","Gene alterations in tumor-associated endothelial cells from endometrial cancer.","International Journal of Molecular Medicine","22(5):619-32","2008"
"ITPKC","80271","15604243","-","-","-","-","-","-","50 to 80","-","Department of Gynecological Oncology; Hospital Vall d'Hebron and Hospital del Mar in Barcelona; Spain.","-","-","[1] The microarray study shows that this gene is differently expressed in endometrioid carcinoma profile; and thus found to be altered in endometrial cancer.","A differential gene expression profile reveals overexpression of RUNX1/AML1 in invasive endometrioid carcinoma.","Cancer Research","64(24):8846-53","2004"
"JPH4","84502","17043662","-","Down regulation/ Down expression","-","-","29","55","36 to 82 (disease); 38 to 85 (control","55.5 (disease); 52.8 (control)",""Department of Obstetrics and Gynaecology"," The Chinese University of HingKong"," Prince of Wales Hospital."","-","-","[1] This investigation suggests that this gene is differently regulated by -4.59 fold change in the pathogenesis of endometrial carcinoma.","Identification of molecular markers and signaling pathway in endometrial cancer in Hong Kong Chinese women by genome-wide gene expression profiling","0"
"KANK4","163782","17043662","-","Up regulation/ Over expression/High expression","-","-","29","55","36 to 82 (disease); 38 to 85 (control","55.5 (disease); 52.8 (control)",""Department of Obstetrics and Gynaecology"," The Chinese University of HingKong"," Prince of Wales Hospital."","-","-","[1] This investigation suggests that this gene is differently regulated by 10.98 fold change in the pathogenesis of endometrial carcinoma.","Identification of molecular markers and signaling pathway in endometrial cancer in Hong Kong Chinese women by genome-wide gene expression profiling","0"
"KIAA1324","57535","15930340","-","Differentially expressed","","-","-","119 (66 endometrioid; 24 papillary serous; 29 mixed mullerian tumors)","-","-","Duke University Medical Centre; North Carolina","-","-","[1] The microarray study shows that this gene is differently expressed in endometrioid carcinoma profile; reflecting expression value 8.027 and 19.501 on both the endometrioid versus papillary serous carcionma and endometrioid versus mixed mullerian tumor respectively. ","Microarray analysis of endometrial carcinomas and mixed mullerian tumors reveals distinct gene expression profiles associated with different histologic types of uterine cancer","Clinical Cancer Research","11(11):4056-66","2005"
"KIF1A","547","17043662","-","Up regulation/ Over expression/High expression","-","-","29","55","36 to 82 (disease); 38 to 85 (control","55.5 (disease); 52.8 (control)",""Department of Obstetrics and Gynaecology"," The Chinese University of HingKong"," Prince of Wales Hospital."","-","-","[1] This investigation suggests that this gene is differently regulated by 20 fold change in the pathogenesis of endometrial carcinoma.","Identification of molecular markers and signaling pathway in endometrial cancer in Hong Kong Chinese women by genome-wide gene expression profiling","0"
"KIF26A","26153","17043662","-","Down regulation/ Down expression","-","-","29","55","36 to 82 (disease); 38 to 85 (control","55.5 (disease); 52.8 (control)",""Department of Obstetrics and Gynaecology"," The Chinese University of HingKong"," Prince of Wales Hospital."","-","-","[1] This investigation suggests that this gene is differently regulated by -5.48 fold change in the pathogenesis of endometrial carcinoma.","Identification of molecular markers and signaling pathway in endometrial cancer in Hong Kong Chinese women by genome-wide gene expression profiling","0"
"KLK10","5655","16647913","Uterine serous papillary carcinomas","Up regulation/ Over expression/High expression","Biomarker","-","-","11 USPCs; 2 Ecs; 5 OSPC","-","-","Gynecologic Oncology Division and Pathology Department; University of Arkansas for Medical Science","-","-","[1] Kallikrein 10 is highly expressed in uterine serous papillary carcinoma; and it is released in the plasma and serum of uterine serous papillary carcinoma patients. [2] Kallikrein 10 gene expression levels were significantly higher in uterine serous papillary carcinoma when compared with normal endometrial cell biopsies (mean copy number by real time polymerase chain reaction = 743 versus 1.4; uterine serous papillary carcinoma versus endometrioid carcinoma: P < .02). [3] Serum and plasma kallikrein 10 values in uterine serous papillary carcinoma patients (1.2 +/- 0.1) were significantly higher than those in the non-cancer group (P = .002); benign group (P = .002); and endometrioid carcinoma patients (P = .005).","Overexpression of kallikrein 10 (hK10) in uterine serous papillary carcinomas.","American Journal of Obstetrics and Gynecology","194(5):1296-302","2006"
"KLK6","5653","15867230","Endometrioid carcinoma; USPC; OSPC; cervical carcinomas","Up regulation/ Over expression/High expression","Biomarker","-","-","13 endometrioid carcinoma; 13 USPC; 5 OSPC; cervical carcinomas","-","51","Gynecologic Oncology Division and Pathology Department; University of Arkansas for Medical Science","I (n=16); II (n=3); III (n=1)","1 (n=12); 2 (n=6); 3 (n=2)","[1] hK6 is highly expressed in USPC and is released in the plasma and serum of USPC patients. hK6 may represent a novel biomarker for USPC for monitoring early disease recurrence and response to therapy. [2] Serum and plasma hK6 values in USPC patients (6.1 +/- 1.1) were significantly higher than those in the noncancer group (P = 0.006); benign group (P = 0.003); and endometrioid carcinoma patients (P = 0.005).","Human kallikrein 6: a new potential serum biomarker for uterine serous papillary cancer","Clinical Cancer Research","11(9):3320-5","2005"
"KLRC2","3882","17043662","-","Down regulation/ Down expression","-","-","29","55","36 to 82 (disease); 38 to 85 (control","55.5 (disease); 52.8 (control)",""Department of Obstetrics and Gynaecology"," The Chinese University of HingKong"," Prince of Wales Hospital."","-","-","[1] This investigation suggests that this gene is differently regulated by-11.01fold change in the pathogenesis of endometrial carcinoma.","Identification of molecular markers and signaling pathway in endometrial cancer in Hong Kong Chinese women by genome-wide gene expression profiling","0"
"KRAS","3845","8467512","-","Mutation","-","-","-","-","-","-","-","I (n=56); II (n=11); III+IV (n=17)","1 (n=29); 2 (n=47); 3 (n=8)","[1] The presence of a ras mutation was inversely associated with death from disease; suggesting that this molecular feature may characterize a subset of endometrial carcinomas with a good prognosis.[2] The overall incidence of Ki-ras mutations in the hyperplasia specimens (16%) was similar to the incidence detected in carcinomas (18%); indicating that ras mutation may represent an early event in a subset of endometrial carcinomas. ","Mutation of the Ki-ras protooncogene in human endometrial hyperplasia and carcinoma.","Cancer Research","53(8):1906-10","1993"
"KYNU","8942","15604243","-","-","-","-","-","-","50 to 80","-","Department of Gynecological Oncology; Hospital Vall d'Hebron and Hospital del Mar in Barcelona; Spain.","-","-","[1] The microarray study shows that this gene is differently expressed in endometrioid carcinoma profile; and thus found to be altered in endometrial cancer.","A differential gene expression profile reveals overexpression of RUNX1/AML1 in invasive endometrioid carcinoma.","Cancer Research","64(24):8846-53","2004"
"LAMB1","3912","18949382","-","Up regulation/ Over expression/High expression","-","-","-","-","-","-","Shandong Tumor Hospital; China","-","-","[1] The microarray study shows that this gene is up-regulated by 8.178 fold in the tumor associated endometrium.","Gene alterations in tumor-associated endothelial cells from endometrial cancer.","International Journal of Molecular Medicine","22(5):619-32","2008"
"LCN2","3934","17043662","-","Up regulation/ Over expression/High expression","-","-","29","55","36 to 82 (disease); 38 to 85 (control","55.5 (disease); 52.8 (control)",""Department of Obstetrics and Gynaecology"," The Chinese University of HingKong"," Prince of Wales Hospital."","-","-","[1] This investigation suggests that this gene is differently regulated by 4.73 fold change in the pathogenesis of endometrial carcinoma.","Identification of molecular markers and signaling pathway in endometrial cancer in Hong Kong Chinese women by genome-wide gene expression profiling","0"
"LDB2","9079","17043662","-","Down regulation/ Down expression","-","-","29","55","36 to 82 (disease); 38 to 85 (control","55.5 (disease); 52.8 (control)",""Department of Obstetrics and Gynaecology"," The Chinese University of HingKong"," Prince of Wales Hospital."","-","-","[1] This investigation suggests that this gene is differently regulated by -4.11 fold change in the pathogenesis of endometrial carcinoma.","Identification of molecular markers and signaling pathway in endometrial cancer in Hong Kong Chinese women by genome-wide gene expression profiling","0"
"LGALS3","3958","21153652","-","-","-","-","10 simple hyperplasia+ 10 complex hyperplasia+ 10 proliferative+ 10 serous","40 endometroid adenocarcinoma+ 24 serous carcinoma+ 10 mixed","-","-","Department of Obstetrics and Gynecology of Pamukkale University and Ege University",""Ia(n=6)"," Ib (n=17)"," Ic (n=12)"," 2a (n=4)"," 2b (n=4)"," 3c (n=9) "","0"
"LIMS1","3987","20714146","Atypical Endometrial Hyperplasias (n=18); Endometrioid Endometrial carcinomas (n=48).","-","-","-","23 (11 proliferative phase + 12 secretory phase)","66","22 to 60 (normal endometrium); 26 to 77 (atypical endometrial hyperplasia); 33 to 74 (endometrial cancer)","36 (normal endometrium); 40.5 (atypical endometrial hyperplasia); 56 (endometrial cancer)","First Hospital of Hebei Medical University; China","I (n=34); II (n=8); III (n=5)","1 (n=1); 2 (n=25); 3 (n=5)","[1] The PINCH expression in the stroma of cancer (71%) was significantly increased compared to either normal endometrium (17%; p < 0.0001) or atypical hyperplasia (39%; p = 0.017). [2] PINCH expression in cancer was higher in the patients with hypertension (p = 0.041) and estrogen exposure time >30 years (p = 0.021). [3] PINCH protein expression markedly increased in the tumor associated stroma in endometroid hyperplasia; especially at the invasive margin of the tumor. ","PINCH protein expression in normal endometrium; atypical endometrial hyperplasia and endometrioid endometrial carcinoma.","Chemotherapy","56(4):291-7","2010"
"LMOD1","25802","17043662","-","Down regulation/ Down expression","-","-","29","55","36 to 82 (disease); 38 to 85 (control","55.5 (disease); 52.8 (control)",""Department of Obstetrics and Gynaecology"," The Chinese University of HingKong"," Prince of Wales Hospital."","-","-","[1] This investigation suggests that this gene is differently regulated by-5.69fold change in the pathogenesis of endometrial carcinoma.","Identification of molecular markers and signaling pathway in endometrial cancer in Hong Kong Chinese women by genome-wide gene expression profiling","0"
"LOX","4015","18949382","-","Up regulation/ Over expression/High expression","-","-","-","-","-","-","Shandong Tumor Hospital; China","-","-","[1] The microarray study shows that this gene is up-regulated by 5.861 fold in the tumor associated endometrium.","Gene alterations in tumor-associated endothelial cells from endometrial cancer.","International Journal of Molecular Medicine","22(5):619-32","2008"
"LOXL3","84695","18949382","-","Down regulation/ Down expression","-","-","-","-","-","-","Shandong Tumor Hospital; China","-","-","[1] The microarray study shows that this gene is down-regulated by 0.091 fold in the tumor associated endometrium.","Gene alterations in tumor-associated endothelial cells from endometrial cancer.","International Journal of Molecular Medicine","22(5):619-32","2008"
"LRCH2","57631","15930340","-","Differentially expressed","","-","-","119 (66 endometrioid; 24 papillary serous; 29 mixed mullerian tumors)","-","-","Duke University Medical Centre; North Carolina","-","-","[1] The microarray study shows that this gene is differently expressed in endometrioid carcinoma profile; reflecting expression value 0.382 and 0.382 on both the endometrioid versus papillary serous carcionma and endometrioid versus mixed mullerian tumor respectively. ","Microarray analysis of endometrial carcinomas and mixed mullerian tumors reveals distinct gene expression profiles associated with different histologic types of uterine cancer","Clinical Cancer Research","11(11):4056-66","2005"
"LRP1","4035","11006321","-","Down regulation/ Down expression","-","-","14 (premenopausal: 6 proliferative phase; 6 secretory phase; inactive postmenopausal endometrium 2)","33 (postmenopusal 30; premenopausal proliferative phase 3)","-","-","Royal Women's Hospital","IB (n=12); IC (n=6); IIA (n=4); III (11)","1 (n=14); 2 (n=8); 3 (n=11)","[1] Expression of LRP mRNA in normal endometrium is significantly incereased in the secretory phase when compared with proliferative phase endometrium (p<0.05). The expression of LRP in all carcinomas examined is significantly reduced to about 20% of the amount in normal endometrium (p<0.05). [2] LRP expression is differently regulated in the normal endometrium during the menstrual cycle and is decreased in invasive endometrial carcinomas. ","Differential expression of the alpha(2)-macroglobulin receptor and the receptor associated protein in normal human endometrium and endometrial carcinoma.","Molecular Human Reproduction","6(10):921-7","2000"
"LRRN1","57633","15930340","-","Differentially expressed","","-","-","119 (66 endometrioid; 24 papillary serous; 29 mixed mullerian tumors)","-","-","Duke University Medical Centre; North Carolina","-","-","[1] The microarray study shows that this gene is differently expressed in endometrioid carcinoma profile; reflecting expression value 0.302 and 0.135 on both the endometrioid versus papillary serous carcionma and endometrioid versus mixed mullerian tumor respectively. ","Microarray analysis of endometrial carcinomas and mixed mullerian tumors reveals distinct gene expression profiles associated with different histologic types of uterine cancer","Clinical Cancer Research","11(11):4056-66","2005"
"LTBP4","8425","17043662","-","Down regulation/ Down expression","-","-","29","55","36 to 82 (disease); 38 to 85 (control","55.5 (disease); 52.8 (control)",""Department of Obstetrics and Gynaecology"," The Chinese University of HingKong"," Prince of Wales Hospital."","-","-","[1] This investigation suggests that this gene is differently regulated by -5.32 fold change in the pathogenesis of endometrial carcinoma.","Identification of molecular markers and signaling pathway in endometrial cancer in Hong Kong Chinese women by genome-wide gene expression profiling","0"
"MAPRE1","22919","18949382","-","Up regulation/ Over expression/High expression","-","-","-","-","-","-","Shandong Tumor Hospital; China","-","-","[1] The microarray study shows that this gene is up-regulated by 6.048 fold in the tumor associated endometrium.","Gene alterations in tumor-associated endothelial cells from endometrial cancer.","International Journal of Molecular Medicine","22(5):619-32","2008"
"MARCO","8685","18949382","-","Down regulation/ Down expression","-","-","-","-","-","-","Shandong Tumor Hospital; China","-","-","[1] The microarray study shows that this gene is down-regulated by 0.041 fold in the tumor associated endometrium.","Gene alterations in tumor-associated endothelial cells from endometrial cancer.","International Journal of Molecular Medicine","22(5):619-32","2008"
"MASP1","5648","17043662","-","Down regulation/ Down expression","-","-","29","55","36 to 82 (disease); 38 to 85 (control","55.5 (disease); 52.8 (control)",""Department of Obstetrics and Gynaecology"," The Chinese University of HingKong"," Prince of Wales Hospital."","-","-","[1] This investigation suggests that this gene is differently regulated by-7.6fold change in the pathogenesis of endometrial carcinoma.","Identification of molecular markers and signaling pathway in endometrial cancer in Hong Kong Chinese women by genome-wide gene expression profiling","0"
"MDM2","4193","17123590","-","Polymorphism","-","-","79","73 (62 Endometriod; 11 UPSC/Mixed )","-","-","-","I (n=46); II (n=8); III (n=11); IV (n=8)","1 (n=34); 2 (n=21); 3 (n=10)","[1] The MDM2 SNP309 homozygous G/G genotype may be a genetic variant that influences sporadic endometrial cancer susceptibility. [2] The homozygous G/G genotype was found in 25% of endometrial cancer cases and 11% of controls. In an age-adjusted analysis of cases and controls; the G/G genotype increased the risk of endometrial cancer 2.76-fold (95% CI: 1.06; 7.20; p=0.03) compared to presence of a wild-type T allele (T/G and T/T genotypes).","Association between a functional single nucleotide polymorphism in the MDM2 gene and sporadic endometrial cancer risk","Gynecologic Oncology","104(3):660-4","2007"
"MDM2","4193","18398041","-","Polymorphism","-","-","1543","591","30 to 55","-","Brigham and Women's Hospital and Harvard Medical School; Boston; Masssachutts","-","-","[1] Women carrying two copies of the MDM2 SNP309 variant may be at greater risk of endometrial cancer. [2] Women with a homozygous variant genotype had a greater risk than women with a wild-type genotype for the MDM2 SNP309 (covariate-adjusted odds ratio; 1.87; 95% confidence interval; 1.29-2.73) for endometrial cancer. ","MDM2 SNP309 is associated with endometrial cancer risk.","Cancer epidemiology; biomarkers & prevention","17(4):983-6","2008"
"MED13L","23389","15930340","-","Differentially expressed","","-","-","119 (66 endometrioid; 24 papillary serous; 29 mixed mullerian tumors)","-","-","Duke University Medical Centre; North Carolina","-","-","[1] The microarray study shows that this gene is differently expressed in endometrioid carcinoma profile; reflecting expression value 0.449 and 0.468 on both the papillary serous carcionma versus endometrioid versus and papillary serous versus mixed mullerian tumor respectively. ","Microarray analysis of endometrial carcinomas and mixed mullerian tumors reveals distinct gene expression profiles associated with different histologic types of uterine cancer","Clinical Cancer Research","11(11):4056-66","2005"
"MEG3","55384","17043662","-","Down regulation/ Down expression","-","-","29","55","36 to 82 (disease); 38 to 85 (control","55.5 (disease); 52.8 (control)",""Department of Obstetrics and Gynaecology"," The Chinese University of HingKong"," Prince of Wales Hospital."","-","-","[1] This investigation suggests that this gene is differently regulated by -4.2 fold change in the pathogenesis of endometrial carcinoma.","Identification of molecular markers and signaling pathway in endometrial cancer in Hong Kong Chinese women by genome-wide gene expression profiling","0"
"MGC1621","84848","17043662","-","Down regulation/ Down expression","-","-","29","55","36 to 82 (disease); 38 to 85 (control","55.5 (disease); 52.8 (control)",""Department of Obstetrics and Gynaecology"," The Chinese University of HingKong"," Prince of Wales Hospital."","-","-","[1] This investigation suggests that this gene is differently regulated by -4.85 fold change in the pathogenesis of endometrial carcinoma.","Identification of molecular markers and signaling pathway in endometrial cancer in Hong Kong Chinese women by genome-wide gene expression profiling","0"
"MLH1","4292","10072435","-","Hypermethylation","-","-","-","64","-","-","-","-","-","[1] MSH2 gene may contribute substantially to inherited forms of endometrial cancer. [2] The MLH1 promoter was methylated in 41 of 53 (77%) MSI-positive cancers investigated. In MSI-negative tumors on the other hand; there was evidence for limited methylation in only one of 11 tumors studied. Immunohistochemical investigation of a subset of the tumors revealed that methylation of the MLH1 promoter in MSI-positive tumors was associated with loss of MLH1 expression. ","MLH1 promoter methylation and gene silencing is the primary cause of microsatellite instability in sporadic endometrial cancers","Human Molecular Genetics","8(4):661-6","1999"
"MLH1","4292","10550333","-","Hypermethylation","-","-","62 simple endometrial hyperplasia + 33 complex endometrial hyperplasia without atypia + 21 complex endometrial hyperplasia with atypia","27","-","-","-","-","-","[1] The hypermethylation of hMLH1 can be an early event in the pathogenesis of EC; preceding the development of an apparent MSI phenotype in a subset of cases. [2] 1 of 12 (91%) cases of endometrial carcinoma (EC) displaying MSI had hMLH1 promoter hypermethylation; whereas aberrant methylation of any of the other mismatch repair genes was not observed. All 15 cases of EC without MSI were unmethylated at hMLH1. Abnormal methylation of hMLH1 was also present in 8 of 116 (7%) cases of EH and was restricted primarily to the atypical endometrial hyperplasia (AEH) type with coexisting endometrial carcinoma. [3] 11 of 27 (40%) UECs had promoter hypermethylation of the hMLH1 gene. Moreover; when the EC samples were decoded for their MSI phenotype; hMLH1 was hypermethylated in 11 of 12 (91%) MSI+ tumors; whereas none of 15 MSI? tumors demonstrated hMLH1 promoter hypermethylation.","hMLH1 promoter hypermethylation is an early event in human endometrial tumorigenesis.","The Americal Journal of Pathology","155(5):1767-72","1999"
"MLH1","4292","12700670","-","Hypermethylation","-","-","-","-","-","-","-","-","-","[1] hypermethylation of the MLH1 promoter is frequent in the histologically normal endometrium adjacent to cancers; supporting the notion that hypermethylation of mismatch repair genes is the initial step that triggers various genetic events in endometrial carcinogenesis. [2] The profile of CpG methylation in a wide range of MLH1 promoters in endometrial cancers and in the normal endometrium is largely unknown. The study investigates the region 700 bp upstream of MLH1 covering 48 CpG sites using bisulfite sequencing. Methylation status was classified as full (over 80% of CpGs are methylated); partial (10-80%) or nonmethylation (less than 10%). Of 56 endometrioid endometrial cancers; 16 (29%) were fully methylated; 14 (25%) were partially methylated and 26 (46%) were not methylated. Analyses of MLH1 by immunohistochemical means and of MSI revealed that the degree; rather than region-specific methylation of CpG islands is critical for decreased MLH1 expression and the MSI phenotype.","Frequent hypermethylation of MLH1 promoter in normal endometrium of patients with endometrial cancers","Oncogene","22(15):2352-60","2003"
"MLH3","27030","16885347","-","Mutation","-","-","-","57","-","61","Division of Gynecologic Oncology; Washington Univesrity School of Medicine","-","-","[1] A total of 22 MLH3 variants are identified. Twelve of the 22 sequence alterations are missense changes (namely R647C; T942I; P844L; K231Q; F390I; V420I; P551S; R797H; N826D; E828D; Y720C and H823Y). There are four silent and six intronic variants. Five of the six intronic variants are SNP and one is an insertion/deletion polymorphism in a TA repeat. Of the 12 missense variants; three are somatic mutations (E828D; Y720C and H823Y). One tumor specimen had both a germ line missense variant (T942I) and loss of heterozygosity. [2] The identification of inherited missense variants; somatic missense mutations (present in 3 of 57 tumors); and LOH in the tumor from a patient with a germ line missense change suggest a role for MLH3 in endometrial tumorigenesis.","MLH3 mutation in endometrial cancer.","Cancer Research","66(15):7502-8","2006"
"MME","4311","17043662","-","Down regulation/ Down expression","-","-","29","55","36 to 82 (disease); 38 to 85 (control","55.5 (disease); 52.8 (control)",""Department of Obstetrics and Gynaecology"," The Chinese University of HingKong"," Prince of Wales Hospital."","-","-","[1] This investigation suggests that this gene is differently regulated by-13.13fold change in the pathogenesis of endometrial carcinoma.","Identification of molecular markers and signaling pathway in endometrial cancer in Hong Kong Chinese women by genome-wide gene expression profiling","0"
"MMP10","4319","18949382","-","Up regulation/ Over expression/High expression","-","-","-","-","-","-","Shandong Tumor Hospital; China","-","-","[1] The microarray study shows that this gene is up-regulated by 5.881 fold in the tumor associated endometrium.","Gene alterations in tumor-associated endothelial cells from endometrial cancer.","International Journal of Molecular Medicine","22(5):619-32","2008"
"MMP26","56547","15350356","-","Down regulation/ Down expression","-","-","15 (6 simple+ 3 complex + 6 complex with atypia)","53","42-78","-","Department of Gynecology and Obstetrics; Lund University Hospital.","-","-","[1] MMP-26 mRNA is selectively localized in the epithelial compartment of normal; hyperplastic; and malignant endometrial tissue. Expression is high in normal and hyperplastic endometria; but is downregulated in the late part of the cycle and in malignant tumors. [2] The amount of MMP-26 mRNA decreased progressively with loss of histological differentiation in malignant samples.","Matrix metalloproteinase-26 (matrilysin-2) expression is high in endometrial hyperplasia and decreases with loss of histological differentiation in endometrial cancer","Gynecologic Oncology","94(3):661-70","2004"
"MMP7","4316","20113256","-","Polymorphism","-","-","229","118 (103 endometroid+ 15 non-endometroid)","-","54.72",""Taichung Veterans General Hospital"," Taiwan"",""I (n=83)"," II (n=17)"," III (n=16)"," IV (n=2)"","-","0"
"MMP9","4318","18949382","-","Up regulation/ Over expression/High expression","-","-","-","-","-","-","Shandong Tumor Hospital; China","-","-","[1] The microarray study shows that this gene is up-regulated by 5.437 fold in the tumor associated endometrium.","Gene alterations in tumor-associated endothelial cells from endometrial cancer.","International Journal of Molecular Medicine","22(5):619-32","2008"
"MRPL3","11222","15604243","-","-","-","-","-","-","50 to 80","-","Department of Gynecological Oncology; Hospital Vall d'Hebron and Hospital del Mar in Barcelona; Spain.","-","-","[1] The microarray study shows that this gene is differently expressed in endometrioid carcinoma profile; and thus found to be altered in endometrial cancer.","A differential gene expression profile reveals overexpression of RUNX1/AML1 in invasive endometrioid carcinoma.","Cancer Research","64(24):8846-53","2004"
"MS4A6","64231","15604243","-","-","-","-","-","-","50 to 80","-","Department of Gynecological Oncology; Hospital Vall d'Hebron and Hospital del Mar in Barcelona; Spain.","-","-","[1] The microarray study shows that this gene is differently expressed in endometrioid carcinoma profile; and thus found to be altered in endometrial cancer.","A differential gene expression profile reveals overexpression of RUNX1/AML1 in invasive endometrioid carcinoma.","Cancer Research","64(24):8846-53","2004"
"MSX2","4488","15930340","-","Differentially expressed","","-","-","119 (66 endometrioid; 24 papillary serous; 29 mixed mullerian tumors)","-","-","Duke University Medical Centre; North Carolina","-","-","[1] The microarray study shows that this gene is differently expressed in endometrioid carcinoma profile; reflecting expression value 3.107 and 3.655 on both the endometrioid versus papillary serous carcionma and endometrioid versus mixed mullerian tumor respectively. [2] This genes with a >2-fold  endometrioid/papillary serous carcinoma expression ratio.","Microarray analysis of endometrial carcinomas and mixed mullerian tumors reveals distinct gene expression profiles associated with different histologic types of uterine cancer","Clinical Cancer Research","11(11):4056-66","2005"
"MT1E","4493","19420986","-","Down regulation/ Down expression","-","-","-","101","-","58.9","Gynecological Oncology Division; Queen Mary Hospital","I (n=72); II (n=14); III (n=12); IV (n=3)","1 (n=43); 2 (n=28); 3 (n=20)","[1] A high frequency of cancer-specific hypermethylation of MT-1E was found in endometrial carcinomas. [2] Promoter hypermethylation was detected in 42.4% (53/125) of the endometrial carcinoma samples; whilst none of the 38 normal tissues or hyperplasia samples were methylated.","Epigenetic alteration of the metallothionein 1E gene in human endometrial carcinomas.","Tumor Biology","30(2):93-9","2009"
"MTHFR","4524","9450474","-","Polymorphism","Molecular Marker","-","60","80","44 to 76","-","Department of Obsterics and Gynecology; Hospital Universtari MaternoInfantil Vall d'Hebron; Barcelona","I (n=35); II+III (n=45)","1 (n=40); 2+3 (n=40)","[1] There is an association between polymorphisms at the methylenetetrahydrofolate reductase (MTHFR) gene and susceptibility to endometrial cancer. [2] DNA analysis suggest a significantly increased endometrial cancer risk with an alanine to valine substitution at nucleotide 677 of MTHFR gene with an odds ratio of 2.8 (95% confidence interval: 1.36-6.14; P = 0.002). Moreover; the tumors from patients with the valine allele were more undifferentiated (P = 0.03).","Germ line polymorphisms in cytochrome-P450 1A1 (C4887 CYP1A1) and methylenetetrahydrofolate reductase (MTHFR) genes and endometrial cancer susceptibility","Carcinogenesis","18(12):2307-11","1997"
"MUM1L1","139221","17043662","-","Down regulation/ Down expression","-","-","29","55","36 to 82 (disease); 38 to 85 (control","55.5 (disease); 52.8 (control)",""Department of Obstetrics and Gynaecology"," The Chinese University of HingKong"," Prince of Wales Hospital."","-","-","[1] This investigation suggests that this gene is differently regulated by-6.92fold change in the pathogenesis of endometrial carcinoma.","Identification of molecular markers and signaling pathway in endometrial cancer in Hong Kong Chinese women by genome-wide gene expression profiling","0"
"MVD","4597","18949382","-","Down regulation/ Down expression","-","-","-","-","-","-","Shandong Tumor Hospital; China","-","-","[1] The microarray study shows that this gene is down-regulated by 0.124 fold in the tumor associated endometrium.","Gene alterations in tumor-associated endothelial cells from endometrial cancer.","International Journal of Molecular Medicine","22(5):619-32","2008"
"NCOA3","8202","16980945","-","-","-","-","-","88","33 to 88","60","University of Colorado Health Sciences Center",""I (n=59); II (n=6)"," III (n=9); IV (n=3); Unstaged (n=11)"","1 (n=45); 2(n=23); 3 (n=17)",""[1] When AIB1 is overexpressed in endometrial carcinoma"," ER action is augmented"," leading to endometrial hyperplasia and progression to malignancy.[2] In endometrial carcinoma","0"
"NDC80","10403","15930340","-","Differentially expressed","","-","-","119 (66 endometrioid; 24 papillary serous; 29 mixed mullerian tumors)","-","-","Duke University Medical Centre; North Carolina","-","-","[1] The microarray study shows that this gene is differently expressed in endometrioid carcinoma profile; reflecting expression value 0.454 and 0.451 on both the endometrioid versus papillary serous carcionma and endometrioid versus mixed mullerian tumor respectively. ","Microarray analysis of endometrial carcinomas and mixed mullerian tumors reveals distinct gene expression profiles associated with different histologic types of uterine cancer","Clinical Cancer Research","11(11):4056-66","2005"
"NDN","4692","17043662","-","Down regulation/ Down expression","-","-","29","55","36 to 82 (disease); 38 to 85 (control","55.5 (disease); 52.8 (control)",""Department of Obstetrics and Gynaecology"," The Chinese University of HingKong"," Prince of Wales Hospital."","-","-","[1] This investigation suggests that this gene is differently regulated by -5.39 fold change in the pathogenesis of endometrial carcinoma.","Identification of molecular markers and signaling pathway in endometrial cancer in Hong Kong Chinese women by genome-wide gene expression profiling","0"
"NDRG1","10397","18377423","-","-","-","-","40 (20 proliferative+ 20 seceretory)","103 (endometrial carcinoma) + 34 atypical hyperplasia (6 simple + 28 complex atypical hyperplasia)","32 to 81","-","Shanghai Jiatong University; Shanghai; China","I-II (n=65); III-IV (n=38)","1 (n=35); 2 (n=38); 3 (n=30)","[1] The expression of NDRG1 was up-regulated in 5/40 (12.5%); 18/34 (52.94%); and 86/103 (83.5%) normal endometrium; atypical hyperplasia; and endometrial carcinoma cases; respectively (P < 0.01); while in 6/40 (15%); 20/34 (58.82%); and 89/103 (86.41%) normal endometrium; atypical hyperplasia; and endometrial carcinoma cases; respectively. [2] Statistical analyzes demonstrated a positive correlation between NDRG1 up-regulation and PTEN down-regulation (P < 0.01). [3] Identification of changes in the NDRG1 expression may be a significant diagnostic tool for the early detection of endometrial carcinoma.","Correlation between NDRG1 and PTEN expression in endometrial carcinoma.","Cancer Science","99(4):706-10","2008"
"NDUFA2","4695","15604243","-","-","-","-","-","-","50 to 80","-","Department of Gynecological Oncology; Hospital Vall d'Hebron and Hospital del Mar in Barcelona; Spain.","-","-","[1] The microarray study shows that this gene is differently expressed in endometrioid carcinoma profile; and thus found to be altered in endometrial cancer.","A differential gene expression profile reveals overexpression of RUNX1/AML1 in invasive endometrioid carcinoma.","Cancer Research","64(24):8846-53","2004"
"NFE2L2","4780","21228930","Endometrial Serous carcinoma","Up regulation/ Over expression/High expression","Diagnostic Marker","-","-","231 specimens were studied which included benign endo-metrium (n=28); atypical endometrial hyperpla-sia or endometrial intraepithelial neoplasia (n=18); serous endometrial glandular dysplasia (EmGD) (n=20); serous endometrial intraepithelial carcinoma (EIC) (n=25); clear cell EmGD (n=10); clear cell EIC (n=8); endometrioid carcinoma (n=50); serous carcinoma (n=41); clear cell carcinoma (n=15); mucinous carcinoma (n=8); and other malignancies (n=8). Cancers grouped in the other category included those undifferentiated carcinoma (n=3); carcinosarcoma (n=3); squamous cell carcinoma (n=2)","-","-","Department of Pathology; University of Arizona","-","1 (n=1); 2 (n=9); 3 (n=7)","[1] Nrf2 overexpression is closely associated with endometrial neoplasms with serous differentiation. Alteration of Nrf2 expression may represent one of the early molecular events in ESC carcinogenesis and overexpression of Nrf2 may used as a diagnostic marker in surgical pathology. [2] Among the malignant cases; Nrf2 was positive in 28 (68%) of 50 ESCs; which was significantly more than in 3 (6%) of 50 endometrioid carcinomas (p < 0.001) and 2 (13%) of 15 clear cell carcinomas (p = 0.001) and other histologic types of endometrial cancers. Among endometrial precursor lesions; both serous endometrial glandular dysplasia (EmGD; 40%) and serous endometrial intraepithelial carcinoma (EIC; 44%) showed a significantly higher Nrf2 expression than that in atypical endometrial hyperplasia or endometrial intraepithelial neoplasia (0%); clear cell EmGD (10%); and clear cell EIC (25%); respectively. ","Nrf2 expression in endometrial serous carcinomas and its precancers","International Journal of Clinical and Experimental Pathology","4(1):85-96","2010"
"NFIB","4781","18949382","-","Up regulation/ Over expression/High expression","-","-","-","-","-","-","Shandong Tumor Hospital; China","-","-","[1] The microarray study shows that this gene is up-regulated by 8.020 fold in the tumor associated endometrium.","Gene alterations in tumor-associated endothelial cells from endometrial cancer.","International Journal of Molecular Medicine","22(5):619-32","2008"
"NFKB1","4790","17704737","-","-","Potential Marker","-","-","20","-","-",""Gynecology Clinic of Odessa State Medical University"," Odessa"," Ukraine"","-","-",""[1] There is the first report that reveals an association between NFKB1 and endometrial cancer. [2] Search for new molecular markers of endometrial cancer within anonymous DNA sequences located between microsatellite repeats revealed 100 bp and 174 bp polymorphic fragments. These fragments were detected correspondingly in 60% and 35% of patients. 100 bp fragment appeared to be homologous to a region within the NFKB gene"," 174 bp fragment – to a sequence within the DDR1 gene."","0"
"NGFRAP1","27018","18949382","-","Down regulation/ Down expression","-","-","-","-","-","-","Shandong Tumor Hospital; China","-","-","[1] The microarray study shows that this gene is down-regulated by 0.133 fold in the tumor associated endometrium.","Gene alterations in tumor-associated endothelial cells from endometrial cancer.","International Journal of Molecular Medicine","22(5):619-32","2008"
"NID","4811","17043662","-","Down regulation/ Down expression","-","-","29","55","36 to 82 (disease); 38 to 85 (control","55.5 (disease); 52.8 (control)",""Department of Obstetrics and Gynaecology"," The Chinese University of HingKong"," Prince of Wales Hospital."","-","-","[1] This investigation suggests that this gene is differently regulated by -4.52 fold change in the pathogenesis of endometrial carcinoma.","Identification of molecular markers and signaling pathway in endometrial cancer in Hong Kong Chinese women by genome-wide gene expression profiling","0"
"NKX2-1","7080","17504987","-","-","-","-","-","Endometrioid (n=361) and non-endometrioid uterine cancers (n=23)","-","63.9","-",""IA (n=62); IB/IC (n=203); II (n=26)"," III (n=50); IV (n=13)"","1 (n=182); 2 (n=121); 3 (n=58)",""[1] The 5' CpG islands for SESN3 and TITF1 are novel cancer-specific methylation markers. Methylation at these loci is strongly associated with aberrant MLH1 methylation in endometrial cancers. [2] DMH and COBRA identified two CpG islands methylated in tumors but not in normal DNAs: SESN3 (PY2B4) and TITF1 (SC77F6/154). Bisulfite sequencing showed dense methylation of the CpG islands and confirmed the COBRA assays. SESN3 and TITF1 were methylated in 20% and 70% of endometrioid tumors"," respectively. MLH1 methylation was seen in 28% of the tumors. TITF1 and SESN3 methylation was highly associated with MLH1 methylation (P<0.0001). SESN3 and TITF1 were methylated in endometrioid and non-endometrioid tumors"," whereas MLH1 methylation was restricted to endometrioid tumors. Methylation at these markers was not associated with survival outcomes."","0"
"NME1","4830","8519661","-","-","-","-","-","2 (Leiomysarcoma ); 2 (myometrium); 2 (uterine cervix)","36 to 80","57","Kitasato University Hospital","I (n=13); II (n=4); III (n=9)","1 (n=15); 2 (n=5); 3 (n=8)","[1] The staining intensity for this protein is significantly stronger in well-differentiated adenocarcinomas (G1) than in those moderately differentiated (G2) (P < 0.05). nm23-H1 protein is shown by immunoblotting to be present at significantly higher levels in G1 than in G2 tumours (P < 0.05). [2] The high expression of nm23-H1 is positively correlated with histological differentiation.","Expression of nm23-H1 and nm23-H2 protein in endometrial carcinoma.","British Journal of Cancer","72(6):1469-73","1995"
"NME1","4830","20599259","-","Polymorphism","-","-","-","-","-","58.2 (patient); 56.2 (control)","Department of Obstetrics and Gynecology; Taichung Veterans General Hospital and Chung Shan Medical University Hospital; Taiwan.","I (n=66); II (n=13); III (n=10); IV (n=2)","-","[1] Heterozygous genotypes TC in rs16949649 and CT in rs2302254 of nm23-H1 promoter are potential susceptibility factors for endometrial cancer. [2] A trend of increased risk (OR: 26.67; P=0.01) of advanced stage endometrial cancer (stage III-IV) was observed in patients with TT genotype as compared to those with CC genotype in rs2302254.","Significant association of genetic polymorphism of human nonmetastatic clone 23 type 1 gene with an increased risk of endometrial cancer","Gynecologic Oncology","119(1):70-5","2010"
"NME2","4831","8519661","-","-","-","-","-","2 (Leiomysarcoma ); 2 (myometrium); 2 (uterine cervix)","36 to 80","57","Kitasato University Hospital","I (n=13); II (n=4); III (n=9)","1 (n=15); 2 (n=5); 3 (n=8)","[1] The staining intensity for this protein is significantly stronger in well-differentiated adenocarcinomas (G1) than in those moderately differentiated (G2) (P < 0.05). nm23-H2 protein is shown by immunoblotting to be present at significantly higher levels in G1 than in G2 tumours (P < 0.05). [2] The high expression of nm23-H2 is positively correlated with histological differentiation.","Expression of nm23-H1 and nm23-H2 protein in endometrial carcinoma.","British Journal of Cancer","72(6):1469-73","1995"
"NPDC1","56654","15930340","-","Differentially expressed","","-","-","119 (66 endometrioid; 24 papillary serous; 29 mixed mullerian tumors)","-","-","Duke University Medical Centre; North Carolina","-","-","[1] The microarray study shows that this gene is differently expressed in endometrioid carcinoma profile; reflecting expression value 2.031 and 2.372 on both the endometrioid versus papillary serous carcionma and endometrioid versus mixed mullerian tumor respectively. ","Microarray analysis of endometrial carcinomas and mixed mullerian tumors reveals distinct gene expression profiles associated with different histologic types of uterine cancer","Clinical Cancer Research","11(11):4056-66","2005"
"NPR1","4881","15930340","-","Differentially expressed","","-","-","119 (66 endometrioid; 24 papillary serous; 29 mixed mullerian tumors)","-","-","Duke University Medical Centre; North Carolina","-","-","[1] The microarray study shows that this gene is differently expressed in endometrioid carcinoma profile; reflecting expression value 3.757 and 3.366 on both the papillary serous carcionma versus endometrioid versus and papillary serous versus mixed mullerian tumor respectively. ","Microarray analysis of endometrial carcinomas and mixed mullerian tumors reveals distinct gene expression profiles associated with different histologic types of uterine cancer","Clinical Cancer Research","11(11):4056-66","2005"
"NPTX1","4884","15604243","-","-","-","-","-","-","50 to 80","-","Department of Gynecological Oncology; Hospital Vall d'Hebron and Hospital del Mar in Barcelona; Spain.","-","-","[1] The microarray study shows that this gene is differently expressed in endometrioid carcinoma profile; and thus found to be altered in endometrial cancer.","A differential gene expression profile reveals overexpression of RUNX1/AML1 in invasive endometrioid carcinoma.","Cancer Research","64(24):8846-53","2004"
"NR3C1","2908","15930340","-","Differentially expressed","","-","-","119 (66 endometrioid; 24 papillary serous; 29 mixed mullerian tumors)","-","-","Duke University Medical Centre; North Carolina","-","-","[1] The microarray study shows that this gene is differently expressed in endometrioid carcinoma profile; reflecting expression value 0.346 and 0.264 on both the endometrioid versus papillary serous carcionma and endometrioid versus mixed mullerian tumor respectively. ","Microarray analysis of endometrial carcinomas and mixed mullerian tumors reveals distinct gene expression profiles associated with different histologic types of uterine cancer","Clinical Cancer Research","11(11):4056-66","2005"
"NSDHL","50814","18949382","-","Down regulation/ Down expression","-","-","-","-","-","-","Shandong Tumor Hospital; China","-","-","[1] The microarray study shows that this gene is down-regulated by 0.107 fold in the tumor associated endometrium.","Gene alterations in tumor-associated endothelial cells from endometrial cancer.","International Journal of Molecular Medicine","22(5):619-32","2008"
"NT5E","4907","15930340","-","Differentially expressed","","-","-","119 (66 endometrioid; 24 papillary serous; 29 mixed mullerian tumors)","-","-","Duke University Medical Centre; North Carolina","-","-","[1] The microarray study shows that this gene is differently expressed in endometrioid carcinoma profile; reflecting expression value 2.215 and 2.271 on both the endometrioid versus papillary serous carcionma and endometrioid versus mixed mullerian tumor respectively. ","Microarray analysis of endometrial carcinomas and mixed mullerian tumors reveals distinct gene expression profiles associated with different histologic types of uterine cancer","Clinical Cancer Research","11(11):4056-66","2005"
"NUP107","57122","18949382","-","Down regulation/ Down expression","-","-","-","-","-","-","Shandong Tumor Hospital; China","-","-","[1] The microarray study shows that this gene is down-regulated by 0.197 fold in the tumor associated endometrium.","Gene alterations in tumor-associated endothelial cells from endometrial cancer.","International Journal of Molecular Medicine","22(5):619-32","2008"
"OGN","4969","17043662","-","Down regulation/ Down expression","-","-","29","55","36 to 82 (disease); 38 to 85 (control","55.5 (disease); 52.8 (control)",""Department of Obstetrics and Gynaecology"," The Chinese University of HingKong"," Prince of Wales Hospital."","-","-","[1] This investigation suggests that this gene is differently regulated by-6.86fold change in the pathogenesis of endometrial carcinoma.","Identification of molecular markers and signaling pathway in endometrial cancer in Hong Kong Chinese women by genome-wide gene expression profiling","0"
"OLFM1","10439","17043662","-","Down regulation/ Down expression","-","-","29","55","36 to 82 (disease); 38 to 85 (control","55.5 (disease); 52.8 (control)",""Department of Obstetrics and Gynaecology"," The Chinese University of HingKong"," Prince of Wales Hospital."","-","-","[1] This investigation suggests that this gene is differently regulated by-10.7fold change in the pathogenesis of endometrial carcinoma.","Identification of molecular markers and signaling pathway in endometrial cancer in Hong Kong Chinese women by genome-wide gene expression profiling","0"
"OSR2","107587","17043662","-","Down regulation/ Down expression","-","-","29","55","36 to 82 (disease); 38 to 85 (control","55.5 (disease); 52.8 (control)",""Department of Obstetrics and Gynaecology"," The Chinese University of HingKong"," Prince of Wales Hospital."","-","-","[1] This investigation suggests that this gene is differently regulated by-5.62fold change in the pathogenesis of endometrial carcinoma.","Identification of molecular markers and signaling pathway in endometrial cancer in Hong Kong Chinese women by genome-wide gene expression profiling","0"
"OSR2","116039","17043662","-","Down regulation/ Down expression","-","-","29","55","36 to 82 (disease); 38 to 85 (control","55.5 (disease); 52.8 (control)",""Department of Obstetrics and Gynaecology"," The Chinese University of HingKong"," Prince of Wales Hospital."","-","-","[1] This investigation suggests that this gene is differently regulated by-5.65fold change in the pathogenesis of endometrial carcinoma.","Identification of molecular markers and signaling pathway in endometrial cancer in Hong Kong Chinese women by genome-wide gene expression profiling","0"
"P2RY14","9934","17043662","-","Down regulation/ Down expression","-","-","29","55","36 to 82 (disease); 38 to 85 (control","55.5 (disease); 52.8 (control)",""Department of Obstetrics and Gynaecology"," The Chinese University of HingKong"," Prince of Wales Hospital."","-","-","[1] This investigation suggests that this gene is differently regulated by -4.82 fold change in the pathogenesis of endometrial carcinoma.","Identification of molecular markers and signaling pathway in endometrial cancer in Hong Kong Chinese women by genome-wide gene expression profiling","0"
"PA2G4","5036","18949382","-","Down regulation/ Down expression","-","-","-","-","-","-","Shandong Tumor Hospital; China","-","-","[1] The microarray study shows that this gene is down-regulated by 0.188 fold in the tumor associated endometrium.","Gene alterations in tumor-associated endothelial cells from endometrial cancer.","International Journal of Molecular Medicine","22(5):619-32","2008"
"PAFAHIB3","5050","18949382","-","Down regulation/ Down expression","-","-","-","-","-","-","Shandong Tumor Hospital; China","-","-","[1] The microarray study shows that this gene is down-regulated by 0.052 fold in the tumor associated endometrium.","Gene alterations in tumor-associated endothelial cells from endometrial cancer.","International Journal of Molecular Medicine","22(5):619-32","2008"
"PAK3","5063","17043662","-","Down regulation/ Down expression","-","-","29","55","36 to 82 (disease); 38 to 85 (control","55.5 (disease); 52.8 (control)",""Department of Obstetrics and Gynaecology"," The Chinese University of HingKong"," Prince of Wales Hospital."","-","-","[1] This investigation suggests that this gene is differently regulated by-7.06fold change in the pathogenesis of endometrial carcinoma.","Identification of molecular markers and signaling pathway in endometrial cancer in Hong Kong Chinese women by genome-wide gene expression profiling","0"
"PAPPA","5069","17043662","-","Down regulation/ Down expression","-","-","29","55","36 to 82 (disease); 38 to 85 (control","55.5 (disease); 52.8 (control)",""Department of Obstetrics and Gynaecology"," The Chinese University of HingKong"," Prince of Wales Hospital."","-","-","[1] This investigation suggests that this gene is differently regulated by-5.65fold change in the pathogenesis of endometrial carcinoma.","Identification of molecular markers and signaling pathway in endometrial cancer in Hong Kong Chinese women by genome-wide gene expression profiling","0"
"PARM1","25849","17043662","-","Down regulation/ Down expression","-","-","29","55","36 to 82 (disease); 38 to 85 (control","55.5 (disease); 52.8 (control)",""Department of Obstetrics and Gynaecology"," The Chinese University of HingKong"," Prince of Wales Hospital."","-","-","[1] This investigation suggests that this gene is differently regulated by -4.94 fold change in the pathogenesis of endometrial carcinoma.","Identification of molecular markers and signaling pathway in endometrial cancer in Hong Kong Chinese women by genome-wide gene expression profiling","0"
"PARP1","142","18949382","-","Up regulation/ Over expression/High expression","-","-","-","-","-","-","Shandong Tumor Hospital; China","-","-","[1] The microarray study shows that this gene is up-regulated by 5.553 fold in the tumor associated endometrium.","Gene alterations in tumor-associated endothelial cells from endometrial cancer.","International Journal of Molecular Medicine","22(5):619-32","2008"
"PAWR","5074","17332319","-","Down regulation/ Down expression","-","Tumor suppressor","-","-","26 to 45","-","-","-","-",""[1] Par-4 promoter hypermethylation was detected in 32% of the tumors in association with low levels of Par-4 protein and was more common in MSI-positive carcinomas. Par-4 promoter hypermethylation and silencing was also detected in endometrial cancer cell lines SKUT1B and AN3CA"," and reexpression was achieved by treatment with the demethylating agent 5'-aza-2'-deoxycytidine. [2] Mutational analysis of the complete coding sequence of Par-4 in endometrial cancer cell lines (n = 6) and carcinomas (n = 69) detected a mutation in a single carcinoma"," which was localized in exon 3 [Arg (CGA) 189 (TGA) Stop]."","Inactivation of the candidate tumor suppressor par-4 in endometrial cancer.","0"
"PDGFRA","5156","17043662","-","Down regulation/ Down expression","-","-","29","55","36 to 82 (disease); 38 to 85 (control","55.5 (disease); 52.8 (control)",""Department of Obstetrics and Gynaecology"," The Chinese University of HingKong"," Prince of Wales Hospital."","-","-","[1] This investigation suggests that this gene is differently regulated by -5.24 fold change in the pathogenesis of endometrial carcinoma.","Identification of molecular markers and signaling pathway in endometrial cancer in Hong Kong Chinese women by genome-wide gene expression profiling","0"
"PDYN","5173","15604243","-","-","-","-","-","-","50 to 80","-","Department of Gynecological Oncology; Hospital Vall d'Hebron and Hospital del Mar in Barcelona; Spain.","-","-","[1] The microarray study shows that this gene is differently expressed in endometrioid carcinoma profile; and thus found to be altered in endometrial cancer.","A differential gene expression profile reveals overexpression of RUNX1/AML1 in invasive endometrioid carcinoma.","Cancer Research","64(24):8846-53","2004"
"PEG3","5178","17043662","-","Down regulation/ Down expression","-","-","29","55","36 to 82 (disease); 38 to 85 (control","55.5 (disease); 52.8 (control)",""Department of Obstetrics and Gynaecology"," The Chinese University of HingKong"," Prince of Wales Hospital."","-","-","[1] This investigation suggests that this gene is differently regulated by-9.08fold change in the pathogenesis of endometrial carcinoma.","Identification of molecular markers and signaling pathway in endometrial cancer in Hong Kong Chinese women by genome-wide gene expression profiling","0"
"PGGT1B","5229","15604243","-","-","-","-","-","-","50 to 80","-","Department of Gynecological Oncology; Hospital Vall d'Hebron and Hospital del Mar in Barcelona; Spain.","-","-","[1] The microarray study shows that this gene is differently expressed in endometrioid carcinoma profile; and thus found to be altered in endometrial cancer.","A differential gene expression profile reveals overexpression of RUNX1/AML1 in invasive endometrioid carcinoma.","Cancer Research","64(24):8846-53","2004"
"PGR","5241","15555905","-","Up regulation/ Over expression/High expression","-","-","16 normal endometria (6 with proliferative phase and 10 with secretory phase) and 17 endometrial hyperplasias [7 with simple hyperplasia (SH); 4 with complex hyperplasia (CH) and 6 with complex atypical hyperplasia","141","35 to 83","57","Kitasato University Hospital","I (n=89); II (n=18); IIIA (n=16); IIIC (n=11); IV (n=4)","1 (n=76); 2 (n=35); 3 (n=30)","[1] PR-A and -B expressions were significantly correlated with biologically malignant potential. [2] PR-B expression significantly occurred more frequently in G1. It was inversely correlated with p53 gene mutation and p53 over expression; andalso with clinicopathological variables; including myometrial and lymph-vascular space invasion and the FIGO stage. PR-A expression was also significantly higher in G1 and was inversely correlated with Ki-67 expression and myometrial invasion; but not with prognosis. [3] The LIs of PR-A inG1; G2 and G3 endometrial carcinomas were 13.7±24.7%; 13.8±27.7% and 2.4±12.9%; respectively. PR-A expressionin endometrial carcinomas was significantly lower forthe higher histological grade (G1 versus G3; p = 0.0079). The LIs of PR-A in normal endometrium and endometrial hyperplasias were significantly higher than that for allendometrial adenocarcinomas; respectively (p = 0.0153 and<0.0001). The LIs of PR-A in the proliferativephase endometrium and each hyperplasia were significantlyhigher than that forG1adenocarcinoma (p < 0.0001; <0.0001;0.0137; and 0.0001)","Significance of progesterone receptor-A and -B expressions in endometrial adenocarcinoma.","The Journal of steroid biochemistry and molecular biology","92(3):111-8","2004"
"PGR","5241","19382201","Endometroid adenocarcinoma","Polymorphism","-","-","1018","1037 (967 adenocarcinoma+ 12 clear cell carcinoma+ 33 other pathologic types+ 13 unknown)","30 to 69","-","Sanghai; China","-","-","[1] Polymorphisms in the 3' flanking region of the PGR gene may be associated with the risk of endometrial cancer. [2] Two polymorphisms in the 3' flanking region of the PGR gene; reference SNP identification number (rs) 11224561 (rs11224561) and rs471767; were associated with the risk of endometrial cancer. The cytosine/cytosine (CC) genotype of SNP rs11224561 was associated with decreased risk (OR; 0.68; 95% CI; 0.50-0.92) compared with the thymine/thymine (TT) genotype. Carrying the guanine (G) allele of the rs471767 SNP also was associated with decreased risk.","Association of the progesterone receptor gene with endometrial cancer risk in a Chinese population.","Cancer","115(12):2693-700","2009"
"PGR","5241","8104681","Endometrial adenocarcinoma + Papillary Serous carcinoma","-","-","-","-","32 (Endometrial adenocarcinoma) + 2 (Papillary Serous carcinoma)","-","-","-","I (n=17); II (n=4); III (n=13)","1 (n=12); 2 (n=14); 3 (n=6)","[1] In the endometrial carcinomas; PR positivity was found in 24 of the 34 (70.6%). [2] The positivity for ER or PR was observed in 12 of the 17 (70.6%) patients with Stage I disease; 3 of the 4 (75%) patients withStage 11; and 9 of the 13 (69.2%) patients with Stage I11disease. [3] ER or PR positivity also was significantly correlated with histologic differentiation   in endometrioid-type carcinomas; ER or PR were positive in 91.7% of G1; 78.6% of G2; and 33.3% of G3   tumors","Expression of c-erbB-2 protein and epidermal growth receptor in endometrial carcinomas. Correlation with clinicopathologic and sex steroid receptor status.","Cancer","72(9):2628-37","1993"
"PID1","55022","17043662","-","Down regulation/ Down expression","-","-","29","55","36 to 82 (disease); 38 to 85 (control","55.5 (disease); 52.8 (control)",""Department of Obstetrics and Gynaecology"," The Chinese University of HingKong"," Prince of Wales Hospital."","-","-","[1] This investigation suggests that this gene is differently regulated by-9.16fold change in the pathogenesis of endometrial carcinoma.","Identification of molecular markers and signaling pathway in endometrial cancer in Hong Kong Chinese women by genome-wide gene expression profiling","0"
"PITX1","5307","17043662","-","Up regulation/ Over expression/High expression","-","-","29","55","36 to 82 (disease); 38 to 85 (control","55.5 (disease); 52.8 (control)",""Department of Obstetrics and Gynaecology"," The Chinese University of HingKong"," Prince of Wales Hospital."","-","-","[1] This investigation suggests that this gene is differently regulated by 4.68 fold change in the pathogenesis of endometrial carcinoma.","Identification of molecular markers and signaling pathway in endometrial cancer in Hong Kong Chinese women by genome-wide gene expression profiling","0"
"PLA2G4A","5321","15930340","-","Differentially expressed","","-","-","119 (66 endometrioid; 24 papillary serous; 29 mixed mullerian tumors)","-","-","Duke University Medical Centre; North Carolina","-","-","[1] The microarray study shows that this gene is differently expressed in endometrioid carcinoma profile; reflecting expression value 2.547 and 2.755 on both the endometrioid versus papillary serous carcionma and endometrioid versus mixed mullerian tumor respectively. ","Microarray analysis of endometrial carcinomas and mixed mullerian tumors reveals distinct gene expression profiles associated with different histologic types of uterine cancer","Clinical Cancer Research","11(11):4056-66","2005"
"PLAG1","5324","15930340","-","Differentially expressed","","-","-","119 (66 endometrioid; 24 papillary serous; 29 mixed mullerian tumors)","-","-","Duke University Medical Centre; North Carolina","-","-","[1] The microarray study shows that this gene is differently expressed in endometrioid carcinoma profile; reflecting expression value 0.276 and 0.210 on both the endometrioid versus papillary serous carcionma and endometrioid versus mixed mullerian tumor respectively. ","Microarray analysis of endometrial carcinomas and mixed mullerian tumors reveals distinct gene expression profiles associated with different histologic types of uterine cancer","Clinical Cancer Research","11(11):4056-66","2005"
"PLAU","5328","11063652","-","Up regulation/ Over expression/High expression","-","-","16 (6 prolifeartive; 5 seceretory; 5 postmenopausal)","34 (30 postmenopausal+ 4 premenopausal)","-","-","Royal Women's Hospital","-","1 (n=13); 2 (n=11); 3 (n=10)","[1] uPA is significantly elevated in all clinical stages examined when compared to the normal group; with a 16-fold increase in mRNA expression in advanced stage carcinomas (P < 0.0005). The expression of uPA mRNA also increased with each progression in clinical stage. [2] Expression of uPA mRNA was significantly higher in all grades (Grade 1; P ; 0.001; Grade 2; P ; 0.005; Grade 3; P ; 0.001; Mann–Whitney U test; respectively) when compared to the normal group.","Differential mRNA expression of urokinase-type plasminogen activator; plasminogen activator receptor and plasminogen activator inhibitor type-2 in normal human endometria and endometrial carcinomas.","Gynecologic Oncology","79(2):244-50","2000"
"PLAUR","5329","11063652","-","Up regulation/ Over expression/High expression","-","-","16 (6 prolifeartive; 5 seceretory; 5 postmenopausal)","34 (30 postmenopausal+ 4 premenopausal)","-","-","Royal Women's Hospital","-","1 (n=13); 2 (n=11); 3 (n=10)","[1] uPAR is significantly elevated in all of the clinical stages of malignancy examined; with a 33-fold increase in mRNA expression from normal endometria to advanced clinical stage carcinomas (Stage III; P < 0.0001). The expression of uPAR mRNA also increased with each progression in clinical stage. [2] Expression of uPAR mRNA was significantly higher in all grades (Grade 1; P ; 0.05; Grade 2; P ; 0.001; Grade 3; P ; 0.001; Mann–Whitney U test; respectively) when compared to the normal group.","Differential mRNA expression of urokinase-type plasminogen activator; plasminogen activator receptor and plasminogen activator inhibitor type-2 in normal human endometria and endometrial carcinomas.","Gynecologic Oncology","79(2):244-50","2000"
"PLAUR","5329","12130664","Endometrioid adenocarcinoma+ Uterine Papillary Serous Carcinoma+ Mixed Malignant Mesodermal tumor)","-","Prognostic Marker","-","-","58 (40 endometrioid adenocarcinoma+ 12 uterine papillary serous carcinoma+ 6 mixed malignant mesodermal tumor)","-","-","Department of Pathology; University of California; Los Angeles","I (n=32); II (n=6); III (n=7); IV (n=13)","1 (n=21); 2 (n=2); 3 (n=8)","[1] UPAR protein expression also positively correlated with rate of recurrence and mortality in patients with adenocarcinoma of the endometrium (ungrouped P = 0.034). [2] UPAR protein expression highly correlated with stage of disease (ungrouped Spearman correlation = 0.625; P < 0.0001): 40% of patients with stage I; 66% of patients with stage II; 100% of patients with stage III; and 85% with stage IV demonstrated the highest level of UPAR expression. Moreover; high UPAR expression positively correlated with grade of disease (ungrouped Spearman correlation = 0.71; P < 0.0001): 29% of grade 1 specimens; 57% of grade 2; and over 90% of specimens with grade 3; the majority representing uterine papillary serous carcinoma and mixed malignant mesodermal tumor. ","Urokinase plasminogen activator receptor: Prognostic biomarker for endometrial cancer.","Proceedings of the National Academy of Sciences of the United States of America","99(16):10647-52","2002"
"PLEKHH2","130271","17043662","-","Down regulation/ Down expression","-","-","29","55","36 to 82 (disease); 38 to 85 (control","55.5 (disease); 52.8 (control)",""Department of Obstetrics and Gynaecology"," The Chinese University of HingKong"," Prince of Wales Hospital."","-","-","[1] This investigation suggests that this gene is differently regulated by-5.82fold change in the pathogenesis of endometrial carcinoma.","Identification of molecular markers and signaling pathway in endometrial cancer in Hong Kong Chinese women by genome-wide gene expression profiling","0"
"POLE3","54107","18949382","-","Up regulation/ Over expression/High expression","-","-","-","-","-","-","Shandong Tumor Hospital; China","-","-","[1] The microarray study shows that this gene is up-regulated by 6.355 fold in the tumor associated endometrium.","Gene alterations in tumor-associated endothelial cells from endometrial cancer.","International Journal of Molecular Medicine","22(5):619-32","2008"
"POLR2H","5437","15604243","-","-","-","-","-","-","50 to 80","-","Department of Gynecological Oncology; Hospital Vall d'Hebron and Hospital del Mar in Barcelona; Spain.","-","-","[1] The microarray study shows that this gene is differently expressed in endometrioid carcinoma profile; and thus found to be altered in endometrial cancer.","A differential gene expression profile reveals overexpression of RUNX1/AML1 in invasive endometrioid carcinoma.","Cancer Research","64(24):8846-53","2004"
"POM121","9883","15604243","-","-","-","-","-","-","50 to 80","-","Department of Gynecological Oncology; Hospital Vall d'Hebron and Hospital del Mar in Barcelona; Spain.","-","-","[1] The microarray study shows that this gene is differently expressed in endometrioid carcinoma profile; and thus found to be altered in endometrial cancer.","A differential gene expression profile reveals overexpression of RUNX1/AML1 in invasive endometrioid carcinoma.","Cancer Research","64(24):8846-53","2004"
"PPAP2C","8612","15930340","-","Differentially expressed","","-","-","119 (66 endometrioid; 24 papillary serous; 29 mixed mullerian tumors)","-","-","Duke University Medical Centre; North Carolina","-","-","[1] The microarray study shows that this gene is differently expressed in endometrioid carcinoma profile; reflecting expression value 3.807 and 8.202 on both the endometrioid versus papillary serous carcionma and endometrioid versus mixed mullerian tumor respectively. ","Microarray analysis of endometrial carcinomas and mixed mullerian tumors reveals distinct gene expression profiles associated with different histologic types of uterine cancer","Clinical Cancer Research","11(11):4056-66","2005"
"PPM1D","8493","18949382","-","Down regulation/ Down expression","-","-","-","-","-","-","Shandong Tumor Hospital; China","-","-","[1] The microarray study shows that this gene is down-regulated by 0.054 fold in the tumor associated endometrium.","Gene alterations in tumor-associated endothelial cells from endometrial cancer.","International Journal of Molecular Medicine","22(5):619-32","2008"
"PPPDE1","51029","18949382","-","Up regulation/ Over expression/High expression","-","-","-","-","-","-","Shandong Tumor Hospital; China","-","-","[1] The microarray study shows that this gene is up-regulated by 5.213 fold in the tumor associated endometrium.","Gene alterations in tumor-associated endothelial cells from endometrial cancer.","International Journal of Molecular Medicine","22(5):619-32","2008"
"PRKAR1B","5575","15604243","-","-","-","-","-","-","50 to 80","-","Department of Gynecological Oncology; Hospital Vall d'Hebron and Hospital del Mar in Barcelona; Spain.","-","-","[1] The microarray study shows that this gene is differently expressed in endometrioid carcinoma profile; and thus found to be altered in endometrial cancer.","A differential gene expression profile reveals overexpression of RUNX1/AML1 in invasive endometrioid carcinoma.","Cancer Research","64(24):8846-53","2004"
"PRKCA","5578","11371124","-","-","-","-","-","42","-","-","Section of Gynecologic Oncology; Northwestern University Medical School; Chicago","I (n=33); II (n=3); III (n=4); IV (n=1)","1 (n=11); 2 (n=16); 3 (n=15)","[1] PKCalpha and estrogen receptor alpha (ERalpha) expression are inversely related (r(s) = -0.35; P = 0.046). We report significant inverse correlations among ER/progesterone receptor (PR) expression and tumor grade (r(s) = -0.49; P = 0.001 and r(s) = -0.44; P = 0.004; respectively); ER; and depth of myometrial invasion (r(s) = -0.40; P = 0.009). [2] PKCalpha and ER expression is inversely related in endometrial cancer. PKCalpha expression may be a useful prognostic indicator in endometrial cancers.","Protein kinase C alpha expression is inversely related to ER status in endometrial carcinoma: possible role in AP-1-mediated proliferation of ER-negative endometrial cancer","Gynecologic Oncology","81(3):366-72","2001"
"PRKCD","5580","17959229","Endometrioid Adenocarcinoma","Down regulation/ Down expression","-","Tumor suppressor","11","4 (proliferative phase); 3 (secretory phase); 4 (atrophic).","-","54.6","Department of Pathology; University of Colorado Health Science Centre","I (n=17); II (n=7); III (n=8); IV (n=1)","-","[1] Normal endometrium exhibited abundant nuclear and cytoplasmic staining of PKC delta confined to glandular epithelium. In endometrial tumors; decreased PKC delta expression; both in intensity and fraction of epithelial cells stained; was observed with increasing tumor grade; with PKC delta being preferentially lost from the nucleus. Consistent with these observations; endometrial cancer cell lines derived from poorly differentiated tumors exhibited reduced PKC delta levels relative to well-differentiated lines. [2] Loss of PKC delta is an indicator of endometrial malignancy and increasing grade of cancer. Thus; PKC delta may function as a tumor suppressor in endometrial cancer.","Analysis of protein kinase C delta (PKC delta) expression in endometrial tumors.","Human Pathology","39(1):21-9","2008"
"PRKCD","5580","18949382","-","Up regulation/ Over expression/High expression","-","-","-","-","-","-","Shandong Tumor Hospital; China","-","-","[1] The microarray study shows that this gene is up-regulated by 5.515 fold in the tumor associated endometrium.","Gene alterations in tumor-associated endothelial cells from endometrial cancer.","International Journal of Molecular Medicine","22(5):619-32","2008"
"PSMA3","5684","15604243","-","-","-","-","-","-","50 to 80","-","Department of Gynecological Oncology; Hospital Vall d'Hebron and Hospital del Mar in Barcelona; Spain.","-","-","[1] The microarray study shows that this gene is differently expressed in endometrioid carcinoma profile; and thus found to be altered in endometrial cancer.","A differential gene expression profile reveals overexpression of RUNX1/AML1 in invasive endometrioid carcinoma.","Cancer Research","64(24):8846-53","2004"
"PTEN","5728","9354433","-","Mutation","-","Tumor suppressor","-","70","-","-","Duke University Medical Centre; North Carolina","IA (n=6); IB (n=9); IC (n=4); IIC (n=1); IIIA (n=1); IIIC (n=1); IVB (n=2)","1 (n=16); 2 (n=29); 3 (n= 25)","[1] PTEN/MMAC1 is more commonly mutated than any other known gene in endometrial cancers including K-ras and p53. [2] Somatic mutations were detected in 24 cases (34%) in cluding 21 cases that resulted in premature truncation of the protein; 2 tumors with missense alterations in the conserved phosphatase domain; and 1 tumor with a large insertion. ","PTEN/MMAC1 mutations in endometrial cancers","Cancer Research","57(21):4736-8","1997"
"PTEN","5728","11190805","Endometrioid carcinoma + serous carcinoma+ squamous cell carcinoma + small cell carcinoam +  undifferentiated carcinoma","Mutation","-","-","73 endometrial hyperplasia","50 (endometrioid carcinoma) + 4 (serous carcinoma)+ 1 (squamous cell carcinoma) + 1 (small cell carcinoam) + 1 (undifferentiated carcinoma)","-","-","Department of Obsterics and Gynecology; Osaka University; Japan","-","-","[1] The presence of PTEN mutations in hyperplasia suggests that PTEN inactivation may occur as an initiating event in endometrial carcinogenesis and is involved in the development of cytologic atypia in hyperplasia.[2] Mutations in 14 of 57 endometrial carcinomas (13 of 50 endometrioid adenocarcinomas and 1 of 7 nonendometrioid adenocarcinomas) and 7 of 73 endometrial hyperplasias (1 of 24 simple hyperplasias without atypia; none of 16 complex hyperplasias without atypia; and 6 of 33 complex hyperplasias with atypia). Most (88%) mutations were clustered in exons 5; 7; and 8. Of the 24 mutations detected in 21 cases; 12 were frameshifts; 9 were nonsense; 2 were missense; and 1 was a silent mutation.","Mutational analysis of the PTEN gene in endometrial carcinoma and hyperplasia.","American Journal of Clinical Pathology","115(1):32-8","2001"
"PTEN","5728","11309338","-","Down regulation/ Down expression","-","Tumor suppressor","-","103","-","-","Tottori University Hospital Yonago; Japan","-","-","[1] Of 103 endometrial carcinomas; 37 (36%) showed negative immunohistochemical staining of PTEN. Western blotting revealed that the expression of PTEN in PTEN-negative cases was significantly lower compared with that in positive cases. [2] Loss or decrease of PTEN expression is seen in over 50% of endometrial carcinoma","Correlation between loss of PTEN expression and Akt phosphorylation in endometrial carcinoma.","Clinical Cancer Research","7(4):892-5","2001"
"PTEN","5728","12790783","-","Down regulation/ Down expression","-","Tumor suppressor","-","103","-","-","-","IIIC (n=55); IV (n=9)","1 (n=21); 2 (n=25); 3 (n=18)","[1] PTEN-positive staining is a significant prognostic indicator of favorable survival for patients with advanced endometrial cancer who undergo postoperative chemotherapy. [2] The survival rate for PTEN-positive patients was significantly higher than that for PTEN-negative or -heterogeneous staining patients. When patients underwent chemotherapy; the survival rate for PTEN-positive cases was clearly higher than that for PTEN-negative or -heterogeneous cases (62.4 vs 11.8%). Subsequent multivariate analysis revealed that PTEN staining was an independent prognostic factor for patients undergoing chemotherapy. [3] The level of PTEN expressionin negative cases was signi?cantly lower than in the positivecases. In contrast; the phospho-Akt level in negative cases was signi?cantly higher. A signi?cantinverse correlation between PTEN and phospho-Akt expression was observed.","Loss of PTEN expression followed by Akt phosphorylation is a poor prognostic factor for patients with endometrial cancer","Endocrine-related Cancer","10(2):203-8","2003"
"PTEN","5728","18377423","-","Down regulation/ Down expression","-","Tumor suppressor","40 (20 proliferative+ 20 seceretory)","103 (endometrial carcinoma) + 34 atypical hyperplasia (6 simple + 28 complex atypical hyperplasia)","32 to 81","-","Shanghai Jiatong University; Shanghai; China","I-II (n=65); III-IV (n=38)","1 (n=35); 2 (n=38); 3 (n=30)","[1] The development of endometrial carcinoma is associated with an overexpression of NDRG1 and the loss of PTEN expression. [2] Identification of changes in the PTEN expression may be a significant diagnostic tool for the early detection of endometrial carcinoma. [3] Statistical analyzes demonstrated a positive correlation between NDRG1 up-regulation and PTEN down-regulation (P < 0.01). [4] The rate of PTEN loss is 15% in the normal endometrium; 58.82% in the atypical hyperplasia and 86.41% in the endometrial carcinoma.","Correlation between NDRG1 and PTEN expression in endometrial carcinoma.","Cancer Science","99(4):706-10","2008"
"PTGS1","5742","15930340","-","Differentially expressed","","-","-","119 (66 endometrioid; 24 papillary serous; 29 mixed mullerian tumors)","-","-","Duke University Medical Centre; North Carolina","-","-","[1] The microarray study shows that this gene is differently expressed in endometrioid carcinoma profile; reflecting expression value 2.379 and 3.736 on both the papillary serous carcionma versus endometrioid versus and papillary serous versus mixed mullerian tumor respectively. [2] The expression of cyclooxygenase I (PTGS1) was increasedamong the papillary serous adenocarcinomas when comparedwith endometrioid cancer or mixed mullerian tumors. [3] This gene is associated with a >2-fold papillary serous/endometrioi","Microarray analysis of endometrial carcinomas and mixed mullerian tumors reveals distinct gene expression profiles associated with different histologic types of uterine cancer","Clinical Cancer Research","11(11):4056-66","2005"
"PTGS2","5743","12209724","-","Up regulation/ Over expression/High expression","-","-","-","69","30 to 84","62",""Department of Obstetrics and Gynecology"," Catholic University of Rome"",""I (n=46)"," II (n=7)"," III (n=13)"," IV (n=3)"",""1 (n=22)","2"
"PTGS2","5743","15598938","-","-","-","-","-","-","35 to 79","-","Gifu University School of Medicine ",""I (n=25)"," II (n=15)"," III (n=10)"",""1 (n=28)"," 2 (n=13)"," 3 (n=9)"","0"
"PTPRC","5788","17043662","-","Down regulation/ Down expression","-","-","29","55","36 to 82 (disease); 38 to 85 (control","55.5 (disease); 52.8 (control)",""Department of Obstetrics and Gynaecology"," The Chinese University of HingKong"," Prince of Wales Hospital."","-","-","[1] This gene is differently downregulated by -3.54 fold change in late stage endometrioid cancer as compared to early stage disease.","Identification of molecular markers and signaling pathway in endometrial cancer in Hong Kong Chinese women by genome-wide gene expression profiling","0"
"PYCARD","29108","18949382","-","Down regulation/ Down expression","-","-","-","-","-","-","Shandong Tumor Hospital; China","-","-","[1] The microarray study shows that this gene is down-regulated by 0.098 fold in the tumor associated endometrium.","Gene alterations in tumor-associated endothelial cells from endometrial cancer.","International Journal of Molecular Medicine","22(5):619-32","2008"
"RAB2A","5862","18949382","-","Down regulation/ Down expression","-","-","-","-","-","-","Shandong Tumor Hospital; China","-","-","[1] The microarray study shows that this gene is down-regulated by 0.156 fold in the tumor associated endometrium.","Gene alterations in tumor-associated endothelial cells from endometrial cancer.","International Journal of Molecular Medicine","22(5):619-32","2008"
"RAD51","5888","20602259","-","Polymorphism","-","-","30","30","-","55","Department of Oncological Surgery; Lodz Poland and Polish Memorial Hospital; Poland","-","-","[1] A strong association between endometrial cancer and the C/C genotype of the 135G>C polymorphism of the RAD51 gene. [2] The 135G>C polymorphism of the RAD51 gene may be linked to endometrial cancer and can be considered as an additional marker of this disease.","Significant association of genetic polymorphism of human nonmetastatic clone 23 type 1 gene with an increased risk of endometrial cancer","Gynecologic Oncology","119(1):70-5","2010"
"RAMP1","10267","17043662","-","Down regulation/ Down expression","-","-","29","55","36 to 82 (disease); 38 to 85 (control","55.5 (disease); 52.8 (control)",""Department of Obstetrics and Gynaecology"," The Chinese University of HingKong"," Prince of Wales Hospital."","-","-","[1] This investigation suggests that this gene is differently regulated by -4.27 fold change in the pathogenesis of endometrial carcinoma.","Identification of molecular markers and signaling pathway in endometrial cancer in Hong Kong Chinese women by genome-wide gene expression profiling","0"
"RARRES1","5918","15604243","-","-","-","-","-","-","50 to 80","-","Department of Gynecological Oncology; Hospital Vall d'Hebron and Hospital del Mar in Barcelona; Spain.","-","-","[1] The microarray study shows that this gene is differently expressed in endometrioid carcinoma profile; and thus found to be altered in endometrial cancer.","A differential gene expression profile reveals overexpression of RUNX1/AML1 in invasive endometrioid carcinoma.","Cancer Research","64(24):8846-53","2004"
"RASGEF1A","221002","15930340","-","Differentially expressed","","-","-","119 (66 endometrioid; 24 papillary serous; 29 mixed mullerian tumors)","-","-","Duke University Medical Centre; North Carolina","-","-","[1] The microarray study shows that this gene is differently expressed in endometrioid carcinoma profile; reflecting expression value 3.254 and 3.357 on both the papillary serous carcionma versus endometrioid versus and papillary serous versus mixed mullerian tumor respectively. ","Microarray analysis of endometrial carcinomas and mixed mullerian tumors reveals distinct gene expression profiles associated with different histologic types of uterine cancer","Clinical Cancer Research","11(11):4056-66","2005"
"RASSF1","11186","16619251","-","Hypermethylation","-","Tumor suppressor","-","75","-","-","National Cancer Centre; Korea","-","-","[1] RASSF1A methylation was significantly associated with microsatellite instability (MSI; p < 0.001) and also with hMLH1 methylation (p < 0.001). [2]  RASSF1A methylation was more frequent in KRAS mutation-negative ECs than in KRAS mutation-positive ECs (37.7% vs 14.3%). [3] RASSF1A methylation was inversely correlated with KRAS and/or BRAF mutations (p = 0.028) in MSI-negative ECs. [4] RASSF1A promoter hypermethylation is as important as KRAS mutations in activating the RAS pathway. [5] RASFF1A hypermethylation is significnatly frequent in MSI-positive ECs than MSI-negative cancers (76.7% vs 23.3%; p<0.001). [6] MSI-positive ECs have significantly more epigenetic or genetic alterations in RASSF1A and KRAS and/or BRAF than MSI-negative ECs.","RASSF1A hypermethylation and its inverse correlation with BRAF and/or KRAS mutations in MSI-associated endometrial carcinoma","International Journal of Cancer","119(6):1316-21","2006"
"RASSF1","11186","17170014","-","Hypermethylation","-","-","44","44","-","-","-","-","-","[1] RASSF1A methylation was observed in a high frequency in endometrial carcinoma. RASSF1A methylation was demonstrated in 85% of endometrial carcinomas; independent of recurrence. [2] RASSF1A methylation was also observed in samples of cyclic (n = 14); hyperplastic (n = 8); and atrophic (n = 13) endometrial tissues in 21%; 50% and 38%; respectively. [3] Also the presence of K-ras mutations and RASSF1A promoter methylation were not related; either directly or inversely. ","RASSF1A methylation and K-ras and B-raf mutations and recurrent endometrial cancer.","Annals of Oncology ","18(3):491-7","2007"
"RASSF1","11186","18404674","-","-","-","-","8 (4 proliferative + 3 secretory + 1 atrophic endometrium)","63 endometrioid carcinoma + 6 serous carcinoma +10 clear cell carcinoma + 16 hyperplastic endometrium without atypia + 40 atypical complex hyperplasia","34 to 97","57.9","Department of Pathology; University of HongKong; Queen Mary Hospital","-","-","[1] Significantly; more frequent RASSF1A hypermethylation was found in Type I endometrioid carcinomas than Type II carcinomas (p = 0.049). Among endometrioid cancers; significant association between RASSF1A hypermethylation and advanced stage. Advanced stage of the carcinoma correlated with methylation of RASSF1A significantly (p= 0.037)","Hypermethylation of RAS effector related genes and DNA methyltransferase 1 expression in endometrial carcinogenesis.","International Journal of Cancer","123(2):296-302","2008"
"RASSF2","9770","18404674","-","-","-","-","8 (4 proliferative + 3 secretory + 1 atrophic endometrium)","63 endometrioid carcinoma + 6 serous carcinoma +10 clear cell carcinoma + 16 hyperplastic endometrium without atypia + 40 atypical complex hyperplasia","34 to 97","57.9","Department of Pathology; University of HongKong; Queen Mary Hospital","-","-","[1] Promoter methylation status of RAS effector related genes; RASSF2A; was evaluated in 76 endometrial carcinomas and their non-neoplastic endometrial tissue by methylation specific PCR. [2] RASSF2A is more frequently methylated in samples from older patients (p=0.041). ","Hypermethylation of RAS effector related genes and DNA methyltransferase 1 expression in endometrial carcinogenesis.","International Journal of Cancer","123(2):296-302","2008"
"RASSF6","166824","15930340","-","Differentially expressed","","-","-","119 (66 endometrioid; 24 papillary serous; 29 mixed mullerian tumors)","-","-","Duke University Medical Centre; North Carolina","-","-","[1] The microarray study shows that this gene is differently expressed in endometrioid carcinoma profile; reflecting expression value 3.185 and 4.521 on both the endometrioid versus papillary serous carcionma and endometrioid versus mixed mullerian tumor respectively. ","Microarray analysis of endometrial carcinomas and mixed mullerian tumors reveals distinct gene expression profiles associated with different histologic types of uterine cancer","Clinical Cancer Research","11(11):4056-66","2005"
"RBP1","5947","16575402","Endometrioid carcinomas +  Clear + Serous adenocarcinoma","Down regulation/ Down expression","-","-","-","53 (47 endometrioid carcinomas + 2 clear + 4 serous adenocarcinoma)","45 to 79","61","Institute of Pathology of Tor Vergata University and Patho-Lab Laboratories","-","1 (n=18); 2 (n=19); 3 (n=10)","[1] Reduced CRBP-1 expression is associated with the progression of endometrial carcinoma to higher grade. [2] CRBP-1 immunodetection decreased in less differentiated carcinomas with significant differences (G1 vs G2: Po0.017; G1 vs G3: Po0.0004 and G2 vs G3: Po0.0009; respectively); [3] A progressive decrease of CRBP-1 immunoreactivity in less differentiated endometrial carcinomas; with a low or absent CRBP-1 expression in G3 endometrioid carcinomas. CRBP-1 was completely absent in serous carcinomas as well as in clear cell carcinomas. The findings suggest that CRPB-1 may represent an additional phenotypic marker for the grading of endometrial carcinomas in which other morphological parameters; including nuclear pleomorphism and/or architectural abnormalities; do not allow a univocal grading.","Cellular retinol binding protein-1 expression in endometrial hyperplasia and carcinoma: diagnostic and possible therapeutic implications","Modern Pathology","19(6):797-803","2006"
"RBP7","116362","17043662","-","Down regulation/ Down expression","-","-","29","55","36 to 82 (disease); 38 to 85 (control","55.5 (disease); 52.8 (control)",""Department of Obstetrics and Gynaecology"," The Chinese University of HingKong"," Prince of Wales Hospital."","-","-","[1] This investigation suggests that this gene is differently regulated by-6.39fold change in the pathogenesis of endometrial carcinoma.","Identification of molecular markers and signaling pathway in endometrial cancer in Hong Kong Chinese women by genome-wide gene expression profiling","0"
"RHOC","389","18949382","-","Up regulation/ Over expression/High expression","-","-","-","-","-","-","Shandong Tumor Hospital; China","-","-","[1] The microarray study shows that this gene is up-regulated by 7.452 fold in the tumor associated endometrium.","Gene alterations in tumor-associated endothelial cells from endometrial cancer.","International Journal of Molecular Medicine","22(5):619-32","2008"
"RNF213","57674","15930340","-","Differentially expressed","","-","-","119 (66 endometrioid; 24 papillary serous; 29 mixed mullerian tumors)","-","-","Duke University Medical Centre; North Carolina","-","-","[1] The microarray study shows that this gene is differently expressed in endometrioid carcinoma profile; reflecting expression value 2.178 and 2.477 on both the papillary serous carcionma versus endometrioid versus and papillary serous versus mixed mullerian tumor respectively. ","Microarray analysis of endometrial carcinomas and mixed mullerian tumors reveals distinct gene expression profiles associated with different histologic types of uterine cancer","Clinical Cancer Research","11(11):4056-66","2005"
"RORB","6096","17043662","-","Down regulation/ Down expression","-","-","29","55","36 to 82 (disease); 38 to 85 (control","55.5 (disease); 52.8 (control)",""Department of Obstetrics and Gynaecology"," The Chinese University of HingKong"," Prince of Wales Hospital."","-","-","[1] This investigation suggests that this gene is differently regulated by-5.88fold change in the pathogenesis of endometrial carcinoma.","Identification of molecular markers and signaling pathway in endometrial cancer in Hong Kong Chinese women by genome-wide gene expression profiling","0"
"RP54X","6191","15604243","-","-","-","-","-","-","50 to 80","-","Department of Gynecological Oncology; Hospital Vall d'Hebron and Hospital del Mar in Barcelona; Spain.","-","-","[1] The microarray study shows that this gene is differently expressed in endometrioid carcinoma profile; and thus found to be altered in endometrial cancer.","A differential gene expression profile reveals overexpression of RUNX1/AML1 in invasive endometrioid carcinoma.","Cancer Research","64(24):8846-53","2004"
"RPS6KB1","6198","15627061","Endometrioid adenocarcinoma","Up regulation/ Over expression/High expression","-","-","13","50","38 to 81","-","Municipal Onocenter; Ukraine and Institute of Oncology; Kyiv; Ukraine","I (n=9); II (n=23); III (n=9); IV (n=2)","-","[1] Overexpression of S6K1 is a characteristic feature of parenchyma and vessels of endometrial adenocarcinomas. [2] In endometrial adenocarcinoma's tissues; overexpression of S6K1 was found in cytoplasm and nuclei in 8.0% of cases. [3] Overexpression of S6K1 in endothelial cells of vessels was discovered in 58% of cases. Positive correlation has been determined between: 1) tumor stage and intensity of stromal staining for S6K1 (p = 0.027); 2) tumor differentiation grade and intensity of cytoplasm staining of cancer cells for S6K1 (p = 0.039); 3) intensity of stromal staining and vessel's staining for S6K1 (p = 0.019); 4) vessel's staining for S6K1 and staining for phS6 (p = 0.028).","Immunohistochemical analysis of S6K1 and S6K2 expression in endometrial adenocarcinomas","Experimental Oncology","26(4):287-93","2004"
"RPS6KB2","6199","15627061","Endometrioid adenocarcinoma","Up regulation/ Over expression/High expression","-","-","13","50","38 to 81","-","Municipal Onocenter; Ukraine and Institute of Oncology; Kyiv; Ukraine","I (n=9); II (n=23); III (n=9); IV (n=2)","-","[1] Overexpression of S6K2 is a characteristic feature of parenchyma and vessels of endometrial adenocarcinomas. [2] Overexpression of S6K2--in cytoplasm in 12.0% of cases and in nuclei in 18.0% of cases. ","Immunohistochemical analysis of S6K1 and S6K2 expression in endometrial adenocarcinomas","Experimental Oncology","26(4):287-93","2004"
"RUNX1","861","15604243","-","-","-","-","-","-","50 to 80","-","Department of Gynecological Oncology; Hospital Vall d'Hebron and Hospital del Mar in Barcelona; Spain.","-","-","[1] The microarray study shows that this gene is differently expressed in endometrioid carcinoma profile; and it is highly upregulated.","A differential gene expression profile reveals overexpression of RUNX1/AML1 in invasive endometrioid carcinoma.","Cancer Research","64(24):8846-53","2004"
"RUNX1T1","862","17043662","-","Down regulation/ Down expression","-","-","29","55","36 to 82 (disease); 38 to 85 (control","55.5 (disease); 52.8 (control)",""Department of Obstetrics and Gynaecology"," The Chinese University of HingKong"," Prince of Wales Hospital."","-","-","[1] This investigation suggests that this gene is differently regulated by -5.54 fold change in the pathogenesis of endometrial carcinoma.","Identification of molecular markers and signaling pathway in endometrial cancer in Hong Kong Chinese women by genome-wide gene expression profiling","0"
"RUVBL1","8607","15604243","-","-","-","-","-","-","50 to 80","-","Department of Gynecological Oncology; Hospital Vall d'Hebron and Hospital del Mar in Barcelona; Spain.","-","-","[1] The microarray study shows that this gene is differently expressed in endometrioid carcinoma profile; and thus found to be altered in endometrial cancer.","A differential gene expression profile reveals overexpression of RUNX1/AML1 in invasive endometrioid carcinoma.","Cancer Research","64(24):8846-53","2004"
"S100A2","6273","17043662","-","Up regulation/ Over expression/High expression","-","-","29","55","36 to 82 (disease); 38 to 85 (control","55.5 (disease); 52.8 (control)",""Department of Obstetrics and Gynaecology"," The Chinese University of HingKong"," Prince of Wales Hospital."","-","-","[1] This investigation suggests that this gene is differently regulated by 5.73 fold change in the pathogenesis of endometrial carcinoma.","Identification of molecular markers and signaling pathway in endometrial cancer in Hong Kong Chinese women by genome-wide gene expression profiling","0"
"S100A4","6275","17673926","Endometroid adenocarcinoma (n=87); uterine papillary serous carcinoma (n=10); uterine malignant mixed mullerian tumor (n=11); benign endometrial tissue (n=19)","Hypermethylation","-","-","-","-","-","-","Department of Pathology; MD Anderson Cancer Center","I (n=62); II (n=10); III (n=23); IV (n=13)","-","[1] S100A4 was overexpressed in the grade 3 endometrioid tumors; uterine papillary serous carcinoma; and uterine malignant mixed müllerian tumor. Expression in grade 1 and grade 2 endometrioid tumors was comparable to that of normal endometrium; which was quite low. Expression was significantly higher in stage III and IV tumors compared with stage I. [2] Methylation of the S100A4 gene was detected in benign endometrium and grade 1 tumors with low S100A4 expression. In contrast; grade 3 endometrioid tumors with high S100A4 mRNA and protein expression showed no methylation of the gene. [3] The hypomethylation may play a role in the upregulation of genes during later stages of tumorigenesis. [4] S100A4 was significantly overexpressed in stage III and IV tumors compared with stage I tumors (p<0.01). [5] The overexpression of S100A4 was associated with hypomethylation within the first intron of the S100A4 gene in the high-grade endometroid endometrial cancer.","Hypomethylation-induced expression of S100A4 in endometrial carcinoma.","Modern Pathology","20(10):1045-54","2007"
"SAA1","6288","19536090","Uterine serous papillary carcinomas","Up regulation/ Over expression/High expression","-","-","-","-","-","65","-","I (n=2); III (n=7); IV (n=7)","","[1] SAA gene expression levels were significantly higher in USPC when compared with NEC (mean copy number by RT–PCR=162 vs 2.21; P=0.0002). IHC revealed diffuse cytoplasmic SAA protein staining in USPC tissues. SAA concentrations (?g?ml?1) had a median (95% CIs) of 6.0 (4.0–8.9) in normal healthy females and 6.0 (4.2–8.1) in patients with benign disease (P=0.92). In contrast; SAA values in the serum of USPC patients had a median (95% CI) of 15.6 (9.2–56.2); significantly higher than those in the healthy group (P=0.0005) and benign group (P=0.0006). SAA is highly expressed in USPC; it is actively secreted in vitro; and that high concentrations of SAA are present in the serum of USPC patients. high preoperative serum SAA levels in USPC patients clinically diagnosed with early-stage disease are predictive of more advanced stage disease at the time of comprehensive surgical staging. ","Serum amyloid A (SAA): a novel biomarker for uterine serous papillary cancer.","British Journal of Cancer","101(2):335-41","2009"
"SAA2","6289","17043662","-","Up regulation/ Over expression/High expression","-","-","29","55","36 to 82 (disease); 38 to 85 (control","55.5 (disease); 52.8 (control)",""Department of Obstetrics and Gynaecology"," The Chinese University of HingKong"," Prince of Wales Hospital."","-","-","[1] This investigation suggests that this gene is differently regulated by 14.51 fold change in the pathogenesis of endometrial carcinoma.","Identification of molecular markers and signaling pathway in endometrial cancer in Hong Kong Chinese women by genome-wide gene expression profiling","0"
"SAT1","6303","15930340","-","Differentially expressed","","-","-","119 (66 endometrioid; 24 papillary serous; 29 mixed mullerian tumors)","-","-","Duke University Medical Centre; North Carolina","-","-","[1] The microarray study shows that this gene is differently expressed in endometrioid carcinoma profile; reflecting expression value 2.017 and 2.669 on both the endometrioid versus papillary serous carcionma and endometrioid versus mixed mullerian tumor respectively. ","Microarray analysis of endometrial carcinomas and mixed mullerian tumors reveals distinct gene expression profiles associated with different histologic types of uterine cancer","Clinical Cancer Research","11(11):4056-66","2005"
"SCARA5","286133","17043662","-","Down regulation/ Down expression","-","-","29","55","36 to 82 (disease); 38 to 85 (control","55.5 (disease); 52.8 (control)",""Department of Obstetrics and Gynaecology"," The Chinese University of HingKong"," Prince of Wales Hospital."","-","-","[1] This investigation suggests that this gene is differently regulated by-21.64fold change in the pathogenesis of endometrial carcinoma.","Identification of molecular markers and signaling pathway in endometrial cancer in Hong Kong Chinese women by genome-wide gene expression profiling","0"
"SCGB2A2","4250","15930340","-","Differentially expressed","","-","-","119 (66 endometrioid; 24 papillary serous; 29 mixed mullerian tumors)","-","-","Duke University Medical Centre; North Carolina","-","-","[1] The microarray study shows that this gene is differently expressed in endometrioid carcinoma profile; reflecting expression value 4.204 and 4.452 on both the endometrioid versus papillary serous carcionma and endometrioid versus mixed mullerian tumor respectively. ","Microarray analysis of endometrial carcinomas and mixed mullerian tumors reveals distinct gene expression profiles associated with different histologic types of uterine cancer","Clinical Cancer Research","11(11):4056-66","2005"
"SDC1","6382","19539355","-","Up regulation/ Over expression/High expression","-","-","-","-","-","-","-","-","-","[1] Syndecan-1 may have a critical role in carcinogenic progression; particularly; contributing to the development of proliferative and invasive phenotype through NF-kappaB-mediated MMP-9 gene expression in endometrial cancer. [2] The innate expression level of syndecan-1 was moderate to high in all endometrial cancer cell lines. Overexpression of syndecan-1 promoted tumor cell proliferation concomitant with the activation of NF-kappaB. Furthermore; overexpression of syndecan-1 markedly enhanced the cancer invasion accompanied by enhanced expression of integrin alphav/beta5 and enhanced phosphorylation of FAK. The transcriptional activation of MMP-9 by NF-kappaB was up-regulated in syndecan-1 overexpression.","Syndecan-1 enhances the endometrial cancer invasion by modulating matrix metalloproteinase-9 expression through nuclear factor kappaB","Gynecologic Oncology","114(3):509-15","2009"
"SELP","6403","15604243","-","-","-","-","-","-","50 to 80","-","Department of Gynecological Oncology; Hospital Vall d'Hebron and Hospital del Mar in Barcelona; Spain.","-","-","[1] The microarray study shows that this gene is differently expressed in endometrioid carcinoma profile; and thus found to be altered in endometrial cancer.","A differential gene expression profile reveals overexpression of RUNX1/AML1 in invasive endometrioid carcinoma.","Cancer Research","64(24):8846-53","2004"
"SERPINA3","12","17043662","-","Up regulation/ Over expression/High expression","-","-","29","55","36 to 82 (disease); 38 to 85 (control","55.5 (disease); 52.8 (control)",""Department of Obstetrics and Gynaecology"," The Chinese University of HingKong"," Prince of Wales Hospital."","-","-","[1] This investigation suggests that this gene is differently regulated by 10.76 fold change in the pathogenesis of endometrial carcinoma.","Identification of molecular markers and signaling pathway in endometrial cancer in Hong Kong Chinese women by genome-wide gene expression profiling","0"
"SERPINB2","5055","11063652","-","Up regulation/ Over expression/High expression","-","-","16 (6 prolifeartive; 5 seceretory; 5 postmenopausal)","34 (30 postmenopausal+ 4 premenopausal)","-","-","Royal Women's Hospital","-","1 (n=13); 2 (n=11); 3 (n=10)","[1] Expression of the inhibitor; PAI-2; is significantly up-regulated by 5-fold in only the late stages of endometrial tumor development (P < 0.001). [2] Expression of PAI-2 mRNA was significantly higher in all grades (Grade 1; P ; 0.05; Grade 2; P ; 0.04; Grade 3; P ; 0.008; Mann–Whitney U test; respectively) when compared to the normal group.","Differential mRNA expression of urokinase-type plasminogen activator; plasminogen activator receptor and plasminogen activator inhibitor type-2 in normal human endometria and endometrial carcinomas.","Gynecologic Oncology","79(2):244-50","2000"
"SESN3","143686","17504987","-","-","-","-","-","Endometrioid (n=361) and non-endometrioid uterine cancers (n=23)","-","63.9","-",""IA (n=62); IB/IC (n=203); II (n=26)"," III (n=50); IV (n=13)"","1 (n=182); 2 (n=121); 3 (n=58)",""[1] The 5' CpG islands for SESN3 and TITF1 are novel cancer-specific methylation markers. Methylation at these loci is strongly associated with aberrant MLH1 methylation in endometrial cancers. [2] DMH and COBRA identified two CpG islands methylated in tumors but not in normal DNAs: SESN3 (PY2B4) and TITF1 (SC77F6/154). Bisulfite sequencing showed dense methylation of the CpG islands and confirmed the COBRA assays. SESN3 and TITF1 were methylated in 20% and 70% of endometrioid tumors"," respectively. MLH1 methylation was seen in 28% of the tumors. TITF1 and SESN3 methylation was highly associated with MLH1 methylation (P<0.0001). SESN3 and TITF1 were methylated in endometrioid and non-endometrioid tumors"," whereas MLH1 methylation was restricted to endometrioid tumors. Methylation at these markers was not associated with survival outcomes."","0"
"SFN","2810","16243811","Endometrial Adenocarcinoma","Down regulation/ Down expression","Prognostic Marker","Tumor suppressor","25 (15 proliferative phase and 10 seceretory phase)","103","-","-","Tohoku University Hospital; Sendai; Japan","I (n=66); II (n=12); III (n=22); IV (n=3)","1 (n=49); 2 (n=32); 3 (n=22)","[1] Loss or absence of 14-3-3sigma determined by immunohistochemistry may be an important tool to identify endometrial carcinoma cases at high risk of recurrence and/or death; who are otherwise not detected by current clinical and pathologic evaluation; especially in the early stages of the disease. [2] A statistically significant correlation between loss of 14-3-3sigma expression and adverse clinical outcome of the patients (P = 0.0007). In the early stages of cancer (stages I and II); 14-3-3sigma immunoreactivity was absent in 5 of 10 (50.0%) patients who showed recurrence during follow-up; whereas its absence was detected in only 13 of 68 (19.1%) disease-free patients in the same period. In addition; 14-3-3sigma immunoreactivity was absent in 4 of 5 (80.0%) patients who died; whereas its absence was detected in only 14 of 73 (19.2%) patients who had lived during the same period. Patients whose tumors were negative for 14-3-3sigma were at much greater risk to develop recurrent and/or mortal disease (P = 0.0372 and 0.0067). [3] Results of 14-3-3sigma immunohistochemistry in the early stage of endometrial carcinoma could contribute to planning postoperative follow-up and adjuvant therapy.","14-3-3sigma in endometrial cancer--a possible prognostic marker in early-stage cancer.","Clinical Cancer Research","11(20):7384-91","2005"
"SFN","2810","15930340","-","Differentially expressed","","-","-","119 (66 endometrioid; 24 papillary serous; 29 mixed mullerian tumors)","-","-","Duke University Medical Centre; North Carolina","-","-","[1] The microarray study shows that this gene is differently expressed in endometrioid carcinoma profile; reflecting expression value 2.035 and 3.538 on both the endometrioid versus papillary serous carcionma and endometrioid versus mixed mullerian tumor respectively. ","Microarray analysis of endometrial carcinomas and mixed mullerian tumors reveals distinct gene expression profiles associated with different histologic types of uterine cancer","Clinical Cancer Research","11(11):4056-66","2005"
"SFRS3","6428","18949382","-","Down regulation/ Down expression","-","-","-","-","-","-","Shandong Tumor Hospital; China","-","-","[1] The microarray study shows that this gene is down-regulated by 0.166 fold in the tumor associated endometrium.","Gene alterations in tumor-associated endothelial cells from endometrial cancer.","International Journal of Molecular Medicine","22(5):619-32","2008"
"SHBG","6462","17315164","-","Polymorphism","-","-","1031","1037","30 to 69","54.28 (disease); 54.41 (control)","Sanghai; China","-","-","[1] The codon 327 Asn allele in the SHBG gene may be related to a reduced risk of endometrial cancer among postmenopausal women. [2] The allele frequencies of Asn were 15.0% in cases and 17.1% in controls (P = .06). The variant Asn(327) allele was associated with a reduced risk of endometrial cancer in postmenopausal women (OR; 0.72; 95% CI; 0.55-0.93). [3] The inverse association was more pronounced among postmenopausal women who had a low body mass index (OR; 0.48; 95% CI; 0.31-0.76) or longer years of menstruation (OR; 0.64; 95% CI; 0.46-0.89).","Association of endometrial cancer risk with a functional polymorphism (Asp(327)Asn) in the sex hormone-binding globulin gene","Cancer","109(7):1296-302","2007"
"SHD","56961","15604243","-","-","-","-","-","-","50 to 80","-","Department of Gynecological Oncology; Hospital Vall d'Hebron and Hospital del Mar in Barcelona; Spain.","-","-","[1] The microarray study shows that this gene is differently expressed in endometrioid carcinoma profile; and thus found to be altered in endometrial cancer.","A differential gene expression profile reveals overexpression of RUNX1/AML1 in invasive endometrioid carcinoma.","Cancer Research","64(24):8846-53","2004"
"SIN3B","23309","17043662","-","Down regulation/ Down expression","-","-","29","55","36 to 82 (disease); 38 to 85 (control","55.5 (disease); 52.8 (control)",""Department of Obstetrics and Gynaecology"," The Chinese University of HingKong"," Prince of Wales Hospital."","-","-","[1] This investigation suggests that this gene is differently regulated by -4.03 fold change in the pathogenesis of endometrial carcinoma.","Identification of molecular markers and signaling pathway in endometrial cancer in Hong Kong Chinese women by genome-wide gene expression profiling","0"
"SKP2","6502","16080017","Endometrial adenocarcinoma","Up regulation/ Over expression/High expression","-","-","20 normal endometria (8 cases of the proliferative phase and 12 cases of the secretory phase)","20 endometrial hyperplasias and 136 endometrial endometriod adenocarcinomas (76 cases of well differentiated (G1); 32 cases of moderately differentiated (G2) and 28 cases of poorly differentiated (G3) adenocarcinomas)","30 to 83  ","57","Kitasato University Hospital; Japan","I (n=90); II (n=16); III (n=27); IV (n=3)","1 (n=76); 2 (n=32); 3 (n=28)","[1] The skp2 level might have increased due to p27 accumulation and may be a good indicator of proliferative activity and poor prognosis. [2] The high level of skp2 expression was significantly correlated with the presence of lymph node metastasis and lymph-vascular space involvement. The LI of skp2 in endometrial carcinoma was significantly correlated with that of p27; Ki-67; cdk2; cyclin A; cyclin D1; cyclin E; p53 and PTEN. The high level of skp2 expression (LI> or =20%) was significantly correlated with the patients' poor survival.","High expression of skp2 correlates with poor prognosis in endometrial endometrioid adenocarcinoma","Journal of cancer research and clinical oncology","131(9):591-6","2005"
"SLC18A2","6751","17043662","-","Down regulation/ Down expression","-","-","29","55","36 to 82 (disease); 38 to 85 (control","55.5 (disease); 52.8 (control)",""Department of Obstetrics and Gynaecology"," The Chinese University of HingKong"," Prince of Wales Hospital."","-","-","[1] This investigation suggests that this gene is differently regulated by-9.19fold change in the pathogenesis of endometrial carcinoma.","Identification of molecular markers and signaling pathway in endometrial cancer in Hong Kong Chinese women by genome-wide gene expression profiling","0"
"SLC24A3","57419","17043662","-","Down regulation/ Down expression","-","-","29","55","36 to 82 (disease); 38 to 85 (control","55.5 (disease); 52.8 (control)",""Department of Obstetrics and Gynaecology"," The Chinese University of HingKong"," Prince of Wales Hospital."","-","-","[1] This investigation suggests that this gene is differently regulated by-8.48fold change in the pathogenesis of endometrial carcinoma.","Identification of molecular markers and signaling pathway in endometrial cancer in Hong Kong Chinese women by genome-wide gene expression profiling","0"
"SLC26A2","1836","15930340","-","Differentially expressed","","-","-","119 (66 endometrioid; 24 papillary serous; 29 mixed mullerian tumors)","-","-","Duke University Medical Centre; North Carolina","-","-","[1] The microarray study shows that this gene is differently expressed in endometrioid carcinoma profile; reflecting expression value 2.031 and 2.372 on both the endometrioid versus papillary serous carcionma and endometrioid versus mixed mullerian tumor respectively. ","Microarray analysis of endometrial carcinomas and mixed mullerian tumors reveals distinct gene expression profiles associated with different histologic types of uterine cancer","Clinical Cancer Research","11(11):4056-66","2005"
"SLC29A2","3177","18949382","-","Down regulation/ Down expression","-","-","-","-","-","-","Shandong Tumor Hospital; China","-","-","[1] The microarray study shows that this gene is down-regulated by 0.159 fold in the tumor associated endometrium.","Gene alterations in tumor-associated endothelial cells from endometrial cancer.","International Journal of Molecular Medicine","22(5):619-32","2008"
"SLC2A5","6518","18949382","-","Up regulation/ Over expression/High expression","-","-","-","-","-","-","Shandong Tumor Hospital; China","-","-","[1] The microarray study shows that this gene is up-regulated by 8.026 fold in the tumor associated endometrium.","Gene alterations in tumor-associated endothelial cells from endometrial cancer.","International Journal of Molecular Medicine","22(5):619-32","2008"
"SLC38A1","81539","15930340","-","Differentially expressed","","-","-","119 (66 endometrioid; 24 papillary serous; 29 mixed mullerian tumors)","-","-","Duke University Medical Centre; North Carolina","-","-","[1] The microarray study shows that this gene is differently expressed in endometrioid carcinoma profile; reflecting expression value 0.370 and 0.435 on both the endometrioid versus papillary serous carcionma and endometrioid versus mixed mullerian tumor respectively. ","Microarray analysis of endometrial carcinomas and mixed mullerian tumors reveals distinct gene expression profiles associated with different histologic types of uterine cancer","Clinical Cancer Research","11(11):4056-66","2005"
"SLC47A1","55244","15930340","-","Differentially expressed","","-","-","119 (66 endometrioid; 24 papillary serous; 29 mixed mullerian tumors)","-","-","Duke University Medical Centre; North Carolina","-","-","[1] The microarray study shows that this gene is differently expressed in endometrioid carcinoma profile; reflecting expression value 4.627 and 8.343 on both the endometrioid versus papillary serous carcionma and endometrioid versus mixed mullerian tumor respectively. ","Microarray analysis of endometrial carcinomas and mixed mullerian tumors reveals distinct gene expression profiles associated with different histologic types of uterine cancer","Clinical Cancer Research","11(11):4056-66","2005"
"SMYD2","56950","15604243","-","-","-","-","-","-","50 to 80","-","Department of Gynecological Oncology; Hospital Vall d'Hebron and Hospital del Mar in Barcelona; Spain.","-","-","[1] The microarray study shows that this gene is differently expressed in endometrioid carcinoma profile; and thus found to be altered in endometrial cancer.","A differential gene expression profile reveals overexpression of RUNX1/AML1 in invasive endometrioid carcinoma.","Cancer Research","64(24):8846-53","2004"
"SNAPC1","6617","15604243","-","-","-","-","-","-","50 to 80","-","Department of Gynecological Oncology; Hospital Vall d'Hebron and Hospital del Mar in Barcelona; Spain.","-","-","[1] The microarray study shows that this gene is differently expressed in endometrioid carcinoma profile; and thus found to be altered in endometrial cancer.","A differential gene expression profile reveals overexpression of RUNX1/AML1 in invasive endometrioid carcinoma.","Cancer Research","64(24):8846-53","2004"
"SORBS2","8470","15930340","-","Differentially expressed","","-","-","119 (66 endometrioid; 24 papillary serous; 29 mixed mullerian tumors)","-","-","Duke University Medical Centre; North Carolina","-","-","[1] The microarray study shows that this gene is differently expressed in endometrioid carcinoma profile; reflecting expression value 3.172 and 4.746 on both the endometrioid versus papillary serous carcionma and endometrioid versus mixed mullerian tumor respectively. ","Microarray analysis of endometrial carcinomas and mixed mullerian tumors reveals distinct gene expression profiles associated with different histologic types of uterine cancer","Clinical Cancer Research","11(11):4056-66","2005"
"SOX2","6657","20814443","-","Hypermethylation","-","-","12","57","-","-","Department of Pathology; Queen Mary Hospital; University of Hong Kong","-","-","[1] Epigenetic mechanisms may play a crucial role on the transcriptional regulation of SOX2 and loss of SOX2 expression may be related to endometrial carcinogenesis. [2] A significant correlation between SOX2 mRNA expression and hypermethylation of SOX2 was found (P = .024). Hypermethylation of SOX2 tended to be more frequently found in type II serous or clear cell adenocarcinoma. SOX2 methylation was also significantly correlated with shorter survival of patients (P = 0.046). [3] The methylation frequency of this CpG island in 72 cases of endometrial carcinoma and 12 cases of normal endometrium was assessed by MS-PCR. Hypermethylation of the SOX2 promoter was observed in 37.5% (27/72) of endometrial carcinomas; and 8.3% (1/12) of normal endometrial tissues. Therefore; more frequent hypermethylation in SOX2 promoter in endometrial cancers than in normal endometrial tissues was observed (P = .0472).","Hypermethylation of SOX2 Promoter in Endometrial Carcinogenesis","Obstetrics and gynecology international","2010. pii: 682504","2010"
"SPDEF","25803","15930340","-","Differentially expressed","","-","-","119 (66 endometrioid; 24 papillary serous; 29 mixed mullerian tumors)","-","-","Duke University Medical Centre; North Carolina","-","-","[1] The microarray study shows that this gene is differently expressed in endometrioid carcinoma profile; reflecting expression value 2.184 and 2.901 on both the endometrioid versus papillary serous carcionma and endometrioid versus mixed mullerian tumor respectively. ","Microarray analysis of endometrial carcinomas and mixed mullerian tumors reveals distinct gene expression profiles associated with different histologic types of uterine cancer","Clinical Cancer Research","11(11):4056-66","2005"
"SPHK1","8877","20226264","-","-","-","-","23","18","-","48.8","Medical University of Bialystok; Poland","I","2","[1] The activity of sphingosine kinase 1 was increased by 2.6-fold. [2] The endometrial carcinoma is characterized by profound changes in sphingolipid metabolism that likely contribute to its progression and chemoresistance.","Altered sphingolipid metabolism in human endometrial cancer","Prostaglandins &Other Lipid Mediators","92(1-4):62-6","2010"
"SPP1","6696","18949382","-","Up regulation/ Over expression/High expression","-","-","-","-","-","-","Shandong Tumor Hospital; China","-","-","[1] The microarray study shows that this gene is up-regulated by 17.087 fold in the tumor associated endometrium.","Gene alterations in tumor-associated endothelial cells from endometrial cancer.","International Journal of Molecular Medicine","22(5):619-32","2008"
"SPRY2","10253","21111454","-","Hypermethylation","-","-","80","157","-","-","Hospital Univesritari Arnau de Vilanova de Lleida and Hospital de Sant Pau; Barcelona; Spain","I (n=108); II (n=15); III (n=22); IV (n=1)","1 (n=43); 2 (n=11); 3 (n=8)","[1] The alterations in sprouty 2 may be involved in endometrial carcinogenesis by controlling cell proliferation. [2] SPRY2 is a good candidate to be tumor suppressor genein EC; because of 3 reasons: (1) SPRY2 is a tumorsuppressor gene in other solid tumors; (2) the 13q31 region;containing the SPRY2 gene; shows frequent deletions in EC;and (3) SPRY2 is a negative regulator of signaling pathways;which are frequently deregulated in EC. [3] The immunohistochemical expression of sprouty 2 was correlated with cellular proliferation (Ki67) and clinicopathologic data. Sprouty 2 promoter methylation was assessed by methylation-specific polymerase chain reaction; with DNA obtained from fresh-frozen samples of endometrial carcinoma and corresponding normal tissues; and correlated with promoter methylation of RAS association domain family-1A (RASSF1A). A highly significant decrease in sprouty 2 immunoexpression was seen in the proliferative phase of normal endometrium (P < .001).","Promoter hypermethylation and expression of sprouty 2 in endometrial carcinoma","Human Pathology","42(2):185-93","2011"
"SPT","10558","20226264","-","-","-","-","23","18","-","48.8","Medical University of Bialystok; Poland","I","2","[1] The activity of serine palmitoyltransferase was increased by 2.3 fold. [2] The endometrial carcinoma is characterized by profound changes in sphingolipid metabolism that likely contribute to its progression and chemoresistance.","Altered sphingolipid metabolism in human endometrial cancer","Prostaglandins &Other Lipid Mediators","92(1-4):62-6","2010"
"SRC","6714","10804287","-","Mutation","-","-","-","68 endometrial carcinoma+ 70 ovarian cancer+ 3 endometrial stromal sarcomas","-","-","Sapparo Medical University",""I (n=41)"," II (n=9)"," III (n=15)"","-","[1] Mutation of SRC may be implicated in a small proportion of endometrial carcinomas. [2] There is one truncated mutation at codon 531 (Gln to Stop) in an endometrial carcinoma.","Mutation of the SRC gene in endometrial carcinoma.","0"
"SRPX","8406","17043662","-","Down regulation/ Down expression","-","-","29","55","36 to 82 (disease); 38 to 85 (control","55.5 (disease); 52.8 (control)",""Department of Obstetrics and Gynaecology"," The Chinese University of HingKong"," Prince of Wales Hospital."","-","-","[1] This investigation suggests that this gene is differently regulated by-6.99fold change in the pathogenesis of endometrial carcinoma.","Identification of molecular markers and signaling pathway in endometrial cancer in Hong Kong Chinese women by genome-wide gene expression profiling","0"
"ST6GAL1","6480","15604243","-","-","-","-","-","-","50 to 80","-","Department of Gynecological Oncology; Hospital Vall d'Hebron and Hospital del Mar in Barcelona; Spain.","-","-","[1] The microarray study shows that this gene is differently expressed in endometrioid carcinoma profile; and thus found to be altered in endometrial cancer.","A differential gene expression profile reveals overexpression of RUNX1/AML1 in invasive endometrioid carcinoma.","Cancer Research","64(24):8846-53","2004"
"ST8SIA4","7903","15930340","-","Differentially expressed","","-","-","119 (66 endometrioid; 24 papillary serous; 29 mixed mullerian tumors)","-","-","Duke University Medical Centre; North Carolina","-","-","[1] The microarray study shows that this gene is differently expressed in endometrioid carcinoma profile; reflecting expression value 0.472 and 0.485 on both the endometrioid versus papillary serous carcionma and endometrioid versus mixed mullerian tumor respectively. ","Microarray analysis of endometrial carcinomas and mixed mullerian tumors reveals distinct gene expression profiles associated with different histologic types of uterine cancer","Clinical Cancer Research","11(11):4056-66","2005"
"STK11","6794","18245476","Endometrioid adenocarcinoma","-","-","-","-","-","-","-","-","-","-","[1] In human endometrial cancers; Lkb1 expression was inversely correlated with tumor grade and stage; arguing that Lkb1 inactivation or down-regulation also contributes to endometrial cancer progression in women. This study shows that Lkb1 plays an important role in the malignant transformation of endometrium and that Lkb1 loss promotes a highly invasive phenotype.","Loss of Lkb1 provokes highly invasive endometrial adenocarcinomas.","Cancer Research","68(3):759-66","2008"
"SULT1A1","6817","18318428","Endometrioid Adenocarcinoma (137) and 13 unknown.","Polymorphism","-","-","165","150","44 to 83 yrs for patient; 43 to 83 yrs for control","60","Veterans Affairs Medical Center San Francisco.","I (n=70;47%); II (n=56; 37%); III (n=22; 15%); IV (n=2; 1%)","-","[1] The indviduals carrying the variants of SULT1A1 codon 213 and 2 single nucleotide polymorphism in the 3' flanking region (14A/G and 85 C/T) had an increased risk for endometrial cancer. The frequencies of G-A-C and A-G-T haplotypes of these three variants were higher in endometrial cancer patients (p<0.001; p=0.0002). [2] The frequency of combined genotypes (SULT1A1 213 GA+AA and CYP1A1 m1 TT) was higher in endometrial cancer patients (OR; 4.58; 95% CI; 2.35-8.93). [3] The combined association of CYP1A1 and SULT gene polymorphism in endometrial cancer suggest a decreased SNP of CYP1A1 and an increased SNP for SULT1A1 and SULT1E1 genes may be risk for endometrial cancer in Caucasians. ","CYP1A1; SULT1A1; and SULT1E1 polymorphisms are risk factors for endometrial cancer susceptibility.","Cancer","112(9):1964-73","2008"
"SULT1E1","6783","18318428","Endometrioid Adenocarcinoma (137) and 13 unknown.","Polymorphism","-","-","165","150","44 to 83 yrs for patient; 43 to 83 yrs for control","60","Veterans Affairs Medical Center San Francisco.","I (n=70;47%); II (n=56; 37%); III (n=22; 15%); IV (n=2; 1%)","-","[1] There was a significant increase in the A/A genotype of SULT1E1-64G/A promoter in endometrial cancer patients compared iwth controls (OR; 3.50; 95% CI; 1.10-11.10; p=0.02). [2] The combined association of CYP1A1 and SULT gene polymorphism in endometrial cancer suggest a decreased SNP of CYP1A1 and an increased SNP for SULT1A1 and SULT1E1 genes may be risk for endometrial cancer in Caucasians. ","CYP1A1; SULT1A1; and SULT1E1 polymorphisms are risk factors for endometrial cancer susceptibility.","Cancer","112(9):1964-73","2008"
"TBX3","6926","17043662","-","Down regulation/ Down expression","-","-","29","55","36 to 82 (disease); 38 to 85 (control","55.5 (disease); 52.8 (control)",""Department of Obstetrics and Gynaecology"," The Chinese University of HingKong"," Prince of Wales Hospital."","-","-","[1] This investigation suggests that this gene is differently regulated by -5 fold change in the pathogenesis of endometrial carcinoma.","Identification of molecular markers and signaling pathway in endometrial cancer in Hong Kong Chinese women by genome-wide gene expression profiling","0"
"TCEAL7","56849","17043662","-","Down regulation/ Down expression","-","-","29","55","36 to 82 (disease); 38 to 85 (control","55.5 (disease); 52.8 (control)",""Department of Obstetrics and Gynaecology"," The Chinese University of HingKong"," Prince of Wales Hospital."","-","-","[1] This investigation suggests that this gene is differently regulated by-5.69fold change in the pathogenesis of endometrial carcinoma.","Identification of molecular markers and signaling pathway in endometrial cancer in Hong Kong Chinese women by genome-wide gene expression profiling","0"
"TCEB3","6924","15604243","-","-","-","-","-","-","50 to 80","-","Department of Gynecological Oncology; Hospital Vall d'Hebron and Hospital del Mar in Barcelona; Spain.","-","-","[1] The microarray study shows that this gene is differently expressed in endometrioid carcinoma profile; and thus found to be altered in endometrial cancer.","A differential gene expression profile reveals overexpression of RUNX1/AML1 in invasive endometrioid carcinoma.","Cancer Research","64(24):8846-53","2004"
"TFAM","7019","20232213","Endometrioid adenocarcinoma+ serous carcinoma+ clear cell adenocarcinoma","-","-","-","25 (10 proliferative+ 10 secretory+ 5 atrophic endometria)","245 endometrioid adenocarcinoma+ 21 serous carcinoma+ 10 clear cell adenocarcinoma","27 to 82 (endometroid); 53 to 81 (non-endometroid); 32 to 72 (control)","56.5 (endometroid); 67.1 (non-endometroid)","University of Occupational and Enviornmental Health Hospital",""ENDOMETROID: [Ia (n=59)"," Ib (n=87)"," Ic (n=23)"," IIA (n=7)"," IIB (n=11)"," IIIA (n=25)","0"
"TFAP2A","7020","17043662","-","Up regulation/ Over expression/High expression","-","-","29","55","36 to 82 (disease); 38 to 85 (control","55.5 (disease); 52.8 (control)",""Department of Obstetrics and Gynaecology"," The Chinese University of HingKong"," Prince of Wales Hospital."","-","-","[1] This investigation suggests that this gene is differently regulated by 6.57 fold change in the pathogenesis of endometrial carcinoma.","Identification of molecular markers and signaling pathway in endometrial cancer in Hong Kong Chinese women by genome-wide gene expression profiling","0"
"TFF1","7031","9221798","-","-","-","-","15","64","-","-","Tenri Hospital","I (n=45); II (n=2); III (n=17)","1 (n=36); 2 (n=17); 3 (n=6)","[1] pS2 expression is likely correlated with estrogen-related endometrial carcinoma and is possibly involved in early disease progression. [2] Of the 64 samples of endometrial carcinoma; 45 (70%) expressed the pS2 protein. The average age of the patients with pS2-positive carcinomas (54.8 +/- 8.6 years) was significantly lower than that of the patients with pS2-negative carcinomas; and all premenopausal patients were positive for the pS2 protein. Among histological types; pS2 expression was observed in 33 (92%) of the 36 G1 carcinomas; but in none of the 5 nonendometrioid carcinomas. Of the 48 ER-positive carcinomas; 43 (90%) were pS2-positive and 5 were pS2-negative. Of the 40 PR-positive carcinomas; 37 (93%) were positive for pS2. There were significant associations between pS2 expression and ER/PR expression (p < 0.001).","Expression of pS2 protein in endometrial carcinomas: correlation with clinicopathologic features and sex steroid receptor status","International Journal of Cancer","74(3):237-44","1997"
"TFF3","7033","15930340","-","Differentially expressed","","-","-","119 (66 endometrioid; 24 papillary serous; 29 mixed mullerian tumors)","-","-","Duke University Medical Centre; North Carolina","-","-","[1] The microarray study shows that this gene is differently expressed in endometrioid carcinoma profile; reflecting expression value 5.819 and 19.348 on both the endometrioid versus papillary serous carcionma and endometrioid versus mixed mullerian tumor respectively. [2] This genes with a >2-fold  endometrioid/papillary serous carcinoma expression ratio. [3] This shows a lower expression in mixed mullerian tumorspecimens when compared with endometrioid carcinomas","Microarray analysis of endometrial carcinomas and mixed mullerian tumors reveals distinct gene expression profiles associated with different histologic types of uterine cancer","Clinical Cancer Research","11(11):4056-66","2005"
"TFF3","7033","17043662","-","Up regulation/ Over expression/High expression","-","-","29","55","36 to 82 (disease); 38 to 85 (control","55.5 (disease); 52.8 (control)",""Department of Obstetrics and Gynaecology"," The Chinese University of HingKong"," Prince of Wales Hospital."","-","-","[1] This investigation suggests that this gene is differently regulated by 9.67 fold change in the pathogenesis of endometrial carcinoma.","Identification of molecular markers and signaling pathway in endometrial cancer in Hong Kong Chinese women by genome-wide gene expression profiling","0"
"THBS2","7058","12796396","Endometrial Adenocarcinoma","Hypermethylation","-","-","-","-","-","-","-","-","-","[1] High rates of methylation were found in the THBS2. [2] The THBS2 promoter region; on the other hand; demonstrated extensive methylation in 15 of 24 (62.5%) primary tumors and 2 of 5 (40%) cell lines.","Frequent HOXA11 and THBS2 promoter methylation; and a methylator phenotype in endometrial adenocarcinoma","Clinical Cancer Research","9(6):2277-87","2003"
"THRB","7068","15930340","-","Differentially expressed","","-","-","119 (66 endometrioid; 24 papillary serous; 29 mixed mullerian tumors)","-","-","Duke University Medical Centre; North Carolina","-","-","[1] The microarray study shows that this gene is differently expressed in endometrioid carcinoma profile; reflecting expression value 2.789 and 3.011 on both the papillary serous carcionma versus endometrioid versus and papillary serous versus mixed mullerian tumor respectively. ","Microarray analysis of endometrial carcinomas and mixed mullerian tumors reveals distinct gene expression profiles associated with different histologic types of uterine cancer","Clinical Cancer Research","11(11):4056-66","2005"
"TIMP1","7076","19758569","-","Polymorphism","-","-","229","118","-","54.7","Taichung Veterans General Hospital","I (n=83); II (n=17); III (n=16); IV (n=2)","-","[1] Individuals with TIMP-1_372C/C genotype were at significantly higher risk of endometrial cancer (OR=2.37; 95%CI: 1.33-4.22). [2] Stratification analysis showed that individuals with TIMP-1_372 C/C genotype were at increased risk for endometrioid (OR=2.46; 95% CI 1.34-4.53) and low stage (stages I-II) endometrial cancer (OR=3.24; 95% CI 1.22-4.13). [3] The presence of the C allele and C/C genotype frequency in the TIMP-1_372 genotype among endometrial cancer cases was higher than in normal controls. The TIMP-1 C allele was associated with a 1.68 fold (95% CI 1.22-2.31) and the TIMP-1_372 C/C genotype was associated with 2.37 fold (95% CI 1.33; 4.22) endometrial cancer risk than the TIMP-1 T allele and TIMP-1_372 T/T genotype respectively.","Genetic polymorphism of the tissue inhibitor of metalloproteinase-1 is associated with an increased risk of endometrial cancer","Clinica Chimica Acta","409(1-2):127-31","2009"
"TMC5","79838","15930340","-","Differentially expressed","","-","-","119 (66 endometrioid; 24 papillary serous; 29 mixed mullerian tumors)","-","-","Duke University Medical Centre; North Carolina","-","-","[1] The microarray study shows that this gene is differently expressed in endometrioid carcinoma profile; reflecting expression value 3.784 and 8.290 on both the endometrioid versus papillary serous carcionma and endometrioid versus mixed mullerian tumor respectively. ","Microarray analysis of endometrial carcinomas and mixed mullerian tumors reveals distinct gene expression profiles associated with different histologic types of uterine cancer","Clinical Cancer Research","11(11):4056-66","2005"
"TMC5","79838","15930340","-","Differentially expressed","","-","-","119 (66 endometrioid; 24 papillary serous; 29 mixed mullerian tumors)","-","-","Duke University Medical Centre; North Carolina","-","-","[1] The microarray study shows that this gene is differently expressed in endometrioid carcinoma profile; reflecting expression value 2.420 and 3.915 on both the endometrioid versus papillary serous carcionma and endometrioid versus mixed mullerian tumor respectively. ","Microarray analysis of endometrial carcinomas and mixed mullerian tumors reveals distinct gene expression profiles associated with different histologic types of uterine cancer","Clinical Cancer Research","11(11):4056-66","2005"
"TMEFF1","8577","15930340","-","Differentially expressed","","-","-","119 (66 endometrioid; 24 papillary serous; 29 mixed mullerian tumors)","-","-","Duke University Medical Centre; North Carolina","-","-","[1] The microarray study shows that this gene is differently expressed in endometrioid carcinoma profile; reflecting expression value 0.450 and 0.279 on both the endometrioid versus papillary serous carcionma and endometrioid versus mixed mullerian tumor respectively. ","Microarray analysis of endometrial carcinomas and mixed mullerian tumors reveals distinct gene expression profiles associated with different histologic types of uterine cancer","Clinical Cancer Research","11(11):4056-66","2005"
"TMEM101","84336","18949382","-","Up regulation/ Over expression/High expression","-","-","-","-","-","-","Shandong Tumor Hospital; China","-","-","[1] The microarray study shows that this gene is up-regulated by 5.850 fold in the tumor associated endometrium.","Gene alterations in tumor-associated endothelial cells from endometrial cancer.","International Journal of Molecular Medicine","22(5):619-32","2008"
"TMEM132C","92293","17043662","-","Down regulation/ Down expression","-","-","29","55","36 to 82 (disease); 38 to 85 (control","55.5 (disease); 52.8 (control)",""Department of Obstetrics and Gynaecology"," The Chinese University of HingKong"," Prince of Wales Hospital."","-","-","[1] This investigation suggests that this gene is differently regulated by-23.74fold change in the pathogenesis of endometrial carcinoma.","Identification of molecular markers and signaling pathway in endometrial cancer in Hong Kong Chinese women by genome-wide gene expression profiling","0"
"TMEM9B","56674","18949382","-","Up regulation/ Over expression/High expression","-","-","-","-","-","-","Shandong Tumor Hospital; China","-","-","[1] The microarray study shows that this gene is up-regulated by 10.488 fold in the tumor associated endometrium.","Gene alterations in tumor-associated endothelial cells from endometrial cancer.","International Journal of Molecular Medicine","22(5):619-32","2008"
"TMSB10","9168","18949382","-","Up regulation/ Over expression/High expression","-","-","-","-","-","-","Shandong Tumor Hospital; China","-","-","[1] The microarray study shows that this gene is up-regulated by 5.592 fold in the tumor associated endometrium.","Gene alterations in tumor-associated endothelial cells from endometrial cancer.","International Journal of Molecular Medicine","22(5):619-32","2008"
"TNFAIP3","7128","18949382","-","Up regulation/ Over expression/High expression","-","-","-","-","-","-","Shandong Tumor Hospital; China","-","-","[1] The microarray study shows that this gene is up-regulated by 6.913 fold in the tumor associated endometrium.","Gene alterations in tumor-associated endothelial cells from endometrial cancer.","International Journal of Molecular Medicine","22(5):619-32","2008"
"TNFRSF10C","8794","19936781","-","Up regulation/ Over expression/High expression","-","-","80","62","49 to 88","68.4","Hospital Univesritari Arnau de Vilanova de Lleida and Hospital de Sant Pau; Barcelona; Spain","-","1 (n=22); 2 (n=24); 3 (n=7); 3 mixed endometroid and non-endometroid; 2 non-endometroid carcinoma grade 3; and the epithelial componenets of four malignant mixed Mullerian tumors.","[1] By Immunohistochemical; cytoplasmic expression of DcR1 was frequently seen in NE (79.6%) and varied according to the menstrual cycle. Positive DcR1 immunostaining was also detected in EC (98.1% of the cases) without any specific statistical association with histological type; grade; and stage. By quantitative real-time PCR; all NE had similar levels of DcR1expression (0.8-1.7 RQ); which were considered the basal levels of DcR1 expression in NE. [2] Increased DcR1 expression (> or =5-fold higher than the basal levels) was detected in 13 of 28 EC (46.4%). [3] High DcR1 expression levels were found in ECs of different stages: IA; four of 12 (33%); IB; two of four (50%); IC; four of six (66%); and IIA and IIB three of six (50%). Results suggest that DcR1 expression occurs in a subset of EC and may contribute to resistance to TRAIL-induced apoptosis.","DcR1 expression in endometrial carcinomas","Virchows Archiv","456(1):39-44","2010"
"TNXB","7148","17043662","-","Down regulation/ Down expression","-","-","29","55","36 to 82 (disease); 38 to 85 (control","55.5 (disease); 52.8 (control)",""Department of Obstetrics and Gynaecology"," The Chinese University of HingKong"," Prince of Wales Hospital."","-","-","[1] This investigation suggests that this gene is differently regulated by -4.79 fold change in the pathogenesis of endometrial carcinoma.","Identification of molecular markers and signaling pathway in endometrial cancer in Hong Kong Chinese women by genome-wide gene expression profiling","0"
"TP53","7157","9155064","Endometrioid type+ adenoacanthomas+ papillary serous carcinoma+ clear cell carcinoma+ papillar carcinoma+ mucinous carcinoma)","-","-","-","-","80 (61 endometrioid type+ 13 adenoacanthomas+ 2 papillary serous carcinoma+ clear cell carcinoma+ 1 papillar carcinoma+ 1 mucinous carcinoma)","45 to 82","-","Department of Obstetrics and Gynecology; Hospital Universitari Materno- Infantil Vall d'Hebron of Barcelona","IA (n=13); IB (n=19); IC (n=8); IIA (n=11); IIB (n=9); IIIC (n=2)","-","[1] p53PIN3 allele; collapsing the heterozygous and homozygous categories is significantly associated with endometrial cancer with an OR of 2.5 (95% CI; 1.08-6.2; p=0.03). A statistically significant association between the p53PIN3 allele and an undifferentiated cellular grade (G2 and G3) in endometrial carcinoma is found (OR= 4.16; 95% CI; 1.43- 12.32; P=0.006)","Susceptibility to endometrial cancer: influence of allelism at p53; glutathione S-transferase (GSTM1 and GSTT1) and cytochrome P-450 (CYP1A1) loci","British Journal of Cancer","75(9):1385-8","1997"
"TP53","7157","15099969","-","Polymorphism","-","Tumor suppressor","285","95","-","-","Department of Obstetrics and Gynecology; Seoul National University Hospital.","IA (n=31); IB (n=34); IC (n=11); IIA (n=5); IIB (n=2); IIIA (n=4); IIIC (n=4); IVB (n=4) ","-","[1] There is a significant association between the genetic polymorphisms of p53 and specific combinations of the at-risk genotypes of this gene and the risk of developing endometrial cancer in Korean women. [2] The p53 genotypes containing the Pro allele were significantly associated with endometrial cancer with an odds ratio (OR) of 3.56 (95% confidence interval [CI] 2.10-6.04). [3] The combination of the pro allele containing genotypes of p53 and the Ser homozygous genotype of p21 posed a remarkably increased risk (OR 9.55; 95% CI 4.30-21.24) of endometrial cancer development. ","p53 and p21 genetic polymorphisms and susceptibility to endometrial cancer","Gynecologic Oncology","93(2):499-505","2004"
"TRO","7216","17043662","-","Down regulation/ Down expression","-","-","29","55","36 to 82 (disease); 38 to 85 (control","55.5 (disease); 52.8 (control)",""Department of Obstetrics and Gynaecology"," The Chinese University of HingKong"," Prince of Wales Hospital."","-","-","[1] This investigation suggests that this gene is differently regulated by-6.3fold change in the pathogenesis of endometrial carcinoma.","Identification of molecular markers and signaling pathway in endometrial cancer in Hong Kong Chinese women by genome-wide gene expression profiling","0"
"TRPC1","7220","15930340","-","Differentially expressed","","-","-","119 (66 endometrioid; 24 papillary serous; 29 mixed mullerian tumors)","-","-","Duke University Medical Centre; North Carolina","-","-","[1] The microarray study shows that this gene is differently expressed in endometrioid carcinoma profile; reflecting expression value 0.407 and 0.315 on both the endometrioid versus papillary serous carcionma and endometrioid versus mixed mullerian tumor respectively. ","Microarray analysis of endometrial carcinomas and mixed mullerian tumors reveals distinct gene expression profiles associated with different histologic types of uterine cancer","Clinical Cancer Research","11(11):4056-66","2005"
"TRPC1","7220","17043662","-","Down regulation/ Down expression","-","-","29","55","36 to 82 (disease); 38 to 85 (control","55.5 (disease); 52.8 (control)",""Department of Obstetrics and Gynaecology"," The Chinese University of HingKong"," Prince of Wales Hospital."","-","-","[1] This investigation suggests that this gene is differently regulated by-6.16fold change in the pathogenesis of endometrial carcinoma.","Identification of molecular markers and signaling pathway in endometrial cancer in Hong Kong Chinese women by genome-wide gene expression profiling","0"
"TSHZ3","57616","17043662","-","Down regulation/ Down expression","-","-","29","55","36 to 82 (disease); 38 to 85 (control","55.5 (disease); 52.8 (control)",""Department of Obstetrics and Gynaecology"," The Chinese University of HingKong"," Prince of Wales Hospital."","-","-","[1] This investigation suggests that this gene is differently regulated by -5.47 fold change in the pathogenesis of endometrial carcinoma.","Identification of molecular markers and signaling pathway in endometrial cancer in Hong Kong Chinese women by genome-wide gene expression profiling","0"
"TTC5","91875","18949382","-","Up regulation/ Over expression/High expression","-","-","-","-","-","-","Shandong Tumor Hospital; China","-","-","[1] The microarray study shows that this gene is up-regulated by 6.564 fold in the tumor associated endometrium.","Gene alterations in tumor-associated endothelial cells from endometrial cancer.","International Journal of Molecular Medicine","22(5):619-32","2008"
"TTK","7272","15930340","-","Differentially expressed","","-","-","119 (66 endometrioid; 24 papillary serous; 29 mixed mullerian tumors)","-","-","Duke University Medical Centre; North Carolina","-","-","[1] The microarray study shows that this gene is differently expressed in endometrioid carcinoma profile; reflecting expression value 0.437 and 0.381 on both the endometrioid versus papillary serous carcionma and endometrioid versus mixed mullerian tumor respectively. ","Microarray analysis of endometrial carcinomas and mixed mullerian tumors reveals distinct gene expression profiles associated with different histologic types of uterine cancer","Clinical Cancer Research","11(11):4056-66","2005"
"TWIST2","117581","17043662","-","Down regulation/ Down expression","-","-","29","55","36 to 82 (disease); 38 to 85 (control","55.5 (disease); 52.8 (control)",""Department of Obstetrics and Gynaecology"," The Chinese University of HingKong"," Prince of Wales Hospital."","-","-","[1] This investigation suggests that this gene is differently regulated by -4.48 fold change in the pathogenesis of endometrial carcinoma.","Identification of molecular markers and signaling pathway in endometrial cancer in Hong Kong Chinese women by genome-wide gene expression profiling","0"
"TYMP","1890","9570975","Endometrial adenocarcinoma + Endometrial adenosquamous","-","-","-","-","42 (43 endometrial adenocarcinoma + 3 endometrial adenosquamous)","31 to 79","59","Shimane Medical University Hospital","IA (n=9); IB (n=16); IC (n=8); IIA (n=1); IIB (n=6); IIIC (n=6)","1 (n=32); 2 (n=11); 3 (n=3)","[1] TP may play an important role in angiogenesis and may be involved in the tumorigenesis of endometrial cancer. [2] Of the 46 tumors; 19 (41%) were TP-positive. The microvessel count was significantly higher in TP-positive tumors than in TP-negative tumors (P = 0.01).","Immunohistochemical expression of thymidine phosphorylase in human endometrial cancer.","Gynecologic Oncology","68(3):247-52","1998"
"TYMP","1890","9751263","-","-","-","-","-","59","33 to 74","-","Department of Obsterics and Gynecology; Gifu University School of Medicine","-","-","[1] The active availability of PD-ECGF might contribute to the acceleration of angiogenic activity in the early process of invasion of well-differentiated uterine endometrial cancers. [2] The levels of PD-ECGF were significantly higher in uterine endometrial cancers of well-differentiated grade (G1) with invasion to < or =1/2 myometrium (B) and of stage 1 than in those of moderately and poorly differentiated grades (G2 and G3; respectively) limited to endometrium (A) and with invasion to >1/2 myometrium (C) and of stages II and III/IV and in normal uterine endometria. ","Expression of platelet-derived endothelial cell growth factor (PD-ECGF) and its mRNA in uterine endometrial cancers.","Cancer Letters","130(1-2):115-20","1998"
"TYMS","7298","19190136","-","-","-","-","-","-","30 to 69","-","-","-","-","[1] Genetic polymorphisms in the TYMS gene may play a role in the development of endometrial cancer among Chinese women. [2] The SNP rs3819102; located in the 3'-flanking region of the TYMS gene and in an intron of the ENOSF1 gene; was associated with risk of endometrial cancer. The odds ratio (95% confidence interval) for the CC genotype was 1.5 (1.0-2.2) compared with the TT genotype. Haplotype TTG in block 2 of the TYMS gene; which includes SNPs rs10502289; rs2298583; and rs2298581 (located in introns of the ENOSF1 gene); was associated with a marginally significant decrease in risk of endometrial cancer under the dominant model (odds ratio; 0.8; 95% confidence interval; 0.6-1.0).","Association of thymidylate synthase gene with endometrial cancer risk in a Chinese population.","Cancer epidemiology; biomarkers & prevention","18(2):579-84","2009"
"UBE2E2","7325","15930340","-","Differentially expressed","","-","-","119 (66 endometrioid; 24 papillary serous; 29 mixed mullerian tumors)","-","-","Duke University Medical Centre; North Carolina","-","-","[1] The microarray study shows that this gene is differently expressed in endometrioid carcinoma profile; reflecting expression value 0.444 and 0.469 on both the endometrioid versus papillary serous carcionma and endometrioid versus mixed mullerian tumor respectively. ","Microarray analysis of endometrial carcinomas and mixed mullerian tumors reveals distinct gene expression profiles associated with different histologic types of uterine cancer","Clinical Cancer Research","11(11):4056-66","2005"
"UCHL1","7345","15930340","-","Differentially expressed","","-","-","119 (66 endometrioid; 24 papillary serous; 29 mixed mullerian tumors)","-","-","Duke University Medical Centre; North Carolina","-","-","[1] The microarray study shows that this gene is differently expressed in endometrioid carcinoma profile; reflecting expression value 0.443 and 0.193 on both the endometrioid versus papillary serous carcionma and endometrioid versus mixed mullerian tumor respectively. ","Microarray analysis of endometrial carcinomas and mixed mullerian tumors reveals distinct gene expression profiles associated with different histologic types of uterine cancer","Clinical Cancer Research","11(11):4056-66","2005"
"UGT1A1","54658","14871858","-","","-","-","666 (matched control)","222","-","-",""CHUL Research Center"," Hoˆtel-Dieu de Que´bec"," and Laval University"","-","-",""[1] Conditional logistic regression demonstrated a significant inverse association with the UGT1A1*28 allele and endometrial cancer risk. Compared with women homozygous for the UGT1A1*1 [A(TA)6TAA] allele"," the adjusted odds ratio (OR) was 0.81 [95% confidence interval (CI)","1"
"USP37","57695","17043662","-","Up regulation/ Over expression/High expression","-","-","29","55","36 to 82 (disease); 38 to 85 (control","55.5 (disease); 52.8 (control)",""Department of Obstetrics and Gynaecology"," The Chinese University of HingKong"," Prince of Wales Hospital."","-","-","[1] This investigation suggests that this gene is differently regulated by 7.41 fold change in the pathogenesis of endometrial carcinoma.","Identification of molecular markers and signaling pathway in endometrial cancer in Hong Kong Chinese women by genome-wide gene expression profiling","0"
"VEGFA","7422","10381125","-","Down regulation/ Down expression","-","-","-","71","31 to 76","-","Department of Obstetrics and Gynecology; Gifu University School of Medicine.","-","-","[1] The levels of VEGF (VEGF165 and VEGF121) protein and mRNA were in a wide range and higher in normal uterine endometria than in the malignant counterparts. The levels of VEGF protein were higher in order of histopathological differentiation (normal uterine endometrium > well-differentiated (G1) > moderately differentiated (G2) and poorly differentiated (G3)) and those of VEGF protein and VEGF121 mRNA were lower in order of the advance of clinical stages (normal uterine endometrium > stage I > stage II > stages III and IV). [2] ownregulated during uterine endometrial cancer progression with dedifferentiation. Namely; VEGF in some endometrial cancers might contribute to the early process of advancing of malignancy via angiogenic activity.","Expressions of vascular endothelial growth factor (VEGF) and its mRNA in uterine endometrial cancers.","Cancer Letters","134(1):15-22","1998"
"VGLL1","51442","15930340","-","Differentially expressed","","-","-","119 (66 endometrioid; 24 papillary serous; 29 mixed mullerian tumors)","-","-","Duke University Medical Centre; North Carolina","-","-","[1] The microarray study shows that this gene is differently expressed in endometrioid carcinoma profile; reflecting expression value 7.127 and 9.804 on both the papillary serous carcionma versus endometrioid versus and papillary serous versus mixed mullerian tumor respectively. ","Microarray analysis of endometrial carcinomas and mixed mullerian tumors reveals distinct gene expression profiles associated with different histologic types of uterine cancer","Clinical Cancer Research","11(11):4056-66","2005"
"VGLL3","389136","17043662","-","Down regulation/ Down expression","-","-","29","55","36 to 82 (disease); 38 to 85 (control","55.5 (disease); 52.8 (control)",""Department of Obstetrics and Gynaecology"," The Chinese University of HingKong"," Prince of Wales Hospital."","-","-","[1] This investigation suggests that this gene is differently regulated by -4.37 fold change in the pathogenesis of endometrial carcinoma.","Identification of molecular markers and signaling pathway in endometrial cancer in Hong Kong Chinese women by genome-wide gene expression profiling","0"
"VIM","7431","18949382","-","Up regulation/ Over expression/High expression","-","-","-","-","-","-","Shandong Tumor Hospital; China","-","-","[1] The microarray study shows that this gene is up-regulated by 8.576 fold in the tumor associated endometrium.","Gene alterations in tumor-associated endothelial cells from endometrial cancer.","International Journal of Molecular Medicine","22(5):619-32","2008"
"VOPP1","81552","18949382","-","Up regulation/ Over expression/High expression","-","-","-","-","-","-","Shandong Tumor Hospital; China","-","-","[1] The microarray study shows that this gene is up-regulated by 8.054 fold in the tumor associated endometrium.","Gene alterations in tumor-associated endothelial cells from endometrial cancer.","International Journal of Molecular Medicine","22(5):619-32","2008"
"VPS36","51028","15604243","-","-","-","-","-","-","50 to 80","-","Department of Gynecological Oncology; Hospital Vall d'Hebron and Hospital del Mar in Barcelona; Spain.","-","-","[1] The microarray study shows that this gene is differently expressed in endometrioid carcinoma profile; and thus found to be altered in endometrial cancer.","A differential gene expression profile reveals overexpression of RUNX1/AML1 in invasive endometrioid carcinoma.","Cancer Research","64(24):8846-53","2004"
"WNT7A","7476","15930340","-","Differentially expressed","","-","-","119 (66 endometrioid; 24 papillary serous; 29 mixed mullerian tumors)","-","-","Duke University Medical Centre; North Carolina","-","-","[1] The microarray study shows that this gene is differently expressed in endometrioid carcinoma profile; reflecting expression value 2.854 and 3.476 on both the papillary serous carcionma versus endometrioid versus and papillary serous versus mixed mullerian tumor respectively. ","Microarray analysis of endometrial carcinomas and mixed mullerian tumors reveals distinct gene expression profiles associated with different histologic types of uterine cancer","Clinical Cancer Research","11(11):4056-66","2005"
"XYLT1","64131","17043662","-","Down regulation/ Down expression","-","-","29","55","36 to 82 (disease); 38 to 85 (control","55.5 (disease); 52.8 (control)",""Department of Obstetrics and Gynaecology"," The Chinese University of HingKong"," Prince of Wales Hospital."","-","-","[1] This investigation suggests that this gene is differently regulated by -4.75 fold change in the pathogenesis of endometrial carcinoma.","Identification of molecular markers and signaling pathway in endometrial cancer in Hong Kong Chinese women by genome-wide gene expression profiling","0"
"YES1","7525","15604243","-","-","-","-","-","-","50 to 80","-","Department of Gynecological Oncology; Hospital Vall d'Hebron and Hospital del Mar in Barcelona; Spain.","-","-","[1] The microarray study shows that this gene is differently expressed in endometrioid carcinoma profile; and thus found to be altered in endometrial cancer.","A differential gene expression profile reveals overexpression of RUNX1/AML1 in invasive endometrioid carcinoma.","Cancer Research","64(24):8846-53","2004"
"YWHAB","7529","18949382","-","Up regulation/ Over expression/High expression","-","-","-","-","-","-","Shandong Tumor Hospital; China","-","-","[1] The microarray study shows that this gene is up-regulated by 6.652 fold in the tumor associated endometrium.","Gene alterations in tumor-associated endothelial cells from endometrial cancer.","International Journal of Molecular Medicine","22(5):619-32","2008"
"ZBED1","9189","15604243","-","-","-","-","-","-","50 to 80","-","Department of Gynecological Oncology; Hospital Vall d'Hebron and Hospital del Mar in Barcelona; Spain.","-","-","[1] The microarray study shows that this gene is differently expressed in endometrioid carcinoma profile; and thus found to be altered in endometrial cancer.","A differential gene expression profile reveals overexpression of RUNX1/AML1 in invasive endometrioid carcinoma.","Cancer Research","64(24):8846-53","2004"
"ZEB1","6935","18487993","-","-","Biomarker","-","-","88","33 to 88","60","University of Colorado Health Sciences Center; Department of Pathology","-","-","[1] ZEB1 may be a biomarker of aggressive endometrial cancers at high risk of recurrence. It may help identify women who would most benefit from chemotherapy. Furthermore; if expression of ZEB1 in type II endometrial cancers could be reversed; it might be exploited as therapy for these highly aggressive tumors. [2] The median expression of ZEB1 was significantly higher in cancer-associated stroma (median score 180); compared to hyperplasia (median score 100); or normal endometrium (median score 10) (P<0.001). There was also a significant difference in the expression of ZEB1 between hyperplasia and normal endometrium (P<0.001). [3] In both human endometrial cancer specimens and cell lines; that when ZEB1 is inappropriately expressed in epithelial-derived tumor cells; E-cadherin expression is repressed; and that this inverse relationship correlates with increased migratory and invasive potential. Forced expression of ZEB1 in the nonmigratory; low-grade; relatively differentiated Ishikawa cell line renders them migratory.","ZEB1 expression in type I vs type II endometrial cancers: a marker of aggressive disease.","Modern Pathology","21(7):912-23","2008"
"ZEB1","6935","17043662","-","Down regulation/ Down expression","-","-","29","55","36 to 82 (disease); 38 to 85 (control","55.5 (disease); 52.8 (control)",""Department of Obstetrics and Gynaecology"," The Chinese University of HingKong"," Prince of Wales Hospital."","-","-","[1] This investigation suggests that this gene is differently regulated by -4.18 fold change in the pathogenesis of endometrial carcinoma.","Identification of molecular markers and signaling pathway in endometrial cancer in Hong Kong Chinese women by genome-wide gene expression profiling","0"
"ZIC1","7545","17043662","-","Up regulation/ Over expression/High expression","-","-","29","55","36 to 82 (disease); 38 to 85 (control","55.5 (disease); 52.8 (control)",""Department of Obstetrics and Gynaecology"," The Chinese University of HingKong"," Prince of Wales Hospital."","-","-","[1] This investigation suggests that this gene is differently regulated by 30.8 fold change in the pathogenesis of endometrial carcinoma.","Identification of molecular markers and signaling pathway in endometrial cancer in Hong Kong Chinese women by genome-wide gene expression profiling","0"
"ZMYND19","116225","18949382","-","Up regulation/ Over expression/High expression","-","-","-","-","-","-","Shandong Tumor Hospital; China","-","-","[1] The microarray study shows that this gene is up-regulated by 8.646 fold in the tumor associated endometrium.","Gene alterations in tumor-associated endothelial cells from endometrial cancer.","International Journal of Molecular Medicine","22(5):619-32","2008"
"ZNF207","7756","18949382","-","Up regulation/ Over expression/High expression","-","-","-","-","-","-","Shandong Tumor Hospital; China","-","-","[1] The microarray study shows that this gene is up-regulated by 9.322 fold in the tumor associated endometrium.","Gene alterations in tumor-associated endothelial cells from endometrial cancer.","International Journal of Molecular Medicine","22(5):619-32","2008"
