"Gene_Name","Gene_ID","Protein_ID","SwissProt_ID","PDB_ID","Method","Resolution","Chain","Position"
"ABCB1","5243","NP_000918.2","P08183","-","-","0.00","-","-"
"ABCC3","8714","NP_001137542.1","O15438","-","-","0.00","-","-"
"ABCC3","8714","NP_003777.2","O15438","-","-","0.00","-","-"
"ACOT2","10965","NP_006812.3","P49753","3HLK","X-ray","2.10","A/B","46-483"
"ADAM3","80332","NP_079496.1","Q9BZ11","1R54","X-ray","1.85","A","204-409"
"ADAM3","80332","NP_079496.1","Q9BZ11","1R55","X-ray","1.58","A","204-409"
"ADAM3","80332","NP_694882.1","Q9BZ11","1R54","X-ray","1.85","A","204-409"
"ADAM3","80332","NP_694882.1","Q9BZ11","1R55","X-ray","1.58","A","204-409"
"ADAM9","8754","NP_003807.1","Q13443","1M1V","model","0.00","A","208-404"
"ADAMTS5","11096","NP_008969.2","Q9UNA0","2RJQ","X-ray","2.60","A","262-628"
"ADAMTS5","11096","NP_008969.2","Q9UNA0","3B8Z","X-ray","1.40","A/B","264-480"
"ADAMTS5","11096","NP_008969.2","Q9UNA0","3HY7","X-ray","1.69","A/B","262-480"
"ADAMTS5","11096","NP_008969.2","Q9UNA0","3HY9","X-ray","2.02","A/B","262-480"
"ADAMTS5","11096","NP_008969.2","Q9UNA0","3HYG","X-ray","1.40","A/B","262-480"
"ADAMTS5","11096","NP_008969.2","Q9UNA0","3LJT","X-ray","1.60","A","264-480"
"ADD3","120","NP_001112.2","Q9UEY8","-","-","0.00","-","-"
"ADD3","120","NP_058432.1","Q9UEY8","-","-","0.00","-","-"
"ADD3","120","NP_063968.1","Q9UEY8","-","-","0.00","-","-"
"AGR2","10551","NP_006399.1","O95994","-","-","0.00","-","-"
"AKT1","207","NP_001014431.1","P31749","1H10","X-ray","1.40","A","1-123"
"AKT1","207","NP_001014431.1","P31749","1UNP","X-ray","1.65","A","1-121"
"AKT1","207","NP_001014431.1","P31749","1UNQ","X-ray","0.98","A","1-123"
"AKT1","207","NP_001014431.1","P31749","1UNR","X-ray","1.25","A","1-123"
"AKT1","207","NP_001014431.1","P31749","2UVM","X-ray","1.94","A","1-123"
"AKT1","207","NP_001014431.1","P31749","2UZR","X-ray","1.94","A","1-123"
"AKT1","207","NP_001014431.1","P31749","2UZS","X-ray","2.46","A","1-123"
"AKT1","207","NP_001014431.1","P31749","3CQU","X-ray","2.20","A","144-480"
"AKT1","207","NP_001014431.1","P31749","3CQW","X-ray","2.00","A","144-480"
"AKT1","207","NP_001014431.1","P31749","3MV5","X-ray","2.47","A","144-480"
"AKT1","207","NP_001014431.1","P31749","3MVH","X-ray","2.01","A","144-480"
"AKT1","207","NP_001014431.1","P31749","3O96","X-ray","2.70","A","2-443"
"AKT1","207","NP_001014431.1","P31749","3OCB","X-ray","2.70","A/B","144-480"
"AKT1","207","NP_001014431.1","P31749","3OW4","X-ray","2.60","A/B","144-480"
"AKT1","207","NP_001014432.1","P31749","1H10","X-ray","1.40","A","1-123"
"AKT1","207","NP_001014432.1","P31749","1UNP","X-ray","1.65","A","1-121"
"AKT1","207","NP_001014432.1","P31749","1UNQ","X-ray","0.98","A","1-123"
"AKT1","207","NP_001014432.1","P31749","1UNR","X-ray","1.25","A","1-123"
"AKT1","207","NP_001014432.1","P31749","2UVM","X-ray","1.94","A","1-123"
"AKT1","207","NP_001014432.1","P31749","2UZR","X-ray","1.94","A","1-123"
"AKT1","207","NP_001014432.1","P31749","2UZS","X-ray","2.46","A","1-123"
"AKT1","207","NP_001014432.1","P31749","3CQU","X-ray","2.20","A","144-480"
"AKT1","207","NP_001014432.1","P31749","3CQW","X-ray","2.00","A","144-480"
"AKT1","207","NP_001014432.1","P31749","3MV5","X-ray","2.47","A","144-480"
"AKT1","207","NP_001014432.1","P31749","3MVH","X-ray","2.01","A","144-480"
"AKT1","207","NP_001014432.1","P31749","3O96","X-ray","2.70","A","2-443"
"AKT1","207","NP_001014432.1","P31749","3OCB","X-ray","2.70","A/B","144-480"
"AKT1","207","NP_001014432.1","P31749","3OW4","X-ray","2.60","A/B","144-480"
"AKT1","207","NP_005154.2","P31749","1H10","X-ray","1.40","A","1-123"
"AKT1","207","NP_005154.2","P31749","1UNP","X-ray","1.65","A","1-121"
"AKT1","207","NP_005154.2","P31749","1UNQ","X-ray","0.98","A","1-123"
"AKT1","207","NP_005154.2","P31749","1UNR","X-ray","1.25","A","1-123"
"AKT1","207","NP_005154.2","P31749","2UVM","X-ray","1.94","A","1-123"
"AKT1","207","NP_005154.2","P31749","2UZR","X-ray","1.94","A","1-123"
"AKT1","207","NP_005154.2","P31749","2UZS","X-ray","2.46","A","1-123"
"AKT1","207","NP_005154.2","P31749","3CQU","X-ray","2.20","A","144-480"
"AKT1","207","NP_005154.2","P31749","3CQW","X-ray","2.00","A","144-480"
"AKT1","207","NP_005154.2","P31749","3MV5","X-ray","2.47","A","144-480"
"AKT1","207","NP_005154.2","P31749","3MVH","X-ray","2.01","A","144-480"
"AKT1","207","NP_005154.2","P31749","3O96","X-ray","2.70","A","2-443"
"AKT1","207","NP_005154.2","P31749","3OCB","X-ray","2.70","A/B","144-480"
"AKT1","207","NP_005154.2","P31749","3OW4","X-ray","2.60","A/B","144-480"
"ALDH1A2","8854","NP_001193826.1","-","-","-","0.00","-","-"
"ALDH1A2","8854","NP_003879.2","O94788","-","-","0.00","-","-"
"ALDH1A2","8854","NP_733797.1","O94788","-","-","0.00","-","-"
"ALDH1A2","8854","NP_733798.1","O94788","-","-","0.00","-","-"
"ALPPL2","251","NP_112603.2","P10696","-","-","0.00","-","-"
"ANXA2","302","NP_001002857.1","P07355","1W7B","X-ray","1.52","A","1-339"
"ANXA2","302","NP_001002857.1","P07355","1XJL","X-ray","2.59","A/B","21-338"
"ANXA2","302","NP_001002857.1","P07355","2HYU","X-ray","1.86","A","32-338"
"ANXA2","302","NP_001002857.1","P07355","2HYV","X-ray","1.42","A","32-338"
"ANXA2","302","NP_001002857.1","P07355","2HYW","X-ray","2.10","A/B","32-338"
"ANXA2","302","NP_001002858.1","P07355","1W7B","X-ray","1.52","A","1-339"
"ANXA2","302","NP_001002858.1","P07355","1XJL","X-ray","2.59","A/B","21-338"
"ANXA2","302","NP_001002858.1","P07355","2HYU","X-ray","1.86","A","32-338"
"ANXA2","302","NP_001002858.1","P07355","2HYV","X-ray","1.42","A","32-338"
"ANXA2","302","NP_001002858.1","P07355","2HYW","X-ray","2.10","A/B","32-338"
"ANXA2","302","NP_001129487.1","P07355","1W7B","X-ray","1.52","A","1-339"
"ANXA2","302","NP_001129487.1","P07355","1XJL","X-ray","2.59","A/B","21-338"
"ANXA2","302","NP_001129487.1","P07355","2HYU","X-ray","1.86","A","32-338"
"ANXA2","302","NP_001129487.1","P07355","2HYV","X-ray","1.42","A","32-338"
"ANXA2","302","NP_001129487.1","P07355","2HYW","X-ray","2.10","A/B","32-338"
"ANXA2","302","NP_004030.1","P07355","1W7B","X-ray","1.52","A","1-339"
"ANXA2","302","NP_004030.1","P07355","1XJL","X-ray","2.59","A/B","21-338"
"ANXA2","302","NP_004030.1","P07355","2HYU","X-ray","1.86","A","32-338"
"ANXA2","302","NP_004030.1","P07355","2HYV","X-ray","1.42","A","32-338"
"ANXA2","302","NP_004030.1","P07355","2HYW","X-ray","2.10","A/B","32-338"
"APC","324","NP_000029.2","P25054","1DEB","X-ray","2.40","A/B","Feb-55"
"APC","324","NP_000029.2","P25054","1EMU","X-ray","1.90","B","2034-2049"
"APC","324","NP_000029.2","P25054","1JPP","X-ray","3.10","C/D","1021-1035"
"APC","324","NP_000029.2","P25054","1M5I","X-ray","2.00","A","126-250"
"APC","324","NP_000029.2","P25054","1T08","X-ray","2.10","C","1484-1498"
"APC","324","NP_000029.2","P25054","1TH1","X-ray","2.50","C/D","1362-1540"
"APC","324","NP_000029.2","P25054","1V18","X-ray","2.10","B","1482-1528"
"APC","324","NP_000029.2","P25054","2RQU","NMR","0.00","B","1578-1596"
"APC","324","NP_001120982.1","P25054","1EMU","X-ray","1.90","B","2034-2049"
"APC","324","NP_001120982.1","P25054","1JPP","X-ray","3.10","C/D","1021-1035"
"APC","324","NP_001120982.1","P25054","1M5I","X-ray","2.00","A","126-250"
"APC","324","NP_001120982.1","P25054","1T08","X-ray","2.10","C","1484-1498"
"APC","324","NP_001120982.1","P25054","1TH1","X-ray","2.50","C/D","1362-1540"
"APC","324","NP_001120982.1","P25054","1V18","X-ray","2.10","B","1482-1528"
"APC","324","NP_001120982.1","P25054","2RQU","NMR","0.00","B","1578-1596"
"APC","324","NP_001120983.2","-","-","-","0.00","-","-"
"AR","367","NP_000035.2","P10275","1E3G","X-ray","2.40","A","657-919"
"AR","367","NP_000035.2","P10275","1GS4","X-ray","1.95","A","670-917"
"AR","367","NP_000035.2","P10275","1T5Z","X-ray","2.30","A","669-919"
"AR","367","NP_000035.2","P10275","1T63","X-ray","2.07","A","669-919"
"AR","367","NP_000035.2","P10275","1T65","X-ray","1.66","A","669-919"
"AR","367","NP_000035.2","P10275","1XJ7","X-ray","2.70","A","663-919"
"AR","367","NP_000035.2","P10275","1XOW","X-ray","1.80","A","671-919"
"AR","367","NP_000035.2","P10275","-","-","0.00","B","20-30"
"AR","367","NP_000035.2","P10275","1XQ3","X-ray","2.25","A","671-919"
"AR","367","NP_000035.2","P10275","1Z95","X-ray","1.80","A","672-916"
"AR","367","NP_000035.2","P10275","2AM9","X-ray","1.64","A","654-919"
"AR","367","NP_000035.2","P10275","2AMA","X-ray","1.90","A","654-919"
"AR","367","NP_000035.2","P10275","2AMB","X-ray","1.75","A","654-919"
"AR","367","NP_000035.2","P10275","2AO6","X-ray","1.89","A","671-919"
"AR","367","NP_000035.2","P10275","2AX6","X-ray","1.50","A","664-919"
"AR","367","NP_000035.2","P10275","2AX7","X-ray","1.90","A","664-919"
"AR","367","NP_000035.2","P10275","2AX8","X-ray","1.70","A","664-919"
"AR","367","NP_000035.2","P10275","2AX9","X-ray","1.65","A","664-919"
"AR","367","NP_000035.2","P10275","2AXA","X-ray","1.80","A","664-919"
"AR","367","NP_000035.2","P10275","2HVC","X-ray","2.10","A","669-918"
"AR","367","NP_000035.2","P10275","2OZ7","X-ray","1.80","A","671-919"
"AR","367","NP_000035.2","P10275","2PIO","X-ray","2.03","A","669-919"
"AR","367","NP_000035.2","P10275","2PIP","X-ray","1.80","L","669-919"
"AR","367","NP_000035.2","P10275","2PIQ","X-ray","2.40","A","669-919"
"AR","367","NP_000035.2","P10275","2PIR","X-ray","2.10","A","669-919"
"AR","367","NP_000035.2","P10275","2PIT","X-ray","1.76","A","669-919"
"AR","367","NP_000035.2","P10275","2PIU","X-ray","2.12","A","669-919"
"AR","367","NP_000035.2","P10275","2PIV","X-ray","1.95","A","669-919"
"AR","367","NP_000035.2","P10275","2PIW","X-ray","2.58","A","669-919"
"AR","367","NP_000035.2","P10275","2PIX","X-ray","2.40","A","669-919"
"AR","367","NP_000035.2","P10275","2PKL","X-ray","2.49","A","669-919"
"AR","367","NP_000035.2","P10275","2PNU","X-ray","1.65","A","654-919"
"AR","367","NP_000035.2","P10275","2Q7I","X-ray","1.87","A","663-919"
"AR","367","NP_000035.2","P10275","-","-","0.00","B","20-30"
"AR","367","NP_000035.2","P10275","2Q7J","X-ray","1.90","A","663-919"
"AR","367","NP_000035.2","P10275","2Q7K","X-ray","1.80","A","663-919"
"AR","367","NP_000035.2","P10275","-","-","0.00","B","20-30"
"AR","367","NP_000035.2","P10275","2Q7L","X-ray","1.92","A","663-919"
"AR","367","NP_000035.2","P10275","2Z4J","X-ray","2.60","A","671-918"
"AR","367","NP_000035.2","P10275","3B5R","X-ray","1.80","A","671-919"
"AR","367","NP_000035.2","P10275","3B65","X-ray","1.80","A","671-919"
"AR","367","NP_000035.2","P10275","3B66","X-ray","1.65","A","671-919"
"AR","367","NP_000035.2","P10275","3B67","X-ray","1.90","A","671-919"
"AR","367","NP_000035.2","P10275","3B68","X-ray","1.90","A","671-919"
"AR","367","NP_000035.2","P10275","3BTR","X-ray","2.60","B","621-635"
"AR","367","NP_000035.2","P10275","3L3X","X-ray","1.55","A","670-918"
"AR","367","NP_000035.2","P10275","3L3Z","X-ray","2.00","A","670-918"
"AR","367","NP_001011645.1","P10275","1E3G","X-ray","2.40","A","657-919"
"AR","367","NP_001011645.1","P10275","1GS4","X-ray","1.95","A","670-917"
"AR","367","NP_001011645.1","P10275","1T5Z","X-ray","2.30","A","669-919"
"AR","367","NP_001011645.1","P10275","1T63","X-ray","2.07","A","669-919"
"AR","367","NP_001011645.1","P10275","1T65","X-ray","1.66","A","669-919"
"AR","367","NP_001011645.1","P10275","1XJ7","X-ray","2.70","A","663-919"
"AR","367","NP_001011645.1","P10275","1XOW","X-ray","1.80","A","671-919"
"AR","367","NP_001011645.1","P10275","-","-","0.00","B","20-30"
"AR","367","NP_001011645.1","P10275","1XQ3","X-ray","2.25","A","671-919"
"AR","367","NP_001011645.1","P10275","1Z95","X-ray","1.80","A","672-916"
"AR","367","NP_001011645.1","P10275","2AM9","X-ray","1.64","A","654-919"
"AR","367","NP_001011645.1","P10275","2AMA","X-ray","1.90","A","654-919"
"AR","367","NP_001011645.1","P10275","2AMB","X-ray","1.75","A","654-919"
"AR","367","NP_001011645.1","P10275","2AO6","X-ray","1.89","A","671-919"
"AR","367","NP_001011645.1","P10275","2AX6","X-ray","1.50","A","664-919"
"AR","367","NP_001011645.1","P10275","2AX7","X-ray","1.90","A","664-919"
"AR","367","NP_001011645.1","P10275","2AX8","X-ray","1.70","A","664-919"
"AR","367","NP_001011645.1","P10275","2AX9","X-ray","1.65","A","664-919"
"AR","367","NP_001011645.1","P10275","2AXA","X-ray","1.80","A","664-919"
"AR","367","NP_001011645.1","P10275","2HVC","X-ray","2.10","A","669-918"
"AR","367","NP_001011645.1","P10275","2OZ7","X-ray","1.80","A","671-919"
"AR","367","NP_001011645.1","P10275","2PIO","X-ray","2.03","A","669-919"
"AR","367","NP_001011645.1","P10275","2PIP","X-ray","1.80","L","669-919"
"AR","367","NP_001011645.1","P10275","2PIQ","X-ray","2.40","A","669-919"
"AR","367","NP_001011645.1","P10275","2PIR","X-ray","2.10","A","669-919"
"AR","367","NP_001011645.1","P10275","2PIT","X-ray","1.76","A","669-919"
"AR","367","NP_001011645.1","P10275","2PIU","X-ray","2.12","A","669-919"
"AR","367","NP_001011645.1","P10275","2PIV","X-ray","1.95","A","669-919"
"AR","367","NP_001011645.1","P10275","2PIW","X-ray","2.58","A","669-919"
"AR","367","NP_001011645.1","P10275","2PIX","X-ray","2.40","A","669-919"
"AR","367","NP_001011645.1","P10275","2PKL","X-ray","2.49","A","669-919"
"AR","367","NP_001011645.1","P10275","2PNU","X-ray","1.65","A","654-919"
"AR","367","NP_001011645.1","P10275","2Q7I","X-ray","1.87","A","663-919"
"AR","367","NP_001011645.1","P10275","2Q7I","X-ray","1.87","B","20-30"
"AR","367","NP_001011645.1","P10275","2Q7J","X-ray","1.90","A","663-919"
"AR","367","NP_001011645.1","P10275","2Q7K","X-ray","1.80","A","663-919"
"AR","367","NP_001011645.1","P10275","2Q7K","X-ray","1.80","B","20-30"
"AR","367","NP_001011645.1","P10275","2Q7L","X-ray","1.92","A","663-919"
"AR","367","NP_001011645.1","P10275","2Z4J","X-ray","2.60","A","671-918"
"AR","367","NP_001011645.1","P10275","3B5R","X-ray","1.80","A","671-919"
"AR","367","NP_001011645.1","P10275","3B65","X-ray","1.80","A","671-919"
"AR","367","NP_001011645.1","P10275","3B66","X-ray","1.65","A","671-919"
"AR","367","NP_001011645.1","P10275","3B67","X-ray","1.90","A","671-919"
"AR","367","NP_001011645.1","P10275","3B68","X-ray","1.90","A","671-919"
"AR","367","NP_001011645.1","P10275","3BTR","X-ray","2.60","B","621-635"
"AR","367","NP_001011645.1","P10275","3L3X","X-ray","1.55","A","670-918"
"AR","367","NP_001011645.1","P10275","3L3Z","X-ray","2.00","A","670-918"
"AREG","374","NP_001648.1","P15514","2RNL","NMR","0.00","A","142-184"
"ARL4A","10124","NP_001032241.1","P40617","-","-","0.00","-","-"
"ARL4A","10124","NP_001182325.1","P40617","-","-","0.00","-","-"
"ARL4A","10124","NP_005729.1","P40617","-","-","0.00","-","-"
"ARL4A","10124","NP_997625.1","P40617","-","-","0.00","-","-"
"ASRGL1","80150","NP_001077395.1","Q7L266","-","-","0.00","-","-"
"ASRGL1","80150","NP_079356.3","Q7L266","-","-","0.00","-","-"
"ATAD2","29028","NP_054828.2","Q6PL18","3DAI","X-ray","1.95","A","981-1108"
"ATP2C2","9914","NP_055676.2","O75185","-","-","0.00","-","-"
"ATP8A2","51761","NP_057613.4","Q9NTI2","-","-","0.00","-","-"
"ATP8B2","57198","NP_001005855.1","P98198","-","-","0.00","-","-"
"ATP8B2","57198","NP_065185.1","P98198","-","-","0.00","-","-"
"ATP9B","374868","NP_940933.3","O43861","-","-","0.00","-","-"
"ATR","545","NP_002297.2","P17931","1A3K","X-ray","2.10","A","114-250"
"ATR","545","NP_002297.2","P17931","1KJL","X-ray","1.40","A","105-249"
"ATR","545","NP_002297.2","P17931","1KJR","X-ray","1.55","A","105-249"
"ATR","545","NP_002297.2","P17931","2NMN","X-ray","2.45","A","113-249"
"ATR","545","NP_002297.2","P17931","2NMO","X-ray","1.35","A","113-249"
"ATR","545","NP_002297.2","P17931","2NN8","X-ray","1.35","A","113-249"
"ATR","545","NP_002297.2","P17931","2XG3","X-ray","1.20","A","114-250"
"B3GAT3","26229","NP_036332.2","O94766","1FGG","X-ray","2.30","A/B","76-335"
"B3GAT3","26229","NP_036332.2","O94766","1KWS","X-ray","2.10","A/B","76-335"
"B3GAT3","26229","NP_036332.2","O94766","3CU0","X-ray","1.90","A/B","76-335"
"BAMBI","25805","NP_036474.1","Q13145","-","-","0.00","-","-"
"BCAM","4059","NP_001013275.1","P50895","2PET","X-ray","1.70","A","32-262"
"BCAM","4059","NP_001013275.1","P50895","2PF6","X-ray","2.20","A/B","32-262"
"BCAM","4059","NP_005572.2","P50895","2PET","X-ray","1.70","A","32-262"
"BCAM","4059","NP_005572.2","P50895","2PF6","X-ray","2.20","A/B","32-262"
"BCL2L1","598","NP_001182.1","Q07817","1BXL","NMR","0.00","A","1-209"
"BCL2L1","598","NP_001182.1","Q07817","1G5J","NMR","0.00","A","1-209"
"BCL2L1","598","NP_001182.1","Q07817","1LXL","NMR","0.00","A","1-209"
"BCL2L1","598","NP_001182.1","Q07817","1MAZ","X-ray","2.20","A","1-209"
"BCL2L1","598","NP_001182.1","Q07817","1R2D","X-ray","1.95","A","1-211"
"BCL2L1","598","NP_001182.1","Q07817","1R2E","X-ray","2.10","A","1-211"
"BCL2L1","598","NP_001182.1","Q07817","1R2G","X-ray","2.70","A","1-211"
"BCL2L1","598","NP_001182.1","Q07817","1R2H","X-ray","2.20","A","1-211"
"BCL2L1","598","NP_001182.1","Q07817","1R2I","X-ray","2.00","A","1-211"
"BCL2L1","598","NP_001182.1","Q07817","1YSG","NMR","0.00","A","1-209"
"BCL2L1","598","NP_001182.1","Q07817","1YSI","NMR","0.00","A","1-209"
"BCL2L1","598","NP_001182.1","Q07817","1YSN","NMR","0.00","A","1-209"
"BCL2L1","598","NP_001182.1","Q07817","2B48","X-ray","3.45","A","1-211"
"BCL2L1","598","NP_001182.1","Q07817","2O1Y","NMR","0.00","A","1-209"
"BCL2L1","598","NP_001182.1","Q07817","2O2M","NMR","0.00","A","2-196"
"BCL2L1","598","NP_001182.1","Q07817","2O2N","NMR","0.00","A","2-196"
"BCL2L1","598","NP_001182.1","Q07817","2P1L","X-ray","2.50","A/C/E/G","1-209"
"BCL2L1","598","NP_001182.1","Q07817","2PON","NMR","0.00","B","1-196"
"BCL2L1","598","NP_001182.1","Q07817","2YXJ","X-ray","2.20","A/B","1-209"
"BCL2L1","598","NP_001182.1","Q07817","3CVA","X-ray","2.70","X","1-211"
"BCL2L1","598","NP_001182.1","Q07817","3FDL","X-ray","1.78","A","1-209"
"BCL2L1","598","NP_001182.1","Q07817","3FDM","X-ray","2.26","A/B/C","1-209"
"BCL2L1","598","NP_001182.1","Q07817","3INQ","X-ray","2.00","A/B","1-209"
"BCL2L1","598","NP_001182.1","Q07817","3IO8","X-ray","2.30","A/C","1-209"
"BCL2L1","598","NP_001182.1","Q07817","3PL7","X-ray","2.61","A/B","1-209"
"BCL2L1","598","NP_612815.1","Q07817","1BXL","NMR","0.00","A","1-209"
"BCL2L1","598","NP_612815.1","Q07817","1G5J","NMR","0.00","A","1-209"
"BCL2L1","598","NP_612815.1","Q07817","1LXL","NMR","0.00","A","1-209"
"BCL2L1","598","NP_612815.1","Q07817","1MAZ","X-ray","2.20","A","1-209"
"BCL2L1","598","NP_612815.1","Q07817","1R2D","X-ray","1.95","A","1-211"
"BCL2L1","598","NP_612815.1","Q07817","1R2E","X-ray","2.10","A","1-211"
"BCL2L1","598","NP_612815.1","Q07817","1R2G","X-ray","2.70","A","1-211"
"BCL2L1","598","NP_612815.1","Q07817","1R2H","X-ray","2.20","A","1-211"
"BCL2L1","598","NP_612815.1","Q07817","1R2I","X-ray","2.00","A","1-211"
"BCL2L1","598","NP_612815.1","Q07817","1YSG","NMR","0.00","A","1-209"
"BCL2L1","598","NP_612815.1","Q07817","1YSI","NMR","0.00","A","1-209"
"BCL2L1","598","NP_612815.1","Q07817","1YSN","NMR","0.00","A","1-209"
"BCL2L1","598","NP_612815.1","Q07817","2B48","X-ray","3.45","A","1-211"
"BCL2L1","598","NP_612815.1","Q07817","2O1Y","NMR","0.00","A","1-209"
"BCL2L1","598","NP_612815.1","Q07817","2O2M","NMR","0.00","A","2-196"
"BCL2L1","598","NP_612815.1","Q07817","2O2N","NMR","0.00","A","2-196"
"BCL2L1","598","NP_612815.1","Q07817","2P1L","X-ray","2.50","A/C/E/G","1-209"
"BCL2L1","598","NP_612815.1","Q07817","2PON","NMR","0.00","B","1-196"
"BCL2L1","598","NP_612815.1","Q07817","2YXJ","X-ray","2.20","A/B","1-209"
"BCL2L1","598","NP_612815.1","Q07817","3CVA","X-ray","2.70","X","1-211"
"BCL2L1","598","NP_612815.1","Q07817","3FDL","X-ray","1.78","A","1-209"
"BCL2L1","598","NP_612815.1","Q07817","3FDM","X-ray","2.26","A/B/C","1-209"
"BCL2L1","598","NP_612815.1","Q07817","3INQ","X-ray","2.00","A/B","1-209"
"BCL2L1","598","NP_612815.1","Q07817","3IO8","X-ray","2.30","A/C","1-209"
"BCL2L1","598","NP_612815.1","Q07817","3PL7","X-ray","2.61","A/B","1-209"
"BEX5","340542","NP_001012996.1","Q5H9J7","-","-","0.00","-","-"
"BEX5","340542","NP_001153032.1","Q5H9J7","-","-","0.00","-","-"
"BIRC5 ","332","NP_001012270.1","O15392","1E31","X-ray","2.71","A/B","1-142"
"BIRC5 ","332","NP_001012270.1","O15392","1F3H","X-ray","2.58","A/B","1-142"
"BIRC5 ","332","NP_001012270.1","O15392","1XOX","NMR","0.00","A/B","1-117"
"BIRC5 ","332","NP_001012270.1","O15392","2QFA","X-ray","1.40","A","1-142"
"BIRC5 ","332","NP_001012270.1","O15392","2RAW","X-ray","2.40","A","1-142"
"BIRC5 ","332","NP_001012270.1","O15392","2RAX","X-ray","3.30","A/E/X","1-120"
"BIRC5 ","332","NP_001012271.1","O15392","1E31","X-ray","2.71","A/B","1-142"
"BIRC5 ","332","NP_001012271.1","O15392","1F3H","X-ray","2.58","A/B","1-142"
"BIRC5 ","332","NP_001012271.1","O15392","1XOX","NMR","0.00","A/B","1-117"
"BIRC5 ","332","NP_001012271.1","O15392","2QFA","X-ray","1.40","A","1-142"
"BIRC5 ","332","NP_001012271.1","O15392","2RAW","X-ray","2.40","A","1-142"
"BIRC5 ","332","NP_001012271.1","O15392","2RAX","X-ray","3.30","A/E/X","1-120"
"BIRC5 ","332","NP_001159.2","O15392","1E31","X-ray","2.71","A/B","1-142"
"BIRC5 ","332","NP_001159.2","O15392","1F3H","X-ray","2.58","A/B","1-142"
"BIRC5 ","332","NP_001159.2","O15392","1XOX","NMR","0.00","A/B","1-117"
"BIRC5 ","332","NP_001159.2","O15392","2QFA","X-ray","1.40","A","1-142"
"BIRC5 ","332","NP_001159.2","O15392","2RAW","X-ray","2.40","A","1-142"
"BIRC5 ","332","NP_001159.2","O15392","2RAX","X-ray","3.30","A/E/X","1-120"
"BRAF","673","NP_004324.2","P15056","1UWH","X-ray","2.95","A/B","448-723"
"BRAF","673","NP_004324.2","P15056","1UWJ","X-ray","3.50","A/B","448-723"
"BRAF","673","NP_004324.2","P15056","2FB8","X-ray","2.90","A/B","445-723"
"BRAF","673","NP_004324.2","P15056","2L05","NMR","0.00","A","149-232"
"BRAF","673","NP_004324.2","P15056","3C4C","X-ray","2.57","A/B","444-719"
"BRAF","673","NP_004324.2","P15056","3C4D","X-ray","2.65","A/B","444-719"
"BRAF","673","NP_004324.2","P15056","3D4Q","X-ray","2.80","A/B","433-726"
"BRAF","673","NP_004324.2","P15056","3IDP","X-ray","2.70","A/B","434-727"
"BRAF","673","NP_004324.2","P15056","3II5","X-ray","2.79","A/B","432-726"
"BRAF","673","NP_004324.2","P15056","3NY5","X-ray","1.99","A/B/C/D","153-237"
"BRAF","673","NP_004324.2","P15056","3PPJ","X-ray","3.70","A/B","432-726"
"BRAF","673","NP_004324.2","P15056","3PPK","X-ray","3.00","A/B","432-726"
"BRAF","673","NP_004324.2","P15056","3PRF","X-ray","2.90","A/B","432-726"
"BRAF","673","NP_004324.2","P15056","3PRI","X-ray","3.50","A/B","432-726"
"BRAF","673","NP_004324.2","P15056","3PSB","X-ray","3.40","A/B","433-726"
"BST2","684","NP_004326.1","Q10589","2X7A","X-ray","2.77","A/B/C/D/E/F/G/H/I/J/","87-147"
"BST2","684","NP_004326.1","Q10589","2XG7","X-ray","3.45","A/C","51-151"
"BST2","684","NP_004326.1","Q10589","3MQ7","X-ray","2.28","A/B/C/D/E/F/G/H/I/J/","47-161"
"BST2","684","NP_004326.1","Q10589","3MQ9","X-ray","2.80","A/B/C/D/E/F/G/H","66-139"
"BST2","684","NP_004326.1","Q10589","3MQB","X-ray","3.20","A/B/E/F","47-161"
"BST2","684","NP_004326.1","Q10589","3MQC","X-ray","2.80","A/B/C/D","47-161"
"BST2","684","NP_004326.1","Q10589","3NWH","X-ray","2.60","A/B/C/D","47-152"
"BTN2A1","11120","NP_001184162.1","Q7KYR7","-","-","0.00","-","-"
"BTN2A1","11120","NP_001184163.1","-","-","-","0.00","-","-"
"BTN2A1","11120","NP_008980.1","Q7KYR7","-","-","0.00","-","-"
"BTN2A1","11120","NP_510961.1","Q96AV7","-","-","0.00","-","-"
"C19ORF33","64073","NP_277055.1","Q9GZP8","-","-","0.00","-","-"
"C1QTNF3","114899","NP_112207.1","Q9BXJ4","-","-","0.00","-","-"
"C1QTNF3","114899","NP_852100.3","-","-","-","0.00","-","-"
"C20orf32","25927","NP_001104571.1","Q96F85","-","-","0.00","-","-"
"C20orf32","25927","NP_056278.1","Q96F85","-","-","0.00","-","-"
"C8A","731","NP_000553.1","P07357","2QOS","X-ray","1.81","A","188-198"
"C8A","731","NP_000553.1","P07357","2QQH","X-ray","2.50","A","133-492"
"C8A","731","NP_000553.1","P07357","2RD7","X-ray","2.15","A","133-492"
"CAPG","822","NP_001738.2","P40121","1J72","X-ray","2.50","A","1-348"
"CAPG","822","NP_001738.2","P40121","1JHW","X-ray","2.80","A","1-348"
"CAPZA1","829","NP_006126.1","P52907","1MQ1","NMR","0.00","C/D","265-276"
"CAPZA1","829","NP_006126.1","P52907","1MWN","NMR","0.00","X/Y","265-276"
"CASC2","255082","-","-","-","-","0.00","-","-"
"CASP3","836","NP_004337.2","P42574","1CP3","X-ray","2.30","A/B","1-277"
"CASP3","836","NP_116786.1","P42574","1GFW","X-ray","2.80","A","29-175"
"CASP3","836","NP_116786.1","P42574","1GFW","X-ray","2.80","B","181-277"
"CASP3","836","NP_116786.1","P42574","1I3O","X-ray","2.70","A/C","1-175"
"CASP3","836","NP_116786.1","P42574","1I3O","X-ray","2.70","B/D","176-277"
"CASP3","836","NP_116786.1","P42574","1NME","X-ray","1.60","A","29-174"
"CASP3","836","NP_116786.1","P42574","1NME","X-ray","1.60","B","186-277"
"CASP3","836","NP_116786.1","P42574","1NMQ","X-ray","2.40","A/B","29-277"
"CASP3","836","NP_116786.1","P42574","1NMS","X-ray","1.70","A/B","29-277"
"CASP3","836","NP_116786.1","P42574","1PAU","X-ray","2.50","A","29-175"
"CASP3","836","NP_116786.1","P42574","1PAU","X-ray","2.50","B","176-277"
"CASP3","836","NP_116786.1","P42574","1QX3","X-ray","1.90","A","29-277"
"CASP3","836","NP_116786.1","P42574","1RE1","X-ray","2.50","A","29-175"
"CASP3","836","NP_116786.1","P42574","1RE1","X-ray","2.50","B","176-277"
"CASP3","836","NP_116786.1","P42574","1RHJ","X-ray","2.20","A/C","29-175"
"CASP3","836","NP_116786.1","P42574","1RHJ","X-ray","2.20","B/D","176-277"
"CASP3","836","NP_116786.1","P42574","1RHK","X-ray","2.50","A","29-175"
"CASP3","836","NP_116786.1","P42574","1RHK","X-ray","2.50","B","176-277"
"CASP3","836","NP_116786.1","P42574","1RHM","X-ray","2.50","A/C","29-175"
"CASP3","836","NP_116786.1","P42574","1RHM","X-ray","2.50","B/D","176-277"
"CASP3","836","NP_116786.1","P42574","1RHQ","X-ray","3.00","A/D","29-175"
"CASP3","836","NP_116786.1","P42574","1RHQ","X-ray","3.00","B/E","176-277"
"CASP3","836","NP_116786.1","P42574","1RHR","X-ray","3.00","A","29-175"
"CASP3","836","NP_116786.1","P42574","1RHR","X-ray","3.00","B","176-277"
"CASP3","836","NP_116786.1","P42574","1RHU","X-ray","2.51","A","29-175"
"CASP3","836","NP_116786.1","P42574","1RHU","X-ray","2.51","B","176-277"
"CASP3","836","NP_116786.1","P42574","2C1E","X-ray","1.77","A","29-175"
"CASP3","836","NP_116786.1","P42574","2C1E","X-ray","1.77","B","176-277"
"CASP3","836","NP_116786.1","P42574","2C2K","X-ray","1.87","A","29-175"
"CASP3","836","NP_116786.1","P42574","2C2K","X-ray","1.87","B","176-277"
"CASP3","836","NP_116786.1","P42574","2C2M","X-ray","1.94","A","29-175"
"CASP3","836","NP_116786.1","P42574","2C2M","X-ray","1.94","B","176-277"
"CASP3","836","NP_116786.1","P42574","2C2O","X-ray","2.45","A","29-175"
"CASP3","836","NP_116786.1","P42574","2C2O","X-ray","2.45","B","176-277"
"CASP3","836","NP_116786.1","P42574","2CDR","X-ray","1.70","A","29-175"
"CASP3","836","NP_116786.1","P42574","2CDR","X-ray","1.70","B","176-277"
"CASP3","836","NP_116786.1","P42574","2CJX","X-ray","1.70","A","29-175"
"CASP3","836","NP_116786.1","P42574","2CJX","X-ray","1.70","B","176-277"
"CASP3","836","NP_116786.1","P42574","2CJY","X-ray","1.67","A","29-175"
"CASP3","836","NP_116786.1","P42574","2CJY","X-ray","1.67","B","176-277"
"CASP3","836","NP_116786.1","P42574","2CNK","X-ray","1.75","A","29-175"
"CASP3","836","NP_116786.1","P42574","2CNK","X-ray","1.75","B","176-277"
"CASP3","836","NP_116786.1","P42574","2CNL","X-ray","1.67","A","29-175"
"CASP3","836","NP_116786.1","P42574","2CNL","X-ray","1.67","B","176-277"
"CASP3","836","NP_116786.1","P42574","2CNN","X-ray","1.70","A","29-175"
"CASP3","836","NP_116786.1","P42574","2CNN","X-ray","1.70","B","176-277"
"CASP3","836","NP_116786.1","P42574","2CNO","X-ray","1.95","A","29-175"
"CASP3","836","NP_116786.1","P42574","2CNO","X-ray","1.95","B","176-277"
"CASP3","836","NP_116786.1","P42574","2DKO","X-ray","1.06","A","29-174"
"CASP3","836","NP_116786.1","P42574","2DKO","X-ray","1.06","B","176-277"
"CASP3","836","NP_116786.1","P42574","2H5I","X-ray","1.69","A","29-174"
"CASP3","836","NP_116786.1","P42574","2H5I","X-ray","1.69","B","184-277"
"CASP3","836","NP_116786.1","P42574","2H5J","X-ray","2.00","A/C","29-174"
"CASP3","836","NP_116786.1","P42574","2H5J","X-ray","2.00","B/D","184-277"
"CASP3","836","NP_116786.1","P42574","2H65","X-ray","2.30","A/C","29-174"
"CASP3","836","NP_116786.1","P42574","2H65","X-ray","2.30","B/D","184-277"
"CASP3","836","NP_116786.1","P42574","2J30","X-ray","1.40","A","29-277"
"CASP3","836","NP_116786.1","P42574","2J31","X-ray","1.50","A","29-277"
"CASP3","836","NP_116786.1","P42574","2J32","X-ray","1.30","A","29-277"
"CASP3","836","NP_116786.1","P42574","2J33","X-ray","2.00","A","29-277"
"CASP3","836","NP_116786.1","P42574","3DEH","X-ray","2.50","A/B/C/D","29-277"
"CASP3","836","NP_116786.1","P42574","3DEI","X-ray","2.80","A/B/C/D","29-277"
"CASP3","836","NP_116786.1","P42574","3DEJ","X-ray","2.60","A/B/C/D","29-277"
"CASP3","836","NP_116786.1","P42574","3DEK","X-ray","2.40","A/B/C/D","29-277"
"CASP3","836","NP_116786.1","P42574","3EDQ","X-ray","1.61","A/C","29-175"
"CASP3","836","NP_116786.1","P42574","3EDQ","X-ray","1.61","B","176-277"
"CASP3","836","NP_116786.1","P42574","3EDQ","X-ray","1.61","D","180-277"
"CASP3","836","NP_116786.1","P42574","3GJQ","X-ray","2.60","A/C","29-175"
"CASP3","836","NP_116786.1","P42574","3GJQ","X-ray","2.60","B/D","176-277"
"CASP3","836","NP_116786.1","P42574","3GJR","X-ray","2.20","A/C","29-175"
"CASP3","836","NP_116786.1","P42574","3GJR","X-ray","2.20","B/D","176-277"
"CASP3","836","NP_116786.1","P42574","3GJS","X-ray","1.90","A/C","29-175"
"CASP3","836","NP_116786.1","P42574","3GJS","X-ray","1.90","B/D","176-277"
"CASP3","836","NP_116786.1","P42574","3GJT","X-ray","2.20","A/C","29-175"
"CASP3","836","NP_116786.1","P42574","3GJT","X-ray","2.20","B/D","176-277"
"CASP3","836","NP_116786.1","P42574","3H0E","X-ray","2.00","A/B","29-277"
"CASP3","836","NP_116786.1","P42574","3ITN","X-ray","1.63","A","29-277"
"CASP3","836","NP_116786.1","P42574","3KJF","X-ray","2.00","A","29-175"
"CASP3","836","NP_116786.1","P42574","3KJF","X-ray","2.00","B","176-277"
"CASP3","836","NP_116786.1","P42574","3PD0","X-ray","2.00","A","29-277"
"CASP3","836","NP_116786.1","P42574","1GFW","X-ray","2.80","A","29-175"
"CASP3","836","NP_116786.1","P42574","1GFW","X-ray","2.80","B","181-277"
"CASP3","836","NP_116786.1","P42574","1I3O","X-ray","2.70","A/C","1-175"
"CASP3","836","NP_116786.1","P42574","1I3O","X-ray","2.70","B/D","176-277"
"CASP3","836","NP_116786.1","P42574","1NME","X-ray","1.60","A","29-174"
"CASP3","836","NP_116786.1","P42574","1NME","X-ray","1.60","B","186-277"
"CASP3","836","NP_116786.1","P42574","1NMQ","X-ray","2.40","A/B","29-277"
"CASP3","836","NP_116786.1","P42574","1NMS","X-ray","1.70","A/B","29-277"
"CASP3","836","NP_116786.1","P42574","1PAU","X-ray","2.50","A","29-175"
"CASP3","836","NP_116786.1","P42574","1PAU","X-ray","2.50","B","176-277"
"CASP3","836","NP_116786.1","P42574","1QX3","X-ray","1.90","A","29-277"
"CASP3","836","NP_116786.1","P42574","1RE1","X-ray","2.50","A","29-175"
"CASP3","836","NP_116786.1","P42574","1RE1","X-ray","2.50","B","176-277"
"CASP3","836","NP_116786.1","P42574","1RHJ","X-ray","2.20","A/C","29-175"
"CASP3","836","NP_116786.1","P42574","1RHJ","X-ray","2.20","B/D","176-277"
"CASP3","836","NP_116786.1","P42574","1RHK","X-ray","2.50","A","29-175"
"CASP3","836","NP_116786.1","P42574","1RHK","X-ray","2.50","B","176-277"
"CASP3","836","NP_116786.1","P42574","1RHM","X-ray","2.50","A/C","29-175"
"CASP3","836","NP_116786.1","P42574","1RHM","X-ray","2.50","B/D","176-277"
"CASP3","836","NP_116786.1","P42574","1RHQ","X-ray","3.00","A/D","29-175"
"CASP3","836","NP_116786.1","P42574","1RHQ","X-ray","3.00","B/E","176-277"
"CASP3","836","NP_116786.1","P42574","1RHR","X-ray","3.00","A","29-175"
"CASP3","836","NP_116786.1","P42574","1RHR","X-ray","3.00","B","176-277"
"CASP3","836","NP_116786.1","P42574","1RHU","X-ray","2.51","A","29-175"
"CASP3","836","NP_116786.1","P42574","1RHU","X-ray","2.51","B","176-277"
"CASP3","836","NP_116786.1","P42574","2C1E","X-ray","1.77","A","29-175"
"CASP3","836","NP_116786.1","P42574","2C1E","X-ray","1.77","B","176-277"
"CASP3","836","NP_116786.1","P42574","2C2K","X-ray","1.87","A","29-175"
"CASP3","836","NP_116786.1","P42574","2C2K","X-ray","1.87","B","176-277"
"CASP3","836","NP_116786.1","P42574","2C2M","X-ray","1.94","A","29-175"
"CASP3","836","NP_116786.1","P42574","2C2M","X-ray","1.94","B","176-277"
"CASP3","836","NP_116786.1","P42574","2C2O","X-ray","2.45","A","29-175"
"CASP3","836","NP_116786.1","P42574","2C2O","X-ray","2.45","B","176-277"
"CASP3","836","NP_116786.1","P42574","2CDR","X-ray","1.70","A","29-175"
"CASP3","836","NP_116786.1","P42574","2CDR","X-ray","1.70","B","176-277"
"CASP3","836","NP_116786.1","P42574","2CJX","X-ray","1.70","A","29-175"
"CASP3","836","NP_116786.1","P42574","2CJX","X-ray","1.70","B","176-277"
"CASP3","836","NP_116786.1","P42574","2CJY","X-ray","1.67","A","29-175"
"CASP3","836","NP_116786.1","P42574","2CJY","X-ray","1.67","B","176-277"
"CASP3","836","NP_116786.1","P42574","2CNK","X-ray","1.75","A","29-175"
"CASP3","836","NP_116786.1","P42574","2CNK","X-ray","1.75","B","176-277"
"CASP3","836","NP_116786.1","P42574","2CNL","X-ray","1.67","A","29-175"
"CASP3","836","NP_116786.1","P42574","2CNL","X-ray","1.67","B","176-277"
"CASP3","836","NP_116786.1","P42574","2CNN","X-ray","1.70","A","29-175"
"CASP3","836","NP_116786.1","P42574","2CNN","X-ray","1.70","B","176-277"
"CASP3","836","NP_116786.1","P42574","2CNO","X-ray","1.95","A","29-175"
"CASP3","836","NP_116786.1","P42574","2CNO","X-ray","1.95","B","176-277"
"CASP3","836","NP_116786.1","P42574","2DKO","X-ray","1.06","A","29-174"
"CASP3","836","NP_116786.1","P42574","2DKO","X-ray","1.06","B","176-277"
"CASP3","836","NP_116786.1","P42574","2H5I","X-ray","1.69","A","29-174"
"CASP3","836","NP_116786.1","P42574","2H5I","X-ray","1.69","B","184-277"
"CASP3","836","NP_116786.1","P42574","2H5J","X-ray","2.00","A/C","29-174"
"CASP3","836","NP_116786.1","P42574","2H5J","X-ray","2.00","B/D","184-277"
"CASP3","836","NP_116786.1","P42574","2H65","X-ray","2.30","A/C","29-174"
"CASP3","836","NP_116786.1","P42574","2H65","X-ray","2.30","B/D","184-277"
"CASP3","836","NP_116786.1","P42574","2J30","X-ray","1.40","A","29-277"
"CASP3","836","NP_116786.1","P42574","2J31","X-ray","1.50","A","29-277"
"CASP3","836","NP_116786.1","P42574","2J32","X-ray","1.30","A","29-277"
"CASP3","836","NP_116786.1","P42574","2J33","X-ray","2.00","A","29-277"
"CASP3","836","NP_116786.1","P42574","3DEH","X-ray","2.50","A/B/C/D","29-277"
"CASP3","836","NP_116786.1","P42574","3DEI","X-ray","2.80","A/B/C/D","29-277"
"CASP3","836","NP_116786.1","P42574","3DEJ","X-ray","2.60","A/B/C/D","29-277"
"CASP3","836","NP_116786.1","P42574","3DEK","X-ray","2.40","A/B/C/D","29-277"
"CASP3","836","NP_116786.1","P42574","3EDQ","X-ray","1.61","A/C","29-175"
"CASP3","836","NP_116786.1","P42574","3EDQ","X-ray","1.61","B","176-277"
"CASP3","836","NP_116786.1","P42574","3EDQ","X-ray","1.61","D","180-277"
"CASP3","836","NP_116786.1","P42574","3GJQ","X-ray","2.60","A/C","29-175"
"CASP3","836","NP_116786.1","P42574","3GJQ","X-ray","2.60","B/D","176-277"
"CASP3","836","NP_116786.1","P42574","3GJR","X-ray","2.20","A/C","29-175"
"CASP3","836","NP_116786.1","P42574","3GJR","X-ray","2.20","B/D","176-277"
"CASP3","836","NP_116786.1","P42574","3GJS","X-ray","1.90","A/C","29-175"
"CASP3","836","NP_116786.1","P42574","3GJS","X-ray","1.90","B/D","176-277"
"CASP3","836","NP_116786.1","P42574","3GJT","X-ray","2.20","A/C","29-175"
"CASP3","836","NP_116786.1","P42574","3GJT","X-ray","2.20","B/D","176-277"
"CASP3","836","NP_116786.1","P42574","3H0E","X-ray","2.00","A/B","29-277"
"CASP3","836","NP_116786.1","P42574","3ITN","X-ray","1.63","A","29-277"
"CASP3","836","NP_116786.1","P42574","3KJF","X-ray","2.00","A","29-175"
"CASP3","836","NP_116786.1","P42574","3KJF","X-ray","2.00","B","176-277"
"CASP3","836","NP_116786.1","P42574","3PD0","X-ray","2.00","A","29-277"
"CASP7","840","NP_001218.1","P55210","1F1J","X-ray","2.35","A/B","2-303"
"CASP7","840","NP_001218.1","P55210","1GQF","X-ray","2.90","A/B","47-303"
"CASP7","840","NP_001218.1","P55210","1I4O","X-ray","2.40","A/B","24-303"
"CASP7","840","NP_001218.1","P55210","1I51","X-ray","2.45","A/C","51-198"
"CASP7","840","NP_001218.1","P55210","1I51","X-ray","2.45","B/D","199-303"
"CASP7","840","NP_001218.1","P55210","1K86","X-ray","2.60","A/B","51-303"
"CASP7","840","NP_001218.1","P55210","1K88","X-ray","2.70","A/B","51-303"
"CASP7","840","NP_001218.1","P55210","1KMC","X-ray","2.90","A/B","1-303"
"CASP7","840","NP_001218.1","P55210","1MIA","model","0.00","A","57-193"
"CASP7","840","NP_001218.1","P55210","1MIA","model","0.00","B","211-303"
"CASP7","840","NP_001218.1","P55210","1SHJ","X-ray","2.80","A/B","50-303"
"CASP7","840","NP_001218.1","P55210","1SHL","X-ray","3.00","A/B","57-303"
"CASP7","840","NP_001218.1","P55210","2QL5","X-ray","2.34","A/C","24-196"
"CASP7","840","NP_001218.1","P55210","2QL5","X-ray","2.34","B/D","207-303"
"CASP7","840","NP_001218.1","P55210","2QL7","X-ray","2.40","A/C","24-196"
"CASP7","840","NP_001218.1","P55210","2QL7","X-ray","2.40","B/D","207-303"
"CASP7","840","NP_001218.1","P55210","2QL9","X-ray","2.14","A/C","24-196"
"CASP7","840","NP_001218.1","P55210","2QL9","X-ray","2.14","B/D","207-303"
"CASP7","840","NP_001218.1","P55210","2QLB","X-ray","2.25","A/C","24-196"
"CASP7","840","NP_001218.1","P55210","2QLB","X-ray","2.25","B/D","207-303"
"CASP7","840","NP_001218.1","P55210","2QLF","X-ray","2.80","A/C","24-196"
"CASP7","840","NP_001218.1","P55210","2QLF","X-ray","2.80","B/D","207-303"
"CASP7","840","NP_001218.1","P55210","2QLJ","X-ray","2.60","A/C","24-196"
"CASP7","840","NP_001218.1","P55210","2QLJ","X-ray","2.60","B/D","207-303"
"CASP7","840","NP_001218.1","P55210","3EDR","X-ray","2.45","A/C","24-196"
"CASP7","840","NP_001218.1","P55210","3EDR","X-ray","2.45","B/D","207-303"
"CASP7","840","NP_001218.1","P55210","3H1P","X-ray","2.61","A/B","50-303"
"CASP7","840","NP_001218.1","P55210","3IBC","X-ray","2.75","A/C","24-196"
"CASP7","840","NP_001218.1","P55210","3IBC","X-ray","2.75","B/D","207-303"
"CASP7","840","NP_001218.1","P55210","3IBF","X-ray","2.50","A/C","24-196"
"CASP7","840","NP_001218.1","P55210","3IBF","X-ray","2.50","B/D","207-303"
"CASP7","840","NP_203124.1","P55210","1F1J","X-ray","2.35","A/B","2-303"
"CASP7","840","NP_203124.1","P55210","1GQF","X-ray","2.90","A/B","47-303"
"CASP7","840","NP_203124.1","P55210","1I4O","X-ray","2.40","A/B","24-303"
"CASP7","840","NP_203124.1","P55210","1I51","X-ray","2.45","A/C","51-198"
"CASP7","840","NP_203124.1","P55210","1I51","X-ray","2.45","B/D","199-303"
"CASP7","840","NP_203124.1","P55210","1K86","X-ray","2.60","A/B","51-303"
"CASP7","840","NP_203124.1","P55210","1K88","X-ray","2.70","A/B","51-303"
"CASP7","840","NP_203124.1","P55210","1KMC","X-ray","2.90","A/B","1-303"
"CASP7","840","NP_203124.1","P55210","1MIA","model","0.00","A","57-193"
"CASP7","840","NP_203124.1","P55210","1MIA","model","0.00","B","211-303"
"CASP7","840","NP_203124.1","P55210","1SHJ","X-ray","2.80","A/B","50-303"
"CASP7","840","NP_203124.1","P55210","1SHL","X-ray","3.00","A/B","57-303"
"CASP7","840","NP_203124.1","P55210","2QL5","X-ray","2.34","A/C","24-196"
"CASP7","840","NP_203124.1","P55210","2QL5","X-ray","2.34","B/D","207-303"
"CASP7","840","NP_203124.1","P55210","2QL7","X-ray","2.40","A/C","24-196"
"CASP7","840","NP_203124.1","P55210","2QL7","X-ray","2.40","B/D","207-303"
"CASP7","840","NP_203124.1","P55210","2QL9","X-ray","2.14","A/C","24-196"
"CASP7","840","NP_203124.1","P55210","2QL9","X-ray","2.14","B/D","207-303"
"CASP7","840","NP_203124.1","P55210","2QLB","X-ray","2.25","A/C","24-196"
"CASP7","840","NP_203124.1","P55210","2QLB","X-ray","2.25","B/D","207-303"
"CASP7","840","NP_203124.1","P55210","2QLF","X-ray","2.80","A/C","24-196"
"CASP7","840","NP_203124.1","P55210","2QLF","X-ray","2.80","B/D","207-303"
"CASP7","840","NP_203124.1","P55210","2QLJ","X-ray","2.60","A/C","24-196"
"CASP7","840","NP_203124.1","P55210","2QLJ","X-ray","2.60","B/D","207-303"
"CASP7","840","NP_203124.1","P55210","3EDR","X-ray","2.45","A/C","24-196"
"CASP7","840","NP_203124.1","P55210","3EDR","X-ray","2.45","B/D","207-303"
"CASP7","840","NP_203124.1","P55210","3H1P","X-ray","2.61","A/B","50-303"
"CASP7","840","NP_203124.1","P55210","3IBC","X-ray","2.75","A/C","24-196"
"CASP7","840","NP_203124.1","P55210","3IBC","X-ray","2.75","B/D","207-303"
"CASP7","840","NP_203124.1","P55210","3IBF","X-ray","2.50","A/C","24-196"
"CASP7","840","NP_203124.1","P55210","3IBF","X-ray","2.50","B/D","207-303"
"CASP7","840","NP_203125.1","P55210","1F1J","X-ray","2.35","A/B","2-303"
"CASP7","840","NP_203125.1","P55210","1GQF","X-ray","2.90","A/B","47-303"
"CASP7","840","NP_203125.1","P55210","1I4O","X-ray","2.40","A/B","24-303"
"CASP7","840","NP_203125.1","P55210","1I51","X-ray","2.45","A/C","51-198"
"CASP7","840","NP_203125.1","P55210","1I51","X-ray","2.45","B/D","199-303"
"CASP7","840","NP_203125.1","P55210","1K86","X-ray","2.60","A/B","51-303"
"CASP7","840","NP_203125.1","P55210","1K88","X-ray","2.70","A/B","51-303"
"CASP7","840","NP_203125.1","P55210","1KMC","X-ray","2.90","A/B","1-303"
"CASP7","840","NP_203125.1","P55210","1MIA","model","0.00","A","57-193"
"CASP7","840","NP_203125.1","P55210","1MIA","model","0.00","B","211-303"
"CASP7","840","NP_203125.1","P55210","1SHJ","X-ray","2.80","A/B","50-303"
"CASP7","840","NP_203125.1","P55210","1SHL","X-ray","3.00","A/B","57-303"
"CASP7","840","NP_203125.1","P55210","2QL5","X-ray","2.34","A/C","24-196"
"CASP7","840","NP_203125.1","P55210","2QL5","X-ray","2.34","B/D","207-303"
"CASP7","840","NP_203125.1","P55210","2QL7","X-ray","2.40","A/C","24-196"
"CASP7","840","NP_203125.1","P55210","2QL7","X-ray","2.40","B/D","207-303"
"CASP7","840","NP_203125.1","P55210","2QL9","X-ray","2.14","A/C","24-196"
"CASP7","840","NP_203125.1","P55210","2QL9","X-ray","2.14","B/D","207-303"
"CASP7","840","NP_203125.1","P55210","2QLB","X-ray","2.25","A/C","24-196"
"CASP7","840","NP_203125.1","P55210","2QLB","X-ray","2.25","B/D","207-303"
"CASP7","840","NP_203125.1","P55210","2QLF","X-ray","2.80","A/C","24-196"
"CASP7","840","NP_203125.1","P55210","2QLF","X-ray","2.80","B/D","207-303"
"CASP7","840","NP_203125.1","P55210","2QLJ","X-ray","2.60","A/C","24-196"
"CASP7","840","NP_203125.1","P55210","2QLJ","X-ray","2.60","B/D","207-303"
"CASP7","840","NP_203125.1","P55210","3EDR","X-ray","2.45","A/C","24-196"
"CASP7","840","NP_203125.1","P55210","3EDR","X-ray","2.45","B/D","207-303"
"CASP7","840","NP_203125.1","P55210","3H1P","X-ray","2.61","A/B","50-303"
"CASP7","840","NP_203125.1","P55210","3IBC","X-ray","2.75","A/C","24-196"
"CASP7","840","NP_203125.1","P55210","3IBC","X-ray","2.75","B/D","207-303"
"CASP7","840","NP_203125.1","P55210","3IBF","X-ray","2.50","A/C","24-196"
"CASP7","840","NP_203125.1","P55210","3IBF","X-ray","2.50","B/D","207-303"
"CASP7","840","NP_203126.1","P55210","1F1J","X-ray","2.35","A/B","2-303"
"CASP7","840","NP_203126.1","P55210","1GQF","X-ray","2.90","A/B","47-303"
"CASP7","840","NP_203126.1","P55210","1I4O","X-ray","2.40","A/B","24-303"
"CASP7","840","NP_203126.1","P55210","1I51","X-ray","2.45","A/C","51-198"
"CASP7","840","NP_203126.1","P55210","1I51","X-ray","2.45","B/D","199-303"
"CASP7","840","NP_203126.1","P55210","1K86","X-ray","2.60","A/B","51-303"
"CASP7","840","NP_203126.1","P55210","1K88","X-ray","2.70","A/B","51-303"
"CASP7","840","NP_203126.1","P55210","1KMC","X-ray","2.90","A/B","1-303"
"CASP7","840","NP_203126.1","P55210","1MIA","model","0.00","A","57-193"
"CASP7","840","NP_203126.1","P55210","1MIA","model","0.00","B","211-303"
"CASP7","840","NP_203126.1","P55210","1SHJ","X-ray","2.80","A/B","50-303"
"CASP7","840","NP_203126.1","P55210","1SHL","X-ray","3.00","A/B","57-303"
"CASP7","840","NP_203126.1","P55210","2QL5","X-ray","2.34","A/C","24-196"
"CASP7","840","NP_203126.1","P55210","2QL5","X-ray","2.34","B/D","207-303"
"CASP7","840","NP_203126.1","P55210","2QL7","X-ray","2.40","A/C","24-196"
"CASP7","840","NP_203126.1","P55210","2QL7","X-ray","2.40","B/D","207-303"
"CASP7","840","NP_203126.1","P55210","2QL9","X-ray","2.14","A/C","24-196"
"CASP7","840","NP_203126.1","P55210","2QL9","X-ray","2.14","B/D","207-303"
"CASP7","840","NP_203126.1","P55210","2QLB","X-ray","2.25","A/C","24-196"
"CASP7","840","NP_203126.1","P55210","2QLB","X-ray","2.25","B/D","207-303"
"CASP7","840","NP_203126.1","P55210","2QLF","X-ray","2.80","A/C","24-196"
"CASP7","840","NP_203126.1","P55210","2QLF","X-ray","2.80","B/D","207-303"
"CASP7","840","NP_203126.1","P55210","2QLJ","X-ray","2.60","A/C","24-196"
"CASP7","840","NP_203126.1","P55210","2QLJ","X-ray","2.60","B/D","207-303"
"CASP7","840","NP_203126.1","P55210","3EDR","X-ray","2.45","A/C","24-196"
"CASP7","840","NP_203126.1","P55210","3EDR","X-ray","2.45","B/D","207-303"
"CASP7","840","NP_203126.1","P55210","3H1P","X-ray","2.61","A/B","50-303"
"CASP7","840","NP_203126.1","P55210","3IBC","X-ray","2.75","A/C","24-196"
"CASP7","840","NP_203126.1","P55210","3IBC","X-ray","2.75","B/D","207-303"
"CASP7","840","NP_203126.1","P55210","3IBF","X-ray","2.50","A/C","24-196"
"CASP7","840","NP_203126.1","P55210","3IBF","X-ray","2.50","B/D","207-303"
"CCL2","6347","NP_002973.1","P13500","1DOK","X-ray","1.85","A/B","24-99"
"CCL2","6347","NP_002973.1","P13500","1DOL","X-ray","2.40","A","24-99"
"CCL2","6347","NP_002973.1","P13500","1DOM","NMR","0.00","A/B","24-99"
"CCL2","6347","NP_002973.1","P13500","1DON","NMR","0.00","A/B","24-99"
"CCL2","6347","NP_002973.1","P13500","1MCA","model","0.00","A/B","24-96"
"CCL2","6347","NP_002973.1","P13500","1ML0","X-ray","2.80","D","24-99"
"CCL2","6347","NP_002973.1","P13500","2BDN","X-ray","2.53","A","24-99"
"CCL2","6347","NP_002973.1","P13500","2NZ1","X-ray","2.50","D/E/Y","24-99"
"CCL2","6347","NP_002973.1","P13500","3IFD","X-ray","1.90","A","24-99"
"CCL20","6364","NP_001123518.1","P78556","1M8A","X-ray","1.70","A/B","27-96"
"CCL20","6364","NP_001123518.1","P78556","2HCI","X-ray","1.81","A/B","27-95"
"CCL20","6364","NP_001123518.1","P78556","2JYO","NMR","0.00","A","27-96"
"CCL20","6364","NP_004582.1","P78556","1M8A","X-ray","1.70","A/B","27-96"
"CCL20","6364","NP_004582.1","P78556","2HCI","X-ray","1.81","A/B","27-95"
"CCL20","6364","NP_004582.1","P78556","2JYO","NMR","0.00","A","27-96"
"CCNA2","890","NP_001228.1","P20248","1E9H","X-ray","2.50","B/D","175-432"
"CCNA2","890","NP_001228.1","P20248","1FIN","X-ray","2.30","B/D","173-432"
"CCNA2","890","NP_001228.1","P20248","1FVV","X-ray","2.80","B/D","173-432"
"CCNA2","890","NP_001228.1","P20248","1GY3","X-ray","2.70","B/D","175-432"
"CCNA2","890","NP_001228.1","P20248","1H1P","X-ray","2.10","B/D","175-432"
"CCNA2","890","NP_001228.1","P20248","1H1Q","X-ray","2.50","B/D","175-432"
"CCNA2","890","NP_001228.1","P20248","1H1R","X-ray","2.00","B/D","175-432"
"CCNA2","890","NP_001228.1","P20248","1H1S","X-ray","2.00","B/D","175-432"
"CCNA2","890","NP_001228.1","P20248","1H24","X-ray","2.50","B/D","174-432"
"CCNA2","890","NP_001228.1","P20248","1H25","X-ray","2.50","B/D","174-432"
"CCNA2","890","NP_001228.1","P20248","1H26","X-ray","2.24","B/D","174-432"
"CCNA2","890","NP_001228.1","P20248","1H27","X-ray","2.20","B/D","174-432"
"CCNA2","890","NP_001228.1","P20248","1H28","X-ray","2.80","B/D","174-432"
"CCNA2","890","NP_001228.1","P20248","1JST","X-ray","2.60","B/D","175-432"
"CCNA2","890","NP_001228.1","P20248","1JSU","X-ray","2.30","B","173-432"
"CCNA2","890","NP_001228.1","P20248","1OGU","X-ray","2.60","B/D","174-432"
"CCNA2","890","NP_001228.1","P20248","1OI9","X-ray","2.10","B/D","174-432"
"CCNA2","890","NP_001228.1","P20248","1OIU","X-ray","2.00","B/D","174-432"
"CCNA2","890","NP_001228.1","P20248","1OIY","X-ray","2.40","B/D","174-432"
"CCNA2","890","NP_001228.1","P20248","1OKV","X-ray","2.40","B/D","173-432"
"CCNA2","890","NP_001228.1","P20248","1OKW","X-ray","2.50","B/D","173-432"
"CCNA2","890","NP_001228.1","P20248","1OL1","X-ray","2.90","B/D","173-432"
"CCNA2","890","NP_001228.1","P20248","1OL2","X-ray","2.60","B/D","173-432"
"CCNA2","890","NP_001228.1","P20248","1P5E","X-ray","2.22","B/D","175-432"
"CCNA2","890","NP_001228.1","P20248","1PKD","X-ray","2.30","B/D","175-432"
"CCNA2","890","NP_001228.1","P20248","1QMZ","X-ray","2.20","B/D","174-432"
"CCNA2","890","NP_001228.1","P20248","1URC","X-ray","2.60","B/D","173-432"
"CCNA2","890","NP_001228.1","P20248","1VYW","X-ray","2.30","B/D","173-432"
"CCNA2","890","NP_001228.1","P20248","2BKZ","X-ray","2.60","B/D","173-432"
"CCNA2","890","NP_001228.1","P20248","2BPM","X-ray","2.40","B/D","174-432"
"CCNA2","890","NP_001228.1","P20248","2C4G","X-ray","2.70","B/D","173-432"
"CCNA2","890","NP_001228.1","P20248","2C5N","X-ray","2.10","B/D","174-432"
"CCNA2","890","NP_001228.1","P20248","2C5O","X-ray","2.10","B/D","173-432"
"CCNA2","890","NP_001228.1","P20248","2C5V","X-ray","2.90","B/D","174-432"
"CCNA2","890","NP_001228.1","P20248","2C5X","X-ray","2.90","B/D","174-432"
"CCNA2","890","NP_001228.1","P20248","2C6T","X-ray","2.61","B/D","175-432"
"CCNA2","890","NP_001228.1","P20248","2CCH","X-ray","1.70","B/D","173-432"
"CCNA2","890","NP_001228.1","P20248","2CCI","X-ray","2.70","B/D","175-432"
"CCNA2","890","NP_001228.1","P20248","2CJM","X-ray","2.30","B/D","175-432"
"CCNA2","890","NP_001228.1","P20248","2I40","X-ray","2.80","B/D","173-432"
"CCNA2","890","NP_001228.1","P20248","2IW6","X-ray","2.30","B/D","174-432"
"CCNA2","890","NP_001228.1","P20248","2IW8","X-ray","2.30","B/D","174-432"
"CCNA2","890","NP_001228.1","P20248","2IW9","X-ray","2.00","B/D","174-432"
"CCNA2","890","NP_001228.1","P20248","2UUE","X-ray","2.06","B/D","174-432"
"CCNA2","890","NP_001228.1","P20248","2UZB","X-ray","2.70","B/D","175-432"
"CCNA2","890","NP_001228.1","P20248","2UZD","X-ray","2.72","B/D","175-432"
"CCNA2","890","NP_001228.1","P20248","2UZE","X-ray","2.40","B/D","175-432"
"CCNA2","890","NP_001228.1","P20248","2UZL","X-ray","2.40","B/D","175-432"
"CCNA2","890","NP_001228.1","P20248","2V22","X-ray","2.60","B/D","174-432"
"CCNA2","890","NP_001228.1","P20248","2WEV","X-ray","2.30","B/D","173-432"
"CCNA2","890","NP_001228.1","P20248","2WFY","X-ray","2.53","B/D","173-432"
"CCNA2","890","NP_001228.1","P20248","2WHB","X-ray","2.90","B/D","173-432"
"CCNA2","890","NP_001228.1","P20248","2WIH","X-ray","2.50","B/D","173-432"
"CCNA2","890","NP_001228.1","P20248","2WIP","X-ray","2.80","B/D","173-432"
"CCNA2","890","NP_001228.1","P20248","2WMA","X-ray","2.80","B/D","174-432"
"CCNA2","890","NP_001228.1","P20248","2WMB","X-ray","2.60","B/D","174-432"
"CCNA2","890","NP_001228.1","P20248","2WPA","X-ray","2.51","B/D","173-432"
"CCNA2","890","NP_001228.1","P20248","2WXV","X-ray","2.60","B/D","173-432"
"CCNA2","890","NP_001228.1","P20248","2X1N","X-ray","2.75","B/D","172-432"
"CCNA2","890","NP_001228.1","P20248","3EID","X-ray","3.15","B/D","173-432"
"CCNA2","890","NP_001228.1","P20248","3EJ1","X-ray","3.22","B/D","173-432"
"CCNA2","890","NP_001228.1","P20248","3EOC","X-ray","3.20","B/D","173-432"
"CCNA2","890","NP_001228.1","P20248","3F5X","X-ray","2.40","B/D","177-432"
"CCND1","595","NP_444284.1","-","-","-","0.00","-","-"
"CCNE1","898","NP_001229.1","P24864","1W98","X-ray","2.15","B","96-378"
"CCNE1","898","NP_476530.1","P24864","1W98","X-ray","2.15","B","96-378"
"CCR2","729230","NP_001116513.2","P41597","1KAD","model","0.00","A","1-343"
"CCR2","729230","NP_001116513.2","P41597","1KP1","model","0.00","A","1-343"
"CCR2","729230","NP_001116868.1","P41597","1KAD","model","0.00","A","1-343"
"CCR2","729230","NP_001116868.1","P41597","1KP1","model","0.00","A","1-343"
"CD24","100133941","NP_037362.1","P25063","-","-","0.00","-","-"
"CD248","70445","NP_473383.1","Q91V98","-","-","0.00","-","-"
"CD44","960","NP_000601.3","P16070","1POZ","NMR","0.00","A","20-178"
"CD44","960","NP_000601.3","P16070","1UUH","X-ray","2.20","A/B","20-178"
"CD44","960","NP_000601.3","P16070","2I83","NMR","0.00","A","20-178"
"CD44","960","NP_001001389.1","P16070","1POZ","NMR","0.00","A","20-178"
"CD44","960","NP_001001389.1","P16070","1UUH","X-ray","2.20","A/B","20-178"
"CD44","960","NP_001001389.1","P16070","2I83","NMR","0.00","A","20-178"
"CD44","960","NP_001001390.1","P16070","1POZ","NMR","0.00","A","20-178"
"CD44","960","NP_001001390.1","P16070","1UUH","X-ray","2.20","A/B","20-178"
"CD44","960","NP_001001390.1","P16070","2I83","NMR","0.00","A","20-178"
"CD44","960","NP_001001391.1","P16070","1POZ","NMR","0.00","A","20-178"
"CD44","960","NP_001001391.1","P16070","1UUH","X-ray","2.20","A/B","20-178"
"CD44","960","NP_001001391.1","P16070","2I83","NMR","0.00","A","20-178"
"CD44","960","NP_001001392.1","P16070","1POZ","NMR","0.00","A","20-178"
"CD44","960","NP_001001392.1","P16070","1UUH","X-ray","2.20","A/B","20-178"
"CD44","960","NP_001001392.1","P16070","2I83","NMR","0.00","A","20-178"
"CD44","960","NP_001189484.1","P16070","1POZ","NMR","0.00","A","20-178"
"CD44","960","NP_001189484.1","P16070","1UUH","X-ray","2.20","A/B","20-178"
"CD44","960","NP_001189484.1","P16070","2I83","NMR","0.00","A","20-178"
"CD44","960","NP_001189485.1","P16070","1POZ","NMR","0.00","A","20-178"
"CD44","960","NP_001189485.1","P16070","1UUH","X-ray","2.20","A/B","20-178"
"CD44","960","NP_001189485.1","P16070","2I83","NMR","0.00","A","20-178"
"CD44","960","NP_001189486.1","P16070","1POZ","NMR","0.00","A","20-178"
"CD44","960","NP_001189486.1","P16070","1UUH","X-ray","2.20","A/B","20-178"
"CD44","960","NP_001189486.1","P16070","2I83","NMR","0.00","A","20-178"
"CD69","969","NP_001772.1","Q07108","1E87","X-ray","1.50","A","82-199"
"CD69","969","NP_001772.1","Q07108","1E8I","X-ray","1.95","A/B","82-199"
"CD69","969","NP_001772.1","Q07108","1FM5","X-ray","2.27","A","1-199"
"CD69","969","NP_001772.1","Q07108","3CCK","X-ray","1.80","A/B","82-199"
"CD69","969","NP_001772.1","Q07108","3HUP","X-ray","1.37","A/B","70-199"
"CDC20B","166979","NP_001139206.2","Q86Y33","-","-","0.00","-","-"
"CDC20B","166979","NP_001163873.1","Q86Y33","-","-","0.00","-","-"
"CDC20B","166979","NP_689836.2","Q86Y33","-","-","0.00","-","-"
"CDC25B","994","NP_004349.1","P30305","1CWR","X-ray","2.10","A","370-580"
"CDC25B","994","NP_004349.1","P30305","1CWS","X-ray","2.00","A","370-580"
"CDC25B","994","NP_004349.1","P30305","1CWT","X-ray","2.30","A","388-565"
"CDC25B","994","NP_004349.1","P30305","1QB0","X-ray","1.91","A","370-580"
"CDC25B","994","NP_004349.1","P30305","1YM9","X-ray","2.00","A","391-564"
"CDC25B","994","NP_004349.1","P30305","1YMD","X-ray","1.70","A","391-564"
"CDC25B","994","NP_004349.1","P30305","1YMK","X-ray","1.70","A","391-564"
"CDC25B","994","NP_004349.1","P30305","1YML","X-ray","1.70","A","391-564"
"CDC25B","994","NP_004349.1","P30305","1YS0","X-ray","2.00","A","391-564"
"CDC25B","994","NP_004349.1","P30305","2A2K","X-ray","1.52","A","391-564"
"CDC25B","994","NP_004349.1","P30305","2IFD","X-ray","2.00","A","391-564"
"CDC25B","994","NP_004349.1","P30305","2IFV","X-ray","1.60","A","391-564"
"CDC25B","994","NP_004349.1","P30305","2UZQ","X-ray","2.38","A/B/C/D/E/F","391-580"
"CDC25B","994","NP_004349.1","P30305","3FQT","X-ray","1.80","C","38-46"
"CDC25B","994","NP_004349.1","P30305","3FQU","X-ray","1.80","C","38-46"
"CDC25B","994","NP_068658.1","P30305","1CWR","X-ray","2.10","A","370-580"
"CDC25B","994","NP_068658.1","P30305","1CWS","X-ray","2.00","A","370-580"
"CDC25B","994","NP_068658.1","P30305","1CWT","X-ray","2.30","A","388-565"
"CDC25B","994","NP_068658.1","P30305","1QB0","X-ray","1.91","A","370-580"
"CDC25B","994","NP_068658.1","P30305","1YM9","X-ray","2.00","A","391-564"
"CDC25B","994","NP_068658.1","P30305","1YMD","X-ray","1.70","A","391-564"
"CDC25B","994","NP_068658.1","P30305","1YMK","X-ray","1.70","A","391-564"
"CDC25B","994","NP_068658.1","P30305","1YML","X-ray","1.70","A","391-564"
"CDC25B","994","NP_068658.1","P30305","1YS0","X-ray","2.00","A","391-564"
"CDC25B","994","NP_068658.1","P30305","2A2K","X-ray","1.52","A","391-564"
"CDC25B","994","NP_068658.1","P30305","2IFD","X-ray","2.00","A","391-564"
"CDC25B","994","NP_068658.1","P30305","2IFV","X-ray","1.60","A","391-564"
"CDC25B","994","NP_068658.1","P30305","2UZQ","X-ray","2.38","A/B/C/D/E/F","391-580"
"CDC25B","994","NP_068658.1","P30305","3FQT","X-ray","1.80","C","38-46"
"CDC25B","994","NP_068658.1","P30305","3FQU","X-ray","1.80","C","38-46"
"CDC25B","994","NP_068659.1","P30305","1CWR","X-ray","2.10","A","370-580"
"CDC25B","994","NP_068659.1","P30305","1CWS","X-ray","2.00","A","370-580"
"CDC25B","994","NP_068659.1","P30305","1CWT","X-ray","2.30","A","388-565"
"CDC25B","994","NP_068659.1","P30305","1QB0","X-ray","1.91","A","370-580"
"CDC25B","994","NP_068659.1","P30305","1YM9","X-ray","2.00","A","391-564"
"CDC25B","994","NP_068659.1","P30305","1YMD","X-ray","1.70","A","391-564"
"CDC25B","994","NP_068659.1","P30305","1YMK","X-ray","1.70","A","391-564"
"CDC25B","994","NP_068659.1","P30305","1YML","X-ray","1.70","A","391-564"
"CDC25B","994","NP_068659.1","P30305","1YS0","X-ray","2.00","A","391-564"
"CDC25B","994","NP_068659.1","P30305","2A2K","X-ray","1.52","A","391-564"
"CDC25B","994","NP_068659.1","P30305","2IFD","X-ray","2.00","A","391-564"
"CDC25B","994","NP_068659.1","P30305","2IFV","X-ray","1.60","A","391-564"
"CDC25B","994","NP_068659.1","P30305","2UZQ","X-ray","2.38","A/B/C/D/E/F","391-580"
"CDC25B","994","NP_068659.1","P30305","3FQT","X-ray","1.80","C","38-46"
"CDC25B","994","NP_068659.1","P30305","3FQU","X-ray","1.80","C","38-46"
"CDCP1","64866","NP_073753.3","Q9H5V8","-","-","0.00","-","-"
"CDCP1","64866","NP_835488.1","Q9H5V8","-","-","0.00","-","-"
"CDH1","999","NP_004351.1","P12830","1O6S","X-ray","1.80","B","156-255"
"CDH1","999","NP_004351.1","P12830","2O72","X-ray","2.00","A","155-367"
"CDH1","999","NP_004351.1","P12830","2OMT","X-ray","2.00","B","156-255"
"CDH1","999","NP_004351.1","P12830","2OMU","X-ray","1.80","B","156-255"
"CDH1","999","NP_004351.1","P12830","2OMV","X-ray","1.90","B","156-255"
"CDH1","999","NP_004351.1","P12830","2OMX","X-ray","1.70","B","156-258"
"CDH1","999","NP_004351.1","P12830","2OMY","X-ray","1.70","B","156-255"
"CDH1","999","NP_004351.1","P12830","2OMZ","X-ray","1.60","B","156-255"
"CDH1","999","NP_004351.1","P12830","3FF7","X-ray","1.80","A/B","155-253"
"CDH1","999","NP_004351.1","P12830","3FF8","X-ray","2.00","A/B","155-254"
"CDH1","999","NP_004351.1","P12830","3L6X","X-ray","2.40","B","756-773"
"CDH1","999","NP_004351.1","P12830","3L6Y","X-ray","3.00","B/D/F","756-773"
"CDH3","1001","NP_001784.2","P22223","-","-","0.00","-","-"
"CDH6","1004","NP_004923.1","P55285","-","-","0.00","-","-"
"CDK4","1019","NP_000066.1","P11802","1LD2","model","0.00","A","1-303"
"CDK4","1019","NP_000066.1","P11802","2W96","X-ray","2.30","B","1-303"
"CDK4","1019","NP_000066.1","P11802","2W99","X-ray","2.80","B","1-303"
"CDK4","1019","NP_000066.1","P11802","2W9F","X-ray","2.85","B","1-303"
"CDK4","1019","NP_000066.1","P11802","2W9Z","X-ray","2.45","B","1-303"
"CDK4","1019","NP_000066.1","P11802","3G33","X-ray","3.00","A/C","1-303"
"CDKN1A","1026","NP_000380.1","P38936","1AXC","X-ray","2.60","B/D/F","139-160"
"CDKN1A","1026","NP_000380.1","P38936","2ZVV","X-ray","2.00","X/Y","139-160"
"CDKN1A","1026","NP_000380.1","P38936","2ZVW","X-ray","2.50","I/J/K/L/M/N/O/P","139-160"
"CDKN1A","1026","NP_510867.1","P38936","1AXC","X-ray","2.60","B/D/F","139-160"
"CDKN1A","1026","NP_510867.1","P38936","2ZVV","X-ray","2.00","X/Y","139-160"
"CDKN1A","1026","NP_510867.1","P38936","2ZVW","X-ray","2.50","I/J/K/L/M/N/O/P","139-160"
"CDKN1B","1027","NP_004055.1","P46527","1H27","X-ray","2.20","E","25-35"
"CDKN1B","1027","NP_004055.1","P46527","1JSU","X-ray","2.30","C","23-106"
"CDKN1B","1027","NP_004055.1","P46527","2AST","X-ray","2.30","D","181-190"
"CDKN2A","1029","NP_000068.1","P42771","1A5E","NMR","0.00","A","1-156"
"CDKN2A","1029","NP_000068.1","P42771","1BI7","X-ray","3.40","B","1-156"
"CDKN2A","1029","NP_000068.1","P42771","1DC2","NMR","0.00","A","1-156"
"CDKN2A","1029","NP_000068.1","P42771","2A5E","NMR","0.00","A","1-156"
"CDKN2A","1029","NP_001182061.1","-","-","-","0.00","-","-"
"CDKN2A","1029","NP_478102.2","Q8N726","-","-","0.00","-","-"
"CDKN2A","1029","NP_478104.2","P42771","1A5E","NMR","0.00","A","1-156"
"CDKN2A","1029","NP_478104.2","P42771","1BI7","X-ray","3.40","B","1-156"
"CDKN2A","1029","NP_478104.2","P42771","1DC2","NMR","0.00","A","1-156"
"CDKN2A","1029","NP_478104.2","P42771","2A5E","NMR","0.00","A","1-156"
"CDKN3","1033","NP_001124323.1","Q16667","1FPZ","X-ray","2.00","A/B/C/D/E/F","1-212"
"CDKN3","1033","NP_001124323.1","Q16667","1FQ1","X-ray","3.00","A","1-212"
"CDKN3","1033","NP_005183.2","Q16667","1FPZ","X-ray","2.00","A/B/C/D/E/F","1-212"
"CDKN3","1033","NP_005183.2","Q16667","1FQ1","X-ray","3.00","A","1-212"
"CDR2L","30850","NP_055418.2","Q86X02","-","-","0.00","-","-"
"CEACAM1","634","NP_001020083.1","P13688","2GK2","X-ray","2.20","A/B","34-141"
"CEACAM1","634","NP_001171742.1","P13688","2GK2","X-ray","2.20","A/B","34-141"
"CEACAM1","634","NP_001171744.1","P13688","2GK2","X-ray","2.20","A/B","34-141"
"CEACAM1","634","NP_001171745.1","P13688","2GK2","X-ray","2.20","A/B","34-141"
"CEACAM1","634","NP_001192273.1","-","-","-","0.00","-",""
"CEACAM1","634","NP_001703.2","P13688","2GK2","X-ray","2.20","A/B","34-141"
"CEP290","80184","NP_079390.3","O15078","-","-","0.00","-","-"
"CLDN1","9076","NP_066924.1","O95832","-","-","0.00","-","-"
"CLMP","79827","NP_079045.1","Q9H6B4","-","-","0.00","-","-"
"CMTM8","152189","NP_849199.2","Q8IZV2","-","-","0.00","-","-"
"CNR2","1269","NP_001832.1","P34972","2KI9","NMR","0.00","A","240-272"
"CNTF","1270","NP_000605.1","P26441","1CNT","X-ray","2.40","1/2/3/4","1-187"
"COL3A1","1281","NP_000081.1","P02461","2V53","X-ray","3.20","B/C/D","563-590"
"COL3A1","1281","NP_000081.1","P02461","3DMW","X-ray","2.30","A/B/C","1158-1199"
"COL4A5","1287","NP_000486.1","P29400","-","-","0.00","-","-"
"COL4A5","1287","NP_203699.1","P29400","-","-","0.00","-","-"
"COLEC11","78989","NP_076932.1","Q9BWP8","-","-","0.00","-","-"
"COLEC11","78989","NP_954705.1","Q9BWP8","-","-","0.00","-","-"
"COPS2","9318","NP_001137359.1","P61201","-","-","0.00","-","-"
"COPS2","9318","NP_004227.1","P61201","-","-","0.00","-","-"
"COX7A1","1346","NP_001855.1","P24310","-","-","0.00","-","-"
"CRABP2","1382","NP_001186652.1","P29373","1BLR","NMR","0.00","A","2-138"
"CRABP2","1382","NP_001186652.1","P29373","1BM5","NMR","0.00","A","2-138"
"CRABP2","1382","NP_001186652.1","P29373","1CBQ","X-ray","2.20","A","2-138"
"CRABP2","1382","NP_001186652.1","P29373","1CBS","X-ray","1.80","A","2-138"
"CRABP2","1382","NP_001186652.1","P29373","1XCA","X-ray","2.30","A/B","2-138"
"CRABP2","1382","NP_001186652.1","P29373","2CBS","X-ray","2.10","A","2-138"
"CRABP2","1382","NP_001186652.1","P29373","2FR3","X-ray","1.48","A","2-138"
"CRABP2","1382","NP_001186652.1","P29373","2FRS","X-ray","1.51","A/B","2-138"
"CRABP2","1382","NP_001186652.1","P29373","2FS6","X-ray","1.35","A/B","2-138"
"CRABP2","1382","NP_001186652.1","P29373","2FS7","X-ray","1.55","A/B","2-138"
"CRABP2","1382","NP_001186652.1","P29373","2G78","X-ray","1.70","A","2-138"
"CRABP2","1382","NP_001186652.1","P29373","2G79","X-ray","1.69","A","2-138"
"CRABP2","1382","NP_001186652.1","P29373","2G7B","X-ray","1.18","A","2-138"
"CRABP2","1382","NP_001186652.1","P29373","3CBS","X-ray","2.00","A","2-138"
"CRABP2","1382","NP_001186652.1","P29373","3CR6","X-ray","1.22","A","2-138"
"CRABP2","1382","NP_001186652.1","P29373","3CWK","X-ray","1.60","A","2-138"
"CRABP2","1382","NP_001186652.1","P29373","3D95","X-ray","1.20","A/B","2-138"
"CRABP2","1382","NP_001186652.1","P29373","3D96","X-ray","1.71","A/B","2-138"
"CRABP2","1382","NP_001186652.1","P29373","3D97","X-ray","1.50","A/B","2-138"
"CRABP2","1382","NP_001186652.1","P29373","3F8A","X-ray","1.95","A","2-138"
"CRABP2","1382","NP_001186652.1","P29373","3F9D","X-ray","2.00","A/B","2-138"
"CRABP2","1382","NP_001186652.1","P29373","3FA6","X-ray","1.54","A/B","2-138"
"CRABP2","1382","NP_001186652.1","P29373","3FA7","X-ray","1.90","A/B","2-138"
"CRABP2","1382","NP_001186652.1","P29373","3FA8","X-ray","1.78","A/B","2-138"
"CRABP2","1382","NP_001186652.1","P29373","3FA9","X-ray","1.94","A/B","2-138"
"CRABP2","1382","NP_001186652.1","P29373","3FEK","X-ray","1.51","A/B","2-138"
"CRABP2","1382","NP_001186652.1","P29373","3FEL","X-ray","1.85","A/B","2-138"
"CRABP2","1382","NP_001186652.1","P29373","3FEN","X-ray","1.56","A/B","2-138"
"CRABP2","1382","NP_001186652.1","P29373","3FEP","X-ray","2.60","A","2-138"
"CRABP2","1382","NP_001186652.1","P29373","3I17","X-ray","1.68","A/B","2-138"
"CRABP2","1382","NP_001869.1","P29373","1BLR","NMR","0.00","A","2-138"
"CRABP2","1382","NP_001869.1","P29373","1BM5","NMR","0.00","A","2-138"
"CRABP2","1382","NP_001869.1","P29373","1CBQ","X-ray","2.20","A","2-138"
"CRABP2","1382","NP_001869.1","P29373","1CBS","X-ray","1.80","A","2-138"
"CRABP2","1382","NP_001869.1","P29373","1XCA","X-ray","2.30","A/B","2-138"
"CRABP2","1382","NP_001869.1","P29373","2CBS","X-ray","2.10","A","2-138"
"CRABP2","1382","NP_001869.1","P29373","2FR3","X-ray","1.48","A","2-138"
"CRABP2","1382","NP_001869.1","P29373","2FRS","X-ray","1.51","A/B","2-138"
"CRABP2","1382","NP_001869.1","P29373","2FS6","X-ray","1.35","A/B","2-138"
"CRABP2","1382","NP_001869.1","P29373","2FS7","X-ray","1.55","A/B","2-138"
"CRABP2","1382","NP_001869.1","P29373","2G78","X-ray","1.70","A","2-138"
"CRABP2","1382","NP_001869.1","P29373","2G79","X-ray","1.69","A","2-138"
"CRABP2","1382","NP_001869.1","P29373","2G7B","X-ray","1.18","A","2-138"
"CRABP2","1382","NP_001869.1","P29373","3CBS","X-ray","2.00","A","2-138"
"CRABP2","1382","NP_001869.1","P29373","3CR6","X-ray","1.22","A","2-138"
"CRABP2","1382","NP_001869.1","P29373","3CWK","X-ray","1.60","A","2-138"
"CRABP2","1382","NP_001869.1","P29373","3D95","X-ray","1.20","A/B","2-138"
"CRABP2","1382","NP_001869.1","P29373","3D96","X-ray","1.71","A/B","2-138"
"CRABP2","1382","NP_001869.1","P29373","3D97","X-ray","1.50","A/B","2-138"
"CRABP2","1382","NP_001869.1","P29373","3F8A","X-ray","1.95","A","2-138"
"CRABP2","1382","NP_001869.1","P29373","3F9D","X-ray","2.00","A/B","2-138"
"CRABP2","1382","NP_001869.1","P29373","3FA6","X-ray","1.54","A/B","2-138"
"CRABP2","1382","NP_001869.1","P29373","3FA7","X-ray","1.90","A/B","2-138"
"CRABP2","1382","NP_001869.1","P29373","3FA8","X-ray","1.78","A/B","2-138"
"CRABP2","1382","NP_001869.1","P29373","3FA9","X-ray","1.94","A/B","2-138"
"CRABP2","1382","NP_001869.1","P29373","3FEK","X-ray","1.51","A/B","2-138"
"CRABP2","1382","NP_001869.1","P29373","3FEL","X-ray","1.85","A/B","2-138"
"CRABP2","1382","NP_001869.1","P29373","3FEN","X-ray","1.56","A/B","2-138"
"CRABP2","1382","NP_001869.1","P29373","3FEP","X-ray","2.60","A","2-138"
"CRABP2","1382","NP_001869.1","P29373","3I17","X-ray","1.68","A/B","2-138"
"CREB1","1385","NP_004370.1","P16220","-","-","0.00","-","-"
"CREB1","1385","NP_604391.1","P16220","-","-","0.00","-","-"
"CRISPLD2","83716","NP_113664.1","Q9H0B8","-","-","0.00","-","-"
"CSNK2B","1460","NP_001311.3","P67870","1DS5","X-ray","3.16","E/F/G/H","181-203"
"CSNK2B","1460","NP_001311.3","P67870","1JWH","X-ray","3.10","C/D","1-215"
"CSNK2B","1460","NP_001311.3","P67870","1QF8","X-ray","1.74","A/B","1-182"
"CSNK2B","1460","NP_001311.3","P67870","3EED","X-ray","2.80","A/B","1-193"
"CTHRC1","115908","NP_612464.1","Q96CG8","-","-","0.00","-","-"
"CTNNB1","1499","NP_001091679.1","P35222","1G3J","X-ray","2.10","A/C","133-664"
"CTNNB1","1499","NP_001091679.1","P35222","1JDH","X-ray","1.90","A","135-663"
"CTNNB1","1499","NP_001091679.1","P35222","1JPW","X-ray","2.50","A/B/C","134-670"
"CTNNB1","1499","NP_001091679.1","P35222","1LUJ","X-ray","2.50","A","150-663"
"CTNNB1","1499","NP_001091679.1","P35222","1P22","X-ray","2.95","C","19-44"
"CTNNB1","1499","NP_001091679.1","P35222","1QZ7","X-ray","2.20","A","133-665"
"CTNNB1","1499","NP_001091679.1","P35222","1T08","X-ray","2.10","A","146-664"
"CTNNB1","1499","NP_001091679.1","P35222","1TH1","X-ray","2.50","A/B","133-664"
"CTNNB1","1499","NP_001091679.1","P35222","2G57","NMR","0.00","A","19-44"
"CTNNB1","1499","NP_001091679.1","P35222","2GL7","X-ray","2.60","A/D","138-686"
"CTNNB1","1499","NP_001091679.1","P35222","2Z6H","X-ray","2.20","A","138-781"
"CTNNB1","1499","NP_001091679.1","P35222","3DIW","X-ray","2.10","C/D","772-781"
"CTNNB1","1499","NP_001091679.1","P35222","3FQN","X-ray","1.65","C","30-39"
"CTNNB1","1499","NP_001091679.1","P35222","3FQR","X-ray","1.70","C","30-39"
"CTNNB1","1499","NP_001091680.1","P35222","1G3J","X-ray","2.10","A/C","133-664"
"CTNNB1","1499","NP_001091680.1","P35222","1JDH","X-ray","1.90","A","135-663"
"CTNNB1","1499","NP_001091680.1","P35222","1JPW","X-ray","2.50","A/B/C","134-670"
"CTNNB1","1499","NP_001091680.1","P35222","1LUJ","X-ray","2.50","A","150-663"
"CTNNB1","1499","NP_001091680.1","P35222","1P22","X-ray","2.95","C","19-44"
"CTNNB1","1499","NP_001091680.1","P35222","1QZ7","X-ray","2.20","A","133-665"
"CTNNB1","1499","NP_001091680.1","P35222","1T08","X-ray","2.10","A","146-664"
"CTNNB1","1499","NP_001091680.1","P35222","1TH1","X-ray","2.50","A/B","133-664"
"CTNNB1","1499","NP_001091680.1","P35222","2G57","NMR","0.00","A","19-44"
"CTNNB1","1499","NP_001091680.1","P35222","2GL7","X-ray","2.60","A/D","138-686"
"CTNNB1","1499","NP_001091680.1","P35222","2Z6H","X-ray","2.20","A","138-781"
"CTNNB1","1499","NP_001091680.1","P35222","3DIW","X-ray","2.10","C/D","772-781"
"CTNNB1","1499","NP_001091680.1","P35222","3FQN","X-ray","1.65","C","30-39"
"CTNNB1","1499","NP_001091680.1","P35222","3FQR","X-ray","1.70","C","30-39"
"CTNNB1","1499","NP_001895.1","P35222","1G3J","X-ray","2.10","A/C","133-664"
"CTNNB1","1499","NP_001895.1","P35222","1JDH","X-ray","1.90","A","135-663"
"CTNNB1","1499","NP_001895.1","P35222","1JPW","X-ray","2.50","A/B/C","134-670"
"CTNNB1","1499","NP_001895.1","P35222","1LUJ","X-ray","2.50","A","150-663"
"CTNNB1","1499","NP_001895.1","P35222","1P22","X-ray","2.95","C","19-44"
"CTNNB1","1499","NP_001895.1","P35222","1QZ7","X-ray","2.20","A","133-665"
"CTNNB1","1499","NP_001895.1","P35222","1T08","X-ray","2.10","A","146-664"
"CTNNB1","1499","NP_001895.1","P35222","1TH1","X-ray","2.50","A/B","133-664"
"CTNNB1","1499","NP_001895.1","P35222","2G57","NMR","0.00","A","19-44"
"CTNNB1","1499","NP_001895.1","P35222","2GL7","X-ray","2.60","A/D","138-686"
"CTNNB1","1499","NP_001895.1","P35222","2Z6H","X-ray","2.20","A","138-781"
"CTNNB1","1499","NP_001895.1","P35222","3DIW","X-ray","2.10","C/D","772-781"
"CTNNB1","1499","NP_001895.1","P35222","3FQN","X-ray","1.65","C","30-39"
"CTNNB1","1499","NP_001895.1","P35222","3FQR","X-ray","1.70","C","30-39"
"CTNND1","1500","NP_001078927.1","O60716","3L6X","X-ray","2.40","A","324-937"
"CTNND1","1500","NP_001078927.1","O60716","3L6Y","X-ray","3.00","A/C/E","324-937"
"CTNND1","1500","NP_001078928.1","O60716","3L6X","X-ray","2.40","A","324-937"
"CTNND1","1500","NP_001078928.1","O60716","3L6Y","X-ray","3.00","A/C/E","324-937"
"CTNND1","1500","NP_001078929.1","O60716","3L6X","X-ray","2.40","A","324-937"
"CTNND1","1500","NP_001078929.1","O60716","3L6Y","X-ray","3.00","A/C/E","324-937"
"CTNND1","1500","NP_001078930.1","O60716","3L6X","X-ray","2.40","A","324-937"
"CTNND1","1500","NP_001078930.1","O60716","3L6Y","X-ray","3.00","A/C/E","324-937"
"CTNND1","1500","NP_001078931.1","O60716","3L6X","X-ray","2.40","A","324-937"
"CTNND1","1500","NP_001078931.1","O60716","3L6Y","X-ray","3.00","A/C/E","324-937"
"CTNND1","1500","NP_001078932.1","O60716","3L6X","X-ray","2.40","A","324-937"
"CTNND1","1500","NP_001078932.1","O60716","3L6Y","X-ray","3.00","A/C/E","324-937"
"CTNND1","1500","NP_001078933.1","O60716","3L6X","X-ray","2.40","A","324-937"
"CTNND1","1500","NP_001078933.1","O60716","3L6Y","X-ray","3.00","A/C/E","324-937"
"CTNND1","1500","NP_001078934.1","O60716","3L6X","X-ray","2.40","A","324-937"
"CTNND1","1500","NP_001078934.1","O60716","3L6Y","X-ray","3.00","A/C/E","324-937"
"CTNND1","1500","NP_001078935.1","O60716","3L6X","X-ray","2.40","A","324-937"
"CTNND1","1500","NP_001078935.1","O60716","3L6Y","X-ray","3.00","A/C/E","324-937"
"CTNND1","1500","NP_001078936.1","O60716","3L6X","X-ray","2.40","A","324-937"
"CTNND1","1500","NP_001078936.1","O60716","3L6Y","X-ray","3.00","A/C/E","324-937"
"CTNND1","1500","NP_001078937.1","O60716","3L6X","X-ray","2.40","A","324-937"
"CTNND1","1500","NP_001078937.1","O60716","3L6Y","X-ray","3.00","A/C/E","324-937"
"CTNND1","1500","NP_001078938.1","O60716","3L6X","X-ray","2.40","A","324-937"
"CTNND1","1500","NP_001078938.1","O60716","3L6Y","X-ray","3.00","A/C/E","324-937"
"CTNND1","1500","NP_001322.1","O60716","3L6X","X-ray","2.40","A","324-937"
"CTNND1","1500","NP_001322.1","O60716","3L6Y","X-ray","3.00","A/C/E","324-937"
"CTSB","1508","NP_001899.1","P07858","1CSB","X-ray","2.00","A/D","80-126"
"CTSB","1508","NP_001899.1","P07858","1CSB","X-ray","2.00","B/E","129-333"
"CTSB","1508","NP_001899.1","P07858","1GMY","X-ray","1.90","A/B/C","79-339"
"CTSB","1508","NP_001899.1","P07858","1HUC","X-ray","2.10","A/C","80-126"
"CTSB","1508","NP_001899.1","P07858","1HUC","X-ray","2.10","B/D","129-333"
"CTSB","1508","NP_001899.1","P07858","1PBH","X-ray","3.20","A","18-333"
"CTSB","1508","NP_001899.1","P07858","2IPP","X-ray","2.15","A","80-126"
"CTSB","1508","NP_001899.1","P07858","2IPP","X-ray","2.15","B","129-333"
"CTSB","1508","NP_001899.1","P07858","2PBH","X-ray","3.30","A","18-333"
"CTSB","1508","NP_001899.1","P07858","3CBJ","X-ray","1.80","A","74-339"
"CTSB","1508","NP_001899.1","P07858","3CBK","X-ray","2.67","A","74-339"
"CTSB","1508","NP_001899.1","P07858","3K9M","X-ray","2.61","A/B","80-333"
"CTSB","1508","NP_001899.1","P07858","3PBH","X-ray","2.50","A","18-333"
"CTSB","1508","NP_680090.1","P07858","1CSB","X-ray","2.00","A/D","80-126"
"CTSB","1508","NP_680090.1","P07858","1CSB","X-ray","2.00","B/E","129-333"
"CTSB","1508","NP_680090.1","P07858","1GMY","X-ray","1.90","A/B/C","79-339"
"CTSB","1508","NP_680090.1","P07858","1HUC","X-ray","2.10","A/C","80-126"
"CTSB","1508","NP_680090.1","P07858","1HUC","X-ray","2.10","B/D","129-333"
"CTSB","1508","NP_680090.1","P07858","1PBH","X-ray","3.20","A","18-333"
"CTSB","1508","NP_680090.1","P07858","2IPP","X-ray","2.15","A","80-126"
"CTSB","1508","NP_680090.1","P07858","2IPP","X-ray","2.15","B","129-333"
"CTSB","1508","NP_680090.1","P07858","2PBH","X-ray","3.30","A","18-333"
"CTSB","1508","NP_680090.1","P07858","3CBJ","X-ray","1.80","A","74-339"
"CTSB","1508","NP_680090.1","P07858","3CBK","X-ray","2.67","A","74-339"
"CTSB","1508","NP_680090.1","P07858","3K9M","X-ray","2.61","A/B","80-333"
"CTSB","1508","NP_680090.1","P07858","3PBH","X-ray","2.50","A","18-333"
"CTSB","1508","NP_680091.1","P07858","1CSB","X-ray","2.00","A/D","80-126"
"CTSB","1508","NP_680091.1","P07858","1CSB","X-ray","2.00","B/E","129-333"
"CTSB","1508","NP_680091.1","P07858","1GMY","X-ray","1.90","A/B/C","79-339"
"CTSB","1508","NP_680091.1","P07858","1HUC","X-ray","2.10","A/C","80-126"
"CTSB","1508","NP_680091.1","P07858","1HUC","X-ray","2.10","B/D","129-333"
"CTSB","1508","NP_680091.1","P07858","1PBH","X-ray","3.20","A","18-333"
"CTSB","1508","NP_680091.1","P07858","2IPP","X-ray","2.15","A","80-126"
"CTSB","1508","NP_680091.1","P07858","2IPP","X-ray","2.15","B","129-333"
"CTSB","1508","NP_680091.1","P07858","2PBH","X-ray","3.30","A","18-333"
"CTSB","1508","NP_680091.1","P07858","3CBJ","X-ray","1.80","A","74-339"
"CTSB","1508","NP_680091.1","P07858","3CBK","X-ray","2.67","A","74-339"
"CTSB","1508","NP_680091.1","P07858","3K9M","X-ray","2.61","A/B","80-333"
"CTSB","1508","NP_680091.1","P07858","3PBH","X-ray","2.50","A","18-333"
"CTSB","1508","NP_680092.1","P07858","1CSB","X-ray","2.00","A/D","80-126"
"CTSB","1508","NP_680092.1","P07858","1CSB","X-ray","2.00","B/E","129-333"
"CTSB","1508","NP_680092.1","P07858","1GMY","X-ray","1.90","A/B/C","79-339"
"CTSB","1508","NP_680092.1","P07858","1HUC","X-ray","2.10","A/C","80-126"
"CTSB","1508","NP_680092.1","P07858","1HUC","X-ray","2.10","B/D","129-333"
"CTSB","1508","NP_680092.1","P07858","1PBH","X-ray","3.20","A","18-333"
"CTSB","1508","NP_680092.1","P07858","2IPP","X-ray","2.15","A","80-126"
"CTSB","1508","NP_680092.1","P07858","2IPP","X-ray","2.15","B","129-333"
"CTSB","1508","NP_680092.1","P07858","2PBH","X-ray","3.30","A","18-333"
"CTSB","1508","NP_680092.1","P07858","3CBJ","X-ray","1.80","A","74-339"
"CTSB","1508","NP_680092.1","P07858","3CBK","X-ray","2.67","A","74-339"
"CTSB","1508","NP_680092.1","P07858","3K9M","X-ray","2.61","A/B","80-333"
"CTSB","1508","NP_680092.1","P07858","3PBH","X-ray","2.50","A","18-333"
"CTSB","1508","NP_680093.1","P07858","1CSB","X-ray","2.00","A/D","80-126"
"CTSB","1508","NP_680093.1","P07858","1CSB","X-ray","2.00","B/E","129-333"
"CTSB","1508","NP_680093.1","P07858","1GMY","X-ray","1.90","A/B/C","79-339"
"CTSB","1508","NP_680093.1","P07858","1HUC","X-ray","2.10","A/C","80-126"
"CTSB","1508","NP_680093.1","P07858","1HUC","X-ray","2.10","B/D","129-333"
"CTSB","1508","NP_680093.1","P07858","1PBH","X-ray","3.20","A","18-333"
"CTSB","1508","NP_680093.1","P07858","2IPP","X-ray","2.15","A","80-126"
"CTSB","1508","NP_680093.1","P07858","2IPP","X-ray","2.15","B","129-333"
"CTSB","1508","NP_680093.1","P07858","2PBH","X-ray","3.30","A","18-333"
"CTSB","1508","NP_680093.1","P07858","3CBJ","X-ray","1.80","A","74-339"
"CTSB","1508","NP_680093.1","P07858","3CBK","X-ray","2.67","A","74-339"
"CTSB","1508","NP_680093.1","P07858","3K9M","X-ray","2.61","A/B","80-333"
"CTSB","1508","NP_680093.1","P07858","3PBH","X-ray","2.50","A","18-333"
"CTSD","1509","NP_001900.1","P07339","1LYA","X-ray","2.50","A/C","65-161"
"CTSD","1509","NP_001900.1","P07339","1LYA","X-ray","2.50","B/D","170-410"
"CTSD","1509","NP_001900.1","P07339","1LYB","X-ray","2.50","A/C","65-161"
"CTSD","1509","NP_001900.1","P07339","1LYB","X-ray","2.50","B/D","170-410"
"CTSD","1509","NP_001900.1","P07339","1LYW","X-ray","2.50","A/C/E/G","65-161"
"CTSD","1509","NP_001900.1","P07339","1LYW","X-ray","2.50","B/D/F/H","170-410"
"CTSH","1512","NP_004381.2","P09668","1BZN","model","0.00","B","116-335"
"CTSW","1521","NP_001326.2","P56202","-","-","0.00","-","-"
"CXCL12","6387","NP_000600.1","P48061","1A15","X-ray","2.20","A/B","22-88"
"CXCL12","6387","NP_000600.1","P48061","1QG7","X-ray","2.00","A/B","22-88"
"CXCL12","6387","NP_000600.1","P48061","1SDF","NMR","0.00","A","22-88"
"CXCL12","6387","NP_000600.1","P48061","1VMC","NMR","0.00","A","22-89"
"CXCL12","6387","NP_000600.1","P48061","2J7Z","X-ray","1.95","A/B","22-89"
"CXCL12","6387","NP_000600.1","P48061","2K01","NMR","0.00","A/C","22-89"
"CXCL12","6387","NP_000600.1","P48061","2K03","NMR","0.00","A/C","22-89"
"CXCL12","6387","NP_000600.1","P48061","2K04","NMR","0.00","A/C","22-89"
"CXCL12","6387","NP_000600.1","P48061","2K05","NMR","0.00","A/C","22-89"
"CXCL12","6387","NP_000600.1","P48061","2KEC","NMR","0.00","A","22-89"
"CXCL12","6387","NP_000600.1","P48061","2KED","NMR","0.00","A","22-89"
"CXCL12","6387","NP_000600.1","P48061","2KEE","NMR","0.00","A","22-89"
"CXCL12","6387","NP_000600.1","P48061","2KOL","NMR","0.00","A","22-89"
"CXCL12","6387","NP_000600.1","P48061","2NWG","X-ray","2.07","A/B","22-88"
"CXCL12","6387","NP_000600.1","P48061","2SDF","NMR","0.00","A","22-88"
"CXCL12","6387","NP_000600.1","P48061","3GV3","X-ray","1.60","A","26-88"
"CXCL12","6387","NP_000600.1","P48061","3HP3","X-ray","2.20","A/B/C/D/E/F/G/H/I/J","22-88"
"CXCL12","6387","NP_001029058.1","-","-","-","0.00","-","-"
"CXCL12","6387","NP_001171605.1","-","-","-","0.00","-","-"
"CXCL12","6387","NP_954637.1","P48061","1A15","X-ray","2.20","A/B","22-88"
"CXCL12","6387","NP_954637.1","P48061","1QG7","X-ray","2.00","A/B","22-88"
"CXCL12","6387","NP_954637.1","P48061","1SDF","NMR","0.00","A","22-88"
"CXCL12","6387","NP_954637.1","P48061","1VMC","NMR","0.00","A","22-89"
"CXCL12","6387","NP_954637.1","P48061","2J7Z","X-ray","1.95","A/B","22-89"
"CXCL12","6387","NP_954637.1","P48061","2K01","NMR","0.00","A/C","22-89"
"CXCL12","6387","NP_954637.1","P48061","2K03","NMR","0.00","A/C","22-89"
"CXCL12","6387","NP_954637.1","P48061","2K04","NMR","0.00","A/C","22-89"
"CXCL12","6387","NP_954637.1","P48061","2K05","NMR","0.00","A/C","22-89"
"CXCL12","6387","NP_954637.1","P48061","2KEC","NMR","0.00","A","22-89"
"CXCL12","6387","NP_954637.1","P48061","2KED","NMR","0.00","A","22-89"
"CXCL12","6387","NP_954637.1","P48061","2KEE","NMR","0.00","A","22-89"
"CXCL12","6387","NP_954637.1","P48061","2KOL","NMR","0.00","A","22-89"
"CXCL12","6387","NP_954637.1","P48061","2NWG","X-ray","2.07","A/B","22-88"
"CXCL12","6387","NP_954637.1","P48061","2SDF","NMR","0.00","A","22-88"
"CXCL12","6387","NP_954637.1","P48061","3GV3","X-ray","1.60","A","26-88"
"CXCL12","6387","NP_954637.1","P48061","3HP3","X-ray","2.20","A/B/C/D/E/F/G/H/I/J","22-88"
"CXCL17","284340","NP_940879.1","Q6UXB2","-","-","0.00","-","-"
"CXCL5","6374","NP_002985.1","P42830","-","-","0.00","-","-"
"CXCL9","4283","NP_002407.1","Q07325","-","-","0.00","-","-"
"CXCR4","7852","NP_001008540.1","P61073","2K03","NMR","0.00","B/D","13881"
"CXCR4","7852","NP_001008540.1","P61073","2K04","NMR","0.00","B/D","13881"
"CXCR4","7852","NP_001008540.1","P61073","2K05","NMR","0.00","B/D","13881"
"CXCR4","7852","NP_001008540.1","P61073","3ODU","X-ray","2.50","A/B","2-319"
"CXCR4","7852","NP_001008540.1","P61073","3OE0","X-ray","2.90","A","2-319"
"CXCR4","7852","NP_001008540.1","P61073","3OE6","X-ray","3.20","A","2-325"
"CXCR4","7852","NP_001008540.1","P61073","3OE8","X-ray","3.10","A/B/C","2-319"
"CXCR4","7852","NP_001008540.1","P61073","3OE9","X-ray","3.10","A/B","2-319"
"CXCR4","7852","NP_003458.1","P61073","2K03","NMR","0.00","B/D","13881"
"CXCR4","7852","NP_003458.1","P61073","2K04","NMR","0.00","B/D","13881"
"CXCR4","7852","NP_003458.1","P61073","2K05","NMR","0.00","B/D","13881"
"CXCR4","7852","NP_003458.1","P61073","3ODU","X-ray","2.50","A/B","2-319"
"CXCR4","7852","NP_003458.1","P61073","3OE0","X-ray","2.90","A","2-319"
"CXCR4","7852","NP_003458.1","P61073","3OE6","X-ray","3.20","A","2-325"
"CXCR4","7852","NP_003458.1","P61073","3OE8","X-ray","3.10","A/B/C","2-319"
"CXCR4","7852","NP_003458.1","P61073","3OE9","X-ray","3.10","A/B","2-319"
"CYP17A1","1586","NP_000093.1","P05093","2C17","model","0.00","A","48-501"
"CYP19A1","1588","NP_000094.2","P11511","1TQA","model","0.00","A","53-495"
"CYP19A1","1588","NP_000094.2","P11511","3EQM","X-ray","2.90","A","1-503"
"CYP19A1","1588","NP_112503.1","P11511","1TQA","model","0.00","A","53-495"
"CYP19A1","1588","NP_112503.1","P11511","3EQM","X-ray","2.90","A","1-503"
"CYP1A1","1543","NP_000490.1","P04798","-","-","0.00","-","-"
"CYP1B1","1545","NP_000095.2","Q16678","3PM0","X-ray","2.70","A","51-543"
"CYP39A1","51302","NP_057677.2","Q9NYL5","-","-","0.00","-","-"
"CYP3A7","1551","NP_000756.2","P24462","-","-","0.00","-","-"
"CYP4X1","260293","NP_828847.1","Q8N118","-","-","0.00","-","-"
"Cyr61","3491","NP_001545.2","O00622","-","-","0.00","-","-"
"DAB2IP","153090","NP_115941.2","Q5VWQ8","-","-","0.00","-","-"
"DAB2IP","153090","NP_619723.1","Q5VWQ8","-","-","0.00","-","-"
"DACH1","1602","NP_004383.3","Q9UI36","1L8R","X-ray","1.65","A/B","184-282"
"DACH1","1602","NP_542937.2","Q9UI36","1L8R","X-ray","1.65","A/B","184-282"
"DACH1","1602","NP_542938.2","Q9UI36","1L8R","X-ray","1.65","A/B","184-282"
"DARS","1615","NP_001340.2","P14868","-","-","0.00","-","-"
"DDR1","780","NP_001189450.1","Q08345","-","-","0.00","-","-"
"DDR1","780","NP_001189451.1","Q08345","-","-","0.00","-","-"
"DDR1","780","NP_001189452.1","Q08345","-","-","0.00","-","-"
"DDR1","780","NP_001945.3","Q08345","-","-","0.00","-","-"
"DDR1","780","NP_054699.2","Q08345","-","-","0.00","-","-"
"DDR1","780","NP_054700.2","Q08345","-","-","0.00","-","-"
"DEPDC1","55635","NP_001107592.1","Q5TB30","2YSR","NMR","0.00","A","11-108"
"DEPDC1","55635","NP_060249.2","Q5TB30","2YSR","NMR","0.00","A","11-108"
"DHX16","8449","NP_001157711.1","O60231","-","-","0.00","-","-"
"DHX16","8449","NP_003578.2","O60231","-","-","0.00","-","-"
"DKK4","27121","NP_055235.1","Q9UBT3","-","-","0.00","-","-"
"DLX5","1749","NP_005212.1","P56178","2DJN","NMR","0.00","A","138-194"
"DNAJA2","10294","NP_005871.1","O60884","-","-","0.00","-","-"
"DNMT1","1786","NP_001124295.1","P26358","3EPZ","X-ray","2.31","A/B","351-600"
"DNMT1","1786","NP_001124295.1","P26358","3PTA","X-ray","3.60","A","646-1600"
"DNMT1","1786","NP_001370.1","P26358","3EPZ","X-ray","2.31","A/B","351-600"
"DNMT1","1786","NP_001370.1","P26358","3PTA","X-ray","3.60","A","646-1600"
"DPP6","1804","NP_001034439.1","P42658","1XFD","X-ray","3.00","A/B/C/D","127-849"
"DPP6","1804","NP_001927.3","P42658","1XFD","X-ray","3.00","A/B/C/D","127-849"
"DPP6","1804","NP_570629.2","P42658","1XFD","X-ray","3.00","A/B/C/D","127-849"
"ECM2","1842","NP_001184224.1","O94769","-","-","0.00","-","-"
"ECM2","1842","NP_001184225.1","O94769","-","-","0.00","-","-"
"ECM2","1842","NP_001384.1","O94769","-","-","0.00","-","-"
"EDNRB","1910","NP_001116131.1","P24530","-","-","0.00","-","-"
"EDNRB","1910","NP_000106.1","P24530","-","-","0.00","-","-"
"EDNRB","1910","NP_001188326.1","P24530","-","-","0.00","-","-"
"EDNRB","1910","NP_003982.1","P24530","-","-","0.00","-","-"
"EFEMP1","2202","-","-","-","-","0.00","-","-"
"EFHA2","286097","NP_859074.1","Q86XE3","-","-","0.00","-","-"
"EFNB2","1948","NP_004084.1","P52799","2HLE","X-ray","2.05","B","28-165"
"EFNB2","1948","NP_004084.1","P52799","2I85","NMR","0.00","A","25-166"
"EFNB2","1948","NP_004084.1","P52799","2VSK","X-ray","3.30","B/D","28-165"
"EFNB2","1948","NP_004084.1","P52799","2VSM","X-ray","1.80","B","28-165"
"EFNB2","1948","NP_004084.1","P52799","2WO2","X-ray","2.45","B","27-167"
"EFNB2","1948","NP_004084.1","P52799","3GXU","X-ray","2.50","B","27-169"
"EFS","10278","NP_005855.1","O43281","-","-","0.00","-","-"
"EFS","10278","NP_115835.1","O43281","-","-","0.00","-","-"
"EGF","1950","NP_001171601.1","-","-","-","0.00","-","-"
"EGF","1950","NP_001171602.1","-","-","-","0.00","-","-"
"EGF","1950","NP_001954.2","P01133","1IVO","X-ray","3.30","C/D","971-1023"
"EGF","1950","NP_001954.2","P01133","1JL9","X-ray","3.00","A/B","971-1021"
"EGF","1950","NP_001954.2","P01133","1NQL","X-ray","2.80","B","971-1023"
"EGF","1950","NP_001954.2","P01133","1P9J","NMR","0.00","A","974-1022"
"EGFL6","25975","NP_001161362.1","Q8IUX8","-","-","0.00","-","-"
"EGFL6","25975","NP_056322.2","Q8IUX8","-","-","0.00","-","-"
"EGFR","1956","NP_005219.2","P00533","1DNQ","model","0.00","A","25-336"
"EGFR","1956","NP_005219.2","P00533","1DNR","model","0.00","A","337-645"
"EGFR","1956","NP_005219.2","P00533","1IVO","X-ray","3.30","A/B","25-646"
"EGFR","1956","NP_005219.2","P00533","1M14","X-ray","2.60","A","695-1022"
"EGFR","1956","NP_005219.2","P00533","1M17","X-ray","2.60","A","695-1022"
"EGFR","1956","NP_005219.2","P00533","1MOX","X-ray","2.50","A/B","25-525"
"EGFR","1956","NP_005219.2","P00533","1NQL","X-ray","2.80","A","25-642"
"EGFR","1956","NP_005219.2","P00533","1XKK","X-ray","2.40","A","695-1022"
"EGFR","1956","NP_005219.2","P00533","1YY9","X-ray","2.60","A","25-642"
"EGFR","1956","NP_005219.2","P00533","1Z9I","NMR","0.00","A","669-721"
"EGFR","1956","NP_005219.2","P00533","2EB2","X-ray","2.50","A","695-1022"
"EGFR","1956","NP_005219.2","P00533","2EB3","X-ray","2.84","A","695-1022"
"EGFR","1956","NP_005219.2","P00533","2EXP","model","0.00","A","311-326"
"EGFR","1956","NP_005219.2","P00533","2EXQ","model","0.00","A","27-536"
"EGFR","1956","NP_005219.2","P00533","2GS2","X-ray","2.80","A","696-1022"
"EGFR","1956","NP_005219.2","P00533","2GS6","X-ray","2.60","A","696-1022"
"EGFR","1956","NP_005219.2","P00533","2GS7","X-ray","2.60","A/B","696-1022"
"EGFR","1956","NP_005219.2","P00533","2ITN","X-ray","2.47","A","696-1019"
"EGFR","1956","NP_005219.2","P00533","2ITO","X-ray","3.25","A","696-1022"
"EGFR","1956","NP_005219.2","P00533","2ITP","X-ray","2.74","A","696-1022"
"EGFR","1956","NP_005219.2","P00533","2ITQ","X-ray","2.68","A","696-1022"
"EGFR","1956","NP_005219.2","P00533","2ITT","X-ray","2.73","A","696-1022"
"EGFR","1956","NP_005219.2","P00533","2ITU","X-ray","2.80","A","696-1022"
"EGFR","1956","NP_005219.2","P00533","2ITV","X-ray","2.47","A","696-1022"
"EGFR","1956","NP_005219.2","P00533","2ITW","X-ray","2.88","A","696-1022"
"EGFR","1956","NP_005219.2","P00533","2ITX","X-ray","2.98","A","696-1022"
"EGFR","1956","NP_005219.2","P00533","2ITY","X-ray","3.42","A","696-1022"
"EGFR","1956","NP_005219.2","P00533","2ITZ","X-ray","2.72","A","696-1022"
"EGFR","1956","NP_005219.2","P00533","2J5E","X-ray","3.10","A","696-1022"
"EGFR","1956","NP_005219.2","P00533","2J5F","X-ray","3.00","A","696-1022"
"EGFR","1956","NP_005219.2","P00533","2J6M","X-ray","3.10","A","696-1022"
"EGFR","1956","NP_005219.2","P00533","2JIT","X-ray","3.10","A/B","696-1022"
"EGFR","1956","NP_005219.2","P00533","2JIU","X-ray","3.05","A/B","695-1022"
"EGFR","1956","NP_005219.2","P00533","2JIV","X-ray","3.50","A/B","695-1022"
"EGFR","1956","NP_005219.2","P00533","2KS1","NMR","0.00","B","634-677"
"EGFR","1956","NP_005219.2","P00533","2RF9","X-ray","3.50","A/B","696-1022"
"EGFR","1956","NP_005219.2","P00533","2RFD","X-ray","3.60","A/B","702-1022"
"EGFR","1956","NP_005219.2","P00533","2RFE","X-ray","2.90","A/B/C/D","702-1022"
"EGFR","1956","NP_005219.2","P00533","2RGP","X-ray","2.00","A","702-1016"
"EGFR","1956","NP_005219.2","P00533","3B2U","X-ray","2.58","A/B/E/I/M/P/S/V","335-538"
"EGFR","1956","NP_005219.2","P00533","3B2V","X-ray","3.30","A","25-642"
"EGFR","1956","NP_005219.2","P00533","3BEL","X-ray","2.30","A","702-1016"
"EGFR","1956","NP_005219.2","P00533","3BUO","X-ray","2.60","A/C","1063-1075"
"EGFR","1956","NP_005219.2","P00533","3C09","X-ray","3.20","A/D","335-538"
"EGFR","1956","NP_005219.2","P00533","3G5V","X-ray","2.00","C","311-326"
"EGFR","1956","NP_005219.2","P00533","3G5Y","X-ray","1.59","E","311-326"
"EGFR","1956","NP_005219.2","P00533","3GOP","X-ray","2.80","A","669-1022"
"EGFR","1956","NP_005219.2","P00533","3GT8","X-ray","2.96","A/B/C/D","696-1022"
"EGFR","1956","NP_005219.2","P00533","3IKA","X-ray","2.90","A/B","694-1022"
"EGFR","1956","NP_005219.2","P00533","3NJP","X-ray","3.30","A/B","25-638"
"EGFR","1956","NP_005219.2","P00533","3OB2","X-ray","2.10","A","1063-1074"
"EGFR","1956","NP_005219.2","P00533","3OP0","X-ray","2.52","C/D","1066-1076"
"EGFR","1956","NP_005219.2","P00533","3PFV","X-ray","2.27","C/D","1066-1076"
"EGFR","1956","NP_005219.2","P00533","1DNQ","model","0.00","A","25-336"
"EGFR","1956","NP_005219.2","P00533","1DNR","model","0.00","A","337-645"
"EGFR","1956","NP_005219.2","P00533","1IVO","X-ray","3.30","A/B","25-646"
"EGFR","1956","NP_005219.2","P00533","1M14","X-ray","2.60","A","695-1022"
"EGFR","1956","NP_005219.2","P00533","1M17","X-ray","2.60","A","695-1022"
"EGFR","1956","NP_005219.2","P00533","1MOX","X-ray","2.50","A/B","25-525"
"EGFR","1956","NP_005219.2","P00533","1NQL","X-ray","2.80","A","25-642"
"EGFR","1956","NP_005219.2","P00533","1XKK","X-ray","2.40","A","695-1022"
"EGFR","1956","NP_005219.2","P00533","1YY9","X-ray","2.60","A","25-642"
"EGFR","1956","NP_005219.2","P00533","1Z9I","NMR","0.00","A","669-721"
"EGFR","1956","NP_005219.2","P00533","2EB2","X-ray","2.50","A","695-1022"
"EGFR","1956","NP_005219.2","P00533","2EB3","X-ray","2.84","A","695-1022"
"EGFR","1956","NP_005219.2","P00533","2EXP","model","0.00","A","311-326"
"EGFR","1956","NP_005219.2","P00533","2EXQ","model","0.00","A","27-536"
"EGFR","1956","NP_005219.2","P00533","2GS2","X-ray","2.80","A","696-1022"
"EGFR","1956","NP_005219.2","P00533","2GS6","X-ray","2.60","A","696-1022"
"EGFR","1956","NP_005219.2","P00533","2GS7","X-ray","2.60","A/B","696-1022"
"EGFR","1956","NP_005219.2","P00533","2ITN","X-ray","2.47","A","696-1019"
"EGFR","1956","NP_005219.2","P00533","2ITO","X-ray","3.25","A","696-1022"
"EGFR","1956","NP_005219.2","P00533","2ITP","X-ray","2.74","A","696-1022"
"EGFR","1956","NP_005219.2","P00533","2ITQ","X-ray","2.68","A","696-1022"
"EGFR","1956","NP_005219.2","P00533","2ITT","X-ray","2.73","A","696-1022"
"EGFR","1956","NP_005219.2","P00533","2ITU","X-ray","2.80","A","696-1022"
"EGFR","1956","NP_005219.2","P00533","2ITV","X-ray","2.47","A","696-1022"
"EGFR","1956","NP_005219.2","P00533","2ITW","X-ray","2.88","A","696-1022"
"EGFR","1956","NP_005219.2","P00533","2ITX","X-ray","2.98","A","696-1022"
"EGFR","1956","NP_005219.2","P00533","2ITY","X-ray","3.42","A","696-1022"
"EGFR","1956","NP_005219.2","P00533","2ITZ","X-ray","2.72","A","696-1022"
"EGFR","1956","NP_005219.2","P00533","2J5E","X-ray","3.10","A","696-1022"
"EGFR","1956","NP_005219.2","P00533","2J5F","X-ray","3.00","A","696-1022"
"EGFR","1956","NP_005219.2","P00533","2J6M","X-ray","3.10","A","696-1022"
"EGFR","1956","NP_005219.2","P00533","2JIT","X-ray","3.10","A/B","696-1022"
"EGFR","1956","NP_005219.2","P00533","2JIU","X-ray","3.05","A/B","695-1022"
"EGFR","1956","NP_005219.2","P00533","2JIV","X-ray","3.50","A/B","695-1022"
"EGFR","1956","NP_005219.2","P00533","2KS1","NMR","0.00","B","634-677"
"EGFR","1956","NP_005219.2","P00533","2RF9","X-ray","3.50","A/B","696-1022"
"EGFR","1956","NP_005219.2","P00533","2RFD","X-ray","3.60","A/B","702-1022"
"EGFR","1956","NP_005219.2","P00533","2RFE","X-ray","2.90","A/B/C/D","702-1022"
"EGFR","1956","NP_005219.2","P00533","2RGP","X-ray","2.00","A","702-1016"
"EGFR","1956","NP_005219.2","P00533","3B2U","X-ray","2.58","A/B/E/I/M/P/S/V","335-538"
"EGFR","1956","NP_005219.2","P00533","3B2V","X-ray","3.30","A","25-642"
"EGFR","1956","NP_005219.2","P00533","3BEL","X-ray","2.30","A","702-1016"
"EGFR","1956","NP_005219.2","P00533","3BUO","X-ray","2.60","A/C","1063-1075"
"EGFR","1956","NP_005219.2","P00533","3C09","X-ray","3.20","A/D","335-538"
"EGFR","1956","NP_005219.2","P00533","3G5V","X-ray","2.00","C","311-326"
"EGFR","1956","NP_005219.2","P00533","3G5Y","X-ray","1.59","E","311-326"
"EGFR","1956","NP_005219.2","P00533","3GOP","X-ray","2.80","A","669-1022"
"EGFR","1956","NP_005219.2","P00533","3GT8","X-ray","2.96","A/B/C/D","696-1022"
"EGFR","1956","NP_005219.2","P00533","3IKA","X-ray","2.90","A/B","694-1022"
"EGFR","1956","NP_005219.2","P00533","3NJP","X-ray","3.30","A/B","25-638"
"EGFR","1956","NP_005219.2","P00533","3OB2","X-ray","2.10","A","1063-1074"
"EGFR","1956","NP_005219.2","P00533","3OP0","X-ray","2.52","C/D","1066-1076"
"EGFR","1956","NP_005219.2","P00533","3PFV","X-ray","2.27","C/D","1066-1076"
"EGFR","1956","NP_958440.1","P00533","1DNQ","model","0.00","A","25-336"
"EGFR","1956","NP_958440.1","P00533","1DNR","model","0.00","A","337-645"
"EGFR","1956","NP_958440.1","P00533","1IVO","X-ray","3.30","A/B","25-646"
"EGFR","1956","NP_958440.1","P00533","1M14","X-ray","2.60","A","695-1022"
"EGFR","1956","NP_958440.1","P00533","1M17","X-ray","2.60","A","695-1022"
"EGFR","1956","NP_958440.1","P00533","1MOX","X-ray","2.50","A/B","25-525"
"EGFR","1956","NP_958440.1","P00533","1NQL","X-ray","2.80","A","25-642"
"EGFR","1956","NP_958440.1","P00533","1XKK","X-ray","2.40","A","695-1022"
"EGFR","1956","NP_958440.1","P00533","1YY9","X-ray","2.60","A","25-642"
"EGFR","1956","NP_958440.1","P00533","1Z9I","NMR","0.00","A","669-721"
"EGFR","1956","NP_958440.1","P00533","2EB2","X-ray","2.50","A","695-1022"
"EGFR","1956","NP_958440.1","P00533","2EB3","X-ray","2.84","A","695-1022"
"EGFR","1956","NP_958440.1","P00533","2EXP","model","0.00","A","311-326"
"EGFR","1956","NP_958440.1","P00533","2EXQ","model","0.00","A","27-536"
"EGFR","1956","NP_958440.1","P00533","2GS2","X-ray","2.80","A","696-1022"
"EGFR","1956","NP_958440.1","P00533","2GS6","X-ray","2.60","A","696-1022"
"EGFR","1956","NP_958440.1","P00533","2GS7","X-ray","2.60","A/B","696-1022"
"EGFR","1956","NP_958440.1","P00533","2ITN","X-ray","2.47","A","696-1019"
"EGFR","1956","NP_958440.1","P00533","2ITO","X-ray","3.25","A","696-1022"
"EGFR","1956","NP_958440.1","P00533","2ITP","X-ray","2.74","A","696-1022"
"EGFR","1956","NP_958440.1","P00533","2ITQ","X-ray","2.68","A","696-1022"
"EGFR","1956","NP_958440.1","P00533","2ITT","X-ray","2.73","A","696-1022"
"EGFR","1956","NP_958440.1","P00533","2ITU","X-ray","2.80","A","696-1022"
"EGFR","1956","NP_958440.1","P00533","2ITV","X-ray","2.47","A","696-1022"
"EGFR","1956","NP_958440.1","P00533","2ITW","X-ray","2.88","A","696-1022"
"EGFR","1956","NP_958440.1","P00533","2ITX","X-ray","2.98","A","696-1022"
"EGFR","1956","NP_958440.1","P00533","2ITY","X-ray","3.42","A","696-1022"
"EGFR","1956","NP_958440.1","P00533","2ITZ","X-ray","2.72","A","696-1022"
"EGFR","1956","NP_958440.1","P00533","2J5E","X-ray","3.10","A","696-1022"
"EGFR","1956","NP_958440.1","P00533","2J5F","X-ray","3.00","A","696-1022"
"EGFR","1956","NP_958440.1","P00533","2J6M","X-ray","3.10","A","696-1022"
"EGFR","1956","NP_958440.1","P00533","2JIT","X-ray","3.10","A/B","696-1022"
"EGFR","1956","NP_958440.1","P00533","2JIU","X-ray","3.05","A/B","695-1022"
"EGFR","1956","NP_958440.1","P00533","2JIV","X-ray","3.50","A/B","695-1022"
"EGFR","1956","NP_958440.1","P00533","2KS1","NMR","0.00","B","634-677"
"EGFR","1956","NP_958440.1","P00533","2RF9","X-ray","3.50","A/B","696-1022"
"EGFR","1956","NP_958440.1","P00533","2RFD","X-ray","3.60","A/B","702-1022"
"EGFR","1956","NP_958440.1","P00533","2RFE","X-ray","2.90","A/B/C/D","702-1022"
"EGFR","1956","NP_958440.1","P00533","2RGP","X-ray","2.00","A","702-1016"
"EGFR","1956","NP_958440.1","P00533","3B2U","X-ray","2.58","A/B/E/I/M/P/S/V","335-538"
"EGFR","1956","NP_958440.1","P00533","3B2V","X-ray","3.30","A","25-642"
"EGFR","1956","NP_958440.1","P00533","3BEL","X-ray","2.30","A","702-1016"
"EGFR","1956","NP_958440.1","P00533","3BUO","X-ray","2.60","A/C","1063-1075"
"EGFR","1956","NP_958440.1","P00533","3C09","X-ray","3.20","A/D","335-538"
"EGFR","1956","NP_958440.1","P00533","3G5V","X-ray","2.00","C","311-326"
"EGFR","1956","NP_958440.1","P00533","3G5Y","X-ray","1.59","E","311-326"
"EGFR","1956","NP_958440.1","P00533","3GOP","X-ray","2.80","A","669-1022"
"EGFR","1956","NP_958440.1","P00533","3GT8","X-ray","2.96","A/B/C/D","696-1022"
"EGFR","1956","NP_958440.1","P00533","3IKA","X-ray","2.90","A/B","694-1022"
"EGFR","1956","NP_958440.1","P00533","3NJP","X-ray","3.30","A/B","25-638"
"EGFR","1956","NP_958440.1","P00533","3OB2","X-ray","2.10","A","1063-1074"
"EGFR","1956","NP_958440.1","P00533","3OP0","X-ray","2.52","C/D","1066-1076"
"EGFR","1956","NP_958440.1","P00533","3PFV","X-ray","2.27","C/D","1066-1076"
"EGFR","1956","NP_958441.1","P00533","1DNQ","model","0.00","A","25-336"
"EGFR","1956","NP_958441.1","P00533","1DNR","model","0.00","A","337-645"
"EGFR","1956","NP_958441.1","P00533","1IVO","X-ray","3.30","A/B","25-646"
"EGFR","1956","NP_958441.1","P00533","1M14","X-ray","2.60","A","695-1022"
"EGFR","1956","NP_958441.1","P00533","1M17","X-ray","2.60","A","695-1022"
"EGFR","1956","NP_958441.1","P00533","1MOX","X-ray","2.50","A/B","25-525"
"EGFR","1956","NP_958441.1","P00533","1NQL","X-ray","2.80","A","25-642"
"EGFR","1956","NP_958441.1","P00533","1XKK","X-ray","2.40","A","695-1022"
"EGFR","1956","NP_958441.1","P00533","1YY9","X-ray","2.60","A","25-642"
"EGFR","1956","NP_958441.1","P00533","1Z9I","NMR","0.00","A","669-721"
"EGFR","1956","NP_958441.1","P00533","2EB2","X-ray","2.50","A","695-1022"
"EGFR","1956","NP_958441.1","P00533","2EB3","X-ray","2.84","A","695-1022"
"EGFR","1956","NP_958441.1","P00533","2EXP","model","0.00","A","311-326"
"EGFR","1956","NP_958441.1","P00533","2EXQ","model","0.00","A","27-536"
"EGFR","1956","NP_958441.1","P00533","2GS2","X-ray","2.80","A","696-1022"
"EGFR","1956","NP_958441.1","P00533","2GS6","X-ray","2.60","A","696-1022"
"EGFR","1956","NP_958441.1","P00533","2GS7","X-ray","2.60","A/B","696-1022"
"EGFR","1956","NP_958441.1","P00533","2ITN","X-ray","2.47","A","696-1019"
"EGFR","1956","NP_958441.1","P00533","2ITO","X-ray","3.25","A","696-1022"
"EGFR","1956","NP_958441.1","P00533","2ITP","X-ray","2.74","A","696-1022"
"EGFR","1956","NP_958441.1","P00533","2ITQ","X-ray","2.68","A","696-1022"
"EGFR","1956","NP_958441.1","P00533","2ITT","X-ray","2.73","A","696-1022"
"EGFR","1956","NP_958441.1","P00533","2ITU","X-ray","2.80","A","696-1022"
"EGFR","1956","NP_958441.1","P00533","2ITV","X-ray","2.47","A","696-1022"
"EGFR","1956","NP_958441.1","P00533","2ITW","X-ray","2.88","A","696-1022"
"EGFR","1956","NP_958441.1","P00533","2ITX","X-ray","2.98","A","696-1022"
"EGFR","1956","NP_958441.1","P00533","2ITY","X-ray","3.42","A","696-1022"
"EGFR","1956","NP_958441.1","P00533","2ITZ","X-ray","2.72","A","696-1022"
"EGFR","1956","NP_958441.1","P00533","2J5E","X-ray","3.10","A","696-1022"
"EGFR","1956","NP_958441.1","P00533","2J5F","X-ray","3.00","A","696-1022"
"EGFR","1956","NP_958441.1","P00533","2J6M","X-ray","3.10","A","696-1022"
"EGFR","1956","NP_958441.1","P00533","2JIT","X-ray","3.10","A/B","696-1022"
"EGFR","1956","NP_958441.1","P00533","2JIU","X-ray","3.05","A/B","695-1022"
"EGFR","1956","NP_958441.1","P00533","2JIV","X-ray","3.50","A/B","695-1022"
"EGFR","1956","NP_958441.1","P00533","2KS1","NMR","0.00","B","634-677"
"EGFR","1956","NP_958441.1","P00533","2RF9","X-ray","3.50","A/B","696-1022"
"EGFR","1956","NP_958441.1","P00533","2RFD","X-ray","3.60","A/B","702-1022"
"EGFR","1956","NP_958441.1","P00533","2RFE","X-ray","2.90","A/B/C/D","702-1022"
"EGFR","1956","NP_958441.1","P00533","2RGP","X-ray","2.00","A","702-1016"
"EGFR","1956","NP_958441.1","P00533","3B2U","X-ray","2.58","A/B/E/I/M/P/S/V","335-538"
"EGFR","1956","NP_958441.1","P00533","3B2V","X-ray","3.30","A","25-642"
"EGFR","1956","NP_958441.1","P00533","3BEL","X-ray","2.30","A","702-1016"
"EGFR","1956","NP_958441.1","P00533","3BUO","X-ray","2.60","A/C","1063-1075"
"EGFR","1956","NP_958441.1","P00533","3C09","X-ray","3.20","A/D","335-538"
"EGFR","1956","NP_958441.1","P00533","3G5V","X-ray","2.00","C","311-326"
"EGFR","1956","NP_958441.1","P00533","3G5Y","X-ray","1.59","E","311-326"
"EGFR","1956","NP_958441.1","P00533","3GOP","X-ray","2.80","A","669-1022"
"EGFR","1956","NP_958441.1","P00533","3GT8","X-ray","2.96","A/B/C/D","696-1022"
"EGFR","1956","NP_958441.1","P00533","3IKA","X-ray","2.90","A/B","694-1022"
"EGFR","1956","NP_958441.1","P00533","3NJP","X-ray","3.30","A/B","25-638"
"EGFR","1956","NP_958441.1","P00533","3OB2","X-ray","2.10","A","1063-1074"
"EGFR","1956","NP_958441.1","P00533","3OP0","X-ray","2.52","C/D","1066-1076"
"EGFR","1956","NP_958441.1","P00533","3PFV","X-ray","2.27","C/D","1066-1076"
"EGFR","1956","NP_958439.1","P00533","1DNQ","model","0.00","A","25-336"
"EGFR","1956","NP_958439.1","P00533","1DNR","model","0.00","A","337-645"
"EGFR","1956","NP_958439.1","P00533","1IVO","X-ray","3.30","A/B","25-646"
"EGFR","1956","NP_958439.1","P00533","1M14","X-ray","2.60","A","695-1022"
"EGFR","1956","NP_958439.1","P00533","1M17","X-ray","2.60","A","695-1022"
"EGFR","1956","NP_958439.1","P00533","1MOX","X-ray","2.50","A/B","25-525"
"EGFR","1956","NP_958439.1","P00533","1NQL","X-ray","2.80","A","25-642"
"EGFR","1956","NP_958439.1","P00533","1XKK","X-ray","2.40","A","695-1022"
"EGFR","1956","NP_958439.1","P00533","1YY9","X-ray","2.60","A","25-642"
"EGFR","1956","NP_958439.1","P00533","1Z9I","NMR","0.00","A","669-721"
"EGFR","1956","NP_958439.1","P00533","2EB2","X-ray","2.50","A","695-1022"
"EGFR","1956","NP_958439.1","P00533","2EB3","X-ray","2.84","A","695-1022"
"EGFR","1956","NP_958439.1","P00533","2EXP","model","0.00","A","311-326"
"EGFR","1956","NP_958439.1","P00533","2EXQ","model","0.00","A","27-536"
"EGFR","1956","NP_958439.1","P00533","2GS2","X-ray","2.80","A","696-1022"
"EGFR","1956","NP_958439.1","P00533","2GS6","X-ray","2.60","A","696-1022"
"EGFR","1956","NP_958439.1","P00533","2GS7","X-ray","2.60","A/B","696-1022"
"EGFR","1956","NP_958439.1","P00533","2ITN","X-ray","2.47","A","696-1019"
"EGFR","1956","NP_958439.1","P00533","2ITO","X-ray","3.25","A","696-1022"
"EGFR","1956","NP_958439.1","P00533","2ITP","X-ray","2.74","A","696-1022"
"EGFR","1956","NP_958439.1","P00533","2ITQ","X-ray","2.68","A","696-1022"
"EGFR","1956","NP_958439.1","P00533","2ITT","X-ray","2.73","A","696-1022"
"EGFR","1956","NP_958439.1","P00533","2ITU","X-ray","2.80","A","696-1022"
"EGFR","1956","NP_958439.1","P00533","2ITV","X-ray","2.47","A","696-1022"
"EGFR","1956","NP_958439.1","P00533","2ITW","X-ray","2.88","A","696-1022"
"EGFR","1956","NP_958439.1","P00533","2ITX","X-ray","2.98","A","696-1022"
"EGFR","1956","NP_958439.1","P00533","2ITY","X-ray","3.42","A","696-1022"
"EGFR","1956","NP_958439.1","P00533","2ITZ","X-ray","2.72","A","696-1022"
"EGFR","1956","NP_958439.1","P00533","2J5E","X-ray","3.10","A","696-1022"
"EGFR","1956","NP_958439.1","P00533","2J5F","X-ray","3.00","A","696-1022"
"EGFR","1956","NP_958439.1","P00533","2J6M","X-ray","3.10","A","696-1022"
"EGFR","1956","NP_958439.1","P00533","2JIT","X-ray","3.10","A/B","696-1022"
"EGFR","1956","NP_958439.1","P00533","2JIU","X-ray","3.05","A/B","695-1022"
"EGFR","1956","NP_958439.1","P00533","2JIV","X-ray","3.50","A/B","695-1022"
"EGFR","1956","NP_958439.1","P00533","2KS1","NMR","0.00","B","634-677"
"EGFR","1956","NP_958439.1","P00533","2RF9","X-ray","3.50","A/B","696-1022"
"EGFR","1956","NP_958439.1","P00533","2RFD","X-ray","3.60","A/B","702-1022"
"EGFR","1956","NP_958439.1","P00533","2RFE","X-ray","2.90","A/B/C/D","702-1022"
"EGFR","1956","NP_958439.1","P00533","2RGP","X-ray","2.00","A","702-1016"
"EGFR","1956","NP_958439.1","P00533","3B2U","X-ray","2.58","A/B/E/I/M/P/S/V","335-538"
"EGFR","1956","NP_958439.1","P00533","3B2V","X-ray","3.30","A","25-642"
"EGFR","1956","NP_958439.1","P00533","3BEL","X-ray","2.30","A","702-1016"
"EGFR","1956","NP_958439.1","P00533","3BUO","X-ray","2.60","A/C","1063-1075"
"EGFR","1956","NP_958439.1","P00533","3C09","X-ray","3.20","A/D","335-538"
"EGFR","1956","NP_958439.1","P00533","3G5V","X-ray","2.00","C","311-326"
"EGFR","1956","NP_958439.1","P00533","3G5Y","X-ray","1.59","E","311-326"
"EGFR","1956","NP_958439.1","P00533","3GOP","X-ray","2.80","A","669-1022"
"EGFR","1956","NP_958439.1","P00533","3GT8","X-ray","2.96","A/B/C/D","696-1022"
"EGFR","1956","NP_958439.1","P00533","3IKA","X-ray","2.90","A/B","694-1022"
"EGFR","1956","NP_958439.1","P00533","3NJP","X-ray","3.30","A/B","25-638"
"EGFR","1956","NP_958439.1","P00533","3OB2","X-ray","2.10","A","1063-1074"
"EGFR","1956","NP_958439.1","P00533","3OP0","X-ray","2.52","C/D","1066-1076"
"EGFR","1956","NP_958439.1","P00533","3PFV","X-ray","2.27","C/D","1066-1076"
"EHD2","30846","NP_055416.2","Q9NZN4","-","-","0.00","-","-"
"EIF4EBP1","1978","NP_004086.1","Q13541","1WKW","X-ray","2.10","B","47-66"
"EIF4EBP1","1978","NP_004086.1","Q13541","2JGB","X-ray","1.70","B","51-67"
"EIF4EBP1","1978","NP_004086.1","Q13541","2JGC","X-ray","2.40","B","51-67"
"EIF4EBP1","1978","NP_004086.1","Q13541","2V8W","X-ray","2.30","B/F","51-64"
"EIF4EBP1","1978","NP_004086.1","Q13541","2V8X","X-ray","2.30","B/F","51-64"
"EIF4EBP1","1978","NP_004086.1","Q13541","2V8Y","X-ray","2.10","B/F","51-64"
"EIF4EBP1","1978","NP_004086.1","Q13541","3HXG","X-ray","2.10","C","51-67"
"EIF4EBP1","1978","NP_004086.1","Q13541","3HXI","X-ray","1.80","C","51-67"
"ELF1","1997","NP_001138825.1","-","-","-","0.00","-","-"
"ELF1","1997","NP_758961.1","P32519","-","-","0.00","-","-"
"ELF5","2001","NP_001413.1","Q9UKW6","1WWX","NMR","0.00","A","172-265"
"ELF5","2001","NP_938195.1","Q9UKW6","1WWX","NMR","0.00","A","172-265"
"EMILIN1","11117","NP_008977.1","Q9Y6C2","2KA3","NMR","0.00","A/B/C","867-1016"
"EMILIN1","11117","NP_008977.1","Q9Y6C2","2OII","NMR","0.00","A/B/C","867-1016"
"EMP2","2013","NP_001415.1","P54851","-","-","0.00","-","-"
"ENOSF1","55556","NP_001119595.1","Q7L5Y1","-","-","0.00","-","-"
"ENOSF1","55556","NP_059982.2","Q7L5Y1","-","-","0.00","-","-"
"ENOSF1","55556","NP_974487.1","Q7L5Y1","-","-","0.00","-","-"
"ENSA","2029","NP_004427.1","O43768","-","-","0.00","-","-"
"ENSA","2029","NP_996925.1","O43768","-","-","0.00","-","-"
"ENSA","2029","NP_996926.1","O43768","-","-","0.00","-","-"
"ENSA","2029","NP_996927.1","O43768","-","-","0.00","-","-"
"ENSA","2029","NP_996928.1","O43768","-","-","0.00","-","-"
"ENSA","2029","NP_996929.1","O43768","-","-","0.00","-","-"
"ENSA","2029","NP_996930.1","O43768","-","-","0.00","-","-"
"ENSA","2029","NP_997051.1","O43768","-","-","0.00","-","-"
"EPDR1","54749","NP_060019.1","Q9UM22","-","-","0.00","-","-"
"EPHB2","2048","NP_004433.2","P29323","1B4F","X-ray","1.95","A/B/C/D/E/F/G/H","910-985"
"EPHB2","2048","NP_004433.2","P29323","1F0M","X-ray","2.20","A","910-985"
"EPHB2","2048","NP_004433.2","P29323","2QBX","X-ray","2.30","A/B","20-196"
"EPHB2","2048","NP_004433.2","P29323","1B4F","X-ray","1.95","A/B/C/D/E/F/G/H","910-985"
"EPHB2","2048","NP_004433.2","P29323","1F0M","X-ray","2.20","A","910-985"
"EPHB2","2048","NP_004433.2","P29323","2QBX","X-ray","2.30","A/B","20-196"
"EPHB2","2048","NP_004433.2","P29323","1B4F","X-ray","1.95","A/B/C/D/E/F/G/H","910-985"
"EPHB2","2048","NP_004433.2","P29323","1F0M","X-ray","2.20","A","910-985"
"EPHB2","2048","NP_004433.2","P29323","2QBX","X-ray","2.30","A/B","20-196"
"EPHB4","2050","NP_004435.3","P54760","2BBA","X-ray","1.65","A","17-196"
"EPHB4","2050","NP_004435.3","P54760","2E7H","NMR","0.00","A","434-529"
"EPHB4","2050","NP_004435.3","P54760","2HLE","X-ray","2.05","A","17-196"
"EPHB4","2050","NP_004435.3","P54760","2QKQ","X-ray","2.10","A/B","896-977"
"EPHB4","2050","NP_004435.3","P54760","2VWU","X-ray","2.00","A","598-887"
"EPHB4","2050","NP_004435.3","P54760","2VWV","X-ray","1.90","A","598-899"
"EPHB4","2050","NP_004435.3","P54760","2VWW","X-ray","1.90","A","598-899"
"EPHB4","2050","NP_004435.3","P54760","2VWX","X-ray","1.65","A","598-899"
"EPHB4","2050","NP_004435.3","P54760","2VWY","X-ray","1.65","A","598-899"
"EPHB4","2050","NP_004435.3","P54760","2VWZ","X-ray","1.65","A","598-899"
"EPHB4","2050","NP_004435.3","P54760","2VX0","X-ray","2.10","A","598-899"
"EPHB4","2050","NP_004435.3","P54760","2VX1","X-ray","1.65","A","598-899"
"EPHB4","2050","NP_004435.3","P54760","2X9F","X-ray","1.75","A","598-899"
"EPPK1","83481","NP_112598.2","P58107","-","-","0.00","-","-"
"ERBB2","2064","NP_001005862.1","P04626","1MFG","X-ray","1.25","B","1247-1255"
"ERBB2","2064","NP_001005862.1","P04626","1MFL","X-ray","1.88","B","1247-1255"
"ERBB2","2064","NP_001005862.1","P04626","1MW4","NMR","0.00","B","1135-1144"
"ERBB2","2064","NP_001005862.1","P04626","1N8Z","X-ray","2.52","C","23-629"
"ERBB2","2064","NP_001005862.1","P04626","1OVC","model","0.00","A","737-1031"
"ERBB2","2064","NP_001005862.1","P04626","1QR1","X-ray","2.40","C/F","654-662"
"ERBB2","2064","NP_001005862.1","P04626","1S78","X-ray","3.25","A/B","23-646"
"ERBB2","2064","NP_001005862.1","P04626","2A91","X-ray","2.50","A","22-530"
"ERBB2","2064","NP_001005862.1","P04626","2JWA","NMR","0.00","A/B","641-684"
"ERBB2","2064","NP_001005862.1","P04626","2KS1","NMR","0.00","A","641-684"
"ERBB2","2064","NP_001005862.1","P04626","2L4K","NMR","0.00","B","1135-1144"
"ERBB2","2064","NP_001005862.1","P04626","3BE1","X-ray","2.90","A","23-646"
"ERBB2","2064","NP_001005862.1","P04626","3H3B","X-ray","2.45","A/B","22-214"
"ERBB2","2064","NP_001005862.1","P04626","3MZW","X-ray","2.90","A","23-646"
"ERBB2","2064","NP_001005862.1","P04626","3N85","X-ray","3.20","A","23-646"
"ERBB2","2064","NP_004439.2","P04626","1MFG","X-ray","1.25","B","1247-1255"
"ERBB2","2064","NP_004439.2","P04626","1MFL","X-ray","1.88","B","1247-1255"
"ERBB2","2064","NP_004439.2","P04626","1MW4","NMR","0.00","B","1135-1144"
"ERBB2","2064","NP_004439.2","P04626","1N8Z","X-ray","2.52","C","23-629"
"ERBB2","2064","NP_004439.2","P04626","1OVC","model","0.00","A","737-1031"
"ERBB2","2064","NP_004439.2","P04626","1QR1","X-ray","2.40","C/F","654-662"
"ERBB2","2064","NP_004439.2","P04626","1S78","X-ray","3.25","A/B","23-646"
"ERBB2","2064","NP_004439.2","P04626","2A91","X-ray","2.50","A","22-530"
"ERBB2","2064","NP_004439.2","P04626","2JWA","NMR","0.00","A/B","641-684"
"ERBB2","2064","NP_004439.2","P04626","2KS1","NMR","0.00","A","641-684"
"ERBB2","2064","NP_004439.2","P04626","2L4K","NMR","0.00","B","1135-1144"
"ERBB2","2064","NP_004439.2","P04626","3BE1","X-ray","2.90","A","23-646"
"ERBB2","2064","NP_004439.2","P04626","3H3B","X-ray","2.45","A/B","22-214"
"ERBB2","2064","NP_004439.2","P04626","3MZW","X-ray","2.90","A","23-646"
"ERBB2","2064","NP_004439.2","P04626","3N85","X-ray","3.20","A","23-646"
"ERO1L","30001","NP_055399.1","Q96HE7","3AHQ","X-ray","2.35","A","22-468"
"ERO1L","30001","NP_055399.1","Q96HE7","3AHR","X-ray","3.07","A","22-468"
"ESM1","11082","NP_001129076.1","-","-","-","0.00","-","-"
"ESM1","11082","NP_008967.1","Q9NQ30","-","-","0.00","-","-"
"ESPN","83715","NP_113663.2","B1AK53","-","-","0.00","-","-"
"ESR1","2099","NP_000116.2","P03372","1A52","X-ray","2.80","A/B","297-554"
"ESR1","2099","NP_000116.2","P03372","1AKF","model","0.00","A","309-547"
"ESR1","2099","NP_000116.2","P03372","1ERE","X-ray","3.10","A/B/C/D/E/F","301-553"
"ESR1","2099","NP_000116.2","P03372","1ERR","X-ray","2.60","A/B","301-553"
"ESR1","2099","NP_000116.2","P03372","1G50","X-ray","2.90","A/B/C","304-550"
"ESR1","2099","NP_000116.2","P03372","1GWQ","X-ray","2.45","A/B","301-548"
"ESR1","2099","NP_000116.2","P03372","1GWR","X-ray","2.40","A/B","305-549"
"ESR1","2099","NP_000116.2","P03372","1HCP","NMR","0.00","A","180-254"
"ESR1","2099","NP_000116.2","P03372","1HCQ","X-ray","2.40","A/B/E/F","180-262"
"ESR1","2099","NP_000116.2","P03372","1L2I","X-ray","1.95","A/B","297-554"
"ESR1","2099","NP_000116.2","P03372","1PCG","X-ray","2.70","A/B","304-547"
"ESR1","2099","NP_000116.2","P03372","1QKT","X-ray","2.20","A","304-551"
"ESR1","2099","NP_000116.2","P03372","1QKU","X-ray","3.20","A/B/C","301-550"
"ESR1","2099","NP_000116.2","P03372","1R5K","X-ray","2.70","A/B/C","297-554"
"ESR1","2099","NP_000116.2","P03372","1SJ0","X-ray","1.90","A","307-554"
"ESR1","2099","NP_000116.2","P03372","1UOM","X-ray","2.28","A","301-553"
"ESR1","2099","NP_000116.2","P03372","1X7E","X-ray","2.80","A/B","305-549"
"ESR1","2099","NP_000116.2","P03372","1X7R","X-ray","2.00","A","305-549"
"ESR1","2099","NP_000116.2","P03372","1XP1","X-ray","1.80","A","307-554"
"ESR1","2099","NP_000116.2","P03372","1XP6","X-ray","1.70","A","307-554"
"ESR1","2099","NP_000116.2","P03372","1XP9","X-ray","1.80","A","307-554"
"ESR1","2099","NP_000116.2","P03372","1XPC","X-ray","1.60","A","307-554"
"ESR1","2099","NP_000116.2","P03372","1XQC","X-ray","2.05","A/B/C/D","301-553"
"ESR1","2099","NP_000116.2","P03372","1YIM","X-ray","1.90","A","307-554"
"ESR1","2099","NP_000116.2","P03372","1YIN","X-ray","2.20","A","307-554"
"ESR1","2099","NP_000116.2","P03372","1ZKY","X-ray","2.25","A/B","298-554"
"ESR1","2099","NP_000116.2","P03372","2AYR","X-ray","1.90","A","304-551"
"ESR1","2099","NP_000116.2","P03372","2B1V","X-ray","1.80","A/B","298-554"
"ESR1","2099","NP_000116.2","P03372","2B1Z","X-ray","1.78","A/B","298-554"
"ESR1","2099","NP_000116.2","P03372","2B23","X-ray","2.10","A/B","298-554"
"ESR1","2099","NP_000116.2","P03372","2BJ4","X-ray","2.00","A/B","304-533"
"ESR1","2099","NP_000116.2","P03372","2FAI","X-ray","2.10","A/B","298-554"
"ESR1","2099","NP_000116.2","P03372","2G44","X-ray","2.65","A/B","298-554"
"ESR1","2099","NP_000116.2","P03372","2G5O","X-ray","2.30","A/B","298-554"
"ESR1","2099","NP_000116.2","P03372","2I0J","X-ray","2.90","A/B/C/D","304-547"
"ESR1","2099","NP_000116.2","P03372","2IOG","X-ray","1.60","A","309-554"
"ESR1","2099","NP_000116.2","P03372","2IOK","X-ray","2.40","A/B","301-554"
"ESR1","2099","NP_000116.2","P03372","2JF9","X-ray","2.10","A/B/C","304-533"
"ESR1","2099","NP_000116.2","P03372","2JFA","X-ray","2.55","A/B","304-533"
"ESR1","2099","NP_000116.2","P03372","2OCF","X-ray","2.95","A","298-595"
"ESR1","2099","NP_000116.2","P03372","2OUZ","X-ray","2.00","A","301-553"
"ESR1","2099","NP_000116.2","P03372","2P15","X-ray","1.94","A/B","298-554"
"ESR1","2099","NP_000116.2","P03372","2POG","X-ray","1.84","A/B","304-551"
"ESR1","2099","NP_000116.2","P03372","2Q6J","X-ray","2.70","A/B","298-554"
"ESR1","2099","NP_000116.2","P03372","2Q70","X-ray","1.95","A/B","304-551"
"ESR1","2099","NP_000116.2","P03372","2QA6","X-ray","2.60","A/B","298-554"
"ESR1","2099","NP_000116.2","P03372","2QA8","X-ray","1.85","A/B","298-554"
"ESR1","2099","NP_000116.2","P03372","2QAB","X-ray","1.89","A/B","298-554"
"ESR1","2099","NP_000116.2","P03372","2QE4","X-ray","2.40","A/B","304-551"
"ESR1","2099","NP_000116.2","P03372","2QGT","X-ray","2.15","A/B","298-554"
"ESR1","2099","NP_000116.2","P03372","2QGW","X-ray","2.39","A/B","298-554"
"ESR1","2099","NP_000116.2","P03372","2QH6","X-ray","2.70","A/B","298-554"
"ESR1","2099","NP_000116.2","P03372","2QR9","X-ray","2.00","A/B","298-554"
"ESR1","2099","NP_000116.2","P03372","2QSE","X-ray","1.85","A/B","298-554"
"ESR1","2099","NP_000116.2","P03372","2QXM","X-ray","2.30","A/B","298-554"
"ESR1","2099","NP_000116.2","P03372","2QXS","X-ray","1.70","A/B","298-554"
"ESR1","2099","NP_000116.2","P03372","2QZO","X-ray","1.72","A/B","298-554"
"ESR1","2099","NP_000116.2","P03372","2R6W","X-ray","2.00","A/B","304-551"
"ESR1","2099","NP_000116.2","P03372","2R6Y","X-ray","2.00","A/B","304-551"
"ESR1","2099","NP_000116.2","P03372","3CBM","X-ray","1.69","B","298-307"
"ESR1","2099","NP_000116.2","P03372","3CBO","X-ray","1.65","B","298-307"
"ESR1","2099","NP_000116.2","P03372","3CBP","X-ray","1.42","B","298-307"
"ESR1","2099","NP_000116.2","P03372","3DT3","X-ray","2.40","A/B","299-551"
"ESR1","2099","NP_000116.2","P03372","3ERD","X-ray","2.03","A/B","297-554"
"ESR1","2099","NP_000116.2","P03372","3ERT","X-ray","1.90","A","297-554"
"ESR1","2099","NP_000116.2","P03372","3HLV","X-ray","3.00","A/B","298-550"
"ESR1","2099","NP_000116.2","P03372","3HM1","X-ray","2.33","A/B","298-550"
"ESR1","2099","NP_000116.2","P03372","3L03","X-ray","1.90","A/B","298-550"
"ESR1","2099","NP_000116.2","P03372","3OS8","X-ray","2.03","A/B/C/D","299-553"
"ESR1","2099","NP_000116.2","P03372","3OS9","X-ray","2.30","A/B/C/D","299-553"
"ESR1","2099","NP_000116.2","P03372","3OSA","X-ray","2.30","A/B/C/D","299-553"
"ESR1","2099","NP_001116212.1","P03372","1A52","X-ray","2.80","A/B","297-554"
"ESR1","2099","NP_001116212.1","P03372","1AKF","model","0.00","A","309-547"
"ESR1","2099","NP_001116212.1","P03372","1ERE","X-ray","3.10","A/B/C/D/E/F","301-553"
"ESR1","2099","NP_001116212.1","P03372","1ERR","X-ray","2.60","A/B","301-553"
"ESR1","2099","NP_001116212.1","P03372","1G50","X-ray","2.90","A/B/C","304-550"
"ESR1","2099","NP_001116212.1","P03372","1GWQ","X-ray","2.45","A/B","301-548"
"ESR1","2099","NP_001116212.1","P03372","1GWR","X-ray","2.40","A/B","305-549"
"ESR1","2099","NP_001116212.1","P03372","1HCP","NMR","0.00","A","180-254"
"ESR1","2099","NP_001116212.1","P03372","1HCQ","X-ray","2.40","A/B/E/F","180-262"
"ESR1","2099","NP_001116212.1","P03372","1L2I","X-ray","1.95","A/B","297-554"
"ESR1","2099","NP_001116212.1","P03372","1PCG","X-ray","2.70","A/B","304-547"
"ESR1","2099","NP_001116212.1","P03372","1QKT","X-ray","2.20","A","304-551"
"ESR1","2099","NP_001116212.1","P03372","1QKU","X-ray","3.20","A/B/C","301-550"
"ESR1","2099","NP_001116212.1","P03372","1R5K","X-ray","2.70","A/B/C","297-554"
"ESR1","2099","NP_001116212.1","P03372","1SJ0","X-ray","1.90","A","307-554"
"ESR1","2099","NP_001116212.1","P03372","1UOM","X-ray","2.28","A","301-553"
"ESR1","2099","NP_001116212.1","P03372","1X7E","X-ray","2.80","A/B","305-549"
"ESR1","2099","NP_001116212.1","P03372","1X7R","X-ray","2.00","A","305-549"
"ESR1","2099","NP_001116212.1","P03372","1XP1","X-ray","1.80","A","307-554"
"ESR1","2099","NP_001116212.1","P03372","1XP6","X-ray","1.70","A","307-554"
"ESR1","2099","NP_001116212.1","P03372","1XP9","X-ray","1.80","A","307-554"
"ESR1","2099","NP_001116212.1","P03372","1XPC","X-ray","1.60","A","307-554"
"ESR1","2099","NP_001116212.1","P03372","1XQC","X-ray","2.05","A/B/C/D","301-553"
"ESR1","2099","NP_001116212.1","P03372","1YIM","X-ray","1.90","A","307-554"
"ESR1","2099","NP_001116212.1","P03372","1YIN","X-ray","2.20","A","307-554"
"ESR1","2099","NP_001116212.1","P03372","1ZKY","X-ray","2.25","A/B","298-554"
"ESR1","2099","NP_001116212.1","P03372","2AYR","X-ray","1.90","A","304-551"
"ESR1","2099","NP_001116212.1","P03372","2B1V","X-ray","1.80","A/B","298-554"
"ESR1","2099","NP_001116212.1","P03372","2B1Z","X-ray","1.78","A/B","298-554"
"ESR1","2099","NP_001116212.1","P03372","2B23","X-ray","2.10","A/B","298-554"
"ESR1","2099","NP_001116212.1","P03372","2BJ4","X-ray","2.00","A/B","304-533"
"ESR1","2099","NP_001116212.1","P03372","2FAI","X-ray","2.10","A/B","298-554"
"ESR1","2099","NP_001116212.1","P03372","2G44","X-ray","2.65","A/B","298-554"
"ESR1","2099","NP_001116212.1","P03372","2G5O","X-ray","2.30","A/B","298-554"
"ESR1","2099","NP_001116212.1","P03372","2I0J","X-ray","2.90","A/B/C/D","304-547"
"ESR1","2099","NP_001116212.1","P03372","2IOG","X-ray","1.60","A","309-554"
"ESR1","2099","NP_001116212.1","P03372","2IOK","X-ray","2.40","A/B","301-554"
"ESR1","2099","NP_001116212.1","P03372","2JF9","X-ray","2.10","A/B/C","304-533"
"ESR1","2099","NP_001116212.1","P03372","2JFA","X-ray","2.55","A/B","304-533"
"ESR1","2099","NP_001116212.1","P03372","2OCF","X-ray","2.95","A","298-595"
"ESR1","2099","NP_001116212.1","P03372","2OUZ","X-ray","2.00","A","301-553"
"ESR1","2099","NP_001116212.1","P03372","2P15","X-ray","1.94","A/B","298-554"
"ESR1","2099","NP_001116212.1","P03372","2POG","X-ray","1.84","A/B","304-551"
"ESR1","2099","NP_001116212.1","P03372","2Q6J","X-ray","2.70","A/B","298-554"
"ESR1","2099","NP_001116212.1","P03372","2Q70","X-ray","1.95","A/B","304-551"
"ESR1","2099","NP_001116212.1","P03372","2QA6","X-ray","2.60","A/B","298-554"
"ESR1","2099","NP_001116212.1","P03372","2QA8","X-ray","1.85","A/B","298-554"
"ESR1","2099","NP_001116212.1","P03372","2QAB","X-ray","1.89","A/B","298-554"
"ESR1","2099","NP_001116212.1","P03372","2QE4","X-ray","2.40","A/B","304-551"
"ESR1","2099","NP_001116212.1","P03372","2QGT","X-ray","2.15","A/B","298-554"
"ESR1","2099","NP_001116212.1","P03372","2QGW","X-ray","2.39","A/B","298-554"
"ESR1","2099","NP_001116212.1","P03372","2QH6","X-ray","2.70","A/B","298-554"
"ESR1","2099","NP_001116212.1","P03372","2QR9","X-ray","2.00","A/B","298-554"
"ESR1","2099","NP_001116212.1","P03372","2QSE","X-ray","1.85","A/B","298-554"
"ESR1","2099","NP_001116212.1","P03372","2QXM","X-ray","2.30","A/B","298-554"
"ESR1","2099","NP_001116212.1","P03372","2QXS","X-ray","1.70","A/B","298-554"
"ESR1","2099","NP_001116212.1","P03372","2QZO","X-ray","1.72","A/B","298-554"
"ESR1","2099","NP_001116212.1","P03372","2R6W","X-ray","2.00","A/B","304-551"
"ESR1","2099","NP_001116212.1","P03372","2R6Y","X-ray","2.00","A/B","304-551"
"ESR1","2099","NP_001116212.1","P03372","3CBM","X-ray","1.69","B","298-307"
"ESR1","2099","NP_001116212.1","P03372","3CBO","X-ray","1.65","B","298-307"
"ESR1","2099","NP_001116212.1","P03372","3CBP","X-ray","1.42","B","298-307"
"ESR1","2099","NP_001116212.1","P03372","3DT3","X-ray","2.40","A/B","299-551"
"ESR1","2099","NP_001116212.1","P03372","3ERD","X-ray","2.03","A/B","297-554"
"ESR1","2099","NP_001116212.1","P03372","3ERT","X-ray","1.90","A","297-554"
"ESR1","2099","NP_001116212.1","P03372","3HLV","X-ray","3.00","A/B","298-550"
"ESR1","2099","NP_001116212.1","P03372","3HM1","X-ray","2.33","A/B","298-550"
"ESR1","2099","NP_001116212.1","P03372","3L03","X-ray","1.90","A/B","298-550"
"ESR1","2099","NP_001116212.1","P03372","3OS8","X-ray","2.03","A/B/C/D","299-553"
"ESR1","2099","NP_001116212.1","P03372","3OS9","X-ray","2.30","A/B/C/D","299-553"
"ESR1","2099","NP_001116212.1","P03372","3OSA","X-ray","2.30","A/B/C/D","299-553"
"ESR1","2099","NP_001116213.1","P03372","1AKF","model","0.00","A","309-547"
"ESR1","2099","NP_001116213.1","P03372","1ERE","X-ray","3.10","A/B/C/D/E/F","301-553"
"ESR1","2099","NP_001116213.1","P03372","1ERR","X-ray","2.60","A/B","301-553"
"ESR1","2099","NP_001116213.1","P03372","1G50","X-ray","2.90","A/B/C","304-550"
"ESR1","2099","NP_001116213.1","P03372","1GWQ","X-ray","2.45","A/B","301-548"
"ESR1","2099","NP_001116213.1","P03372","1GWR","X-ray","2.40","A/B","305-549"
"ESR1","2099","NP_001116213.1","P03372","1HCP","NMR","0.00","A","180-254"
"ESR1","2099","NP_001116213.1","P03372","1HCQ","X-ray","2.40","A/B/E/F","180-262"
"ESR1","2099","NP_001116213.1","P03372","1L2I","X-ray","1.95","A/B","297-554"
"ESR1","2099","NP_001116213.1","P03372","1PCG","X-ray","2.70","A/B","304-547"
"ESR1","2099","NP_001116213.1","P03372","1QKT","X-ray","2.20","A","304-551"
"ESR1","2099","NP_001116213.1","P03372","1QKU","X-ray","3.20","A/B/C","301-550"
"ESR1","2099","NP_001116213.1","P03372","1R5K","X-ray","2.70","A/B/C","297-554"
"ESR1","2099","NP_001116213.1","P03372","1SJ0","X-ray","1.90","A","307-554"
"ESR1","2099","NP_001116213.1","P03372","1UOM","X-ray","2.28","A","301-553"
"ESR1","2099","NP_001116213.1","P03372","1X7E","X-ray","2.80","A/B","305-549"
"ESR1","2099","NP_001116213.1","P03372","1X7R","X-ray","2.00","A","305-549"
"ESR1","2099","NP_001116213.1","P03372","1XP1","X-ray","1.80","A","307-554"
"ESR1","2099","NP_001116213.1","P03372","1XP6","X-ray","1.70","A","307-554"
"ESR1","2099","NP_001116213.1","P03372","1XP9","X-ray","1.80","A","307-554"
"ESR1","2099","NP_001116213.1","P03372","1XPC","X-ray","1.60","A","307-554"
"ESR1","2099","NP_001116213.1","P03372","1XQC","X-ray","2.05","A/B/C/D","301-553"
"ESR1","2099","NP_001116213.1","P03372","1YIM","X-ray","1.90","A","307-554"
"ESR1","2099","NP_001116213.1","P03372","1YIN","X-ray","2.20","A","307-554"
"ESR1","2099","NP_001116213.1","P03372","1ZKY","X-ray","2.25","A/B","298-554"
"ESR1","2099","NP_001116213.1","P03372","2AYR","X-ray","1.90","A","304-551"
"ESR1","2099","NP_001116213.1","P03372","2B1V","X-ray","1.80","A/B","298-554"
"ESR1","2099","NP_001116213.1","P03372","2B1Z","X-ray","1.78","A/B","298-554"
"ESR1","2099","NP_001116213.1","P03372","2B23","X-ray","2.10","A/B","298-554"
"ESR1","2099","NP_001116213.1","P03372","2BJ4","X-ray","2.00","A/B","304-533"
"ESR1","2099","NP_001116213.1","P03372","2FAI","X-ray","2.10","A/B","298-554"
"ESR1","2099","NP_001116213.1","P03372","2G44","X-ray","2.65","A/B","298-554"
"ESR1","2099","NP_001116213.1","P03372","2G5O","X-ray","2.30","A/B","298-554"
"ESR1","2099","NP_001116213.1","P03372","2I0J","X-ray","2.90","A/B/C/D","304-547"
"ESR1","2099","NP_001116213.1","P03372","2IOG","X-ray","1.60","A","309-554"
"ESR1","2099","NP_001116213.1","P03372","2IOK","X-ray","2.40","A/B","301-554"
"ESR1","2099","NP_001116213.1","P03372","2JF9","X-ray","2.10","A/B/C","304-533"
"ESR1","2099","NP_001116213.1","P03372","2JFA","X-ray","2.55","A/B","304-533"
"ESR1","2099","NP_001116213.1","P03372","2OCF","X-ray","2.95","A","298-595"
"ESR1","2099","NP_001116213.1","P03372","2OUZ","X-ray","2.00","A","301-553"
"ESR1","2099","NP_001116213.1","P03372","2P15","X-ray","1.94","A/B","298-554"
"ESR1","2099","NP_001116213.1","P03372","2POG","X-ray","1.84","A/B","304-551"
"ESR1","2099","NP_001116213.1","P03372","2Q6J","X-ray","2.70","A/B","298-554"
"ESR1","2099","NP_001116213.1","P03372","2Q70","X-ray","1.95","A/B","304-551"
"ESR1","2099","NP_001116213.1","P03372","2QA6","X-ray","2.60","A/B","298-554"
"ESR1","2099","NP_001116213.1","P03372","2QA8","X-ray","1.85","A/B","298-554"
"ESR1","2099","NP_001116213.1","P03372","2QAB","X-ray","1.89","A/B","298-554"
"ESR1","2099","NP_001116213.1","P03372","2QE4","X-ray","2.40","A/B","304-551"
"ESR1","2099","NP_001116213.1","P03372","2QGT","X-ray","2.15","A/B","298-554"
"ESR1","2099","NP_001116213.1","P03372","2QGW","X-ray","2.39","A/B","298-554"
"ESR1","2099","NP_001116213.1","P03372","2QH6","X-ray","2.70","A/B","298-554"
"ESR1","2099","NP_001116213.1","P03372","2QR9","X-ray","2.00","A/B","298-554"
"ESR1","2099","NP_001116213.1","P03372","2QSE","X-ray","1.85","A/B","298-554"
"ESR1","2099","NP_001116213.1","P03372","2QXM","X-ray","2.30","A/B","298-554"
"ESR1","2099","NP_001116213.1","P03372","2QXS","X-ray","1.70","A/B","298-554"
"ESR1","2099","NP_001116213.1","P03372","2QZO","X-ray","1.72","A/B","298-554"
"ESR1","2099","NP_001116213.1","P03372","2R6W","X-ray","2.00","A/B","304-551"
"ESR1","2099","NP_001116213.1","P03372","2R6Y","X-ray","2.00","A/B","304-551"
"ESR1","2099","NP_001116213.1","P03372","3CBM","X-ray","1.69","B","298-307"
"ESR1","2099","NP_001116213.1","P03372","3CBO","X-ray","1.65","B","298-307"
"ESR1","2099","NP_001116213.1","P03372","3CBP","X-ray","1.42","B","298-307"
"ESR1","2099","NP_001116213.1","P03372","3DT3","X-ray","2.40","A/B","299-551"
"ESR1","2099","NP_001116213.1","P03372","3ERD","X-ray","2.03","A/B","297-554"
"ESR1","2099","NP_001116213.1","P03372","3ERT","X-ray","1.90","A","297-554"
"ESR1","2099","NP_001116213.1","P03372","3HLV","X-ray","3.00","A/B","298-550"
"ESR1","2099","NP_001116213.1","P03372","3HM1","X-ray","2.33","A/B","298-550"
"ESR1","2099","NP_001116213.1","P03372","3L03","X-ray","1.90","A/B","298-550"
"ESR1","2099","NP_001116213.1","P03372","3OS8","X-ray","2.03","A/B/C/D","299-553"
"ESR1","2099","NP_001116213.1","P03372","3OS9","X-ray","2.30","A/B/C/D","299-553"
"ESR1","2099","NP_001116213.1","P03372","3OSA","X-ray","2.30","A/B/C/D","299-553"
"ESR1","2099","NP_001116214.1","P03372","1AKF","model","0.00","A","309-547"
"ESR1","2099","NP_001116214.1","P03372","1ERE","X-ray","3.10","A/B/C/D/E/F","301-553"
"ESR1","2099","NP_001116214.1","P03372","1ERR","X-ray","2.60","A/B","301-553"
"ESR1","2099","NP_001116214.1","P03372","1G50","X-ray","2.90","A/B/C","304-550"
"ESR1","2099","NP_001116214.1","P03372","1GWQ","X-ray","2.45","A/B","301-548"
"ESR1","2099","NP_001116214.1","P03372","1GWR","X-ray","2.40","A/B","305-549"
"ESR1","2099","NP_001116214.1","P03372","1HCP","NMR","0.00","A","180-254"
"ESR1","2099","NP_001116214.1","P03372","1HCQ","X-ray","2.40","A/B/E/F","180-262"
"ESR1","2099","NP_001116214.1","P03372","1L2I","X-ray","1.95","A/B","297-554"
"ESR1","2099","NP_001116214.1","P03372","1PCG","X-ray","2.70","A/B","304-547"
"ESR1","2099","NP_001116214.1","P03372","1QKT","X-ray","2.20","A","304-551"
"ESR1","2099","NP_001116214.1","P03372","1QKU","X-ray","3.20","A/B/C","301-550"
"ESR1","2099","NP_001116214.1","P03372","1R5K","X-ray","2.70","A/B/C","297-554"
"ESR1","2099","NP_001116214.1","P03372","1SJ0","X-ray","1.90","A","307-554"
"ESR1","2099","NP_001116214.1","P03372","1UOM","X-ray","2.28","A","301-553"
"ESR1","2099","NP_001116214.1","P03372","1X7E","X-ray","2.80","A/B","305-549"
"ESR1","2099","NP_001116214.1","P03372","1X7R","X-ray","2.00","A","305-549"
"ESR1","2099","NP_001116214.1","P03372","1XP1","X-ray","1.80","A","307-554"
"ESR1","2099","NP_001116214.1","P03372","1XP6","X-ray","1.70","A","307-554"
"ESR1","2099","NP_001116214.1","P03372","1XP9","X-ray","1.80","A","307-554"
"ESR1","2099","NP_001116214.1","P03372","1XPC","X-ray","1.60","A","307-554"
"ESR1","2099","NP_001116214.1","P03372","1XQC","X-ray","2.05","A/B/C/D","301-553"
"ESR1","2099","NP_001116214.1","P03372","1YIM","X-ray","1.90","A","307-554"
"ESR1","2099","NP_001116214.1","P03372","1YIN","X-ray","2.20","A","307-554"
"ESR1","2099","NP_001116214.1","P03372","1ZKY","X-ray","2.25","A/B","298-554"
"ESR1","2099","NP_001116214.1","P03372","2AYR","X-ray","1.90","A","304-551"
"ESR1","2099","NP_001116214.1","P03372","2B1V","X-ray","1.80","A/B","298-554"
"ESR1","2099","NP_001116214.1","P03372","2B1Z","X-ray","1.78","A/B","298-554"
"ESR1","2099","NP_001116214.1","P03372","2B23","X-ray","2.10","A/B","298-554"
"ESR1","2099","NP_001116214.1","P03372","2BJ4","X-ray","2.00","A/B","304-533"
"ESR1","2099","NP_001116214.1","P03372","2FAI","X-ray","2.10","A/B","298-554"
"ESR1","2099","NP_001116214.1","P03372","2G44","X-ray","2.65","A/B","298-554"
"ESR1","2099","NP_001116214.1","P03372","2G5O","X-ray","2.30","A/B","298-554"
"ESR1","2099","NP_001116214.1","P03372","2I0J","X-ray","2.90","A/B/C/D","304-547"
"ESR1","2099","NP_001116214.1","P03372","2IOG","X-ray","1.60","A","309-554"
"ESR1","2099","NP_001116214.1","P03372","2IOK","X-ray","2.40","A/B","301-554"
"ESR1","2099","NP_001116214.1","P03372","2JF9","X-ray","2.10","A/B/C","304-533"
"ESR1","2099","NP_001116214.1","P03372","2JFA","X-ray","2.55","A/B","304-533"
"ESR1","2099","NP_001116214.1","P03372","2OCF","X-ray","2.95","A","298-595"
"ESR1","2099","NP_001116214.1","P03372","2OUZ","X-ray","2.00","A","301-553"
"ESR1","2099","NP_001116214.1","P03372","2P15","X-ray","1.94","A/B","298-554"
"ESR1","2099","NP_001116214.1","P03372","2POG","X-ray","1.84","A/B","304-551"
"ESR1","2099","NP_001116214.1","P03372","2Q6J","X-ray","2.70","A/B","298-554"
"ESR1","2099","NP_001116214.1","P03372","2Q70","X-ray","1.95","A/B","304-551"
"ESR1","2099","NP_001116214.1","P03372","2QA6","X-ray","2.60","A/B","298-554"
"ESR1","2099","NP_001116214.1","P03372","2QA8","X-ray","1.85","A/B","298-554"
"ESR1","2099","NP_001116214.1","P03372","2QAB","X-ray","1.89","A/B","298-554"
"ESR1","2099","NP_001116214.1","P03372","2QE4","X-ray","2.40","A/B","304-551"
"ESR1","2099","NP_001116214.1","P03372","2QGT","X-ray","2.15","A/B","298-554"
"ESR1","2099","NP_001116214.1","P03372","2QGW","X-ray","2.39","A/B","298-554"
"ESR1","2099","NP_001116214.1","P03372","2QH6","X-ray","2.70","A/B","298-554"
"ESR1","2099","NP_001116214.1","P03372","2QR9","X-ray","2.00","A/B","298-554"
"ESR1","2099","NP_001116214.1","P03372","2QSE","X-ray","1.85","A/B","298-554"
"ESR1","2099","NP_001116214.1","P03372","2QXM","X-ray","2.30","A/B","298-554"
"ESR1","2099","NP_001116214.1","P03372","2QXS","X-ray","1.70","A/B","298-554"
"ESR1","2099","NP_001116214.1","P03372","2QZO","X-ray","1.72","A/B","298-554"
"ESR1","2099","NP_001116214.1","P03372","2R6W","X-ray","2.00","A/B","304-551"
"ESR1","2099","NP_001116214.1","P03372","2R6Y","X-ray","2.00","A/B","304-551"
"ESR1","2099","NP_001116214.1","P03372","3CBM","X-ray","1.69","B","298-307"
"ESR1","2099","NP_001116214.1","P03372","3CBO","X-ray","1.65","B","298-307"
"ESR1","2099","NP_001116214.1","P03372","3CBP","X-ray","1.42","B","298-307"
"ESR1","2099","NP_001116214.1","P03372","3DT3","X-ray","2.40","A/B","299-551"
"ESR1","2099","NP_001116214.1","P03372","3ERD","X-ray","2.03","A/B","297-554"
"ESR1","2099","NP_001116214.1","P03372","3ERT","X-ray","1.90","A","297-554"
"ESR1","2099","NP_001116214.1","P03372","3HLV","X-ray","3.00","A/B","298-550"
"ESR1","2099","NP_001116214.1","P03372","3HM1","X-ray","2.33","A/B","298-550"
"ESR1","2099","NP_001116214.1","P03372","3L03","X-ray","1.90","A/B","298-550"
"ESR1","2099","NP_001116214.1","P03372","3OS8","X-ray","2.03","A/B/C/D","299-553"
"ESR1","2099","NP_001116214.1","P03372","3OS9","X-ray","2.30","A/B/C/D","299-553"
"ESR1","2099","NP_001116214.1","P03372","3OSA","X-ray","2.30","A/B/C/D","299-553"
"ESR2","2100","NP_001035365.1","Q92731","1L2J","X-ray","2.95","A/B","256-505"
"ESR2","2100","NP_001035365.1","Q92731","1NDE","X-ray","3.00","A","256-501"
"ESR2","2100","NP_001035365.1","Q92731","1QKM","X-ray","1.80","A","255-509"
"ESR2","2100","NP_001035365.1","Q92731","1U3Q","X-ray","2.40","A/B/C/D","261-500"
"ESR2","2100","NP_001035365.1","Q92731","1U3R","X-ray","2.21","A/B","261-501"
"ESR2","2100","NP_001035365.1","Q92731","1U3S","X-ray","2.50","A/B","261-500"
"ESR2","2100","NP_001035365.1","Q92731","1U9E","X-ray","2.40","A/B","261-501"
"ESR2","2100","NP_001035365.1","Q92731","1X76","X-ray","2.20","A/B","261-500"
"ESR2","2100","NP_001035365.1","Q92731","1X78","X-ray","2.30","A/B","261-500"
"ESR2","2100","NP_001035365.1","Q92731","1X7B","X-ray","2.30","A/B","261-500"
"ESR2","2100","NP_001035365.1","Q92731","1X7J","X-ray","2.30","A/B","261-500"
"ESR2","2100","NP_001035365.1","Q92731","1YY4","X-ray","2.70","A/B","263-530"
"ESR2","2100","NP_001035365.1","Q92731","1YYE","X-ray","2.03","A/B","263-530"
"ESR2","2100","NP_001035365.1","Q92731","1ZAF","X-ray","2.20","A/B","263-500"
"ESR2","2100","NP_001035365.1","Q92731","2FSZ","X-ray","2.20","A/B","257-502"
"ESR2","2100","NP_001035365.1","Q92731","2GIU","X-ray","2.20","A","260-500"
"ESR2","2100","NP_001035365.1","Q92731","2I0G","X-ray","2.50","A/B","256-505"
"ESR2","2100","NP_001035365.1","Q92731","2JJ3","X-ray","2.28","A/B","256-505"
"ESR2","2100","NP_001035365.1","Q92731","2NV7","X-ray","2.10","A/B","263-500"
"ESR2","2100","NP_001035365.1","Q92731","2QTU","X-ray","2.53","A/B","256-505"
"ESR2","2100","NP_001035365.1","Q92731","2Z4B","X-ray","2.34","A/B","256-505"
"ESR2","2100","NP_001035365.1","Q92731","3OLL","X-ray","1.50","A/B","261-500"
"ESR2","2100","NP_001035365.1","Q92731","3OLS","X-ray","2.20","A/B","261-500"
"ESR2","2100","NP_001035366.1","Q92731","1L2J","X-ray","2.95","A/B","256-505"
"ESR2","2100","NP_001035366.1","Q92731","1NDE","X-ray","3.00","A","256-501"
"ESR2","2100","NP_001035366.1","Q92731","1QKM","X-ray","1.80","A","255-509"
"ESR2","2100","NP_001035366.1","Q92731","1U3Q","X-ray","2.40","A/B/C/D","261-500"
"ESR2","2100","NP_001035366.1","Q92731","1U3R","X-ray","2.21","A/B","261-501"
"ESR2","2100","NP_001035366.1","Q92731","1U3S","X-ray","2.50","A/B","261-500"
"ESR2","2100","NP_001035366.1","Q92731","1U9E","X-ray","2.40","A/B","261-501"
"ESR2","2100","NP_001035366.1","Q92731","1X76","X-ray","2.20","A/B","261-500"
"ESR2","2100","NP_001035366.1","Q92731","1X78","X-ray","2.30","A/B","261-500"
"ESR2","2100","NP_001035366.1","Q92731","1X7B","X-ray","2.30","A/B","261-500"
"ESR2","2100","NP_001035366.1","Q92731","1X7J","X-ray","2.30","A/B","261-500"
"ESR2","2100","NP_001035366.1","Q92731","1YY4","X-ray","2.70","A/B","263-530"
"ESR2","2100","NP_001035366.1","Q92731","1YYE","X-ray","2.03","A/B","263-530"
"ESR2","2100","NP_001035366.1","Q92731","1ZAF","X-ray","2.20","A/B","263-500"
"ESR2","2100","NP_001035366.1","Q92731","2FSZ","X-ray","2.20","A/B","257-502"
"ESR2","2100","NP_001035366.1","Q92731","2GIU","X-ray","2.20","A","260-500"
"ESR2","2100","NP_001035366.1","Q92731","2I0G","X-ray","2.50","A/B","256-505"
"ESR2","2100","NP_001035366.1","Q92731","2JJ3","X-ray","2.28","A/B","256-505"
"ESR2","2100","NP_001035366.1","Q92731","2NV7","X-ray","2.10","A/B","263-500"
"ESR2","2100","NP_001035366.1","Q92731","2QTU","X-ray","2.53","A/B","256-505"
"ESR2","2100","NP_001035366.1","Q92731","2Z4B","X-ray","2.34","A/B","256-505"
"ESR2","2100","NP_001035366.1","Q92731","3OLL","X-ray","1.50","A/B","261-500"
"ESR2","2100","NP_001035366.1","Q92731","3OLS","X-ray","2.20","A/B","261-500"
"ESR2","2100","NP_001428.1","Q92731","1L2J","X-ray","2.95","A/B","256-505"
"ESR2","2100","NP_001428.1","Q92731","1NDE","X-ray","3.00","A","256-501"
"ESR2","2100","NP_001428.1","Q92731","1QKM","X-ray","1.80","A","255-509"
"ESR2","2100","NP_001428.1","Q92731","1U3Q","X-ray","2.40","A/B/C/D","261-500"
"ESR2","2100","NP_001428.1","Q92731","1U3R","X-ray","2.21","A/B","261-501"
"ESR2","2100","NP_001428.1","Q92731","1U3S","X-ray","2.50","A/B","261-500"
"ESR2","2100","NP_001428.1","Q92731","1U9E","X-ray","2.40","A/B","261-501"
"ESR2","2100","NP_001428.1","Q92731","1X76","X-ray","2.20","A/B","261-500"
"ESR2","2100","NP_001428.1","Q92731","1X78","X-ray","2.30","A/B","261-500"
"ESR2","2100","NP_001428.1","Q92731","1X7B","X-ray","2.30","A/B","261-500"
"ESR2","2100","NP_001428.1","Q92731","1X7J","X-ray","2.30","A/B","261-500"
"ESR2","2100","NP_001428.1","Q92731","1YY4","X-ray","2.70","A/B","263-530"
"ESR2","2100","NP_001428.1","Q92731","1YYE","X-ray","2.03","A/B","263-530"
"ESR2","2100","NP_001428.1","Q92731","1ZAF","X-ray","2.20","A/B","263-500"
"ESR2","2100","NP_001428.1","Q92731","2FSZ","X-ray","2.20","A/B","257-502"
"ESR2","2100","NP_001428.1","Q92731","2GIU","X-ray","2.20","A","260-500"
"ESR2","2100","NP_001428.1","Q92731","2I0G","X-ray","2.50","A/B","256-505"
"ESR2","2100","NP_001428.1","Q92731","2JJ3","X-ray","2.28","A/B","256-505"
"ESR2","2100","NP_001428.1","Q92731","2NV7","X-ray","2.10","A/B","263-500"
"ESR2","2100","NP_001428.1","Q92731","2QTU","X-ray","2.53","A/B","256-505"
"ESR2","2100","NP_001428.1","Q92731","2Z4B","X-ray","2.34","A/B","256-505"
"ESR2","2100","NP_001428.1","Q92731","3OLL","X-ray","1.50","A/B","261-500"
"ESR2","2100","NP_001428.1","Q92731","3OLS","X-ray","2.20","A/B","261-500"
"ETS1","2113","NP_001137292.1","-","-","-","0.00","-","-"
"ETS1","2113","NP_001155894.1","-","-","-","0.00","-","-"
"ETS1","2113","NP_005229.1","P14921","1GVJ","X-ray","1.53","A/B","297-441"
"ETS1","2113","NP_005229.1","P14921","2NNY","X-ray","2.58","A/B","280-441"
"ETS1","2113","NP_005229.1","P14921","2STT","NMR","0.00","A","320-415"
"ETS1","2113","NP_005229.1","P14921","2STW","NMR","0.00","A","320-415"
"ETS1","2113","NP_005229.1","P14921","3MFK","X-ray","3.00","A/B","280-441"
"ETV5","2119","NP_004445.1","P41161","-","-","0.00","-","-"
"F10","2159","NP_000495.1","P00742","1C5M","X-ray","1.95","D","235-481"
"F10","2159","NP_000495.1","P00742","","","0.00","F","84-179"
"F10","2159","NP_000495.1","P00742","1EZQ","X-ray","2.20","A","235-488"
"F10","2159","NP_000495.1","P00742","","","0.00","B","46-179"
"F10","2159","NP_000495.1","P00742","1F0R","X-ray","2.10","A","235-488"
"F10","2159","NP_000495.1","P00742","","","0.00","B","46-179"
"F10","2159","NP_000495.1","P00742","1F0S","X-ray","2.10","A","235-488"
"F10","2159","NP_000495.1","P00742","","","0.00","B","46-179"
"F10","2159","NP_000495.1","P00742","1FAX","X-ray","3.00","A","235-481"
"F10","2159","NP_000495.1","P00742","","","0.00","L","84-179"
"F10","2159","NP_000495.1","P00742","1FJS","X-ray","1.92","A","235-468"
"F10","2159","NP_000495.1","P00742","","","0.00","L","127-178"
"F10","2159","NP_000495.1","P00742","1FXY","X-ray","2.15","A","-"
"F10","2159","NP_000495.1","P00742","1G2L","X-ray","1.90","A","235-469"
"F10","2159","NP_000495.1","P00742","","","0.00","B","86-179"
"F10","2159","NP_000495.1","P00742","1G2M","X-ray","3.02","A","235-469"
"F10","2159","NP_000495.1","P00742","","","0.00","B","86-179"
"F10","2159","NP_000495.1","P00742","1HCG","X-ray","2.20","A","235-475"
"F10","2159","NP_000495.1","P00742","","","0.00","B","129-179"
"F10","2159","NP_000495.1","P00742","1IOE","X-ray","2.90","A","235-469"
"F10","2159","NP_000495.1","P00742","","","0.00","L","84-179"
"F10","2159","NP_000495.1","P00742","1IQE","X-ray","2.90","A","235-469"
"F10","2159","NP_000495.1","P00742","","","0.00","L","84-179"
"F10","2159","NP_000495.1","P00742","1IQF","X-ray","3.20","A","235-469"
"F10","2159","NP_000495.1","P00742","","","0.00","L","84-179"
"F10","2159","NP_000495.1","P00742","1IQG","X-ray","2.60","A","235-469"
"F10","2159","NP_000495.1","P00742","","","0.00","L","84-179"
"F10","2159","NP_000495.1","P00742","1IQH","X-ray","3.00","A","235-469"
"F10","2159","NP_000495.1","P00742","","","0.00","L","84-179"
"F10","2159","NP_000495.1","P00742","1IQI","X-ray","2.90","A","235-469"
"F10","2159","NP_000495.1","P00742","","","0.00","L","84-179"
"F10","2159","NP_000495.1","P00742","1IQJ","X-ray","3.00","A","235-469"
"F10","2159","NP_000495.1","P00742","","","0.00","L","84-179"
"F10","2159","NP_000495.1","P00742","1IQK","X-ray","3.20","A","235-469"
"F10","2159","NP_000495.1","P00742","","","0.00","L","84-179"
"F10","2159","NP_000495.1","P00742","1IQL","X-ray","2.70","A","235-469"
"F10","2159","NP_000495.1","P00742","","","0.00","L","84-179"
"F10","2159","NP_000495.1","P00742","1IQM","X-ray","2.60","A","235-469"
"F10","2159","NP_000495.1","P00742","","","0.00","L","84-179"
"F10","2159","NP_000495.1","P00742","1IQN","X-ray","2.60","A","235-469"
"F10","2159","NP_000495.1","P00742","","","0.00","L","84-179"
"F10","2159","NP_000495.1","P00742","1KSN","X-ray","2.10","A","235-488"
"F10","2159","NP_000495.1","P00742","","","0.00","B","46-179"
"F10","2159","NP_000495.1","P00742","1LPG","X-ray","2.00","A","46-179"
"F10","2159","NP_000495.1","P00742","","","0.00","B","235-488"
"F10","2159","NP_000495.1","P00742","1LPK","X-ray","2.20","A","46-179"
"F10","2159","NP_000495.1","P00742","","","0.00","B","235-488"
"F10","2159","NP_000495.1","P00742","1LPZ","X-ray","2.40","A","46-179"
"F10","2159","NP_000495.1","P00742","","","0.00","B","235-488"
"F10","2159","NP_000495.1","P00742","1LQD","X-ray","2.70","A","46-179"
"F10","2159","NP_000495.1","P00742","","","0.00","B","235-488"
"F10","2159","NP_000495.1","P00742","1MQ5","X-ray","2.10","A","235-467"
"F10","2159","NP_000495.1","P00742","","","0.00","L","127-177"
"F10","2159","NP_000495.1","P00742","1MQ6","X-ray","2.10","A","235-467"
"F10","2159","NP_000495.1","P00742","","","0.00","L","127-177"
"F10","2159","NP_000495.1","P00742","1MSX","model","0.00","A","235-469"
"F10","2159","NP_000495.1","P00742","1NFU","X-ray","2.05","A","235-488"
"F10","2159","NP_000495.1","P00742","","","0.00","B","46-240"
"F10","2159","NP_000495.1","P00742","1NFW","X-ray","2.10","A","235-488"
"F10","2159","NP_000495.1","P00742","","","0.00","B","46-179"
"F10","2159","NP_000495.1","P00742","1NFX","X-ray","2.15","A","235-488"
"F10","2159","NP_000495.1","P00742","","","0.00","B","46-179"
"F10","2159","NP_000495.1","P00742","1NFY","X-ray","2.10","A","235-488"
"F10","2159","NP_000495.1","P00742","","","0.00","B","46-179"
"F10","2159","NP_000495.1","P00742","1NL8","model","0.00","F","235-469"
"F10","2159","NP_000495.1","P00742","","","0.00","L","41-179"
"F10","2159","NP_000495.1","P00742","1P0S","X-ray","2.80","H","235-488"
"F10","2159","NP_000495.1","P00742","","","0.00","L","41-178"
"F10","2159","NP_000495.1","P00742","1V3X","X-ray","2.20","A","235-467"
"F10","2159","NP_000495.1","P00742","","","0.00","B","127-178"
"F10","2159","NP_000495.1","P00742","1WU1","X-ray","2.30","A","235-467"
"F10","2159","NP_000495.1","P00742","","","0.00","B","85-179"
"F10","2159","NP_000495.1","P00742","1XKA","X-ray","2.30","C","235-469"
"F10","2159","NP_000495.1","P00742","","","0.00","L","85-179"
"F10","2159","NP_000495.1","P00742","1XKB","X-ray","2.40","A/B","85-179"
"F10","2159","NP_000495.1","P00742","","","0.00","C/D","235-469"
"F10","2159","NP_000495.1","P00742","1Z6E","X-ray","1.80","A","235-468"
"F10","2159","NP_000495.1","P00742","","","0.00","L","127-178"
"F10","2159","NP_000495.1","P00742","2BMG","X-ray","2.70","A","126-178"
"F10","2159","NP_000495.1","P00742","","","0.00","B","235-468"
"F10","2159","NP_000495.1","P00742","2BOH","X-ray","2.20","A","46-179"
"F10","2159","NP_000495.1","P00742","","","0.00","B","235-488"
"F10","2159","NP_000495.1","P00742","2BOK","X-ray","1.64","A","235-475"
"F10","2159","NP_000495.1","P00742","","","0.00","L","126-180"
"F10","2159","NP_000495.1","P00742","2BQ6","X-ray","3.00","A","126-177"
"F10","2159","NP_000495.1","P00742","","","0.00","B","220-468"
"F10","2159","NP_000495.1","P00742","2BQ7","X-ray","2.20","A","126-177"
"F10","2159","NP_000495.1","P00742","","","0.00","B","220-468"
"F10","2159","NP_000495.1","P00742","2BQW","X-ray","2.95","A","126-177"
"F10","2159","NP_000495.1","P00742","","","0.00","B","220-468"
"F10","2159","NP_000495.1","P00742","2CJI","X-ray","2.10","A","235-488"
"F10","2159","NP_000495.1","P00742","","","0.00","B","46-179"
"F10","2159","NP_000495.1","P00742","2D1J","X-ray","2.20","A","235-467"
"F10","2159","NP_000495.1","P00742","","","0.00","B","125-178"
"F10","2159","NP_000495.1","P00742","2EI6","X-ray","2.30","A","235-467"
"F10","2159","NP_000495.1","P00742","","","0.00","B","125-178"
"F10","2159","NP_000495.1","P00742","2EI7","X-ray","2.30","A","235-467"
"F10","2159","NP_000495.1","P00742","","","0.00","B","125-178"
"F10","2159","NP_000495.1","P00742","2EI8","X-ray","2.10","A","235-467"
"F10","2159","NP_000495.1","P00742","","","0.00","B","125-178"
"F10","2159","NP_000495.1","P00742","2FZZ","X-ray","2.20","A","235-468"
"F10","2159","NP_000495.1","P00742","","","0.00","L","127-178"
"F10","2159","NP_000495.1","P00742","2G00","X-ray","2.10","A","235-468"
"F10","2159","NP_000495.1","P00742","","","0.00","L","127-178"
"F10","2159","NP_000495.1","P00742","2GD4","X-ray","3.30","A/L","126-182"
"F10","2159","NP_000495.1","P00742","","","0.00","B/H","235-475"
"F10","2159","NP_000495.1","P00742","2H9E","X-ray","2.20","H","235-467"
"F10","2159","NP_000495.1","P00742","","","0.00","L","86-234"
"F10","2159","NP_000495.1","P00742","2J2U","X-ray","1.90","A","235-488"
"F10","2159","NP_000495.1","P00742","","","0.00","B","46-179"
"F10","2159","NP_000495.1","P00742","2J34","X-ray","2.01","A","235-488"
"F10","2159","NP_000495.1","P00742","","","0.00","B","46-179"
"F10","2159","NP_000495.1","P00742","2J38","X-ray","2.10","A","235-488"
"F10","2159","NP_000495.1","P00742","","","0.00","B","46-179"
"F10","2159","NP_000495.1","P00742","2J4I","X-ray","1.80","A","235-488"
"F10","2159","NP_000495.1","P00742","","","0.00","B","46-179"
"F10","2159","NP_000495.1","P00742","2J94","X-ray","2.10","A","235-488"
"F10","2159","NP_000495.1","P00742","","","0.00","B","46-179"
"F10","2159","NP_000495.1","P00742","2J95","X-ray","2.01","A","235-488"
"F10","2159","NP_000495.1","P00742","","","0.00","B","46-179"
"F10","2159","NP_000495.1","P00742","2JKH","X-ray","1.25","A","235-475"
"F10","2159","NP_000495.1","P00742","","","0.00","L","126-180"
"F10","2159","NP_000495.1","P00742","2P16","X-ray","2.30","A","235-468"
"F10","2159","NP_000495.1","P00742","","","0.00","L","127-178"
"F10","2159","NP_000495.1","P00742","2P3F","X-ray","3.10","H","235-469"
"F10","2159","NP_000495.1","P00742","","","0.00","L","125-178"
"F10","2159","NP_000495.1","P00742","2P3T","X-ray","1.92","A","127-178"
"F10","2159","NP_000495.1","P00742","","","0.00","B","235-467"
"F10","2159","NP_000495.1","P00742","2P3U","X-ray","1.62","A","127-178"
"F10","2159","NP_000495.1","P00742","","","0.00","B","235-467"
"F10","2159","NP_000495.1","P00742","2P93","X-ray","1.90","A","235-468"
"F10","2159","NP_000495.1","P00742","","","0.00","L","127-178"
"F10","2159","NP_000495.1","P00742","2P94","X-ray","1.80","A","235-468"
"F10","2159","NP_000495.1","P00742","","","0.00","L","127-178"
"F10","2159","NP_000495.1","P00742","2P95","X-ray","2.20","A","235-468"
"F10","2159","NP_000495.1","P00742","","","0.00","L","127-178"
"F10","2159","NP_000495.1","P00742","2PHB","X-ray","2.30","A","235-468"
"F10","2159","NP_000495.1","P00742","","","0.00","B","128-178"
"F10","2159","NP_000495.1","P00742","2PR3","X-ray","1.50","A","235-468"
"F10","2159","NP_000495.1","P00742","","","0.00","B","128-178"
"F10","2159","NP_000495.1","P00742","2Q1J","X-ray","1.90","A","235-468"
"F10","2159","NP_000495.1","P00742","","","0.00","B","128-178"
"F10","2159","NP_000495.1","P00742","2RA0","X-ray","2.30","A","235-468"
"F10","2159","NP_000495.1","P00742","","","0.00","L","129-178"
"F10","2159","NP_000495.1","P00742","2UWL","X-ray","1.90","A","235-488"
"F10","2159","NP_000495.1","P00742","","","0.00","B","46-179"
"F10","2159","NP_000495.1","P00742","2UWO","X-ray","1.75","A","235-488"
"F10","2159","NP_000495.1","P00742","","","0.00","B","46-179"
"F10","2159","NP_000495.1","P00742","2UWP","X-ray","1.75","A","235-488"
"F10","2159","NP_000495.1","P00742","","","0.00","B","46-179"
"F10","2159","NP_000495.1","P00742","2VH0","X-ray","1.70","A","235-488"
"F10","2159","NP_000495.1","P00742","","","0.00","B","46-179"
"F10","2159","NP_000495.1","P00742","2VH6","X-ray","1.95","A","235-488"
"F10","2159","NP_000495.1","P00742","","","0.00","B","46-177"
"F10","2159","NP_000495.1","P00742","2VVC","X-ray","1.95","A/B","235-475"
"F10","2159","NP_000495.1","P00742","","","0.00","K/L","126-180"
"F10","2159","NP_000495.1","P00742","2VVU","X-ray","2.30","A","235-475"
"F10","2159","NP_000495.1","P00742","","","0.00","L","126-180"
"F10","2159","NP_000495.1","P00742","2VVV","X-ray","1.73","A","235-475"
"F10","2159","NP_000495.1","P00742","","","0.00","L","126-180"
"F10","2159","NP_000495.1","P00742","2VWL","X-ray","1.80","A","235-475"
"F10","2159","NP_000495.1","P00742","","","0.00","L","126-180"
"F10","2159","NP_000495.1","P00742","2VWM","X-ray","1.96","A/B","235-475"
"F10","2159","NP_000495.1","P00742","","","0.00","K/L","126-180"
"F10","2159","NP_000495.1","P00742","2VWN","X-ray","1.61","A","235-475"
"F10","2159","NP_000495.1","P00742","","","0.00","L","126-180"
"F10","2159","NP_000495.1","P00742","2VWO","X-ray","1.60","A","235-475"
"F10","2159","NP_000495.1","P00742","","","0.00","L","126-180"
"F10","2159","NP_000495.1","P00742","2W26","X-ray","2.08","A","235-468"
"F10","2159","NP_000495.1","P00742","","","0.00","B","129-177"
"F10","2159","NP_000495.1","P00742","2W3I","X-ray","1.90","A","235-468"
"F10","2159","NP_000495.1","P00742","","","0.00","B","128-178"
"F10","2159","NP_000495.1","P00742","2W3K","X-ray","2.05","A","235-468"
"F10","2159","NP_000495.1","P00742","","","0.00","B","128-178"
"F10","2159","NP_000495.1","P00742","2WYG","X-ray","1.88","A","235-487"
"F10","2159","NP_000495.1","P00742","","","0.00","B","46-179"
"F10","2159","NP_000495.1","P00742","2WYJ","X-ray","2.38","A","235-488"
"F10","2159","NP_000495.1","P00742","","","0.00","B","47-179"
"F10","2159","NP_000495.1","P00742","2XBV","X-ray","1.66","A","235-475"
"F10","2159","NP_000495.1","P00742","","","0.00","L","126-180"
"F10","2159","NP_000495.1","P00742","2XBW","X-ray","1.72","A","235-475"
"F10","2159","NP_000495.1","P00742","","","0.00","L","126-180"
"F10","2159","NP_000495.1","P00742","2XBX","X-ray","1.85","A","235-475"
"F10","2159","NP_000495.1","P00742","","","0.00","L","126-180"
"F10","2159","NP_000495.1","P00742","2XBY","X-ray","2.02","A","235-475"
"F10","2159","NP_000495.1","P00742","","","0.00","L","126-180"
"F10","2159","NP_000495.1","P00742","2XC0","X-ray","2.05","A","235-475"
"F10","2159","NP_000495.1","P00742","","","0.00","L","126-180"
"F10","2159","NP_000495.1","P00742","2XC4","X-ray","1.67","A","235-475"
"F10","2159","NP_000495.1","P00742","","","0.00","L","126-180"
"F10","2159","NP_000495.1","P00742","2XC5","X-ray","1.70","A","235-475"
"F10","2159","NP_000495.1","P00742","","","0.00","L","126-180"
"F10","2159","NP_000495.1","P00742","3CEN","X-ray","1.60","A","235-468"
"F10","2159","NP_000495.1","P00742","","","0.00","L","127-178"
"F10","2159","NP_000495.1","P00742","3CS7","X-ray","2.20","A","235-468"
"F10","2159","NP_000495.1","P00742","","","0.00","L","127-178"
"F10","2159","NP_000495.1","P00742","3ENS","X-ray","2.30","A/C","85-178"
"F10","2159","NP_000495.1","P00742","","","0.00","B/D","235-472"
"F10","2159","NP_000495.1","P00742","3FFG","X-ray","1.54","A","235-468"
"F10","2159","NP_000495.1","P00742","","","0.00","L","127-178"
"F10","2159","NP_000495.1","P00742","3HPT","X-ray","2.19","A/C","85-178"
"F10","2159","NP_000495.1","P00742","","","0.00","B/D","235-472"
"F10","2159","NP_000495.1","P00742","3IIT","X-ray","1.80","A","235-467"
"F10","2159","NP_000495.1","P00742","","","0.00","B","125-178"
"F10","2159","NP_000495.1","P00742","3K9X","X-ray","1.90","A/C","85-178"
"F10","2159","NP_000495.1","P00742","","","0.00","B/D","235-472"
"F10","2159","NP_000495.1","P00742","3KL6","X-ray","1.45","A","235-475"
"F10","2159","NP_000495.1","P00742","","","0.00","B","126-179"
"F10","2159","NP_000495.1","P00742","3KQB","X-ray","2.25","A","235-468"
"F10","2159","NP_000495.1","P00742","","","0.00","L","127-178"
"F10","2159","NP_000495.1","P00742","3KQC","X-ray","2.20","A","235-468"
"F10","2159","NP_000495.1","P00742","","","0.00","L","127-178"
"F10","2159","NP_000495.1","P00742","3KQD","X-ray","2.75","A","235-468"
"F10","2159","NP_000495.1","P00742","","","0.00","L","127-178"
"F10","2159","NP_000495.1","P00742","3KQE","X-ray","2.35","A","235-468"
"F10","2159","NP_000495.1","P00742","","","0.00","L","127-178"
"F10","2159","NP_000495.1","P00742","3LIW","X-ray","2.22","A","235-468"
"F10","2159","NP_000495.1","P00742","","","0.00","B","128-178"
"F10","2159","NP_000495.1","P00742","3M36","X-ray","2.15","A","235-468"
"F10","2159","NP_000495.1","P00742","","","0.00","L","127-178"
"F10","2159","NP_000495.1","P00742","3M37","X-ray","1.90","A","235-468"
"F10","2159","NP_000495.1","P00742","","","0.00","L","127-178"
"F13A1","2162","NP_000120.2","P00488","1EVU","X-ray","2.01","A/B","2-732"
"F13A1","2162","NP_000120.2","P00488","1EX0","X-ray","2.00","A/B","2-732"
"F13A1","2162","NP_000120.2","P00488","1F13","X-ray","2.10","A/B","2-732"
"F13A1","2162","NP_000120.2","P00488","1FIE","X-ray","2.50","A/B","2-732"
"F13A1","2162","NP_000120.2","P00488","1GGT","X-ray","2.65","A/B","2-732"
"F13A1","2162","NP_000120.2","P00488","1GGU","X-ray","2.10","A/B","2-732"
"F13A1","2162","NP_000120.2","P00488","1GGY","X-ray","2.50","A/B","2-732"
"F13A1","2162","NP_000120.2","P00488","1QRK","X-ray","2.50","A/B","2-732"
"FAM20A","54757","NP_060035.2","Q96MK3","-","-","0.00","-","-"
"FAM46C","54855","NP_060179.2","Q5VWP2","-","-","0.00","-","-"
"FAM65C","140876","NP_543019.2","Q96MK2","-","-","0.00","-","-"
"FAM89B","23625","NP_001092254.1","Q8N5H3","-","-","0.00","-","-"
"FAM89B","23625","NP_001092255.1","Q8N5H3","-","-","0.00","-","-"
"FAM89B","23625","NP_690045.1","Q8N5H3","-","-","0.00","-","-"
"Fas","355","NP_000034.1","P25445","1DDF","NMR","0.00","A","218-335"
"Fas","355","NP_000034.1","P25445","3EWT","X-ray","2.40","E","230-254"
"Fas","355","NP_000034.1","P25445","3EZQ","X-ray","2.73","A/C/E/G/I/K/M/O","223-335"
"Fas","355","NP_690610.1","P25445","1BZI","model","0.00","A","1-335"
"Fas","355","NP_690610.1","P25445","1DDF","NMR","0.00","A","218-335"
"Fas","355","NP_690610.1","P25445","3EWT","X-ray","2.40","E","230-254"
"Fas","355","NP_690610.1","P25445","3EZQ","X-ray","2.73","A/C/E/G/I/K/M/O","223-335"
"Fas","355","NP_690611.1","-","-","-","0.00","-","-"
"FBN1","2200","NP_000129.3","P35555","1APJ","NMR","0.00","A","2054-2125"
"FBN1","2200","NP_000129.3","P35555","1EMN","NMR","0.00","A","2124-2205"
"FBN1","2200","NP_000129.3","P35555","1EMO","NMR","0.00","A","2124-2205"
"FBN1","2200","NP_000129.3","P35555","1LMJ","NMR","0.00","A","1069-1154"
"FBN1","2200","NP_000129.3","P35555","1UZJ","X-ray","2.25","A/B/C","1486-1647"
"FBN1","2200","NP_000129.3","P35555","1UZK","X-ray","1.35","A","1486-1647"
"FBN1","2200","NP_000129.3","P35555","1UZP","X-ray","1.78","A","1486-1647"
"FBN1","2200","NP_000129.3","P35555","1UZQ","X-ray","2.40","A","1486-1647"
"FBN1","2200","NP_000129.3","P35555","2W86","X-ray","1.80","A","807-951"
"FBXO32","114907","NP_478136.1","Q969P5","-","-","0.00","-","-"
"FBXW7","55294","NP_001013433.1","Q969H0","2OVP","X-ray","2.90","B","263-707"
"FBXW7","55294","NP_001013433.1","Q969H0","2OVQ","X-ray","2.60","B","263-707"
"FBXW7","55294","NP_001013433.1","Q969H0","2OVR","X-ray","2.50","B","263-707"
"FBXW7","55294","NP_060785.2","Q969H0","2OVP","X-ray","2.90","B","263-707"
"FBXW7","55294","NP_060785.2","Q969H0","2OVQ","X-ray","2.60","B","263-707"
"FBXW7","55294","NP_060785.2","Q969H0","2OVR","X-ray","2.50","B","263-707"
"FBXW7","55294","NP_361014.1","Q969H0","2OVP","X-ray","2.90","B","263-707"
"FBXW7","55294","NP_361014.1","Q969H0","2OVQ","X-ray","2.60","B","263-707"
"FBXW7","55294","NP_361014.1","Q969H0","2OVR","X-ray","2.50","B","263-707"
"FGF2","2247","NP_001997.5","P09038","1BAS","X-ray","1.90","A","135-288"
"FGF2","2247","NP_001997.5","P09038","1BFB","X-ray","1.90","A","142-288"
"FGF2","2247","NP_001997.5","P09038","1BFC","X-ray","2.20","A","142-288"
"FGF2","2247","NP_001997.5","P09038","1BFF","X-ray","2.00","A","160-288"
"FGF2","2247","NP_001997.5","P09038","1BFG","X-ray","1.60","A","143-288"
"FGF2","2247","NP_001997.5","P09038","1BLA","NMR","0.00","A","134-288"
"FGF2","2247","NP_001997.5","P09038","1BLD","NMR","0.00","A","134-288"
"FGF2","2247","NP_001997.5","P09038","1CVS","X-ray","2.80","A/B","157-288"
"FGF2","2247","NP_001997.5","P09038","1EV2","X-ray","2.20","A/B/C/D","157-288"
"FGF2","2247","NP_001997.5","P09038","1FGA","X-ray","2.20","A","143-288"
"FGF2","2247","NP_001997.5","P09038","1FQ9","X-ray","3.00","A/B","157-288"
"FGF2","2247","NP_001997.5","P09038","1II4","X-ray","2.70","A/B/C/D","134-288"
"FGF2","2247","NP_001997.5","P09038","1IIL","X-ray","2.30","A/B/C/D","134-288"
"FGF2","2247","NP_001997.5","P09038","2BFH","X-ray","2.50","A","161-288"
"FGF2","2247","NP_001997.5","P09038","2FGF","X-ray","1.77","A","143-288"
"FGF2","2247","NP_001997.5","P09038","4FGF","X-ray","1.60","A","143-288"
"FGFR1","2260","NP_001167534.1","P11362","1AGW","X-ray","2.40","A/B","458-765"
"FGFR1","2260","NP_001167534.1","P11362","1CVS","X-ray","2.80","C/D","141-365"
"FGFR1","2260","NP_001167534.1","P11362","1EVT","X-ray","2.80","C/D","141-365"
"FGFR1","2260","NP_001167534.1","P11362","1FGI","X-ray","2.50","A/B","458-765"
"FGFR1","2260","NP_001167534.1","P11362","1FGK","X-ray","2.00","A/B","458-765"
"FGFR1","2260","NP_001167534.1","P11362","1FQ9","X-ray","3.00","C/D","141-365"
"FGFR1","2260","NP_001167534.1","P11362","1XR0","NMR","0.00","A","409-430"
"FGFR1","2260","NP_001167534.1","P11362","2CR3","NMR","0.00","A","38-124"
"FGFR1","2260","NP_001167534.1","P11362","2FGI","X-ray","2.50","A/B","458-765"
"FGFR1","2260","NP_001167534.1","P11362","3C4F","X-ray","2.07","A/B","464-765"
"FGFR1","2260","NP_001167534.1","P11362","3GQI","X-ray","2.50","A","458-774"
"FGFR1","2260","NP_001167534.1","P11362","3GQL","X-ray","2.80","A/B/C","458-774"
"FGFR1","2260","NP_001167534.1","P11362","3JS2","X-ray","2.20","A/B","458-765"
"FGFR1","2260","NP_001167534.1","P11362","3KRJ","X-ray","2.10","A","577-597"
"FGFR1","2260","NP_001167534.1","P11362","3KRL","X-ray","2.40","A","577-597"
"FGFR1","2260","NP_001167534.1","P11362","3KXX","X-ray","3.20","A/B/C/D","458-765"
"FGFR1","2260","NP_001167534.1","P11362","3KY2","X-ray","2.70","A/B","458-765"
"FGFR1","2260","NP_001167535.1","P11362","1AGW","X-ray","2.40","A/B","458-765"
"FGFR1","2260","NP_001167535.1","P11362","1CVS","X-ray","2.80","C/D","141-365"
"FGFR1","2260","NP_001167535.1","P11362","1EVT","X-ray","2.80","C/D","141-365"
"FGFR1","2260","NP_001167535.1","P11362","1FGI","X-ray","2.50","A/B","458-765"
"FGFR1","2260","NP_001167535.1","P11362","1FGK","X-ray","2.00","A/B","458-765"
"FGFR1","2260","NP_001167535.1","P11362","1FQ9","X-ray","3.00","C/D","141-365"
"FGFR1","2260","NP_001167535.1","P11362","1XR0","NMR","0.00","A","409-430"
"FGFR1","2260","NP_001167535.1","P11362","2CR3","NMR","0.00","A","38-124"
"FGFR1","2260","NP_001167535.1","P11362","2FGI","X-ray","2.50","A/B","458-765"
"FGFR1","2260","NP_001167535.1","P11362","3C4F","X-ray","2.07","A/B","464-765"
"FGFR1","2260","NP_001167535.1","P11362","3GQI","X-ray","2.50","A","458-774"
"FGFR1","2260","NP_001167535.1","P11362","3GQL","X-ray","2.80","A/B/C","458-774"
"FGFR1","2260","NP_001167535.1","P11362","3JS2","X-ray","2.20","A/B","458-765"
"FGFR1","2260","NP_001167535.1","P11362","3KRJ","X-ray","2.10","A","577-597"
"FGFR1","2260","NP_001167535.1","P11362","3KRL","X-ray","2.40","A","577-597"
"FGFR1","2260","NP_001167535.1","P11362","3KXX","X-ray","3.20","A/B/C/D","458-765"
"FGFR1","2260","NP_001167535.1","P11362","3KY2","X-ray","2.70","A/B","458-765"
"FGFR1","2260","NP_001167536.1","P11362","1AGW","X-ray","2.40","A/B","458-765"
"FGFR1","2260","NP_001167536.1","P11362","1CVS","X-ray","2.80","C/D","141-365"
"FGFR1","2260","NP_001167536.1","P11362","1EVT","X-ray","2.80","C/D","141-365"
"FGFR1","2260","NP_001167536.1","P11362","1FGI","X-ray","2.50","A/B","458-765"
"FGFR1","2260","NP_001167536.1","P11362","1FGK","X-ray","2.00","A/B","458-765"
"FGFR1","2260","NP_001167536.1","P11362","1FQ9","X-ray","3.00","C/D","141-365"
"FGFR1","2260","NP_001167536.1","P11362","1XR0","NMR","0.00","A","409-430"
"FGFR1","2260","NP_001167536.1","P11362","2CR3","NMR","0.00","A","38-124"
"FGFR1","2260","NP_001167536.1","P11362","2FGI","X-ray","2.50","A/B","458-765"
"FGFR1","2260","NP_001167536.1","P11362","3C4F","X-ray","2.07","A/B","464-765"
"FGFR1","2260","NP_001167536.1","P11362","3GQI","X-ray","2.50","A","458-774"
"FGFR1","2260","NP_001167536.1","P11362","3GQL","X-ray","2.80","A/B/C","458-774"
"FGFR1","2260","NP_001167536.1","P11362","3JS2","X-ray","2.20","A/B","458-765"
"FGFR1","2260","NP_001167536.1","P11362","3KRJ","X-ray","2.10","A","577-597"
"FGFR1","2260","NP_001167536.1","P11362","3KRL","X-ray","2.40","A","577-597"
"FGFR1","2260","NP_001167536.1","P11362","3KXX","X-ray","3.20","A/B/C/D","458-765"
"FGFR1","2260","NP_001167536.1","P11362","3KY2","X-ray","2.70","A/B","458-765"
"FGFR1","2260","NP_001167537.1","P11362","1AGW","X-ray","2.40","A/B","458-765"
"FGFR1","2260","NP_001167537.1","P11362","1CVS","X-ray","2.80","C/D","141-365"
"FGFR1","2260","NP_001167537.1","P11362","1EVT","X-ray","2.80","C/D","141-365"
"FGFR1","2260","NP_001167537.1","P11362","1FGI","X-ray","2.50","A/B","458-765"
"FGFR1","2260","NP_001167537.1","P11362","1FGK","X-ray","2.00","A/B","458-765"
"FGFR1","2260","NP_001167537.1","P11362","1FQ9","X-ray","3.00","C/D","141-365"
"FGFR1","2260","NP_001167537.1","P11362","1XR0","NMR","0.00","A","409-430"
"FGFR1","2260","NP_001167537.1","P11362","2CR3","NMR","0.00","A","38-124"
"FGFR1","2260","NP_001167537.1","P11362","2FGI","X-ray","2.50","A/B","458-765"
"FGFR1","2260","NP_001167537.1","P11362","3C4F","X-ray","2.07","A/B","464-765"
"FGFR1","2260","NP_001167537.1","P11362","3GQI","X-ray","2.50","A","458-774"
"FGFR1","2260","NP_001167537.1","P11362","3GQL","X-ray","2.80","A/B/C","458-774"
"FGFR1","2260","NP_001167537.1","P11362","3JS2","X-ray","2.20","A/B","458-765"
"FGFR1","2260","NP_001167537.1","P11362","3KRJ","X-ray","2.10","A","577-597"
"FGFR1","2260","NP_001167537.1","P11362","3KRL","X-ray","2.40","A","577-597"
"FGFR1","2260","NP_001167537.1","P11362","3KXX","X-ray","3.20","A/B/C/D","458-765"
"FGFR1","2260","NP_001167537.1","P11362","3KY2","X-ray","2.70","A/B","458-765"
"FGFR1","2260","NP_001167538.1","P11362","1AGW","X-ray","2.40","A/B","458-765"
"FGFR1","2260","NP_001167538.1","P11362","1CVS","X-ray","2.80","C/D","141-365"
"FGFR1","2260","NP_001167538.1","P11362","1EVT","X-ray","2.80","C/D","141-365"
"FGFR1","2260","NP_001167538.1","P11362","1FGI","X-ray","2.50","A/B","458-765"
"FGFR1","2260","NP_001167538.1","P11362","1FGK","X-ray","2.00","A/B","458-765"
"FGFR1","2260","NP_001167538.1","P11362","1FQ9","X-ray","3.00","C/D","141-365"
"FGFR1","2260","NP_001167538.1","P11362","1XR0","NMR","0.00","A","409-430"
"FGFR1","2260","NP_001167538.1","P11362","2CR3","NMR","0.00","A","38-124"
"FGFR1","2260","NP_001167538.1","P11362","2FGI","X-ray","2.50","A/B","458-765"
"FGFR1","2260","NP_001167538.1","P11362","3C4F","X-ray","2.07","A/B","464-765"
"FGFR1","2260","NP_001167538.1","P11362","3GQI","X-ray","2.50","A","458-774"
"FGFR1","2260","NP_001167538.1","P11362","3GQL","X-ray","2.80","A/B/C","458-774"
"FGFR1","2260","NP_001167538.1","P11362","3JS2","X-ray","2.20","A/B","458-765"
"FGFR1","2260","NP_001167538.1","P11362","3KRJ","X-ray","2.10","A","577-597"
"FGFR1","2260","NP_001167538.1","P11362","3KRL","X-ray","2.40","A","577-597"
"FGFR1","2260","NP_001167538.1","P11362","3KXX","X-ray","3.20","A/B/C/D","458-765"
"FGFR1","2260","NP_001167538.1","P11362","3KY2","X-ray","2.70","A/B","458-765"
"FGFR1","2260","NP_056934.2","P11362","1AGW","X-ray","2.40","A/B","458-765"
"FGFR1","2260","NP_056934.2","P11362","1CVS","X-ray","2.80","C/D","141-365"
"FGFR1","2260","NP_056934.2","P11362","1EVT","X-ray","2.80","C/D","141-365"
"FGFR1","2260","NP_056934.2","P11362","1FGI","X-ray","2.50","A/B","458-765"
"FGFR1","2260","NP_056934.2","P11362","1FGK","X-ray","2.00","A/B","458-765"
"FGFR1","2260","NP_056934.2","P11362","1FQ9","X-ray","3.00","C/D","141-365"
"FGFR1","2260","NP_056934.2","P11362","1XR0","NMR","0.00","A","409-430"
"FGFR1","2260","NP_056934.2","P11362","2CR3","NMR","0.00","A","38-124"
"FGFR1","2260","NP_056934.2","P11362","2FGI","X-ray","2.50","A/B","458-765"
"FGFR1","2260","NP_056934.2","P11362","3C4F","X-ray","2.07","A/B","464-765"
"FGFR1","2260","NP_056934.2","P11362","3GQI","X-ray","2.50","A","458-774"
"FGFR1","2260","NP_056934.2","P11362","3GQL","X-ray","2.80","A/B/C","458-774"
"FGFR1","2260","NP_056934.2","P11362","3JS2","X-ray","2.20","A/B","458-765"
"FGFR1","2260","NP_056934.2","P11362","3KRJ","X-ray","2.10","A","577-597"
"FGFR1","2260","NP_056934.2","P11362","3KRL","X-ray","2.40","A","577-597"
"FGFR1","2260","NP_056934.2","P11362","3KXX","X-ray","3.20","A/B/C/D","458-765"
"FGFR1","2260","NP_056934.2","P11362","3KY2","X-ray","2.70","A/B","458-765"
"FGFR1","2260","NP_075593.1","P11362","1AGW","X-ray","2.40","A/B","458-765"
"FGFR1","2260","NP_075593.1","P11362","1CVS","X-ray","2.80","C/D","141-365"
"FGFR1","2260","NP_075593.1","P11362","1EVT","X-ray","2.80","C/D","141-365"
"FGFR1","2260","NP_075593.1","P11362","1FGI","X-ray","2.50","A/B","458-765"
"FGFR1","2260","NP_075593.1","P11362","1FGK","X-ray","2.00","A/B","458-765"
"FGFR1","2260","NP_075593.1","P11362","1FQ9","X-ray","3.00","C/D","141-365"
"FGFR1","2260","NP_075593.1","P11362","1XR0","NMR","0.00","A","409-430"
"FGFR1","2260","NP_075593.1","P11362","2CR3","NMR","0.00","A","38-124"
"FGFR1","2260","NP_075593.1","P11362","2FGI","X-ray","2.50","A/B","458-765"
"FGFR1","2260","NP_075593.1","P11362","3C4F","X-ray","2.07","A/B","464-765"
"FGFR1","2260","NP_075593.1","P11362","3GQI","X-ray","2.50","A","458-774"
"FGFR1","2260","NP_075593.1","P11362","3GQL","X-ray","2.80","A/B/C","458-774"
"FGFR1","2260","NP_075593.1","P11362","3JS2","X-ray","2.20","A/B","458-765"
"FGFR1","2260","NP_075593.1","P11362","3KRJ","X-ray","2.10","A","577-597"
"FGFR1","2260","NP_075593.1","P11362","3KRL","X-ray","2.40","A","577-597"
"FGFR1","2260","NP_075593.1","P11362","3KXX","X-ray","3.20","A/B/C/D","458-765"
"FGFR1","2260","NP_075593.1","P11362","3KY2","X-ray","2.70","A/B","458-765"
"FGFR1","2260","NP_075594.1","P11362","1AGW","X-ray","2.40","A/B","458-765"
"FGFR1","2260","NP_075594.1","P11362","1CVS","X-ray","2.80","C/D","141-365"
"FGFR1","2260","NP_075594.1","P11362","1EVT","X-ray","2.80","C/D","141-365"
"FGFR1","2260","NP_075594.1","P11362","1FGI","X-ray","2.50","A/B","458-765"
"FGFR1","2260","NP_075594.1","P11362","1FGK","X-ray","2.00","A/B","458-765"
"FGFR1","2260","NP_075594.1","P11362","1FQ9","X-ray","3.00","C/D","141-365"
"FGFR1","2260","NP_075594.1","P11362","1XR0","NMR","0.00","A","409-430"
"FGFR1","2260","NP_075594.1","P11362","2CR3","NMR","0.00","A","38-124"
"FGFR1","2260","NP_075594.1","P11362","2FGI","X-ray","2.50","A/B","458-765"
"FGFR1","2260","NP_075594.1","P11362","3C4F","X-ray","2.07","A/B","464-765"
"FGFR1","2260","NP_075594.1","P11362","3GQI","X-ray","2.50","A","458-774"
"FGFR1","2260","NP_075594.1","P11362","3GQL","X-ray","2.80","A/B/C","458-774"
"FGFR1","2260","NP_075594.1","P11362","3JS2","X-ray","2.20","A/B","458-765"
"FGFR1","2260","NP_075594.1","P11362","3KRJ","X-ray","2.10","A","577-597"
"FGFR1","2260","NP_075594.1","P11362","3KRL","X-ray","2.40","A","577-597"
"FGFR1","2260","NP_075594.1","P11362","3KXX","X-ray","3.20","A/B/C/D","458-765"
"FGFR1","2260","NP_075594.1","P11362","3KY2","X-ray","2.70","A/B","458-765"
"FGFR1","2260","NP_075598.2","P11362","1AGW","X-ray","2.40","A/B","458-765"
"FGFR1","2260","NP_075598.2","P11362","1CVS","X-ray","2.80","C/D","141-365"
"FGFR1","2260","NP_075598.2","P11362","1EVT","X-ray","2.80","C/D","141-365"
"FGFR1","2260","NP_075598.2","P11362","1FGI","X-ray","2.50","A/B","458-765"
"FGFR1","2260","NP_075598.2","P11362","1FGK","X-ray","2.00","A/B","458-765"
"FGFR1","2260","NP_075598.2","P11362","1FQ9","X-ray","3.00","C/D","141-365"
"FGFR1","2260","NP_075598.2","P11362","1XR0","NMR","0.00","A","409-430"
"FGFR1","2260","NP_075598.2","P11362","2CR3","NMR","0.00","A","38-124"
"FGFR1","2260","NP_075598.2","P11362","2FGI","X-ray","2.50","A/B","458-765"
"FGFR1","2260","NP_075598.2","P11362","3C4F","X-ray","2.07","A/B","464-765"
"FGFR1","2260","NP_075598.2","P11362","3GQI","X-ray","2.50","A","458-774"
"FGFR1","2260","NP_075598.2","P11362","3GQL","X-ray","2.80","A/B/C","458-774"
"FGFR1","2260","NP_075598.2","P11362","3JS2","X-ray","2.20","A/B","458-765"
"FGFR1","2260","NP_075598.2","P11362","3KRJ","X-ray","2.10","A","577-597"
"FGFR1","2260","NP_075598.2","P11362","3KRL","X-ray","2.40","A","577-597"
"FGFR1","2260","NP_075598.2","P11362","3KXX","X-ray","3.20","A/B/C/D","458-765"
"FGFR1","2260","NP_075598.2","P11362","3KY2","X-ray","2.70","A/B","458-765"
"FHIT","2272","NP_001159715.1","P49789","1FHI","X-ray","3.10","A","1-147"
"FHIT","2272","NP_001159715.1","P49789","1FIT","X-ray","1.85","A","1-147"
"FHIT","2272","NP_001159715.1","P49789","2FHI","X-ray","2.60","A","1-147"
"FHIT","2272","NP_001159715.1","P49789","2FIT","X-ray","1.90","A","1-147"
"FHIT","2272","NP_001159715.1","P49789","3FIT","X-ray","2.40","A","1-147"
"FHIT","2272","NP_001159715.1","P49789","4FIT","X-ray","2.50","A","1-147"
"FHIT","2272","NP_001159715.1","P49789","5FIT","X-ray","2.30","A","1-147"
"FHIT","2272","NP_001159715.1","P49789","6FIT","X-ray","2.60","A","1-147"
"FHIT","2272","NP_002003.1","P49789","1FHI","X-ray","3.10","A","1-147"
"FHIT","2272","NP_002003.1","P49789","1FIT","X-ray","1.85","A","1-147"
"FHIT","2272","NP_002003.1","P49789","2FHI","X-ray","2.60","A","1-147"
"FHIT","2272","NP_002003.1","P49789","2FIT","X-ray","1.90","A","1-147"
"FHIT","2272","NP_002003.1","P49789","3FIT","X-ray","2.40","A","1-147"
"FHIT","2272","NP_002003.1","P49789","4FIT","X-ray","2.50","A","1-147"
"FHIT","2272","NP_002003.1","P49789","5FIT","X-ray","2.30","A","1-147"
"FHIT","2272","NP_002003.1","P49789","6FIT","X-ray","2.60","A","1-147"
"FLRT2","23768","NP_037363.1","O43155","-","-","0.00","-","-"
"FOLH1","2346","NP_001014986.1","Q04609","1Z8L","X-ray","3.50","A/B/C/D","56-750"
"FOLH1","2346","NP_001014986.1","Q04609","2C6C","X-ray","2.00","A","44-750"
"FOLH1","2346","NP_001014986.1","Q04609","2C6G","X-ray","2.20","A","44-750"
"FOLH1","2346","NP_001014986.1","Q04609","2C6P","X-ray","2.39","A","44-750"
"FOLH1","2346","NP_001014986.1","Q04609","2CIJ","X-ray","2.40","A","44-750"
"FOLH1","2346","NP_001014986.1","Q04609","2JBJ","X-ray","2.19","A","44-750"
"FOLH1","2346","NP_001014986.1","Q04609","2JBK","X-ray","2.99","A","44-750"
"FOLH1","2346","NP_001014986.1","Q04609","2OOT","X-ray","1.64","A","44-750"
"FOLH1","2346","NP_001014986.1","Q04609","2OR4","X-ray","1.62","A","44-750"
"FOLH1","2346","NP_001014986.1","Q04609","2PVV","X-ray","2.11","A","44-750"
"FOLH1","2346","NP_001014986.1","Q04609","2PVW","X-ray","1.71","A","44-750"
"FOLH1","2346","NP_001014986.1","Q04609","2XEF","X-ray","1.59","A","44-750"
"FOLH1","2346","NP_001014986.1","Q04609","2XEG","X-ray","1.59","A","44-750"
"FOLH1","2346","NP_001014986.1","Q04609","2XEI","X-ray","1.69","A","44-750"
"FOLH1","2346","NP_001014986.1","Q04609","2XEJ","X-ray","1.78","A","44-750"
"FOLH1","2346","NP_001014986.1","Q04609","3BHX","X-ray","1.60","A","44-750"
"FOLH1","2346","NP_001014986.1","Q04609","3BI0","X-ray","1.67","A","44-750"
"FOLH1","2346","NP_001014986.1","Q04609","3BI1","X-ray","1.50","A","44-750"
"FOLH1","2346","NP_001014986.1","Q04609","3BXM","X-ray","1.71","A","44-750"
"FOLH1","2346","NP_001014986.1","Q04609","3D7D","X-ray","1.69","A","44-750"
"FOLH1","2346","NP_001014986.1","Q04609","3D7F","X-ray","1.54","A","44-750"
"FOLH1","2346","NP_001014986.1","Q04609","3D7G","X-ray","1.75","A","44-750"
"FOLH1","2346","NP_001014986.1","Q04609","3D7H","X-ray","1.55","A","44-750"
"FOLH1","2346","NP_001014986.1","Q04609","3IWW","X-ray","2.30","A","44-750"
"FOLH1","2346","NP_001180400.1","Q04609","1Z8L","X-ray","3.50","A/B/C/D","56-750"
"FOLH1","2346","NP_001180400.1","Q04609","2C6C","X-ray","2.00","A","44-750"
"FOLH1","2346","NP_001180400.1","Q04609","2C6G","X-ray","2.20","A","44-750"
"FOLH1","2346","NP_001180400.1","Q04609","2C6P","X-ray","2.39","A","44-750"
"FOLH1","2346","NP_001180400.1","Q04609","2CIJ","X-ray","2.40","A","44-750"
"FOLH1","2346","NP_001180400.1","Q04609","2JBJ","X-ray","2.19","A","44-750"
"FOLH1","2346","NP_001180400.1","Q04609","2JBK","X-ray","2.99","A","44-750"
"FOLH1","2346","NP_001180400.1","Q04609","2OOT","X-ray","1.64","A","44-750"
"FOLH1","2346","NP_001180400.1","Q04609","2OR4","X-ray","1.62","A","44-750"
"FOLH1","2346","NP_001180400.1","Q04609","2PVV","X-ray","2.11","A","44-750"
"FOLH1","2346","NP_001180400.1","Q04609","2PVW","X-ray","1.71","A","44-750"
"FOLH1","2346","NP_001180400.1","Q04609","2XEF","X-ray","1.59","A","44-750"
"FOLH1","2346","NP_001180400.1","Q04609","2XEG","X-ray","1.59","A","44-750"
"FOLH1","2346","NP_001180400.1","Q04609","2XEI","X-ray","1.69","A","44-750"
"FOLH1","2346","NP_001180400.1","Q04609","2XEJ","X-ray","1.78","A","44-750"
"FOLH1","2346","NP_001180400.1","Q04609","3BHX","X-ray","1.60","A","44-750"
"FOLH1","2346","NP_001180400.1","Q04609","3BI0","X-ray","1.67","A","44-750"
"FOLH1","2346","NP_001180400.1","Q04609","3BI1","X-ray","1.50","A","44-750"
"FOLH1","2346","NP_001180400.1","Q04609","3BXM","X-ray","1.71","A","44-750"
"FOLH1","2346","NP_001180400.1","Q04609","3D7D","X-ray","1.69","A","44-750"
"FOLH1","2346","NP_001180400.1","Q04609","3D7F","X-ray","1.54","A","44-750"
"FOLH1","2346","NP_001180400.1","Q04609","3D7G","X-ray","1.75","A","44-750"
"FOLH1","2346","NP_001180400.1","Q04609","3D7H","X-ray","1.55","A","44-750"
"FOLH1","2346","NP_001180400.1","Q04609","3IWW","X-ray","2.30","A","44-750"
"FOLH1","2346","NP_001180401.1","Q04609","1Z8L","X-ray","3.50","A/B/C/D","56-750"
"FOLH1","2346","NP_001180401.1","Q04609","2C6C","X-ray","2.00","A","44-750"
"FOLH1","2346","NP_001180401.1","Q04609","2C6G","X-ray","2.20","A","44-750"
"FOLH1","2346","NP_001180401.1","Q04609","2C6P","X-ray","2.39","A","44-750"
"FOLH1","2346","NP_001180401.1","Q04609","2CIJ","X-ray","2.40","A","44-750"
"FOLH1","2346","NP_001180401.1","Q04609","2JBJ","X-ray","2.19","A","44-750"
"FOLH1","2346","NP_001180401.1","Q04609","2JBK","X-ray","2.99","A","44-750"
"FOLH1","2346","NP_001180401.1","Q04609","2OOT","X-ray","1.64","A","44-750"
"FOLH1","2346","NP_001180401.1","Q04609","2OR4","X-ray","1.62","A","44-750"
"FOLH1","2346","NP_001180401.1","Q04609","2PVV","X-ray","2.11","A","44-750"
"FOLH1","2346","NP_001180401.1","Q04609","2PVW","X-ray","1.71","A","44-750"
"FOLH1","2346","NP_001180401.1","Q04609","2XEF","X-ray","1.59","A","44-750"
"FOLH1","2346","NP_001180401.1","Q04609","2XEG","X-ray","1.59","A","44-750"
"FOLH1","2346","NP_001180401.1","Q04609","2XEI","X-ray","1.69","A","44-750"
"FOLH1","2346","NP_001180401.1","Q04609","2XEJ","X-ray","1.78","A","44-750"
"FOLH1","2346","NP_001180401.1","Q04609","3BHX","X-ray","1.60","A","44-750"
"FOLH1","2346","NP_001180401.1","Q04609","3BI0","X-ray","1.67","A","44-750"
"FOLH1","2346","NP_001180401.1","Q04609","3BI1","X-ray","1.50","A","44-750"
"FOLH1","2346","NP_001180401.1","Q04609","3BXM","X-ray","1.71","A","44-750"
"FOLH1","2346","NP_001180401.1","Q04609","3D7D","X-ray","1.69","A","44-750"
"FOLH1","2346","NP_001180401.1","Q04609","3D7F","X-ray","1.54","A","44-750"
"FOLH1","2346","NP_001180401.1","Q04609","3D7G","X-ray","1.75","A","44-750"
"FOLH1","2346","NP_001180401.1","Q04609","3D7H","X-ray","1.55","A","44-750"
"FOLH1","2346","NP_001180401.1","Q04609","3IWW","X-ray","2.30","A","44-750"
"FOLH1","2346","NP_001180402.1","Q04609","1Z8L","X-ray","3.50","A/B/C/D","56-750"
"FOLH1","2346","NP_001180402.1","Q04609","2C6C","X-ray","2.00","A","44-750"
"FOLH1","2346","NP_001180402.1","Q04609","2C6G","X-ray","2.20","A","44-750"
"FOLH1","2346","NP_001180402.1","Q04609","2C6P","X-ray","2.39","A","44-750"
"FOLH1","2346","NP_001180402.1","Q04609","2CIJ","X-ray","2.40","A","44-750"
"FOLH1","2346","NP_001180402.1","Q04609","2JBJ","X-ray","2.19","A","44-750"
"FOLH1","2346","NP_001180402.1","Q04609","2JBK","X-ray","2.99","A","44-750"
"FOLH1","2346","NP_001180402.1","Q04609","2OOT","X-ray","1.64","A","44-750"
"FOLH1","2346","NP_001180402.1","Q04609","2OR4","X-ray","1.62","A","44-750"
"FOLH1","2346","NP_001180402.1","Q04609","2PVV","X-ray","2.11","A","44-750"
"FOLH1","2346","NP_001180402.1","Q04609","2PVW","X-ray","1.71","A","44-750"
"FOLH1","2346","NP_001180402.1","Q04609","2XEF","X-ray","1.59","A","44-750"
"FOLH1","2346","NP_001180402.1","Q04609","2XEG","X-ray","1.59","A","44-750"
"FOLH1","2346","NP_001180402.1","Q04609","2XEI","X-ray","1.69","A","44-750"
"FOLH1","2346","NP_001180402.1","Q04609","2XEJ","X-ray","1.78","A","44-750"
"FOLH1","2346","NP_001180402.1","Q04609","3BHX","X-ray","1.60","A","44-750"
"FOLH1","2346","NP_001180402.1","Q04609","3BI0","X-ray","1.67","A","44-750"
"FOLH1","2346","NP_001180402.1","Q04609","3BI1","X-ray","1.50","A","44-750"
"FOLH1","2346","NP_001180402.1","Q04609","3BXM","X-ray","1.71","A","44-750"
"FOLH1","2346","NP_001180402.1","Q04609","3D7D","X-ray","1.69","A","44-750"
"FOLH1","2346","NP_001180402.1","Q04609","3D7F","X-ray","1.54","A","44-750"
"FOLH1","2346","NP_001180402.1","Q04609","3D7G","X-ray","1.75","A","44-750"
"FOLH1","2346","NP_001180402.1","Q04609","3D7H","X-ray","1.55","A","44-750"
"FOLH1","2346","NP_001180402.1","Q04609","3IWW","X-ray","2.30","A","44-750"
"FOLH1","2346","NP_004467.1","Q04609","1Z8L","X-ray","3.50","A/B/C/D","56-750"
"FOLH1","2346","NP_004467.1","Q04609","2C6C","X-ray","2.00","A","44-750"
"FOLH1","2346","NP_004467.1","Q04609","2C6G","X-ray","2.20","A","44-750"
"FOLH1","2346","NP_004467.1","Q04609","2C6P","X-ray","2.39","A","44-750"
"FOLH1","2346","NP_004467.1","Q04609","2CIJ","X-ray","2.40","A","44-750"
"FOLH1","2346","NP_004467.1","Q04609","2JBJ","X-ray","2.19","A","44-750"
"FOLH1","2346","NP_004467.1","Q04609","2JBK","X-ray","2.99","A","44-750"
"FOLH1","2346","NP_004467.1","Q04609","2OOT","X-ray","1.64","A","44-750"
"FOLH1","2346","NP_004467.1","Q04609","2OR4","X-ray","1.62","A","44-750"
"FOLH1","2346","NP_004467.1","Q04609","2PVV","X-ray","2.11","A","44-750"
"FOLH1","2346","NP_004467.1","Q04609","2PVW","X-ray","1.71","A","44-750"
"FOLH1","2346","NP_004467.1","Q04609","2XEF","X-ray","1.59","A","44-750"
"FOLH1","2346","NP_004467.1","Q04609","2XEG","X-ray","1.59","A","44-750"
"FOLH1","2346","NP_004467.1","Q04609","2XEI","X-ray","1.69","A","44-750"
"FOLH1","2346","NP_004467.1","Q04609","2XEJ","X-ray","1.78","A","44-750"
"FOLH1","2346","NP_004467.1","Q04609","3BHX","X-ray","1.60","A","44-750"
"FOLH1","2346","NP_004467.1","Q04609","3BI0","X-ray","1.67","A","44-750"
"FOLH1","2346","NP_004467.1","Q04609","3BI1","X-ray","1.50","A","44-750"
"FOLH1","2346","NP_004467.1","Q04609","3BXM","X-ray","1.71","A","44-750"
"FOLH1","2346","NP_004467.1","Q04609","3D7D","X-ray","1.69","A","44-750"
"FOLH1","2346","NP_004467.1","Q04609","3D7F","X-ray","1.54","A","44-750"
"FOLH1","2346","NP_004467.1","Q04609","3D7G","X-ray","1.75","A","44-750"
"FOLH1","2346","NP_004467.1","Q04609","3D7H","X-ray","1.55","A","44-750"
"FOLH1","2346","NP_004467.1","Q04609","3IWW","X-ray","2.30","A","44-750"
"FOXA1","3169","NP_004487.2","P55317","-","-","0.00","-","-"
"FOXA2","3170","NP_068556.2","Q9Y261","-","-","0.00","-","-"
"FOXA2","3170","NP_710141.1","Q9Y261","-","-","0.00","-","-"
"FOXC1","2296","NP_001444.2","Q12948","-","-","0.00","-","-"
"FOXL2","668","NP_075555.1","P58012","-","-","0.00","-","-"
"FUCA1","2517","NP_000138.2","P04066","-","-","0.00","-","-"
"GAD1","2571","NP_000808.2","Q99259","2OKJ","X-ray","2.30","A/B","93-594"
"GAD1","2571","NP_038473.2","Q99259","2OKJ","X-ray","2.30","A/B","93-594"
"GADD45G","10912","NP_006696.1","O95257","2WAL","X-ray","2.40","A/B","1-159"
"GADD45G","10912","NP_006696.1","O95257","3FFM","X-ray","2.30","A","1-159"
"GAS6","2621","NP_000811.1","Q14393","1H30","X-ray","2.20","A","261-721"
"GAS6","2621","NP_000811.1","Q14393","2C5D","X-ray","3.30","A/B","261-721"
"GAS6","2621","NP_001137417.1","Q14393","1H30","X-ray","2.20","A","261-721"
"GAS6","2621","NP_001137417.1","Q14393","2C5D","X-ray","3.30","A/B","261-721"
"GAS6","2621","NP_001137418.1","Q14393","1H30","X-ray","2.20","A","261-721"
"GAS6","2621","NP_001137418.1","Q14393","2C5D","X-ray","3.30","A/B","261-721"
"GCNT3","9245","NP_004742.1","O95395","-","-","0.00","-","-"
"GLT8D2","83468","NP_112592.1","Q9H1C3","-","-","0.00","-","-"
"GLTP","51228","NP_057517.1","Q9NZD2","1SWX","X-ray","1.65","A","1-209"
"GLTP","51228","NP_057517.1","Q9NZD2","1SX6","X-ray","1.95","A","1-209"
"GLTP","51228","NP_057517.1","Q9NZD2","2EUK","X-ray","1.85","A","1-209"
"GLTP","51228","NP_057517.1","Q9NZD2","2EUM","X-ray","2.30","A","1-209"
"GLTP","51228","NP_057517.1","Q9NZD2","2EVD","X-ray","2.00","A","1-209"
"GLTP","51228","NP_057517.1","Q9NZD2","2EVL","X-ray","2.20","A","1-209"
"GLTP","51228","NP_057517.1","Q9NZD2","2EVS","X-ray","2.20","A/E","1-209"
"GLTP","51228","NP_057517.1","Q9NZD2","2EVT","X-ray","1.99","A","1-209"
"GNLY","10578","NP_006424.2","P22749","1L9L","X-ray","0.92","A","63-136"
"GNLY","10578","NP_036615.2","P22749","1L9L","X-ray","0.92","A","63-136"
"GP2","2813","NP_001007241.2","P55259","-","-","0.00","-","-"
"GP2","2813","NP_001007242.2","P55259","-","-","0.00","-","-"
"GP2","2813","NP_001007243.2","P55259","-","-","0.00","-","-"
"GP2","2813","NP_001493.2","P55259","-","-","0.00","-","-"
"GPR133","283383","NP_942122.2","Q6QNK2","-","-","0.00","-","-"
"GSTP1","2950","NP_000843.1","P09211","10GS","X-ray","2.20","A/B","2-210"
"GSTP1","2950","NP_000843.1","P09211","11GS","X-ray","2.30","A/B","2-209"
"GSTP1","2950","NP_000843.1","P09211","12GS","X-ray","2.10","A/B","1-210"
"GSTP1","2950","NP_000843.1","P09211","13GS","X-ray","1.90","A/B","1-210"
"GSTP1","2950","NP_000843.1","P09211","14GS","X-ray","2.80","A/B","2-209"
"GSTP1","2950","NP_000843.1","P09211","16GS","X-ray","1.90","A/B","2-209"
"GSTP1","2950","NP_000843.1","P09211","17GS","X-ray","1.90","A/B","1-210"
"GSTP1","2950","NP_000843.1","P09211","18GS","X-ray","1.90","A/B","2-209"
"GSTP1","2950","NP_000843.1","P09211","19GS","X-ray","1.90","A/B","2-209"
"GSTP1","2950","NP_000843.1","P09211","1AQV","X-ray","1.94","A/B","2-210"
"GSTP1","2950","NP_000843.1","P09211","1AQW","X-ray","1.80","A/B/C/D","2-210"
"GSTP1","2950","NP_000843.1","P09211","1AQX","X-ray","2.00","A/B/C/D","2-210"
"GSTP1","2950","NP_000843.1","P09211","1EOG","X-ray","2.10","A/B","3-210"
"GSTP1","2950","NP_000843.1","P09211","1EOH","X-ray","2.50","A/B/C/D/E/F/G/H","2-210"
"GSTP1","2950","NP_000843.1","P09211","1GSS","X-ray","2.80","A/B","2-210"
"GSTP1","2950","NP_000843.1","P09211","1KBN","X-ray","2.00","A/B","2-209"
"GSTP1","2950","NP_000843.1","P09211","1LBK","X-ray","1.86","A/B","2-202"
"GSTP1","2950","NP_000843.1","P09211","1MD3","X-ray","2.03","A/B","2-209"
"GSTP1","2950","NP_000843.1","P09211","1MD4","X-ray","2.10","A/B","2-209"
"GSTP1","2950","NP_000843.1","P09211","1PGT","X-ray","1.80","A/B","1-210"
"GSTP1","2950","NP_000843.1","P09211","1PX6","X-ray","2.10","A/B","2-209"
"GSTP1","2950","NP_000843.1","P09211","1PX7","X-ray","2.03","A/B","2-209"
"GSTP1","2950","NP_000843.1","P09211","1ZGN","X-ray","2.10","A/B","2-209"
"GSTP1","2950","NP_000843.1","P09211","20GS","X-ray","2.45","A/B","2-209"
"GSTP1","2950","NP_000843.1","P09211","22GS","X-ray","1.90","A/B","1-210"
"GSTP1","2950","NP_000843.1","P09211","2A2R","X-ray","1.40","A/B","2-209"
"GSTP1","2950","NP_000843.1","P09211","2A2S","X-ray","1.70","A/B","2-209"
"GSTP1","2950","NP_000843.1","P09211","2GSS","X-ray","1.90","A/B","2-210"
"GSTP1","2950","NP_000843.1","P09211","2J9H","X-ray","2.40","A/B","2-210"
"GSTP1","2950","NP_000843.1","P09211","2PGT","X-ray","1.90","A/B","1-210"
"GSTP1","2950","NP_000843.1","P09211","3CSH","X-ray","1.55","A/B","2-210"
"GSTP1","2950","NP_000843.1","P09211","3CSI","X-ray","1.90","A/B/C/D","2-210"
"GSTP1","2950","NP_000843.1","P09211","3CSJ","X-ray","1.90","A/B","2-210"
"GSTP1","2950","NP_000843.1","P09211","3DD3","X-ray","2.25","A/B","1-210"
"GSTP1","2950","NP_000843.1","P09211","3DGQ","X-ray","1.60","A/B","1-210"
"GSTP1","2950","NP_000843.1","P09211","3GSS","X-ray","1.90","A/B","2-210"
"GSTP1","2950","NP_000843.1","P09211","3GUS","X-ray","1.53","A/B","2-210"
"GSTP1","2950","NP_000843.1","P09211","3HJM","X-ray","2.10","A/B/C/D","2-210"
"GSTP1","2950","NP_000843.1","P09211","3HJO","X-ray","1.95","A/B","2-210"
"GSTP1","2950","NP_000843.1","P09211","3HKR","X-ray","1.80","A/B","2-210"
"GSTP1","2950","NP_000843.1","P09211","3IE3","X-ray","1.80","A/B","2-210"
"GSTP1","2950","NP_000843.1","P09211","3KM6","X-ray","2.10","A/B","2-210"
"GSTP1","2950","NP_000843.1","P09211","3KMN","X-ray","1.80","A/B","2-210"
"GSTP1","2950","NP_000843.1","P09211","3KMO","X-ray","2.60","A/B","2-210"
"GSTP1","2950","NP_000843.1","P09211","3PGT","X-ray","2.14","A/B","1-210"
"GSTP1","2950","NP_000843.1","P09211","4GSS","X-ray","2.50","A/B","2-209"
"GSTP1","2950","NP_000843.1","P09211","4PGT","X-ray","2.10","A/B","1-210"
"GSTP1","2950","NP_000843.1","P09211","5GSS","X-ray","1.95","A/B","2-210"
"GSTP1","2950","NP_000843.1","P09211","6GSS","X-ray","1.90","A/B","2-210"
"GSTP1","2950","NP_000843.1","P09211","7GSS","X-ray","2.20","A/B","2-210"
"GSTP1","2950","NP_000843.1","P09211","8GSS","X-ray","1.90","A/B/C","2-210"
"GSTP1","2950","NP_000843.1","P09211","9GSS","X-ray","1.97","A/B","2-210"
"GZMA","3001","NP_006135.1","P12544","1HF1","model","0.00","A","29-262"
"GZMA","3001","NP_006135.1","P12544","1OP8","X-ray","2.50","A/B/C/D/E/F","29-262"
"GZMA","3001","NP_006135.1","P12544","1ORF","X-ray","2.40","A","29-262"
"HDAC2","3066","NP_001518.3","Q92769","3MAX","X-ray","2.05","A/B/C","9-374"
"HGD","3081","NP_000178.2","Q93099","1EY2","X-ray","2.30","A","1-445"
"HGD","3081","NP_000178.2","Q93099","1EYB","X-ray","1.90","A","1-445"
"HIF1A","3091","NP_001521.1","Q16665","1D7G","model","0.00","D","15-73"
"HIF1A","3091","NP_001521.1","Q16665","1H2K","X-ray","2.15","S","786-826"
"HIF1A","3091","NP_001521.1","Q16665","1H2L","X-ray","2.25","S","786-826"
"HIF1A","3091","NP_001521.1","Q16665","1H2M","X-ray","2.50","S","775-826"
"HIF1A","3091","NP_001521.1","Q16665","1L3E","NMR","0.00","A","786-826"
"HIF1A","3091","NP_001521.1","Q16665","1L8C","NMR","0.00","B","776-826"
"HIF1A","3091","NP_001521.1","Q16665","1LM8","X-ray","1.85","H","556-575"
"HIF1A","3091","NP_001521.1","Q16665","1LQB","X-ray","2.00","D","549-582"
"HIF1A","3091","NP_001521.1","Q16665","2ILM","X-ray","2.30","S","786-826"
"HIF1A","3091","NP_001521.1","Q16665","3HQR","X-ray","2.00","S","558-574"
"HIF1A","3091","NP_001521.1","Q16665","3HQU","X-ray","2.30","S","558-574"
"HIF1A","3091","NP_851397.1","Q16665","1D7G","model","0.00","D","15-73"
"HIF1A","3091","NP_851397.1","Q16665","1H2K","X-ray","2.15","S","786-826"
"HIF1A","3091","NP_851397.1","Q16665","1H2L","X-ray","2.25","S","786-826"
"HIF1A","3091","NP_851397.1","Q16665","1H2M","X-ray","2.50","S","775-826"
"HIF1A","3091","NP_851397.1","Q16665","1L3E","NMR","0.00","A","786-826"
"HIF1A","3091","NP_851397.1","Q16665","1L8C","NMR","0.00","B","776-826"
"HIF1A","3091","NP_851397.1","Q16665","1LM8","X-ray","1.85","H","556-575"
"HIF1A","3091","NP_851397.1","Q16665","1LQB","X-ray","2.00","D","549-582"
"HIF1A","3091","NP_851397.1","Q16665","2ILM","X-ray","2.30","S","786-826"
"HIF1A","3091","NP_851397.1","Q16665","3HQR","X-ray","2.00","S","558-574"
"HIF1A","3091","NP_851397.1","Q16665","3HQU","X-ray","2.30","S","558-574"
"HKDC1","80201","NP_079406.3","Q2TB90","-","-","0.00","-","-"
"HMGB1","3146","NP_002119.1","P09429","2YRQ","NMR","0.00","A","1-166"
"HOXA10","3206","NP_061824.3","P31260","-","-","0.00","-","-"
"HOXA11","3207","NP_005514.1","P31270","-","-","0.00","-","-"
"HP","3240","NP_001119574.1","P00738","-","-","0.00","-","-"
"HP","3240","NP_005134.1","P00738","-","-","0.00","-","-"
"HSPA8","3312","NP_006588.1","P11142","3ESK","X-ray","2.05","B","635-646"
"HSPA8","3312","NP_694881.1","P11142","3FZF","X-ray","2.20","A","4-381"
"HSPA8","3312","NP_694881.1","P11142","3FZH","X-ray","2.00","A","4-381"
"HSPA8","3312","NP_694881.1","P11142","3FZK","X-ray","2.10","A","4-381"
"HSPA8","3312","NP_694881.1","P11142","3FZL","X-ray","2.20","A","4-381"
"HSPA8","3312","NP_694881.1","P11142","3FZM","X-ray","2.30","A","4-381"
"HSPA8","3312","NP_694881.1","P11142","3LDQ","X-ray","1.90","A","4-381"
"HSPA8","3312","NP_694881.1","P11142","3M3Z","X-ray","2.10","A","4-381"
"HSPA8","3312","NP_694881.1","P11142","3ESK","X-ray","2.05","B","635-646"
"HSPA8","3312","NP_694881.1","P11142","3FZF","X-ray","2.20","A","4-381"
"HSPA8","3312","NP_694881.1","P11142","3FZH","X-ray","2.00","A","4-381"
"HSPA8","3312","NP_694881.1","P11142","3FZK","X-ray","2.10","A","4-381"
"HSPA8","3312","NP_694881.1","P11142","3FZL","X-ray","2.20","A","4-381"
"HSPA8","3312","NP_694881.1","P11142","3FZM","X-ray","2.30","A","4-381"
"HSPA8","3312","NP_694881.1","P11142","3LDQ","X-ray","1.90","A","4-381"
"HSPA8","3312","NP_694881.1","P11142","3M3Z","X-ray","2.10","A","4-381"
"HTR1B","3351","NP_000854.1","P28222","2G1X","model","0.00","A","1-390"
"HTRA1","5654","NP_002766.1","Q92743","2JOA","NMR","0.00","A","380-480"
"HTRA1","5654","NP_002766.1","Q92743","2YTW","NMR","0.00","A","370-480"
"HTRA2","27429","NP_037379.1","O43464","1LCY","X-ray","2.00","A","134-458"
"HTRA2","27429","NP_037379.1","O43464","2PZD","X-ray","2.75","A/B","359-458"
"HTRA2","27429","NP_659540.1","O43464","1LCY","X-ray","2.00","A","134-458"
"HTRA2","27429","NP_659540.1","O43464","2PZD","X-ray","2.75","A/B","359-458"
"HTRA3","94031","NP_444272.1","P83110","2P3W","X-ray","1.70","A/B","354-453"
"HYAL1","3373","NP_009296.1","Q12794","2PE4","X-ray","2.00","A","22-435"
"HYAL1","3373","NP_149349.2","Q12794","2PE4","X-ray","2.00","A","22-435"
"HYAL1","3373","NP_695013.1","Q12794","2PE4","X-ray","2.00","A","22-435"
"HYAL1","3373","NP_695014.1","Q12794","2PE4","X-ray","2.00","A","22-435"
"HYAL1","3373","NP_695015.1","Q12794","2PE4","X-ray","2.00","A","22-435"
"HYAL1","3373","NP_695017.1","Q12794","2PE4","X-ray","2.00","A","22-435"
"HYAL2","8692","NP_003764.3","Q12891","-","-","0.00","-","-"
"HYAL2","8692","NP_149348.2","Q12891","-","-","0.00","-","-"
"ID4","3400","NP_001537.1","P47928","-","-","0.00","-","-"
"IFIT4","3437","NP_001026853.1","O14879","-","-","0.00","-","-"
"IFIT4","3437","NP_001540.2","O14879","-","-","0.00","-","-"
"IGF1","3479","NP_000609.1","P05019","1B9G","NMR","0.00","A","49-118"
"IGF1","3479","NP_000609.1","P05019","1BQT","NMR","0.00","A","49-118"
"IGF1","3479","NP_000609.1","P05019","1GF1","model","0.00","A","49-118"
"IGF1","3479","NP_000609.1","P05019","1GZR","X-ray","2.00","B","49-118"
"IGF1","3479","NP_000609.1","P05019","1GZY","X-ray","2.54","B","49-118"
"IGF1","3479","NP_000609.1","P05019","1GZZ","X-ray","2.30","B","49-118"
"IGF1","3479","NP_000609.1","P05019","1H02","X-ray","2.00","B","49-118"
"IGF1","3479","NP_000609.1","P05019","1H59","X-ray","2.10","A","49-118"
"IGF1","3479","NP_000609.1","P05019","1IMX","X-ray","1.82","A","49-118"
"IGF1","3479","NP_000609.1","P05019","1PMX","NMR","0.00","A","49-118"
"IGF1","3479","NP_000609.1","P05019","1TGR","X-ray","1.42","A/B","49-110"
"IGF1","3479","NP_000609.1","P05019","1WQJ","X-ray","1.60","I","49-118"
"IGF1","3479","NP_000609.1","P05019","2DSP","X-ray","2.50","I","49-118"
"IGF1","3479","NP_000609.1","P05019","2DSQ","X-ray","2.80","C/I","49-118"
"IGF1","3479","NP_000609.1","P05019","2DSR","X-ray","2.10","I","49-118"
"IGF1","3479","NP_000609.1","P05019","2GF1","NMR","0.00","A","49-118"
"IGF1","3479","NP_000609.1","P05019","3GF1","NMR","0.00","A","49-118"
"IGF1","3479","NP_000609.1","P05019","3LRI","NMR","0.00","A","49-118"
"IGF1","3479","NP_001104753.1","-","-","-","0.00","-","-"
"IGF1","3479","NP_001104754.1","-","-","-","0.00","-","-"
"IGF1","3479","NP_001104755.1","P05019","1B9G","NMR","0.00","A","49-118"
"IGF1","3479","NP_001104755.1","P05019","1BQT","NMR","0.00","A","49-118"
"IGF1","3479","NP_001104755.1","P05019","1GF1","model","0.00","A","49-118"
"IGF1","3479","NP_001104755.1","P05019","1GZR","X-ray","2.00","B","49-118"
"IGF1","3479","NP_001104755.1","P05019","1GZY","X-ray","2.54","B","49-118"
"IGF1","3479","NP_001104755.1","P05019","1GZZ","X-ray","2.30","B","49-118"
"IGF1","3479","NP_001104755.1","P05019","1H02","X-ray","2.00","B","49-118"
"IGF1","3479","NP_001104755.1","P05019","1H59","X-ray","2.10","A","49-118"
"IGF1","3479","NP_001104755.1","P05019","1IMX","X-ray","1.82","A","49-118"
"IGF1","3479","NP_001104755.1","P05019","1PMX","NMR","0.00","A","49-118"
"IGF1","3479","NP_001104755.1","P05019","1TGR","X-ray","1.42","A/B","49-110"
"IGF1","3479","NP_001104755.1","P05019","1WQJ","X-ray","1.60","I","49-118"
"IGF1","3479","NP_001104755.1","P05019","2DSP","X-ray","2.50","I","49-118"
"IGF1","3479","NP_001104755.1","P05019","2DSQ","X-ray","2.80","C/I","49-118"
"IGF1","3479","NP_001104755.1","P05019","2DSR","X-ray","2.10","I","49-118"
"IGF1","3479","NP_001104755.1","P05019","2GF1","NMR","0.00","A","49-118"
"IGF1","3479","NP_001104755.1","P05019","3GF1","NMR","0.00","A","49-118"
"IGF1","3479","NP_001104755.1","P05019","3LRI","NMR","0.00","A","49-118"
"IGF2","3481","NP_000603.1","P01344","1GF2","model","0.00","A","25-91"
"IGF2","3481","NP_000603.1","P01344","1IGL","NMR","0.00","A","25-91"
"IGF2","3481","NP_000603.1","P01344","2V5P","X-ray","4.10","C/D","25-91"
"IGF2","3481","NP_000603.1","P01344","3E4Z","X-ray","2.28","C/D","25-91"
"IGF2","3481","NP_000603.1","P01344","3KR3","X-ray","2.20","D","25-91"
"IGF2","3481","NP_001007140.2","P01344","1GF2","model","0.00","A","25-91"
"IGF2","3481","NP_001007140.2","P01344","1IGL","NMR","0.00","A","25-91"
"IGF2","3481","NP_001007140.2","P01344","2V5P","X-ray","4.10","C/D","25-91"
"IGF2","3481","NP_001007140.2","P01344","3E4Z","X-ray","2.28","C/D","25-91"
"IGF2","3481","NP_001007140.2","P01344","3KR3","X-ray","2.20","D","25-91"
"IGF2","3481","NP_001121070.1","-","-","-","0.00","-","-"
"IGF2BP2","10644","NP_001007226.1","Q9Y6M1","2CQH","NMR","0.00","A","29618"
"IGF2BP2","10644","NP_006539.3","Q9Y6M1","2CQH","NMR","0.00","A","29618"
"IGF2BP3","10643","NP_006538.2","O00425","2E44","NMR","0.00","A","73-161 "
"IGFBP1","3484","NP_000587.1","P08833","1ZT3","X-ray","1.80","A","172-251"
"IGFBP1","3484","NP_000587.1","P08833","1ZT5","X-ray","1.82","A","172-251"
"IGFBP1","3484","NP_000587.1","P08833","2DSQ","X-ray","2.80","G/H","166-259"
"IGFBP3","3486","NP_000589.2","P17936","-","-","0.00","-","-"
"IGFBP3","3486","NP_001013416.1","P17936","-","-","0.00","-","-"
"IGFBP6","3489","NP_002169.1","P24592","1RMJ","NMR","0.00","A","161-240"
"IGJ","3512","NP_653247.1","P01591","-","-","0.00","-","-"
"IL11","3589","NP_000632.1","P20809","-","-","0.00","-","-"
"IL20RA","53832","NP_055247.2","Q9UHF4","-","-","0.00","-","-"
"IL8","3576","NP_000575.1","P10145","1ICW","X-ray","2.01","A/B","28-99"
"IL8","3576","NP_000575.1","P10145","1IKL","NMR","0.00","A","28-99"
"IL8","3576","NP_000575.1","P10145","1IKM","NMR","0.00","A","28-99"
"IL8","3576","NP_000575.1","P10145","1IL8","NMR","0.00","A/B","28-99"
"IL8","3576","NP_000575.1","P10145","1ILP","NMR","0.00","A/B","28-99"
"IL8","3576","NP_000575.1","P10145","1ILQ","NMR","0.00","A/B","28-99"
"IL8","3576","NP_000575.1","P10145","1QE6","X-ray","2.35","A/B/C/D","28-99"
"IL8","3576","NP_000575.1","P10145","1ROD","NMR","0.00","A/B","28-57"
"IL8","3576","NP_000575.1","P10145","2IL8","NMR","0.00","A/B","28-99"
"IL8","3576","NP_000575.1","P10145","3IL8","X-ray","2.00","A","28-99"
"INPP5F","22876","NP_055752.1","-","-","-","0.00","-","-"
"IP6K1","9807","NP_001006115.1","Q92551","-","-","0.00","-","-"
"IP6K1","9807","NP_695005.1","Q92551","-","-","0.00","-","-"
"ITGAV","3685","NP_001138471.1","P06756","1JV2","X-ray","3.10","A","31-987"
"ITGAV","3685","NP_001138471.1","P06756","1L5G","X-ray","3.20","A","31-987"
"ITGAV","3685","NP_001138471.1","P06756","1M1X","X-ray","3.30","A","31-987"
"ITGAV","3685","NP_001138471.1","P06756","1U8C","X-ray","3.10","A","31-987"
"ITGAV","3685","NP_001138471.1","P06756","3IJE","X-ray","2.90","A","31-997"
"ITGAV","3685","NP_001138472.1","P06756","1JV2","X-ray","3.10","A","31-987"
"ITGAV","3685","NP_001138472.1","P06756","1L5G","X-ray","3.20","A","31-987"
"ITGAV","3685","NP_001138472.1","P06756","1M1X","X-ray","3.30","A","31-987"
"ITGAV","3685","NP_001138472.1","P06756","1U8C","X-ray","3.10","A","31-987"
"ITGAV","3685","NP_001138472.1","P06756","3IJE","X-ray","2.90","A","31-997"
"ITGAV","3685","NP_002201.1","P06756","1JV2","X-ray","3.10","A","31-987"
"ITGAV","3685","NP_002201.1","P06756","1L5G","X-ray","3.20","A","31-987"
"ITGAV","3685","NP_002201.1","P06756","1M1X","X-ray","3.30","A","31-987"
"ITGAV","3685","NP_002201.1","P06756","1U8C","X-ray","3.10","A","31-987"
"ITGAV","3685","NP_002201.1","P06756","3IJE","X-ray","2.90","A","31-997"
"ITPKC","80271","NP_079470.1","Q96DU7","2A98","X-ray","2.60","A","425-683"
"JPH4","84502","NP_001139500.1","Q96JJ6","-","-","0.00","-","-"
"JPH4","84502","NP_115828.2","Q96JJ6","-","-","0.00","-","-"
"KANK4","163782","NP_859063.3","Q5T7N3","-","-","0.00","-","-"
"KIAA1324","57535","NP_065826.2","Q6UXG2","-","-","0.00","-","-"
"KIF1A","547","NP_004312.2","Q12756","-","-","0.00","-","-"
"KIF26A","26153","NP_056471.1","Q9ULI4","-","-","0.00","-","-"
"KLK10","5655","NP_001070968.1","O43240","-","-","0.00","-","-"
"KLK10","5655","NP_002767.2","O43240","-","-","0.00","-","-"
"KLK10","5655","NP_665895.1","O43240","-","-","0.00","-","-"
"KLK6","5653","NP_001012982.1","Q92876","1GVL","X-ray","1.80","A","21-243"
"KLK6","5653","NP_001012982.1","Q92876","1L2E","X-ray","1.75","A","22-244"
"KLK6","5653","NP_001012982.1","Q92876","1LO6","X-ray","1.56","A","22-237"
"KLK6","5653","NP_001012983.1","Q92876","1GVL","X-ray","1.80","A","21-243"
"KLK6","5653","NP_001012983.1","Q92876","1L2E","X-ray","1.75","A","22-244"
"KLK6","5653","NP_001012983.1","Q92876","1LO6","X-ray","1.56","A","22-237"
"KLK6","5653","NP_002765.1","Q92876","1GVL","X-ray","1.80","A","21-243"
"KLK6","5653","NP_002765.1","Q92876","1L2E","X-ray","1.75","A","22-244"
"KLK6","5653","NP_002765.1","Q92876","1LO6","X-ray","1.56","A","22-237"
"KLRC2","3882","NP_002269.3","Q14532","-","-","0.00","-","-"
"KRAS","3845","NP_004976.2","P01116","1D8D","X-ray","2.00","P","169-173"
"KRAS","3845","NP_004976.2","P01116","1D8E","X-ray","3.00","P","169-173"
"KRAS","3845","NP_004976.2","P01116","1KZO","X-ray","2.20","C","169-173"
"KRAS","3845","NP_004976.2","P01116","1KZP","X-ray","2.10","C","169-173"
"KRAS","3845","NP_004976.2","P01116","3GFT","X-ray","2.27","A/B/C/D/E/F","1-164"
"KRAS","3845","NP_203524.1","P01116","1D8D","X-ray","2.00","P","169-173"
"KRAS","3845","NP_203524.1","P01116","1D8E","X-ray","3.00","P","169-173"
"KRAS","3845","NP_203524.1","P01116","1KZO","X-ray","2.20","C","169-173"
"KRAS","3845","NP_203524.1","P01116","1KZP","X-ray","2.10","C","169-173"
"KRAS","3845","NP_203524.1","P01116","3GFT","X-ray","2.27","A/B/C/D/E/F","1-164"
"KYNU","8942","NP_003698.1","Q9Y265","2C9O","X-ray","2.20","A/B/C","1-456"
"LAMB1","3912","NP_002282.2","P07942","-","-","0.00","-","-"
"LCN2","3934","NP_005555.2","P80188","1DFV","X-ray","2.60","A/B","21-197"
"LCN2","3934","NP_005555.2","P80188","1L6M","X-ray","2.40","A/B/C","21-198"
"LCN2","3934","NP_005555.2","P80188","1NGL","NMR","0.00","A","21-198"
"LCN2","3934","NP_005555.2","P80188","1QQS","X-ray","2.40","A","24-197"
"LCN2","3934","NP_005555.2","P80188","1X71","X-ray","2.10","A/B/C","21-198"
"LCN2","3934","NP_005555.2","P80188","1X89","X-ray","2.10","A/B/C","21-198"
"LCN2","3934","NP_005555.2","P80188","1X8U","X-ray","2.20","A/B/C","21-198"
"LCN2","3934","NP_005555.2","P80188","3BY0","X-ray","2.57","A/B/C","1-198"
"LCN2","3934","NP_005555.2","P80188","3CBC","X-ray","2.17","A/B/C","1-198"
"LCN2","3934","NP_005555.2","P80188","3CMP","X-ray","2.80","A/B/C","1-198"
"LCN2","3934","NP_005555.2","P80188","3DSZ","X-ray","2.00","A/B","21-198"
"LCN2","3934","NP_005555.2","P80188","3DTQ","X-ray","2.50","A/B/C","21-198"
"LCN2","3934","NP_005555.2","P80188","3FW4","X-ray","2.30","A/B/C","21-198"
"LCN2","3934","NP_005555.2","P80188","3FW5","X-ray","2.30","A/B/C","21-198"
"LCN2","3934","NP_005555.2","P80188","3HWD","X-ray","2.95","A/B/C","1-198"
"LCN2","3934","NP_005555.2","P80188","3HWE","X-ray","2.80","A/B/C","1-198"
"LCN2","3934","NP_005555.2","P80188","3HWF","X-ray","3.20","A/B/C","1-198"
"LCN2","3934","NP_005555.2","P80188","3HWG","X-ray","2.19","A/B/C","1-198"
"LCN2","3934","NP_005555.2","P80188","3I0A","X-ray","2.60","A/B/C","1-198"
"LCN2","3934","NP_005555.2","P80188","3K3L","X-ray","2.62","A/B/C","21-198"
"LDB2","9079","NP_001124306.1","O43679","-","-","0.00","-","-"
"LDB2","9079","NP_001281.1","O43679","-","-","0.00","-","-"
"LGALS3","3958","NP_001170859.1","-","-","-","0.00","-","-"
"LIMS1","3987","NP_001180411.1","-","-","-","0.00","-","-"
"LIMS1","3987","NP_001180412.1","-","-","-","0.00","-","-"
"LIMS1","3987","NP_001180413.1","-","-","-","0.00","-","-"
"LIMS1","3987","NP_001180414.1","-","-","-","0.00","-","-"
"LIMS1","3987","NP_001180417.1","P48059","1G47","NMR","0.00","A","25569"
"LIMS1","3987","NP_001180417.1","P48059","1NYP","NMR","0.00","A","188-251"
"LIMS1","3987","NP_001180417.1","P48059","1U5S","NMR","0.00","B","188-251"
"LIMS1","3987","NP_001180417.1","P48059","2COR","NMR","0.00","A","125-190"
"LIMS1","3987","NP_001180417.1","P48059","2D8X","NMR","0.00","A","71-126"
"LIMS1","3987","NP_001180417.1","P48059","2KBX","NMR","0.00","B","25569"
"LIMS1","3987","NP_001180417.1","P48059","3F6Q","X-ray","1.60","B","24990"
"LIMS1","3987","NP_004978.2","P48059","1G47","NMR","0.00","A","25569"
"LIMS1","3987","NP_004978.2","P48059","1NYP","NMR","0.00","A","188-251"
"LIMS1","3987","NP_004978.2","P48059","1U5S","NMR","0.00","B","188-251"
"LIMS1","3987","NP_004978.2","P48059","2COR","NMR","0.00","A","125-190"
"LIMS1","3987","NP_004978.2","P48059","2D8X","NMR","0.00","A","71-126"
"LIMS1","3987","NP_004978.2","P48059","2KBX","NMR","0.00","B","25569"
"LIMS1","3987","NP_004978.2","P48059","3F6Q","X-ray","1.60","B","24990"
"LMOD1","25802","NP_036266.2","P29536","-","-","0.00","-","-"
"LOX","4015","NP_001171573.1","-","-","-","0.00","-","-"
"LOX","4015","NP_002308.2","P28300","-","-","0.00","-","-"
"LOXL3","84695","NP_115992.1","P58215","-","-","0.00","-","-"
"LRCH2","57631","NP_065922.3","Q5VUJ6","-","-","0.00","-","-"
"LRP1","4035","NP_002323.2","Q07954","1CR8","NMR","0.00","A","1059-1100"
"LRP1","4035","NP_002323.2","Q07954","1D2L","NMR","0.00","A","851-893"
"LRP1","4035","NP_002323.2","Q07954","1J8E","X-ray","1.85","A","1012-1054"
"LRP1","4035","NP_002323.2","Q07954","2FYJ","NMR","0.00","A","932-1013"
"LRP1","4035","NP_002323.2","Q07954","2FYL","NMR","0.00","B","932-1013"
"LRP1","4035","NP_002323.2","Q07954","2KNX","NMR","0.00","A","2770-2817"
"LRP1","4035","NP_002323.2","Q07954","2KNY","NMR","0.00","A","2770-2817"
"LRRN1","57633","NP_065924.3","Q6UXK5","-","-","0.00","-","-"
"LTBP4","8425","NP_001036009.1","Q8N2S1","-","-","0.00","-","-"
"LTBP4","8425","NP_001036010.1","Q8N2S1","-","-","0.00","-","-"
"LTBP4","8425","NP_003564.2","Q8N2S1","-","-","0.00","-","-"
"MAPRE1","22919","NP_036457.1","Q15691","1PA7","X-ray","1.45","A","1-130"
"MAPRE1","22919","NP_036457.1","Q15691","1TXQ","X-ray","1.80","B","183-268"
"MAPRE1","22919","NP_036457.1","Q15691","1UEG","X-ray","2.40","A","1-130"
"MAPRE1","22919","NP_036457.1","Q15691","1VKA","X-ray","1.60","A/B","2-140"
"MAPRE1","22919","NP_036457.1","Q15691","1WU9","X-ray","1.54","A/B","191-268"
"MAPRE1","22919","NP_036457.1","Q15691","1YIB","X-ray","1.80","A","185-254"
"MAPRE1","22919","NP_036457.1","Q15691","1YIG","X-ray","2.00","A/B","185-254"
"MAPRE1","22919","NP_036457.1","Q15691","2HKQ","X-ray","1.86","A","191-267"
"MAPRE1","22919","NP_036457.1","Q15691","2HL3","X-ray","2.03","C","263-268"
"MAPRE1","22919","NP_036457.1","Q15691","2HL5","X-ray","1.93","A/B","191-267"
"MAPRE1","22919","NP_036457.1","Q15691","2QJZ","X-ray","1.25","A/B","12-133"
"MAPRE1","22919","NP_036457.1","Q15691","2R8U","X-ray","1.35","A/B","1-268"
"MAPRE1","22919","NP_036457.1","Q15691","3GJO","X-ray","2.50","A/B/C/D","191-260"
"MARCO","8685","NP_006761.1","Q9UEW3","-","-","0.00","-","-"
"MASP1","5648","NP_001027019.1","P48740","3DEM","X-ray","2.30","A/B","20-297"
"MASP1","5648","NP_001027019.1","P48740","3GOV","X-ray","2.55","A","298-448"
"MASP1","5648","NP_001027019.1","P48740","","","0.00","B","449-699"
"MASP1","5648","NP_001870.3","P48740","3DEM","X-ray","2.30","A/B","20-297"
"MASP1","5648","NP_001870.3","P48740","3GOV","X-ray","2.55","A","298-448"
"MASP1","5648","NP_001870.3","P48740","","","0.00","B","449-699"
"MASP1","5648","NP_624302.1","P48740","3DEM","X-ray","2.30","A/B","3q "
"MASP1","5648","NP_624302.1","P48740","3GOV","X-ray","2.55","A","298-448"
"MASP1","5648","NP_624302.1","P48740","","","0.00","B","449-699"
"MDM2","4193","NP_002383.2","Q00987","1RV1","X-ray","2.30","A/B/C","25-109"
"MDM2","4193","NP_002383.2","Q00987","1T4E","X-ray","2.60","A/B","17-111"
"MDM2","4193","NP_002383.2","Q00987","1T4F","X-ray","1.90","M","17-125"
"MDM2","4193","NP_002383.2","Q00987","1YCR","X-ray","2.60","A","17-125"
"MDM2","4193","NP_002383.2","Q00987","1Z1M","NMR","0.00","A","1-118"
"MDM2","4193","NP_002383.2","Q00987","2AXI","X-ray","1.40","A","17-125"
"MDM2","4193","NP_002383.2","Q00987","2C6A","NMR","0.00","A","290-335"
"MDM2","4193","NP_002383.2","Q00987","2C6B","NMR","0.00","A","290-335"
"MDM2","4193","NP_002383.2","Q00987","2F1Y","X-ray","1.70","A","-"
"MDM2","4193","NP_002383.2","Q00987","2FOP","X-ray","2.10","B","145-150"
"MDM2","4193","NP_002383.2","Q00987","2GV2","X-ray","1.80","A","17-125"
"MDM2","4193","NP_002383.2","Q00987","2HDP","NMR","0.00","A/B","429-491"
"MDM2","4193","NP_002383.2","Q00987","2VJE","X-ray","2.20","A/C","428-491"
"MDM2","4193","NP_002383.2","Q00987","2VJF","X-ray","2.30","A/C","428-491"
"MDM2","4193","NP_002383.2","Q00987","3EQS","X-ray","1.65","A","25-109"
"MDM2","4193","NP_002383.2","Q00987","3G03","X-ray","1.80","A/C","18-125"
"MDM2","4193","NP_002383.2","Q00987","3IUX","X-ray","1.65","A/C","25-109"
"MDM2","4193","NP_002383.2","Q00987","3IWY","X-ray","1.93","A/C","25-109"
"MDM2","4193","NP_002383.2","Q00987","3JZK","X-ray","2.10","A","17-111"
"MDM2","4193","NP_002383.2","Q00987","3JZR","X-ray","2.10","A","17-125"
"MDM2","4193","NP_002383.2","Q00987","3JZS","X-ray","1.78","A","24-109"
"MDM2","4193","NP_002383.2","Q00987","3LBK","X-ray","2.30","A","18-111"
"MDM2","4193","NP_002383.2","Q00987","3LBL","X-ray","1.60","A/C/E","18-111"
"MDM2","4193","NP_002383.2","Q00987","3LNJ","X-ray","2.40","A/C/E","25-109"
"MDM2","4193","NP_002383.2","Q00987","3LNZ","X-ray","1.95","A/C/E/G/I/K/M/O","25-109"
"MED13L","23389","NP_056150.1","Q71F56","-","-","0.00","-","-"
"MEG3","55384","-","-","-","-","0.00","-","-"
"MGC1621","84848","-","-","-","-","0.00","-","-"
"MLH1","4292","NP_000240.1","P40692","3NA3","X-ray","2.50","A","1-347"
"MLH3","27030","NP_001035197.1","Q9UHC1","-","-","0.00","-","-"
"MLH3","27030","NP_055196.2","-","-","-","0.00","-","-"
"MME","4311","NP_000893.2","P08473","1DL9","model","0.00","A","508-750"
"MME","4311","NP_000893.2","P08473","1DMT","X-ray","2.10","A","55-750"
"MME","4311","NP_000893.2","P08473","1QVD","model","0.00","A","55-750"
"MME","4311","NP_000893.2","P08473","1R1H","X-ray","1.95","A","55-749"
"MME","4311","NP_000893.2","P08473","1R1I","X-ray","2.60","A","55-749"
"MME","4311","NP_000893.2","P08473","1R1J","X-ray","2.35","A","55-749"
"MME","4311","NP_000893.2","P08473","1Y8J","X-ray","2.25","A","55-749"
"MME","4311","NP_000893.2","P08473","2QPJ","X-ray","2.05","A","55-750"
"MME","4311","NP_009218.2","P08473","1DL9","model","0.00","A","508-750"
"MME","4311","NP_009218.2","P08473","1DMT","X-ray","2.10","A","55-750"
"MME","4311","NP_009218.2","P08473","1QVD","model","0.00","A","55-750"
"MME","4311","NP_009218.2","P08473","1R1H","X-ray","1.95","A","55-749"
"MME","4311","NP_009218.2","P08473","1R1I","X-ray","2.60","A","55-749"
"MME","4311","NP_009218.2","P08473","1R1J","X-ray","2.35","A","55-749"
"MME","4311","NP_009218.2","P08473","1Y8J","X-ray","2.25","A","55-749"
"MME","4311","NP_009218.2","P08473","2QPJ","X-ray","2.05","A","55-750"
"MME","4311","NP_009219.2","P08473","1DL9","model","0.00","A","508-750"
"MME","4311","NP_009219.2","P08473","1DMT","X-ray","2.10","A","55-750"
"MME","4311","NP_009219.2","P08473","1QVD","model","0.00","A","55-750"
"MME","4311","NP_009219.2","P08473","1R1H","X-ray","1.95","A","55-749"
"MME","4311","NP_009219.2","P08473","1R1I","X-ray","2.60","A","55-749"
"MME","4311","NP_009219.2","P08473","1R1J","X-ray","2.35","A","55-749"
"MME","4311","NP_009219.2","P08473","1Y8J","X-ray","2.25","A","55-749"
"MME","4311","NP_009219.2","P08473","2QPJ","X-ray","2.05","A","55-750"
"MME","4311","NP_009220.2","P08473","1DL9","model","0.00","A","508-750"
"MME","4311","NP_009220.2","P08473","1DMT","X-ray","2.10","A","55-750"
"MME","4311","NP_009220.2","P08473","1QVD","model","0.00","A","55-750"
"MME","4311","NP_009220.2","P08473","1R1H","X-ray","1.95","A","55-749"
"MME","4311","NP_009220.2","P08473","1R1I","X-ray","2.60","A","55-749"
"MME","4311","NP_009220.2","P08473","1R1J","X-ray","2.35","A","55-749"
"MME","4311","NP_009220.2","P08473","1Y8J","X-ray","2.25","A","55-749"
"MME","4311","NP_009220.2","P08473","2QPJ","X-ray","2.05","A","55-750"
"MMP10","4319","NP_002416.1","P09238","1Q3A","X-ray","2.10","A/B/C","99-263"
"MMP26","56547","NP_068573.2","Q9NRE1","-","-","0.00","-","-"
"MMP7","4316","NP_002414.1","P09237","1MMP","X-ray","2.30","A/B","95-264"
"MMP7","4316","NP_002414.1","P09237","1MMQ","X-ray","1.90","A","95-264"
"MMP7","4316","NP_002414.1","P09237","1MMR","X-ray","2.40","A","95-264"
"MMP7","4316","NP_002414.1","P09237","2DDY","NMR","0.00","A","95-267"
"MMP9","4318","NP_004985.2","P14780","1GKC","X-ray","2.30","A/B","107-443"
"MMP9","4318","NP_004985.2","P14780","1GKD","X-ray","2.10","A/B","107-443"
"MMP9","4318","NP_004985.2","P14780","1ITV","X-ray","1.95","A/B","513-707"
"MMP9","4318","NP_004985.2","P14780","1L6J","X-ray","2.50","A","20-444"
"MMP9","4318","NP_004985.2","P14780","1LKG","model","0.00","A","1-707"
"MMP9","4318","NP_004985.2","P14780","2OVX","X-ray","2.00","A/B","110-443"
"MMP9","4318","NP_004985.2","P14780","2OVZ","X-ray","2.00","A/B","110-443"
"MMP9","4318","NP_004985.2","P14780","2OW0","X-ray","2.00","A/B","110-443"
"MMP9","4318","NP_004985.2","P14780","2OW1","X-ray","2.20","A/B","110-443"
"MMP9","4318","NP_004985.2","P14780","2OW2","X-ray","2.90","A/B","110-443"
"MRPL3","11222","NP_009139.1","P09001","-","-","0.00","-","-"
"MS4A6","64231","NP_071744.2","Q9H2W1","-","-","0.00","-","-"
"MS4A6","64231","NP_690590.1","Q9H2W1","-","-","0.00","-","-"
"MS4A6","64231","NP_690591.1","Q9H2W1","-","-","0.00","-","-"
"MSX2","4488","NP_002440.2","P35548","-","-","0.00","-","-"
"MT1E","4493","NP_783316.2","-","-","-","0.00","-","-"
"MTHFR","4524","NP_005948.3","P42898","-","-","0.00","-","-"
"MUM1L1","139221","NP_001164491.1","Q5H9M0","-","-","0.00","-","-"
"MUM1L1","139221","NP_689636.3","Q5H9M0","-","-","0.00","-","-"
"MVD","4597","NP_002452.1","P53602","3D4J","X-ray","2.40","A/B","1-400"
"NCOA3","8202","NP_001167558.1","-","-","-","0.00","-","-"
"NCOA3","8202","NP_001167559.1","Q9Y6Q9","1KBH","NMR","0.00","A","1045-1091"
"NCOA3","8202","NP_001167559.1","Q9Y6Q9","3L3X","X-ray","1.55","B","618-629"
"NCOA3","8202","NP_001167559.1","Q9Y6Q9","3L3Z","X-ray","2.00","B","735-746"
"NCOA3","8202","NP_006525.2","Q9Y6Q9","1KBH","NMR","0.00","A","1045-1091"
"NCOA3","8202","NP_006525.2","Q9Y6Q9","3L3X","X-ray","1.55","B","618-629"
"NCOA3","8202","NP_006525.2","Q9Y6Q9","3L3Z","X-ray","2.00","B","735-746"
"NCOA3","8202","NP_858045.1","Q9Y6Q9","1KBH","NMR","0.00","A","1045-1091"
"NCOA3","8202","NP_858045.1","Q9Y6Q9","3L3X","X-ray","1.55","B","618-629"
"NCOA3","8202","NP_858045.1","Q9Y6Q9","3L3Z","X-ray","2.00","B","735-746"
"NDC80","10403","NP_006092.1","O14777","2IGP","X-ray","1.80","A","81-196"
"NDC80","10403","NP_006092.1","O14777","2VE7","X-ray","2.88","A/B","80-286"
"NDN","4692","NP_002478.1","Q99608","-","-","0.00","-","-"
"NDRG1","10397","NP_001128714.1","Q92597","-","-","0.00","-","-"
"NDRG1","10397","NP_006087.2","Q92597","-","-","0.00","-","-"
"NDUFA2","4695","NP_001171941.1","","-","-","0.00","-","-"
"NDUFA2","4695","NP_002479.1","O43678","1S3A","NMR","0.00","A","1-99"
"NFE2L2","4780","NP_001138884.1","Q16236","2FLU","X-ray","1.50","P","69-84"
"NFE2L2","4780","NP_001138885.1","Q16236","2FLU","X-ray","1.50","P","69-84"
"NFE2L2","4780","NP_006155.2","Q16236","2FLU","X-ray","1.50","P","69-84"
"NFIB","4781","NP_001177666.1","-","-","-","0.00","-","-"
"NFIB","4781","NP_001177667.1","-","-","-","0.00","-","-"
"NFIB","4781","NP_005587.2","O00712","-","-","0.00","-","-"
"NFKB1","4790","NP_001158884.1","P19838","1MDI","NMR","0.00","B","55-67"
"NFKB1","4790","NP_001158884.1","P19838","1MDJ","NMR","0.00","B","55-67"
"NFKB1","4790","NP_001158884.1","P19838","1MDK","NMR","0.00","B","55-67"
"NFKB1","4790","NP_001158884.1","P19838","1NFI","X-ray","2.70","B/D","248-354"
"NFKB1","4790","NP_001158884.1","P19838","1SVC","X-ray","2.60","P","2-365"
"NFKB1","4790","NP_001158884.1","P19838","2DBF","NMR","0.00","A","806-893"
"NFKB1","4790","NP_001158884.1","P19838","2O61","X-ray","2.80","B","40-352"
"NFKB1","4790","NP_001158884.1","P19838","3GUT","X-ray","3.59","B/D/F/H","41-352"
"NFKB1","4790","NP_003989.2","P19838","1MDI","NMR","0.00","B","55-67"
"NFKB1","4790","NP_003989.2","P19838","1MDJ","NMR","0.00","B","55-67"
"NFKB1","4790","NP_003989.2","P19838","1MDK","NMR","0.00","B","55-67"
"NFKB1","4790","NP_003989.2","P19838","1NFI","X-ray","2.70","B/D","248-354"
"NFKB1","4790","NP_003989.2","P19838","1SVC","X-ray","2.60","P","2-365"
"NFKB1","4790","NP_003989.2","P19838","2DBF","NMR","0.00","A","806-893"
"NFKB1","4790","NP_003989.2","P19838","2O61","X-ray","2.80","B","40-352"
"NFKB1","4790","NP_003989.2","P19838","3GUT","X-ray","3.59","B/D/F/H","41-352"
"NGFRAP1","27018","NP_055195.1","Q00994","1SA6","model","0.00","A","1-111"
"NGFRAP1","27018","NP_996798.1","Q00994","1SA6","model","0.00","A","1-111"
"NGFRAP1","27018","NP_996800.1","Q00994","1SA6","model","0.00","A","1-111"
"NID","4811","NP_002499.2","P14543","1NDX","model","0.00","A","941-1206"
"NKX2-1","7080","NP_001073136.1","P43699","-","-","0.00","-","-"
"NKX2-1","7080","NP_003308.1","P43699","-","-","0.00","-","-"
"NME1","4830","NP_000260.1","P15531","1JXV","X-ray","2.20","A/B/C/D/E/F","1-152"
"NME1","4830","NP_000260.1","P15531","1UCN","X-ray","2.00","A/B/C","1-152"
"NME1","4830","NP_000260.1","P15531","2HVD","X-ray","2.15","A/B/C","1-152"
"NME1","4830","NP_000260.1","P15531","2HVE","X-ray","2.40","A/B/C","1-152"
"NME1","4830","NP_000260.1","P15531","3L7U","X-ray","2.10","A/B/C","1-152"
"NME1","4830","NP_937818.1","P15531","1JXV","X-ray","2.20","A/B/C/D/E/F","1-152"
"NME1","4830","NP_937818.1","P15531","1UCN","X-ray","2.00","A/B/C","1-152"
"NME1","4830","NP_937818.1","P15531","2HVD","X-ray","2.15","A/B/C","1-152"
"NME1","4830","NP_937818.1","P15531","2HVE","X-ray","2.40","A/B/C","1-152"
"NME1","4830","NP_937818.1","P15531","3L7U","X-ray","2.10","A/B/C","1-152"
"NME2","4831","NP_001018147.1","P22392","1NSK","X-ray","2.80","L/N/O/R/T/U","1-152"
"NME2","4831","NP_001018147.1","P22392","1NUE","X-ray","2.00","A/B/C/D/E/F","2-152"
"NME2","4831","NP_001018147.1","P22392","3BBB","X-ray","1.30","A/B/C/D/E/F","2-152"
"NME2","4831","NP_001018147.1","P22392","3BBC","X-ray","1.70","A/B/C/D/E/F","2-152"
"NME2","4831","NP_001018147.1","P22392","3BBF","X-ray","1.70","A/B/C/D/E/F","2-152"
"NME2","4831","NP_001018148.1","P22392","1NSK","X-ray","2.80","L/N/O/R/T/U","1-152"
"NME2","4831","NP_001018148.1","P22392","1NUE","X-ray","2.00","A/B/C/D/E/F","2-152"
"NME2","4831","NP_001018148.1","P22392","3BBB","X-ray","1.30","A/B/C/D/E/F","2-152"
"NME2","4831","NP_001018148.1","P22392","3BBC","X-ray","1.70","A/B/C/D/E/F","2-152"
"NME2","4831","NP_001018148.1","P22392","3BBF","X-ray","1.70","A/B/C/D/E/F","2-152"
"NME2","4831","NP_001018149.1","P22392","1NSK","X-ray","2.80","L/N/O/R/T/U","1-152"
"NME2","4831","NP_001018149.1","P22392","1NUE","X-ray","2.00","A/B/C/D/E/F","2-152"
"NME2","4831","NP_001018149.1","P22392","3BBB","X-ray","1.30","A/B/C/D/E/F","2-152"
"NME2","4831","NP_001018149.1","P22392","3BBC","X-ray","1.70","A/B/C/D/E/F","2-152"
"NME2","4831","NP_001018149.1","P22392","3BBF","X-ray","1.70","A/B/C/D/E/F","2-152"
"NME2","4831","NP_001185611.1","-","-","-","0.00","-","-"
"NME2","4831","NP_002503.1","P22392","1NSK","X-ray","2.80","L/N/O/R/T/U","1-152"
"NME2","4831","NP_002503.1","P22392","1NUE","X-ray","2.00","A/B/C/D/E/F","2-152"
"NME2","4831","NP_002503.1","P22392","3BBB","X-ray","1.30","A/B/C/D/E/F","2-152"
"NME2","4831","NP_002503.1","P22392","3BBC","X-ray","1.70","A/B/C/D/E/F","2-152"
"NME2","4831","NP_002503.1","P22392","3BBF","X-ray","1.70","A/B/C/D/E/F","2-152"
"NPDC1","56654","NP_056207.3","Q9NQX5","-","-","0.00","-","-"
"NPR1","4881","NP_000897.3","P16066","-","-","0.00","-","-"
"NPTX1","4884","NP_002513.2","Q15818","-","-","0.00","-","-"
"NR3C1","2908","NP_000167.1","P04150","1M2Z","X-ray","2.50","A/D","521-777"
"NR3C1","2908","NP_000167.1","P04150","1NHZ","X-ray","2.30","A","500-777"
"NR3C1","2908","NP_000167.1","P04150","1P93","X-ray","2.70","A/B/C/D","500-777"
"NR3C1","2908","NP_000167.1","P04150","3BQD","X-ray","2.50","A","525-777"
"NR3C1","2908","NP_000167.1","P04150","3CLD","X-ray","2.84","A/B","521-777"
"NR3C1","2908","NP_000167.1","P04150","3E7C","X-ray","2.15","A/B","521-777"
"NR3C1","2908","NP_000167.1","P04150","3H52","X-ray","2.80","A/B/C/D","528-777"
"NR3C1","2908","NP_000167.1","P04150","3K22","X-ray","2.10","A/B","521-777"
"NR3C1","2908","NP_000167.1","P04150","3K23","X-ray","3.00","A/B/C","521-777"
"NR3C1","2908","NP_001018084.1","P04150","1M2Z","X-ray","2.50","A/D","521-777"
"NR3C1","2908","NP_001018084.1","P04150","1NHZ","X-ray","2.30","A","500-777"
"NR3C1","2908","NP_001018084.1","P04150","1P93","X-ray","2.70","A/B/C/D","500-777"
"NR3C1","2908","NP_001018084.1","P04150","3BQD","X-ray","2.50","A","525-777"
"NR3C1","2908","NP_001018084.1","P04150","3CLD","X-ray","2.84","A/B","521-777"
"NR3C1","2908","NP_001018084.1","P04150","3E7C","X-ray","2.15","A/B","521-777"
"NR3C1","2908","NP_001018084.1","P04150","3H52","X-ray","2.80","A/B/C/D","528-777"
"NR3C1","2908","NP_001018084.1","P04150","3K22","X-ray","2.10","A/B","521-777"
"NR3C1","2908","NP_001018084.1","P04150","3K23","X-ray","3.00","A/B/C","521-777"
"NR3C1","2908","NP_001018085.1","P04150","1M2Z","X-ray","2.50","A/D","521-777"
"NR3C1","2908","NP_001018085.1","P04150","1NHZ","X-ray","2.30","A","500-777"
"NR3C1","2908","NP_001018085.1","P04150","1P93","X-ray","2.70","A/B/C/D","500-777"
"NR3C1","2908","NP_001018085.1","P04150","3BQD","X-ray","2.50","A","525-777"
"NR3C1","2908","NP_001018085.1","P04150","3CLD","X-ray","2.84","A/B","521-777"
"NR3C1","2908","NP_001018085.1","P04150","3E7C","X-ray","2.15","A/B","521-777"
"NR3C1","2908","NP_001018085.1","P04150","3H52","X-ray","2.80","A/B/C/D","528-777"
"NR3C1","2908","NP_001018085.1","P04150","3K22","X-ray","2.10","A/B","521-777"
"NR3C1","2908","NP_001018085.1","P04150","3K23","X-ray","3.00","A/B/C","521-777"
"NR3C1","2908","NP_001018086.1","P04150","1M2Z","X-ray","2.50","A/D","521-777"
"NR3C1","2908","NP_001018086.1","P04150","1NHZ","X-ray","2.30","A","500-777"
"NR3C1","2908","NP_001018086.1","P04150","1P93","X-ray","2.70","A/B/C/D","500-777"
"NR3C1","2908","NP_001018086.1","P04150","3BQD","X-ray","2.50","A","525-777"
"NR3C1","2908","NP_001018086.1","P04150","3CLD","X-ray","2.84","A/B","521-777"
"NR3C1","2908","NP_001018086.1","P04150","3E7C","X-ray","2.15","A/B","521-777"
"NR3C1","2908","NP_001018086.1","P04150","3H52","X-ray","2.80","A/B/C/D","528-777"
"NR3C1","2908","NP_001018086.1","P04150","3K22","X-ray","2.10","A/B","521-777"
"NR3C1","2908","NP_001018086.1","P04150","3K23","X-ray","3.00","A/B/C","521-777"
"NR3C1","2908","NP_001018087.1","P04150","1M2Z","X-ray","2.50","A/D","521-777"
"NR3C1","2908","NP_001018087.1","P04150","1NHZ","X-ray","2.30","A","500-777"
"NR3C1","2908","NP_001018087.1","P04150","1P93","X-ray","2.70","A/B/C/D","500-777"
"NR3C1","2908","NP_001018087.1","P04150","3BQD","X-ray","2.50","A","525-777"
"NR3C1","2908","NP_001018087.1","P04150","3CLD","X-ray","2.84","A/B","521-777"
"NR3C1","2908","NP_001018087.1","P04150","3E7C","X-ray","2.15","A/B","521-777"
"NR3C1","2908","NP_001018087.1","P04150","3H52","X-ray","2.80","A/B/C/D","528-777"
"NR3C1","2908","NP_001018087.1","P04150","3K22","X-ray","2.10","A/B","521-777"
"NR3C1","2908","NP_001018087.1","P04150","3K23","X-ray","3.00","A/B/C","521-777"
"NR3C1","2908","NP_001018661.1","P04150","1M2Z","X-ray","2.50","A/D","521-777"
"NR3C1","2908","NP_001018661.1","P04150","1NHZ","X-ray","2.30","A","500-777"
"NR3C1","2908","NP_001018661.1","P04150","1P93","X-ray","2.70","A/B/C/D","500-777"
"NR3C1","2908","NP_001018661.1","P04150","3BQD","X-ray","2.50","A","525-777"
"NR3C1","2908","NP_001018661.1","P04150","3CLD","X-ray","2.84","A/B","521-777"
"NR3C1","2908","NP_001018661.1","P04150","3E7C","X-ray","2.15","A/B","521-777"
"NR3C1","2908","NP_001018661.1","P04150","3H52","X-ray","2.80","A/B/C/D","528-777"
"NR3C1","2908","NP_001018661.1","P04150","3K22","X-ray","2.10","A/B","521-777"
"NR3C1","2908","NP_001018661.1","P04150","3K23","X-ray","3.00","A/B/C","521-777"
"NR3C1","2908","NP_001019265.1","P04150","1M2Z","X-ray","2.50","A/D","521-777"
"NR3C1","2908","NP_001019265.1","P04150","1NHZ","X-ray","2.30","A","500-777"
"NR3C1","2908","NP_001019265.1","P04150","1P93","X-ray","2.70","A/B/C/D","500-777"
"NR3C1","2908","NP_001019265.1","P04150","3BQD","X-ray","2.50","A","525-777"
"NR3C1","2908","NP_001019265.1","P04150","3CLD","X-ray","2.84","A/B","521-777"
"NR3C1","2908","NP_001019265.1","P04150","3E7C","X-ray","2.15","A/B","521-777"
"NR3C1","2908","NP_001019265.1","P04150","3H52","X-ray","2.80","A/B/C/D","528-777"
"NR3C1","2908","NP_001019265.1","P04150","3K22","X-ray","2.10","A/B","521-777"
"NR3C1","2908","NP_001019265.1","P04150","3K23","X-ray","3.00","A/B/C","521-777"
"NR3C1","2908","NP_001191187.1","P04150","1M2Z","X-ray","2.50","A/D","521-777"
"NR3C1","2908","NP_001191187.1","P04150","1NHZ","X-ray","2.30","A","500-777"
"NR3C1","2908","NP_001191187.1","P04150","1P93","X-ray","2.70","A/B/C/D","500-777"
"NR3C1","2908","NP_001191187.1","P04150","3BQD","X-ray","2.50","A","525-777"
"NR3C1","2908","NP_001191187.1","P04150","3CLD","X-ray","2.84","A/B","521-777"
"NR3C1","2908","NP_001191187.1","P04150","3E7C","X-ray","2.15","A/B","521-777"
"NR3C1","2908","NP_001191187.1","P04150","3H52","X-ray","2.80","A/B/C/D","528-777"
"NR3C1","2908","NP_001191187.1","P04150","3K22","X-ray","2.10","A/B","521-777"
"NR3C1","2908","NP_001191187.1","P04150","3K23","X-ray","3.00","A/B/C","521-777"
"NR3C1","2908","NP_001191188.1","P04150","1M2Z","X-ray","2.50","A/D","521-777"
"NR3C1","2908","NP_001191188.1","P04150","1NHZ","X-ray","2.30","A","500-777"
"NR3C1","2908","NP_001191188.1","P04150","1P93","X-ray","2.70","A/B/C/D","500-777"
"NR3C1","2908","NP_001191188.1","P04150","3BQD","X-ray","2.50","A","525-777"
"NR3C1","2908","NP_001191188.1","P04150","3CLD","X-ray","2.84","A/B","521-777"
"NR3C1","2908","NP_001191188.1","P04150","3E7C","X-ray","2.15","A/B","521-777"
"NR3C1","2908","NP_001191188.1","P04150","3H52","X-ray","2.80","A/B/C/D","528-777"
"NR3C1","2908","NP_001191188.1","P04150","3K22","X-ray","2.10","A/B","521-777"
"NR3C1","2908","NP_001191188.1","P04150","3K23","X-ray","3.00","A/B/C","521-777"
"NR3C1","2908","NP_001191189.1","P04150","1M2Z","X-ray","2.50","A/D","521-777"
"NR3C1","2908","NP_001191189.1","P04150","1NHZ","X-ray","2.30","A","500-777"
"NR3C1","2908","NP_001191189.1","P04150","1P93","X-ray","2.70","A/B/C/D","500-777"
"NR3C1","2908","NP_001191189.1","P04150","3BQD","X-ray","2.50","A","525-777"
"NR3C1","2908","NP_001191189.1","P04150","3CLD","X-ray","2.84","A/B","521-777"
"NR3C1","2908","NP_001191189.1","P04150","3E7C","X-ray","2.15","A/B","521-777"
"NR3C1","2908","NP_001191189.1","P04150","3H52","X-ray","2.80","A/B/C/D","528-777"
"NR3C1","2908","NP_001191189.1","P04150","3K22","X-ray","2.10","A/B","521-777"
"NR3C1","2908","NP_001191189.1","P04150","3K23","X-ray","3.00","A/B/C","521-777"
"NR3C1","2908","NP_001191190.1","P04150","1M2Z","X-ray","2.50","A/D","521-777"
"NR3C1","2908","NP_001191190.1","P04150","1NHZ","X-ray","2.30","A","500-777"
"NR3C1","2908","NP_001191190.1","P04150","1P93","X-ray","2.70","A/B/C/D","500-777"
"NR3C1","2908","NP_001191190.1","P04150","3BQD","X-ray","2.50","A","525-777"
"NR3C1","2908","NP_001191190.1","P04150","3CLD","X-ray","2.84","A/B","521-777"
"NR3C1","2908","NP_001191190.1","P04150","3E7C","X-ray","2.15","A/B","521-777"
"NR3C1","2908","NP_001191190.1","P04150","3H52","X-ray","2.80","A/B/C/D","528-777"
"NR3C1","2908","NP_001191190.1","P04150","3K22","X-ray","2.10","A/B","521-777"
"NR3C1","2908","NP_001191190.1","P04150","3K23","X-ray","3.00","A/B/C","521-777"
"NR3C1","2908","NP_001191191.1","P04150","1M2Z","X-ray","2.50","A/D","521-777"
"NR3C1","2908","NP_001191191.1","P04150","1NHZ","X-ray","2.30","A","500-777"
"NR3C1","2908","NP_001191191.1","P04150","1P93","X-ray","2.70","A/B/C/D","500-777"
"NR3C1","2908","NP_001191191.1","P04150","3BQD","X-ray","2.50","A","525-777"
"NR3C1","2908","NP_001191191.1","P04150","3CLD","X-ray","2.84","A/B","521-777"
"NR3C1","2908","NP_001191191.1","P04150","3E7C","X-ray","2.15","A/B","521-777"
"NR3C1","2908","NP_001191191.1","P04150","3H52","X-ray","2.80","A/B/C/D","528-777"
"NR3C1","2908","NP_001191191.1","P04150","3K22","X-ray","2.10","A/B","521-777"
"NR3C1","2908","NP_001191191.1","P04150","3K23","X-ray","3.00","A/B/C","521-777"
"NR3C1","2908","NP_001191192.1","P04150","1M2Z","X-ray","2.50","A/D","521-777"
"NR3C1","2908","NP_001191192.1","P04150","1NHZ","X-ray","2.30","A","500-777"
"NR3C1","2908","NP_001191192.1","P04150","1P93","X-ray","2.70","A/B/C/D","500-777"
"NR3C1","2908","NP_001191192.1","P04150","3BQD","X-ray","2.50","A","525-777"
"NR3C1","2908","NP_001191192.1","P04150","3CLD","X-ray","2.84","A/B","521-777"
"NR3C1","2908","NP_001191192.1","P04150","3E7C","X-ray","2.15","A/B","521-777"
"NR3C1","2908","NP_001191192.1","P04150","3H52","X-ray","2.80","A/B/C/D","528-777"
"NR3C1","2908","NP_001191192.1","P04150","3K22","X-ray","2.10","A/B","521-777"
"NR3C1","2908","NP_001191192.1","P04150","3K23","X-ray","3.00","A/B/C","521-777"
"NR3C1","2908","NP_001191193.1","P04150","1M2Z","X-ray","2.50","A/D","521-777"
"NR3C1","2908","NP_001191193.1","P04150","1NHZ","X-ray","2.30","A","500-777"
"NR3C1","2908","NP_001191193.1","P04150","1P93","X-ray","2.70","A/B/C/D","500-777"
"NR3C1","2908","NP_001191193.1","P04150","3BQD","X-ray","2.50","A","525-777"
"NR3C1","2908","NP_001191193.1","P04150","3CLD","X-ray","2.84","A/B","521-777"
"NR3C1","2908","NP_001191193.1","P04150","3E7C","X-ray","2.15","A/B","521-777"
"NR3C1","2908","NP_001191193.1","P04150","3H52","X-ray","2.80","A/B/C/D","528-777"
"NR3C1","2908","NP_001191193.1","P04150","3K22","X-ray","2.10","A/B","521-777"
"NR3C1","2908","NP_001191193.1","P04150","3K23","X-ray","3.00","A/B/C","521-777"
"NR3C1","2908","NP_001191194.1","P04150","1M2Z","X-ray","2.50","A/D","521-777"
"NR3C1","2908","NP_001191194.1","P04150","1NHZ","X-ray","2.30","A","500-777"
"NR3C1","2908","NP_001191194.1","P04150","1P93","X-ray","2.70","A/B/C/D","500-777"
"NR3C1","2908","NP_001191194.1","P04150","3BQD","X-ray","2.50","A","525-777"
"NR3C1","2908","NP_001191194.1","P04150","3CLD","X-ray","2.84","A/B","521-777"
"NR3C1","2908","NP_001191194.1","P04150","3E7C","X-ray","2.15","A/B","521-777"
"NR3C1","2908","NP_001191194.1","P04150","3H52","X-ray","2.80","A/B/C/D","528-777"
"NR3C1","2908","NP_001191194.1","P04150","3K22","X-ray","2.10","A/B","521-777"
"NR3C1","2908","NP_001191194.1","P04150","3K23","X-ray","3.00","A/B/C","521-777"
"NSDHL","50814","NP_001123237.1","Q15738","-","-","0.00","-","-"
"NSDHL","50814","NP_057006.1","Q15738","-","-","0.00","-","-"
"NT5E","4907","NP_001191742.1","-","-","-","0.00","-","-"
"NT5E","4907","NP_002517.1","P21589","-","-","0.00","-","-"
"NUP107","57122","NP_065134.1","P57740","3CQC","X-ray","2.53","A","658-925"
"NUP107","57122","NP_065134.1","P57740","3CQG","X-ray","3.00","A","658-925"
"NUP107","57122","NP_065134.1","P57740","3I4R","X-ray","3.53","A","658-925"
"OGN","4969","NP_054776.1","P20774","-","-","0.00","-","-"
"OGN","4969","NP_148935.1","P20774","-","-","0.00","-","-"
"OLFM1","10439","NP_006325.1","Q99784","-","-","0.00","-","-"
"OLFM1","10439","NP_055094.1","Q99784","-","-","0.00","-","-"
"OSR2","107587","NP_473390.1","Q91ZD1","2EE8","NMR","0.00","A","162-252"
"P2RY14","9934","NP_001074924.1","Q15391","2B6V","model","0.00","A","1-338"
"P2RY14","9934","NP_055694.3","Q15391","2B6V","model","0.00","A","1-338"
"PA2G4","5036","NP_006182.2","Q9UQ80","2Q8K","X-ray","1.60","A","2-394"
"PAFAHIB3","5050","NP_001139411.1","Q15102","-","-","0.00","-","-"
"PAFAHIB3","5050","NP_001139412.1","Q15102","-","-","0.00","-","-"
"PAFAHIB3","5050","NP_002564.1","Q15102","-","-","0.00","-","-"
"PAK3","5063","NP_001121638.1","O75914","-","-","0.00","-","-"
"PAK3","5063","NP_001121639.1","O75914","-","-","0.00","-","-"
"PAK3","5063","NP_001121640.1","O75914","-","-","0.00","-","-"
"PAK3","5063","NP_001121644.1","O75914","-","-","0.00","-","-"
"PAK3","5063","NP_001121645.1","O75914","-","-","0.00","-","-"
"PAK3","5063","NP_002569.1","O75914","-","-","0.00","-","-"
"PAPPA","5069","NP_002572.2","Q13219","-","-","0.00","-","-"
"PARM1","25849","NP_056208.2","Q6UWI2","-","-","0.00","-","-"
"PARP1","142","NP_001609.2","P09874","1UK0","X-ray","3.00","A/B","662-1010"
"PARP1","142","NP_001609.2","P09874","1UK1","X-ray","3.00","A/B","662-1010"
"PARP1","142","NP_001609.2","P09874","1WOK","X-ray","3.00","A/B/C/D","662-1010"
"PARP1","142","NP_001609.2","P09874","2COK","NMR","0.00","A","387-486"
"PARP1","142","NP_001609.2","P09874","2CR9","NMR","0.00","A","518-643"
"PARP1","142","NP_001609.2","P09874","2CS2","NMR","0.00","A","103-224"
"PARP1","142","NP_001609.2","P09874","2DMJ","NMR","0.00","A","33970"
"PARP1","142","NP_001609.2","P09874","2JVN","NMR","0.00","A","233-358"
"PARP1","142","NP_001609.2","P09874","2L30","NMR","0.00","A","1-108"
"PARP1","142","NP_001609.2","P09874","2L31","NMR","0.00","A","103-214"
"PARP1","142","NP_001609.2","P09874","2RCW","X-ray","2.80","A","662-1011"
"PARP1","142","NP_001609.2","P09874","2RD6","X-ray","2.30","A","662-1011"
"PARP1","142","NP_001609.2","P09874","2RIQ","X-ray","1.70","A","216-366"
"PARP1","142","NP_001609.2","P09874","3GJW","X-ray","2.30","A","662-1011"
"PARP1","142","NP_001609.2","P09874","3GN7","X-ray","2.50","A","662-1011"
"PARP1","142","NP_001609.2","P09874","3L3L","X-ray","2.50","A","662-1011"
"PARP1","142","NP_001609.2","P09874","3L3M","X-ray","2.50","A","662-1011"
"PARP1","142","NP_001609.2","P09874","3OD8","X-ray","2.40","A/B/C/D/E/F/G/H","35096"
"PARP1","142","NP_001609.2","P09874","3ODA","X-ray","2.64","A/B/C/D/E/F/G/H","35096"
"PARP1","142","NP_001609.2","P09874","3ODC","X-ray","2.80","A/B","105-206"
"PARP1","142","NP_001609.2","P09874","3ODE","X-ray","2.95","A/B","105-206"
"PAWR","5074","NP_002574.2","Q96IZ0","2JK9","X-ray","1.79","B","67-81"
"PDGFRA","5156","NP_001855.1","P24310","-","-","0.00","-","-"
"PDYN","5173","NP_001177821.1","P01213","-","-","0.00","-","-"
"PDYN","5173","NP_001177827.1","P01213","-","-","0.00","-","-"
"PDYN","5173","NP_001177828.1","P01213","-","-","0.00","-","-"
"PDYN","5173","NP_001177829.1","P01213","-","-","0.00","-","-"
"PEG3","5178","NP_001139656.1","Q9GZU2","-","-","0.00","-","-"
"PEG3","5178","NP_001139657.1","Q9GZU2","-","-","0.00","-","-"
"PEG3","5178","NP_001139658.1","Q9GZU2","-","-","0.00","-","-"
"PEG3","5178","NP_001139659.1","Q9GZU2","-","-","0.00","-","-"
"PEG3","5178","NP_006201.1","Q9GZU2","-","-","0.00","-","-"
"PGGT1B","5229","NP_005014.2","P53609","-","-","0.00","-","-"
"PGR","5241","NP_000917.3","P06401","1A28","X-ray","1.80","A/B","678-933"
"PGR","5241","NP_000917.3","P06401","1E3K","X-ray","2.80","A/B","676-933"
"PGR","5241","NP_000917.3","P06401","1SQN","X-ray","1.45","A/B","673-933"
"PGR","5241","NP_000917.3","P06401","1SR7","X-ray","1.46","A/B","676-933"
"PGR","5241","NP_000917.3","P06401","1ZUC","X-ray","2.00","A/B","676-933"
"PGR","5241","NP_000917.3","P06401","2C7A","X-ray","2.50","A/B","563-640"
"PGR","5241","NP_000917.3","P06401","2OVH","X-ray","2.00","A","678-933"
"PGR","5241","NP_000917.3","P06401","2OVM","X-ray","2.60","A","678-933"
"PGR","5241","NP_000917.3","P06401","2W8Y","X-ray","1.80","A/B","678-933"
"PGR","5241","NP_000917.3","P06401","3D90","X-ray","2.26","A/B","676-933"
"PGR","5241","NP_000917.3","P06401","3G8N","X-ray","2.10","A/B","673-933"
"PGR","5241","NP_000917.3","P06401","3G8O","X-ray","1.90","A/B","673-933"
"PGR","5241","NP_000917.3","P06401","3HQ5","X-ray","2.10","A/B","678-933"
"PGR","5241","NP_000917.3","P06401","3KBA","X-ray","2.00","A/B","681-933"
"PGR","5241","NP_001189403.1","P06401","1A28","X-ray","1.80","A/B","678-933"
"PGR","5241","NP_001189403.1","P06401","1E3K","X-ray","2.80","A/B","676-933"
"PGR","5241","NP_001189403.1","P06401","1SQN","X-ray","1.45","A/B","673-933"
"PGR","5241","NP_001189403.1","P06401","1SR7","X-ray","1.46","A/B","676-933"
"PGR","5241","NP_001189403.1","P06401","1ZUC","X-ray","2.00","A/B","676-933"
"PGR","5241","NP_001189403.1","P06401","2C7A","X-ray","2.50","A/B","563-640"
"PGR","5241","NP_001189403.1","P06401","2OVH","X-ray","2.00","A","678-933"
"PGR","5241","NP_001189403.1","P06401","2OVM","X-ray","2.60","A","678-933"
"PGR","5241","NP_001189403.1","P06401","2W8Y","X-ray","1.80","A/B","678-933"
"PGR","5241","NP_001189403.1","P06401","3D90","X-ray","2.26","A/B","676-933"
"PGR","5241","NP_001189403.1","P06401","3G8N","X-ray","2.10","A/B","673-933"
"PGR","5241","NP_001189403.1","P06401","3G8O","X-ray","1.90","A/B","673-933"
"PGR","5241","NP_001189403.1","P06401","3HQ5","X-ray","2.10","A/B","678-933"
"PGR","5241","NP_001189403.1","P06401","3KBA","X-ray","2.00","A/B","681-933"
"PID1","55022","NP_001094288.1","Q7Z2X4","-","-","0.00","-","-"
"PID1","55022","NP_060403.3","Q7Z2X4","-","-","0.00","-","-"
"PITX1","5307","NP_002644.4","P78337","-","-","0.00","-","-"
"PLA2G4A","5321","NP_077734.1","P47712","1BCI","NMR","0.00","A","1-138"
"PLA2G4A","5321","NP_077734.1","P47712","1CJY","X-ray","2.50","A/B","1-749"
"PLA2G4A","5321","NP_077734.1","P47712","1RLW","X-ray","2.40","A","17-138"
"PLAG1","5324","NP_001108106.1","Q6DJT9","-","-","0.00","-","-"
"PLAG1","5324","NP_001108107.1","-","-","-","0.00","-","-"
"PLAG1","5324","NP_002646.2","Q6DJT9","-","-","0.00","-","-"
"PLAU","5328","NP_001138503.1","P00749","1C5W","X-ray","1.94","A","156-178"
"PLAU","5328","NP_001138503.1","P00749","1C5W","X-ray","1.94","B","179-431"
"PLAU","5328","NP_001138503.1","P00749","1C5X","X-ray","1.75","A","156-178"
"PLAU","5328","NP_001138503.1","P00749","1C5X","X-ray","1.75","B","179-431"
"PLAU","5328","NP_001138503.1","P00749","1C5Y","X-ray","1.65","A","156-178"
"PLAU","5328","NP_001138503.1","P00749","1C5Y","X-ray","1.65","B","179-431"
"PLAU","5328","NP_001138503.1","P00749","1C5Z","X-ray","1.85","A","156-178"
"PLAU","5328","NP_001138503.1","P00749","1C5Z","X-ray","1.85","B","179-431"
"PLAU","5328","NP_001138503.1","P00749","1EJN","X-ray","1.80","A","179-431"
"PLAU","5328","NP_001138503.1","P00749","1F5K","X-ray","1.80","U","179-431"
"PLAU","5328","NP_001138503.1","P00749","1F5L","X-ray","2.10","A","179-431"
"PLAU","5328","NP_001138503.1","P00749","1F92","X-ray","2.60","A","179-431"
"PLAU","5328","NP_001138503.1","P00749","1FV9","X-ray","3.00","A","179-423"
"PLAU","5328","NP_001138503.1","P00749","1GI7","X-ray","1.79","A","156-178"
"PLAU","5328","NP_001138503.1","P00749","1GI7","X-ray","1.79","B","179-423"
"PLAU","5328","NP_001138503.1","P00749","1GI8","X-ray","1.75","A","156-178"
"PLAU","5328","NP_001138503.1","P00749","1GI8","X-ray","1.75","B","179-423"
"PLAU","5328","NP_001138503.1","P00749","1GI9","X-ray","1.80","A","156-178"
"PLAU","5328","NP_001138503.1","P00749","1GI9","X-ray","1.80","B","179-423"
"PLAU","5328","NP_001138503.1","P00749","1GJ7","X-ray","1.50","A","156-178"
"PLAU","5328","NP_001138503.1","P00749","1GJ7","X-ray","1.50","B","179-431"
"PLAU","5328","NP_001138503.1","P00749","1GJ8","X-ray","1.64","A","156-178"
"PLAU","5328","NP_001138503.1","P00749","1GJ8","X-ray","1.64","B","179-431"
"PLAU","5328","NP_001138503.1","P00749","1GJ9","X-ray","1.80","A","156-178"
"PLAU","5328","NP_001138503.1","P00749","1GJ9","X-ray","1.80","B","179-431"
"PLAU","5328","NP_001138503.1","P00749","1GJA","X-ray","1.56","A","156-178"
"PLAU","5328","NP_001138503.1","P00749","1GJA","X-ray","1.56","B","179-431"
"PLAU","5328","NP_001138503.1","P00749","1GJB","X-ray","1.90","A","156-178"
"PLAU","5328","NP_001138503.1","P00749","1GJB","X-ray","1.90","B","179-431"
"PLAU","5328","NP_001138503.1","P00749","1GJC","X-ray","1.73","A","156-178"
"PLAU","5328","NP_001138503.1","P00749","1GJC","X-ray","1.73","B","179-431"
"PLAU","5328","NP_001138503.1","P00749","1GJD","X-ray","1.75","A","156-178"
"PLAU","5328","NP_001138503.1","P00749","1GJD","X-ray","1.75","B","179-431"
"PLAU","5328","NP_001138503.1","P00749","1KDU","NMR","0.00","A","69-153"
"PLAU","5328","NP_001138503.1","P00749","1LMW","X-ray","2.50","A/C","156-178"
"PLAU","5328","NP_001138503.1","P00749","1LMW","X-ray","2.50","B/D","179-431"
"PLAU","5328","NP_001138503.1","P00749","1O3P","X-ray","1.81","A","156-178"
"PLAU","5328","NP_001138503.1","P00749","1O3P","X-ray","1.81","B","179-431"
"PLAU","5328","NP_001138503.1","P00749","1O5A","X-ray","1.68","A","156-178"
"PLAU","5328","NP_001138503.1","P00749","1O5A","X-ray","1.68","B","179-431"
"PLAU","5328","NP_001138503.1","P00749","1O5B","X-ray","1.85","A","156-178"
"PLAU","5328","NP_001138503.1","P00749","1O5B","X-ray","1.85","B","179-431"
"PLAU","5328","NP_001138503.1","P00749","1O5C","X-ray","1.63","A","156-178"
"PLAU","5328","NP_001138503.1","P00749","1O5C","X-ray","1.63","B","179-431"
"PLAU","5328","NP_001138503.1","P00749","1OWD","X-ray","2.32","A","179-423"
"PLAU","5328","NP_001138503.1","P00749","1OWE","X-ray","1.60","A","179-423"
"PLAU","5328","NP_001138503.1","P00749","1OWH","X-ray","1.61","A","179-423"
"PLAU","5328","NP_001138503.1","P00749","1OWI","X-ray","2.93","A","179-423"
"PLAU","5328","NP_001138503.1","P00749","1OWJ","X-ray","3.10","A","179-423"
"PLAU","5328","NP_001138503.1","P00749","1OWK","X-ray","2.80","A","179-423"
"PLAU","5328","NP_001138503.1","P00749","1SC8","X-ray","2.40","U","164-425"
"PLAU","5328","NP_001138503.1","P00749","1SQA","X-ray","2.00","A","179-423"
"PLAU","5328","NP_001138503.1","P00749","1SQO","X-ray","1.84","A","179-423"
"PLAU","5328","NP_001138503.1","P00749","1SQT","X-ray","1.90","A","179-423"
"PLAU","5328","NP_001138503.1","P00749","1U6Q","X-ray","2.02","A","179-423"
"PLAU","5328","NP_001138503.1","P00749","1URK","NMR","0.00","A","26-155"
"PLAU","5328","NP_001138503.1","P00749","1VJ9","X-ray","2.40","U","164-425"
"PLAU","5328","NP_001138503.1","P00749","1VJA","X-ray","2.00","U","164-425"
"PLAU","5328","NP_001138503.1","P00749","1W0Z","X-ray","1.90","U","179-425"
"PLAU","5328","NP_001138503.1","P00749","1W10","X-ray","2.00","U","179-425"
"PLAU","5328","NP_001138503.1","P00749","1W11","X-ray","2.00","U","179-425"
"PLAU","5328","NP_001138503.1","P00749","1W12","X-ray","2.40","U","179-425"
"PLAU","5328","NP_001138503.1","P00749","1W13","X-ray","2.00","U","179-425"
"PLAU","5328","NP_001138503.1","P00749","1W14","X-ray","2.20","U","179-425"
"PLAU","5328","NP_001138503.1","P00749","2FD6","X-ray","1.90","A","31-152"
"PLAU","5328","NP_001138503.1","P00749","2I9A","X-ray","1.90","A/B/C/D","21-163"
"PLAU","5328","NP_001138503.1","P00749","2I9B","X-ray","2.80","A/B/C/D","21-163"
"PLAU","5328","NP_001138503.1","P00749","2NWN","X-ray","2.15","A","179-431"
"PLAU","5328","NP_001138503.1","P00749","2O8T","X-ray","1.45","A","179-431"
"PLAU","5328","NP_001138503.1","P00749","2O8U","X-ray","1.70","A","179-431"
"PLAU","5328","NP_001138503.1","P00749","2O8W","X-ray","1.86","A","179-431"
"PLAU","5328","NP_001138503.1","P00749","2R2W","X-ray","2.01","U","179-431"
"PLAU","5328","NP_001138503.1","P00749","2VIN","X-ray","1.90","A","179-431"
"PLAU","5328","NP_001138503.1","P00749","2VIO","X-ray","1.80","A","179-431"
"PLAU","5328","NP_001138503.1","P00749","2VIP","X-ray","1.72","A","179-431"
"PLAU","5328","NP_001138503.1","P00749","2VIQ","X-ray","2.00","A","179-431"
"PLAU","5328","NP_001138503.1","P00749","2VIV","X-ray","1.72","A","179-431"
"PLAU","5328","NP_001138503.1","P00749","2VIW","X-ray","2.05","A","179-431"
"PLAU","5328","NP_001138503.1","P00749","2VNT","X-ray","2.20","A/B/C/D/E/F","156-428"
"PLAU","5328","NP_001138503.1","P00749","3BT1","X-ray","2.80","A","21-153"
"PLAU","5328","NP_001138503.1","P00749","3BT2","X-ray","2.50","A","21-153"
"PLAU","5328","NP_001138503.1","P00749","3IG6","X-ray","1.83","A/C","156-178"
"PLAU","5328","NP_001138503.1","P00749","3IG6","X-ray","1.83","B/D","179-431"
"PLAU","5328","NP_001138503.1","P00749","3KGP","X-ray","2.35","A","179-431"
"PLAU","5328","NP_001138503.1","P00749","3KHV","X-ray","2.35","A","179-431"
"PLAU","5328","NP_001138503.1","P00749","3KID","X-ray","2.71","U","179-431"
"PLAU","5328","NP_001138503.1","P00749","3M61","X-ray","1.68","U","179-431"
"PLAU","5328","NP_001138503.1","P00749","3MHW","X-ray","1.45","U","179-425"
"PLAU","5328","NP_002649.1","P00749","1C5W","X-ray","1.94","A","156-178"
"PLAU","5328","NP_002649.1","P00749","1C5W","X-ray","1.94","B","179-431"
"PLAU","5328","NP_002649.1","P00749","1C5X","X-ray","1.75","A","156-178"
"PLAU","5328","NP_002649.1","P00749","1C5X","X-ray","1.75","B","179-431"
"PLAU","5328","NP_002649.1","P00749","1C5Y","X-ray","1.65","A","156-178"
"PLAU","5328","NP_002649.1","P00749","1C5Y","X-ray","1.65","B","179-431"
"PLAU","5328","NP_002649.1","P00749","1C5Z","X-ray","1.85","A","156-178"
"PLAU","5328","NP_002649.1","P00749","1C5Z","X-ray","1.85","B","179-431"
"PLAU","5328","NP_002649.1","P00749","1EJN","X-ray","1.80","A","179-431"
"PLAU","5328","NP_002649.1","P00749","1F5K","X-ray","1.80","U","179-431"
"PLAU","5328","NP_002649.1","P00749","1F5L","X-ray","2.10","A","179-431"
"PLAU","5328","NP_002649.1","P00749","1F92","X-ray","2.60","A","179-431"
"PLAU","5328","NP_002649.1","P00749","1FV9","X-ray","3.00","A","179-423"
"PLAU","5328","NP_002649.1","P00749","1GI7","X-ray","1.79","A","156-178"
"PLAU","5328","NP_002649.1","P00749","1GI7","X-ray","1.79","B","179-423"
"PLAU","5328","NP_002649.1","P00749","1GI8","X-ray","1.75","A","156-178"
"PLAU","5328","NP_002649.1","P00749","1GI8","X-ray","1.75","B","179-423"
"PLAU","5328","NP_002649.1","P00749","1GI9","X-ray","1.80","A","156-178"
"PLAU","5328","NP_002649.1","P00749","1GI9","X-ray","1.80","B","179-423"
"PLAU","5328","NP_002649.1","P00749","1GJ7","X-ray","1.50","A","156-178"
"PLAU","5328","NP_002649.1","P00749","1GJ7","X-ray","1.50","B","179-431"
"PLAU","5328","NP_002649.1","P00749","1GJ8","X-ray","1.64","A","156-178"
"PLAU","5328","NP_002649.1","P00749","1GJ8","X-ray","1.64","B","179-431"
"PLAU","5328","NP_002649.1","P00749","1GJ9","X-ray","1.80","A","156-178"
"PLAU","5328","NP_002649.1","P00749","1GJ9","X-ray","1.80","B","179-431"
"PLAU","5328","NP_002649.1","P00749","1GJA","X-ray","1.56","A","156-178"
"PLAU","5328","NP_002649.1","P00749","1GJA","X-ray","1.56","B","179-431"
"PLAU","5328","NP_002649.1","P00749","1GJB","X-ray","1.90","A","156-178"
"PLAU","5328","NP_002649.1","P00749","1GJB","X-ray","1.90","B","179-431"
"PLAU","5328","NP_002649.1","P00749","1GJC","X-ray","1.73","A","156-178"
"PLAU","5328","NP_002649.1","P00749","1GJC","X-ray","1.73","B","179-431"
"PLAU","5328","NP_002649.1","P00749","1GJD","X-ray","1.75","A","156-178"
"PLAU","5328","NP_002649.1","P00749","1GJD","X-ray","1.75","B","179-431"
"PLAU","5328","NP_002649.1","P00749","1KDU","NMR","0.00","A","69-153"
"PLAU","5328","NP_002649.1","P00749","1LMW","X-ray","2.50","A/C","156-178"
"PLAU","5328","NP_002649.1","P00749","1LMW","X-ray","2.50","B/D","179-431"
"PLAU","5328","NP_002649.1","P00749","1O3P","X-ray","1.81","A","156-178"
"PLAU","5328","NP_002649.1","P00749","1O3P","X-ray","1.81","B","179-431"
"PLAU","5328","NP_002649.1","P00749","1O5A","X-ray","1.68","A","156-178"
"PLAU","5328","NP_002649.1","P00749","1O5A","X-ray","1.68","B","179-431"
"PLAU","5328","NP_002649.1","P00749","1O5B","X-ray","1.85","A","156-178"
"PLAU","5328","NP_002649.1","P00749","1O5B","X-ray","1.85","B","179-431"
"PLAU","5328","NP_002649.1","P00749","1O5C","X-ray","1.63","A","156-178"
"PLAU","5328","NP_002649.1","P00749","1O5C","X-ray","1.63","B","179-431"
"PLAU","5328","NP_002649.1","P00749","1OWD","X-ray","2.32","A","179-423"
"PLAU","5328","NP_002649.1","P00749","1OWE","X-ray","1.60","A","179-423"
"PLAU","5328","NP_002649.1","P00749","1OWH","X-ray","1.61","A","179-423"
"PLAU","5328","NP_002649.1","P00749","1OWI","X-ray","2.93","A","179-423"
"PLAU","5328","NP_002649.1","P00749","1OWJ","X-ray","3.10","A","179-423"
"PLAU","5328","NP_002649.1","P00749","1OWK","X-ray","2.80","A","179-423"
"PLAU","5328","NP_002649.1","P00749","1SC8","X-ray","2.40","U","164-425"
"PLAU","5328","NP_002649.1","P00749","1SQA","X-ray","2.00","A","179-423"
"PLAU","5328","NP_002649.1","P00749","1SQO","X-ray","1.84","A","179-423"
"PLAU","5328","NP_002649.1","P00749","1SQT","X-ray","1.90","A","179-423"
"PLAU","5328","NP_002649.1","P00749","1U6Q","X-ray","2.02","A","179-423"
"PLAU","5328","NP_002649.1","P00749","1URK","NMR","0.00","A","26-155"
"PLAU","5328","NP_002649.1","P00749","1VJ9","X-ray","2.40","U","164-425"
"PLAU","5328","NP_002649.1","P00749","1VJA","X-ray","2.00","U","164-425"
"PLAU","5328","NP_002649.1","P00749","1W0Z","X-ray","1.90","U","179-425"
"PLAU","5328","NP_002649.1","P00749","1W10","X-ray","2.00","U","179-425"
"PLAU","5328","NP_002649.1","P00749","1W11","X-ray","2.00","U","179-425"
"PLAU","5328","NP_002649.1","P00749","1W12","X-ray","2.40","U","179-425"
"PLAU","5328","NP_002649.1","P00749","1W13","X-ray","2.00","U","179-425"
"PLAU","5328","NP_002649.1","P00749","1W14","X-ray","2.20","U","179-425"
"PLAU","5328","NP_002649.1","P00749","2FD6","X-ray","1.90","A","31-152"
"PLAU","5328","NP_002649.1","P00749","2I9A","X-ray","1.90","A/B/C/D","21-163"
"PLAU","5328","NP_002649.1","P00749","2I9B","X-ray","2.80","A/B/C/D","21-163"
"PLAU","5328","NP_002649.1","P00749","2NWN","X-ray","2.15","A","179-431"
"PLAU","5328","NP_002649.1","P00749","2O8T","X-ray","1.45","A","179-431"
"PLAU","5328","NP_002649.1","P00749","2O8U","X-ray","1.70","A","179-431"
"PLAU","5328","NP_002649.1","P00749","2O8W","X-ray","1.86","A","179-431"
"PLAU","5328","NP_002649.1","P00749","2R2W","X-ray","2.01","U","179-431"
"PLAU","5328","NP_002649.1","P00749","2VIN","X-ray","1.90","A","179-431"
"PLAU","5328","NP_002649.1","P00749","2VIO","X-ray","1.80","A","179-431"
"PLAU","5328","NP_002649.1","P00749","2VIP","X-ray","1.72","A","179-431"
"PLAU","5328","NP_002649.1","P00749","2VIQ","X-ray","2.00","A","179-431"
"PLAU","5328","NP_002649.1","P00749","2VIV","X-ray","1.72","A","179-431"
"PLAU","5328","NP_002649.1","P00749","2VIW","X-ray","2.05","A","179-431"
"PLAU","5328","NP_002649.1","P00749","2VNT","X-ray","2.20","A/B/C/D/E/F","156-428"
"PLAU","5328","NP_002649.1","P00749","3BT1","X-ray","2.80","A","21-153"
"PLAU","5328","NP_002649.1","P00749","3BT2","X-ray","2.50","A","21-153"
"PLAU","5328","NP_002649.1","P00749","3IG6","X-ray","1.83","A/C","156-178"
"PLAU","5328","NP_002649.1","P00749","3IG6","X-ray","1.83","B/D","179-431"
"PLAU","5328","NP_002649.1","P00749","3KGP","X-ray","2.35","A","179-431"
"PLAU","5328","NP_002649.1","P00749","3KHV","X-ray","2.35","A","179-431"
"PLAU","5328","NP_002649.1","P00749","3KID","X-ray","2.71","U","179-431"
"PLAU","5328","NP_002649.1","P00749","3M61","X-ray","1.68","U","179-431"
"PLAU","5328","NP_002649.1","P00749","3MHW","X-ray","1.45","U","179-425"
"PLAUR","5329","NP_001005376.1","Q03405","1YWH","X-ray","2.70","A/C/E/G/I/K/M/O","23-335"
"PLAUR","5329","NP_001005376.1","Q03405","2FD6","X-ray","1.90","U","23-297"
"PLAUR","5329","NP_001005376.1","Q03405","2I9B","X-ray","2.80","E/F/G/H","23-299"
"PLAUR","5329","NP_001005376.1","Q03405","3BT1","X-ray","2.80","U","23-303"
"PLAUR","5329","NP_001005376.1","Q03405","3BT2","X-ray","2.50","U","23-303"
"PLAUR","5329","NP_001005377.1","Q03405","1YWH","X-ray","2.70","A/C/E/G/I/K/M/O","23-335"
"PLAUR","5329","NP_001005377.1","Q03405","2FD6","X-ray","1.90","U","23-297"
"PLAUR","5329","NP_001005377.1","Q03405","2I9B","X-ray","2.80","E/F/G/H","23-299"
"PLAUR","5329","NP_001005377.1","Q03405","3BT1","X-ray","2.80","U","23-303"
"PLAUR","5329","NP_001005377.1","Q03405","3BT2","X-ray","2.50","U","23-303"
"PLAUR","5329","NP_002650.1","Q03405","1YWH","X-ray","2.70","A/C/E/G/I/K/M/O","23-335"
"PLAUR","5329","NP_002650.1","Q03405","2FD6","X-ray","1.90","U","23-297"
"PLAUR","5329","NP_002650.1","Q03405","2I9B","X-ray","2.80","E/F/G/H","23-299"
"PLAUR","5329","NP_002650.1","Q03405","3BT1","X-ray","2.80","U","23-303"
"PLAUR","5329","NP_002650.1","Q03405","3BT2","X-ray","2.50","U","23-303"
"PLEKHH2","130271","NP_742066.2","Q8IVE3","-","-","0.00","-","-"
"POLE3","54107","NP_059139.3","Q9NRF9","-","-","0.00","-","-"
"POLR2H","5437","NP_006223.2","P52434","2F3I","NMR","0.00","A","1-150"
"POM121","9883","NP_742017.1","Q96HA1","-","-","0.00","-","-"
"PPAP2C","8612","NP_003703.1","O43688","-","-","0.00","-","-"
"PPAP2C","8612","NP_803545.1","O43688","-","-","0.00","-","-"
"PPAP2C","8612","NP_808211.1","O43688","-","-","0.00","-","-"
"PPM1D","8493","NP_003611.1","O15297","-","-","0.00","-","-"
"PPPDE1","51029","NP_057160.2","Q9BSY9","-","-","0.00","-","-"
"PRKAR1B","5575","NP_001158230.1","P31321","-","-","0.00","-","-"
"PRKAR1B","5575","NP_001158231.1","P31321","-","-","0.00","-","-"
"PRKAR1B","5575","NP_001158232.1","P31321","-","-","0.00","-","-"
"PRKCA","5578","NP_002728.1","P17252","2ELI","NMR","0.00","A","92-169"
"PRKCA","5578","NP_002728.1","P17252","3IW4","X-ray","2.80","A/B/C","320-672"
"PRKCD","5580","NP_006245.2","Q05655","1YRK","X-ray","1.70","A","1-123"
"PRKCD","5580","NP_006245.2","Q05655","2YUU","NMR","0.00","A","149-218"
"PRKCD","5580","NP_997704.1","Q05655","1YRK","X-ray","1.70","A","1-123"
"PRKCD","5580","NP_997704.1","Q05655","2YUU","NMR","0.00","A","149-218"
"PSMA3","5684","NP_002779.1","P25788","-","-","0.00","-","-"
"PSMA3","5684","NP_687033.1","P25788","-","-","0.00","-","-"
"PTEN","5728","NP_000305.3","P60484","1D5R","X-ray","2.10","A","8-353"
"PTGS1","5742","NP_000953.2","P23219","-","-","0.00","-","-"
"PTGS1","5742","NP_542158.1","P23219","-","-","0.00","-","-"
"PTGS2","5743","NP_000954.1","P35354","1V0X","model","0.00","A","1-604"
"PTPRC","5788","NP_002829.2","P08575","1YGR","X-ray","2.90","A/B","622-1231"
"PTPRC","5788","NP_002829.2","P08575","1YGU","X-ray","2.90","A/B","622-1231"
"PTPRC","5788","NP_563578.1","P08575","1YGR","X-ray","2.90","A/B","622-1231"
"PTPRC","5788","NP_563578.1","P08575","1YGU","X-ray","2.90","A/B","622-1231"
"PTPRC","5788","NP_563580.1","-","-","-","0.00","-","-"
"PYCARD","29108","NP_037390.2","Q9ULZ3","1UCP","NMR","0.00","A","33239"
"PYCARD","29108","NP_037390.2","Q9ULZ3","2KN6","NMR","0.00","A","1-195"
"PYCARD","29108","NP_660183.1","Q9ULZ3","1UCP","NMR","0.00","A","33239"
"PYCARD","29108","NP_660183.1","Q9ULZ3","2KN6","NMR","0.00","A","1-195"
"RAB2A","5862","NP_002856.1","P61019","1Z0A","X-ray","2.12","A/B/C/D","2-170"
"RAD51 ","5888","NP_001157741.1","-","-","-","0.00","-","-"
"RAD51 ","5888","NP_001157742.1","Q06609","1B22","NMR","0.00","A","1-114"
"RAD51 ","5888","NP_001157742.1","Q06609","1N0W","X-ray","1.70","A","97-339"
"RAD51 ","5888","NP_002866.2","Q06609","1B22","NMR","0.00","A","1-114"
"RAD51 ","5888","NP_002866.2","Q06609","1N0W","X-ray","1.70","A","97-339"
"RAD51 ","5888","NP_597994.3","-","-","-","0.00","-","-"
"RAMP1","10267","NP_005846.1","O60894","2YX8","X-ray","2.40","A","27-112"
"RAMP1","10267","NP_005846.1","O60894","3N7P","X-ray","2.80","D/E/F/R","26-117"
"RAMP1","10267","NP_005846.1","O60894","3N7R","X-ray","2.90","C/D","26-117"
"RAMP1","10267","NP_005846.1","O60894","3N7S","X-ray","2.10","C/D","26-117"
"RARRES1","5918","NP_002879.2","P49788","-","-","0.00","-","-"
"RARRES1","5918","NP_996846.1","P49788","-","-","0.00","-","-"
"RASGEF1A","221002","NP_660356.2","Q8N9B8","-","-","0.00","-","-"
"RASSF1","11186","NP_009113.3","Q9NS23","-","-","0.00","-","-"
"RASSF1","11186","NP_733830.1","Q9NS23","-","-","0.00","-","-"
"RASSF1","11186","NP_733831.1","Q9NS23","-","-","0.00","-","-"
"RASSF1","11186","NP_733832.1","Q9NS23","-","-","0.00","-","-"
"RASSF2","9770","NP_055552.1","P50749","-","-","0.00","-","-"
"RASSF2","9770","NP_739580.1","P50749","-","-","0.00","-","-"
"RASSF6","166824","NP_803876.1","Q6ZTQ3","-","-","0.00","-","-"
"RASSF6","166824","NP_958834.1","Q6ZTQ3","-","-","0.00","-","-"
"RBP1","5947","NP_001124464.1","-","-","-","0.00","-","-"
"RBP1","5947","NP_001124465.1","-","-","-","0.00","-","-"
"RBP1","5947","NP_002890.2","P09455","-","-","0.00","-","-"
"RBP7","116362","NP_443192.1","Q96R05","1LPJ","X-ray","2.00","A","2-134"
"RHOC","389","NP_001036143.1","P08134","1Z2C","X-ray","3.00","A/C","1-193"
"RHOC","389","NP_001036143.1","P08134","2GCN","X-ray","1.85","A","1-181"
"RHOC","389","NP_001036143.1","P08134","2GCO","X-ray","1.40","A/B","1-181"
"RHOC","389","NP_001036144.1","P08134","1Z2C","X-ray","3.00","A/C","1-193"
"RHOC","389","NP_001036144.1","P08134","2GCN","X-ray","1.85","A","1-181"
"RHOC","389","NP_001036144.1","P08134","2GCO","X-ray","1.40","A/B","1-181"
"RHOC","389","NP_786886.1","P08134","1Z2C","X-ray","3.00","A/C","1-193"
"RHOC","389","NP_786886.1","P08134","2GCN","X-ray","1.85","A","1-181"
"RHOC","389","NP_786886.1","P08134","2GCO","X-ray","1.40","A/B","1-181"
"RNF213","57674","NP_065965.4","-","-","-","0.00","-","-"
"RNF213","57674","NP_066005.2","Q9HCF4","-","-","0.00","-","-"
"RORB","6096","NP_008845.2","Q92753","-","-","0.00","-","-"
"RPS4X","6191","NP_000998.1","P62701","-","-","0.00","-","-"
"RPS6KB1","6198","NP_003152.1","P23443","3A60","X-ray","2.80","A/B","75-399"
"RPS6KB1","6198","NP_003152.1","P23443","3A61","X-ray","3.43","A","75-399"
"RPS6KB1","6198","NP_003152.1","P23443","3A62","X-ray","2.35","A","75-399"
"RPS6KB2","6199","NP_003943.2","Q9UBS0","-","-","0.00","-","-"
"RPS6KB2","6199","NP_005974.2","Q13309","1FQV","X-ray","2.80","A/C/E/G/I/K/M/O","89-424"
"RPS6KB2","6199","NP_005974.2","Q13309","1FS1","X-ray","1.80","A/C","89-141"
"RPS6KB2","6199","NP_005974.2","Q13309","1FS2","X-ray","2.90","A/C","89-398"
"RPS6KB2","6199","NP_005974.2","Q13309","1LDK","X-ray","3.10","E","97-137"
"RPS6KB2","6199","NP_005974.2","Q13309","2ASS","X-ray","3.00","B","89-424"
"RPS6KB2","6199","NP_005974.2","Q13309","2AST","X-ray","2.30","B","89-424"
"RPS6KB2","6199","NP_116026.1","Q13309","1FQV","X-ray","2.80","A/C/E/G/I/K/M/O","89-424"
"RPS6KB2","6199","NP_116026.1","Q13309","1FS1","X-ray","1.80","A/C","89-141"
"RPS6KB2","6199","NP_116026.1","Q13309","1FS2","X-ray","2.90","A/C","89-398"
"RPS6KB2","6199","NP_116026.1","Q13309","1LDK","X-ray","3.10","E","97-137"
"RPS6KB2","6199","NP_116026.1","Q13309","2ASS","X-ray","3.00","B","89-424"
"RPS6KB2","6199","NP_116026.1","Q13309","2AST","X-ray","2.30","B","89-424"
"RUNX1","861","NP_001001890.1","Q01196","1CMO","NMR","0.00","A","52-178"
"RUNX1","861","NP_001001890.1","Q01196","1CO1","NMR","0.00","A","61-175"
"RUNX1","861","NP_001001890.1","Q01196","1E50","X-ray","2.60","A/C/E/G/Q/R","50-183"
"RUNX1","861","NP_001001890.1","Q01196","1H9D","X-ray","2.60","A/C","50-183"
"RUNX1","861","NP_001001890.1","Q01196","1LJM","X-ray","2.50","A/B","51-181"
"RUNX1","861","NP_001116079.1","Q01196","1CMO","NMR","0.00","A","52-178"
"RUNX1","861","NP_001116079.1","Q01196","1CO1","NMR","0.00","A","61-175"
"RUNX1","861","NP_001116079.1","Q01196","1E50","X-ray","2.60","A/C/E/G/Q/R","50-183"
"RUNX1","861","NP_001116079.1","Q01196","1H9D","X-ray","2.60","A/C","50-183"
"RUNX1","861","NP_001116079.1","Q01196","1LJM","X-ray","2.50","A/B","51-181"
"RUNX1","861","NP_001745.2","Q01196","1CMO","NMR","0.00","A","52-178"
"RUNX1","861","NP_001745.2","Q01196","1CO1","NMR","0.00","A","61-175"
"RUNX1","861","NP_001745.2","Q01196","1E50","X-ray","2.60","A/C/E/G/Q/R","50-183"
"RUNX1","861","NP_001745.2","Q01196","1H9D","X-ray","2.60","A/C","50-183"
"RUNX1","861","NP_001745.2","Q01196","1LJM","X-ray","2.50","A/B","51-181"
"RUNX1T1","862","NP_001185554.1","Q06455","1WQ6","X-ray","2.00","A/B","335-403"
"RUNX1T1","862","NP_001185554.1","Q06455","2DJ8","NMR","0.00","A","505-551"
"RUNX1T1","862","NP_001185554.1","Q06455","2H7B","NMR","0.00","A","120-222"
"RUNX1T1","862","NP_001185554.1","Q06455","2KNH","NMR","0.00","A","119-216"
"RUNX1T1","862","NP_001185554.1","Q06455","2KYG","NMR","0.00","C","437-467"
"RUNX1T1","862","NP_001185554.1","Q06455","2OD1","NMR","0.00","A","510-559"
"RUNX1T1","862","NP_001185554.1","Q06455","2ODD","NMR","0.00","A","510-559"
"RUNX1T1","862","NP_001185554.1","Q06455","2PP4","NMR","0.00","A","119-225"
"RUNX1T1","862","NP_001185555.1","Q06455","1WQ6","X-ray","2.00","A/B","335-403"
"RUNX1T1","862","NP_001185555.1","Q06455","2DJ8","NMR","0.00","A","505-551"
"RUNX1T1","862","NP_001185555.1","Q06455","2H7B","NMR","0.00","A","120-222"
"RUNX1T1","862","NP_001185555.1","Q06455","2KNH","NMR","0.00","A","119-216"
"RUNX1T1","862","NP_001185555.1","Q06455","2KYG","NMR","0.00","C","437-467"
"RUNX1T1","862","NP_001185555.1","Q06455","2OD1","NMR","0.00","A","510-559"
"RUNX1T1","862","NP_001185555.1","Q06455","2ODD","NMR","0.00","A","510-559"
"RUNX1T1","862","NP_001185555.1","Q06455","2PP4","NMR","0.00","A","119-225"
"RUNX1T1","862","NP_001185556.1","Q06455","1WQ6","X-ray","2.00","A/B","335-403"
"RUNX1T1","862","NP_001185556.1","Q06455","2DJ8","NMR","0.00","A","505-551"
"RUNX1T1","862","NP_001185556.1","Q06455","2H7B","NMR","0.00","A","120-222"
"RUNX1T1","862","NP_001185556.1","Q06455","2KNH","NMR","0.00","A","119-216"
"RUNX1T1","862","NP_001185556.1","Q06455","2KYG","NMR","0.00","C","437-467"
"RUNX1T1","862","NP_001185556.1","Q06455","2OD1","NMR","0.00","A","510-559"
"RUNX1T1","862","NP_001185556.1","Q06455","2ODD","NMR","0.00","A","510-559"
"RUNX1T1","862","NP_001185556.1","Q06455","2PP4","NMR","0.00","A","119-225"
"RUNX1T1","862","NP_001185557.1","Q06455","1WQ6","X-ray","2.00","A/B","335-403"
"RUNX1T1","862","NP_001185557.1","Q06455","2DJ8","NMR","0.00","A","505-551"
"RUNX1T1","862","NP_001185557.1","Q06455","2H7B","NMR","0.00","A","120-222"
"RUNX1T1","862","NP_001185557.1","Q06455","2KNH","NMR","0.00","A","119-216"
"RUNX1T1","862","NP_001185557.1","Q06455","2KYG","NMR","0.00","C","437-467"
"RUNX1T1","862","NP_001185557.1","Q06455","2OD1","NMR","0.00","A","510-559"
"RUNX1T1","862","NP_001185557.1","Q06455","2ODD","NMR","0.00","A","510-559"
"RUNX1T1","862","NP_001185557.1","Q06455","2PP4","NMR","0.00","A","119-225"
"RUVBL1","8607","NP_003698.1","Q9Y265","2C9O","X-ray","2.20","A/B/C","1-456"
"S100A2","6273","NP_005969.1","P29034","2RGI","X-ray","1.60","A/B","1-98"
"S100A2","6273","NP_005969.1","P29034","3N22","X-ray","1.30","A/B","1-98"
"S100A4","6275","NP_002952.1","P26447","1M31","NMR","0.00","A/B","1-101"
"S100A4","6275","NP_002952.1","P26447","2Q91","X-ray","1.63","A/B","1-101"
"S100A4","6275","NP_002952.1","P26447","3C1V","X-ray","1.50","A/B/C/D","1-101"
"S100A4","6275","NP_002952.1","P26447","3CGA","X-ray","2.03","A/B","1-101"
"S100A4","6275","NP_002952.1","P26447","3KO0","X-ray","2.30","A/B/C/D/E/F/G/H/I/J/","1-101"
"S100A4","6275","NP_002952.1","P26447","3M0W","X-ray","2.80","A/B/C/D/E/F/G/H/I/J","2-101"
"S100A4","6275","NP_062427.1","P26447","1M31","NMR","0.00","A/B","1-101"
"S100A4","6275","NP_062427.1","P26447","2Q91","X-ray","1.63","A/B","1-101"
"S100A4","6275","NP_062427.1","P26447","3C1V","X-ray","1.50","A/B/C/D","1-101"
"S100A4","6275","NP_062427.1","P26447","3CGA","X-ray","2.03","A/B","1-101"
"S100A4","6275","NP_062427.1","P26447","3KO0","X-ray","2.30","A/B/C/D/E/F/G/H/I/J/","1-101"
"S100A4","6275","NP_062427.1","P26447","3M0W","X-ray","2.80","A/B/C/D/E/F/G/H/I/J","2-101"
"SAA1","6288","NP_000322.2","P02735","-","-","0.00","-","-"
"SAA1","6288","NP_001171477.1","P02735","-","-","0.00","-","-"
"SAA1","6288","NP_954630.1","P02735","-","-","0.00","-","-"
"SAA2","6289","NP_001120852.1","-","-","-","0.00","-","-"
"SAA2","6289","NP_110381.2","P02735","-","-","0.00","-","-"
"SAT1","6303","NP_002961.1","P21673","2B3U","X-ray","1.85","A/B","1-171"
"SAT1","6303","NP_002961.1","P21673","2B3V","X-ray","1.95","A","1-171"
"SAT1","6303","NP_002961.1","P21673","2B4B","X-ray","2.00","A/B","1-171"
"SAT1","6303","NP_002961.1","P21673","2B4D","X-ray","2.00","A/B","1-171"
"SAT1","6303","NP_002961.1","P21673","2B58","X-ray","1.95","A","1-171"
"SAT1","6303","NP_002961.1","P21673","2B5G","X-ray","1.70","A/B","1-171"
"SAT1","6303","NP_002961.1","P21673","2F5I","X-ray","2.30","A/B","1-171"
"SAT1","6303","NP_002961.1","P21673","2FXF","X-ray","2.00","A/B","2-171"
"SAT1","6303","NP_002961.1","P21673","2G3T","X-ray","1.80","A/B","1-171"
"SAT1","6303","NP_002961.1","P21673","2JEV","X-ray","2.30","A/B","1-171"
"SCARA5","286133","NP_776194.2","Q6ZMJ2","-","-","0.00","-","-"
"SCGB2A2","4250","NP_002402.1","Q13296","-","-","0.00","-","-"
"SDC1","6382","NP_001006947.1","P18827","-","-","0.00","-","-"
"SDC1","6382","NP_002988.3","P18827","-","-","0.00","-","-"
"SELP","6403","NP_002996.2","P16109","1FSB","NMR","0.00","A","160-199"
"SELP","6403","NP_002996.2","P16109","1G1Q","X-ray","2.40","A/B/C/D","42-198"
"SELP","6403","NP_002996.2","P16109","1G1R","X-ray","3.40","A/B/C/D","42-198"
"SELP","6403","NP_002996.2","P16109","1G1S","X-ray","1.90","A/B","42-198"
"SELP","6403","NP_002996.2","P16109","1HES","X-ray","3.00","P","813-830"
"SELP","6403","NP_002996.2","P16109","1KJD","model","0.00","A","42-161"
"SERPINA3","12","NP_001076.2","P01011","1AS4","X-ray","2.10","A","43-383"
"SERPINA3","12","NP_001076.2","P01011","1AS4","X-ray","2.10","B","387-423"
"SERPINA3","12","NP_001076.2","P01011","1QMN","X-ray","2.27","A","26-423"
"SERPINA3","12","NP_001076.2","P01011","2ACH","X-ray","2.70","A","24-383"
"SERPINA3","12","NP_001076.2","P01011","2ACH","X-ray","2.70","B","384-423"
"SERPINA3","12","NP_001076.2","P01011","3CAA","X-ray","2.40","A","43-383"
"SERPINA3","12","NP_001076.2","P01011","3CAA","X-ray","2.40","B","387-423"
"SERPINA3","12","NP_001076.2","P01011","3DLW","X-ray","2.70","A","25-423"
"SERPINA3","12","NP_001076.2","P01011","4CAA","X-ray","2.90","A","43-383"
"SERPINA3","12","NP_001076.2","P01011","4CAA","X-ray","2.90","B","387-423"
"SERPINB2","5055","NP_001137290.1","P05120","1BY7","X-ray","2.00","A","1-415"
"SERPINB2","5055","NP_001137290.1","P05120","1JRR","X-ray","1.60","A","1-415"
"SERPINB2","5055","NP_001137290.1","P05120","1JRR","X-ray","1.60","P","367-380"
"SERPINB2","5055","NP_001137290.1","P05120","2ARQ","X-ray","1.85","A","1-415"
"SERPINB2","5055","NP_001137290.1","P05120","2ARQ","X-ray","1.85","P","367-380"
"SERPINB2","5055","NP_001137290.1","P05120","2ARR","X-ray","1.55","A","1-415"
"SERPINB2","5055","NP_001137290.1","P05120","2ARR","X-ray","1.55","P","367-380"
"SERPINB2","5055","NP_002566.1","P05120","1BY7","X-ray","2.00","A","1-415"
"SERPINB2","5055","NP_002566.1","P05120","1JRR","X-ray","1.60","A","1-415"
"SERPINB2","5055","NP_002566.1","P05120","1JRR","X-ray","1.60","P","367-380"
"SERPINB2","5055","NP_002566.1","P05120","2ARQ","X-ray","1.85","A","1-415"
"SERPINB2","5055","NP_002566.1","P05120","2ARQ","X-ray","1.85","P","367-380"
"SERPINB2","5055","NP_002566.1","P05120","2ARR","X-ray","1.55","A","1-415"
"SERPINB2","5055","NP_002566.1","P05120","2ARR","X-ray","1.55","P","367-380"
"SESN3","143686","NP_653266.2","P58005","-","-","0.00","-","-"
"SFN","2810","NP_006133.1","P31947","1YWT","X-ray","2.40","A/B","1-248"
"SFN","2810","NP_006133.1","P31947","1YZ5","X-ray","2.80","A/B","1-248"
"SFN","2810","NP_006133.1","P31947","3IQJ","X-ray","1.15","A","1-231"
"SFN","2810","NP_006133.1","P31947","3IQU","X-ray","1.05","A","1-231"
"SFN","2810","NP_006133.1","P31947","3IQV","X-ray","1.20","A","1-231"
"SFN","2810","NP_006133.1","P31947","3LW1","X-ray","1.28","A","1-248"
"SFN","2810","NP_006133.1","P31947","3MHR","X-ray","1.15","A","1-231"
"SFN","2810","NP_006133.1","P31947","3O8I","X-ray","2.00","A","1-231"
"SFRS3","6428","NP_003008.1","P84103","2I2Y","NMR","0.00","A","31413"
"SFRS3","6428","NP_003008.1","P84103","2I38","NMR","0.00","A","31413"
"SHBG","6462","NP_001031.2","P04278","1D2S","X-ray","1.55","A","42-217"
"SHBG","6462","NP_001031.2","P04278","1F5F","X-ray","1.70","A","30-234"
"SHBG","6462","NP_001031.2","P04278","1KDK","X-ray","1.70","A","41-217"
"SHBG","6462","NP_001031.2","P04278","1KDM","X-ray","2.35","A","41-217"
"SHBG","6462","NP_001031.2","P04278","1LHN","X-ray","2.00","A","30-218"
"SHBG","6462","NP_001031.2","P04278","1LHO","X-ray","2.00","A","30-218"
"SHBG","6462","NP_001031.2","P04278","1LHU","X-ray","1.80","A","30-218"
"SHBG","6462","NP_001031.2","P04278","1LHV","X-ray","2.00","A","30-218"
"SHBG","6462","NP_001031.2","P04278","1LHW","X-ray","1.75","A","30-218"
"SHBG","6462","NP_001139751.1","-","-","-","0.00","-","-"
"SHBG","6462","NP_001139752.1","-","-","-","0.00","-","-"
"SHBG","6462","NP_001139753.1","-","-","-","0.00","-","-"
"SHD","56961","NP_064594.3","Q96IW2","-","-","0.00","-","-"
"SIN3B","23309","NP_056075.1","O75182","-","-","0.00","-","-"
"SKP2","6502","NP_005974.2 ","Q13309","1FQV","X-ray","2.80","A/C/E/G/I/K/M/O","89-424"
"SKP2","6502","NP_005974.2 ","Q13309","1FS1","X-ray","1.80","A/C","89-141"
"SKP2","6502","NP_005974.2 ","Q13309","1FS2","X-ray","2.90","A/C","89-398"
"SKP2","6502","NP_005974.2 ","Q13309","1LDK","X-ray","3.10","E","97-137"
"SKP2","6502","NP_005974.2 ","Q13309","2ASS","X-ray","3.00","B","89-424"
"SKP2","6502","NP_005974.2 ","Q13309","2AST","X-ray","2.30","B","89-424"
"SKP2","6502","NP_116026.1","Q13309","1FQV","X-ray","2.80","A/C/E/G/I/K/M/O","89-424"
"SKP2","6502","NP_116026.1","Q13309","1FS1","X-ray","1.80","A/C","89-141"
"SKP2","6502","NP_116026.1","Q13309","1FS2","X-ray","2.90","A/C","89-398"
"SKP2","6502","NP_116026.1","Q13309","1LDK","X-ray","3.10","E","97-137"
"SKP2","6502","NP_116026.1","Q13309","2ASS","X-ray","3.00","B","89-424"
"SKP2","6502","NP_116026.1","Q13309","2AST","X-ray","2.30","B","89-424"
"SLC18A2","6751","NP_001040.1","P30872","-","-","0.00","-","-"
"SLC24A3","57419","NP_065740.2","Q9HC58","-","-","0.00","-","-"
"SLC26A2","1836","NP_000103.2","P50443","-","-","0.00","-","-"
"SLC29A2","3177","NP_001523.2","Q14542","-","-","0.00","-","-"
"SLC2A5","6518","NP_001129057.1","-","-","-","0.00","-","-"
"SLC2A5","6518","NP_003030.1","P22732","1YG1","model","0.00","A","1-501"
"SLC338A1","81539","NP_001070952.1","Q9H2H9","-","-","0.00","-","-"
"SLC338A1","81539","NP_109599.3","Q9H2H9","-","-","0.00","-","-"
"SLC47A1","55244","NP_060712.2","Q96FL8","-","-","0.00","-","-"
"SMYD2","56950","NP_064582.2","Q9NRG4","-","-","0.00","-","-"
"SNAPC1","6617","NP_003073.1","Q16533","-","-","0.00","-","-"
"SORBS2","8470","NP_001139142.1","O94875","-","-","0.00","-","-"
"SORBS2","8470","NP_001139143.1","O94875","-","-","0.00","-","-"
"SORBS2","8470","NP_001139144.1","O94875","-","-","0.00","-","-"
"SORBS2","8470","NP_001139145.1","O94875","-","-","0.00","-","-"
"SORBS2","8470","NP_001139146.1","-","-","-","0.00","-","-"
"SORBS2","8470","NP_001139147.1","-","-","-","0.00","-","-"
"SORBS2","8470","NP_003594.3","O94875","-","-","0.00","-","-"
"SORBS2","8470","NP_066547.1","O94875","-","-","0.00","-","-"
"SOX2","6657","NP_003097.1","P48431","1O4X","NMR","0.00","B","39-121"
"SPDEF","25803","NP_036523.1","O95238","1YO5","X-ray","2.00","C","247-335"
"SPDEF","25803","NP_036523.1","O95238","2DKX","NMR","0.00","A","131-213"
"SPHK1","8877","NP_001136073.1","Q9NYA1","-","-","0.00","-","-"
"SPHK1","8877","NP_001136074.1","Q9NYA1","-","-","0.00","-","-"
"SPHK1","8877","NP_068807.2","Q9NYA1","-","-","0.00","-","-"
"SPHK1","8877","NP_892010.2","Q9NYA1","-","-","0.00","-","-"
"SPP1","6696","NP_000573.1","P10451","3CXD","X-ray","2.80","P","40-51"
"SPP1","6696","NP_000573.1","P10451","3DSF","X-ray","2.80","P","40-51"
"SPP1","6696","NP_001035147.1","P10451","3CXD","X-ray","2.80","P","40-51"
"SPP1","6696","NP_001035147.1","P10451","3DSF","X-ray","2.80","P","40-51"
"SPP1","6696","NP_001035149.1","P10451","-","-","0.00","-","-"
"SPRY2 ","10253","NP_005833.1","O43597","3BUM","X-ray","2.00","A","49-61"
"SPRY2 ","10253","NP_005833.1","O43597","3OB1","X-ray","2.20","A","49-60"
"SPTLC1","10558","NP_006406.1","O15269","-","-","0.00","-","-"
"SPTLC1","10558","NP_847894.1","-","-","-","0.00","-","-"
"SRC","6714","NP_005408.1","P12931","1A07","X-ray","2.20","A/B","144-249"
"SRC","6714","NP_005408.1","P12931","1A08","X-ray","2.20","A/B","144-249"
"SRC","6714","NP_005408.1","P12931","1A09","X-ray","2.00","A/B","144-249"
"SRC","6714","NP_005408.1","P12931","1A1A","X-ray","2.00","A/B","144-249"
"SRC","6714","NP_005408.1","P12931","1A1B","X-ray","2.20","A/B","144-249"
"SRC","6714","NP_005408.1","P12931","1A1C","X-ray","2.40","A/B","144-249"
"SRC","6714","NP_005408.1","P12931","1A1E","X-ray","2.20","A/B","144-249"
"SRC","6714","NP_005408.1","P12931","1FMK","X-ray","1.50","A","86-536"
"SRC","6714","NP_005408.1","P12931","1HCS","NMR","0.00","B","144-249"
"SRC","6714","NP_005408.1","P12931","1HCT","NMR","0.00","B","144-249"
"SRC","6714","NP_005408.1","P12931","1KSW","X-ray","2.80","A","86-535"
"SRC","6714","NP_005408.1","P12931","1O41","X-ray","1.70","A","145-251"
"SRC","6714","NP_005408.1","P12931","1O42","X-ray","1.70","A","145-251"
"SRC","6714","NP_005408.1","P12931","1O43","X-ray","1.50","A","145-251"
"SRC","6714","NP_005408.1","P12931","1O44","X-ray","1.70","A","145-251"
"SRC","6714","NP_005408.1","P12931","1O45","X-ray","1.80","A","145-251"
"SRC","6714","NP_005408.1","P12931","1O46","X-ray","2.00","A","145-251"
"SRC","6714","NP_005408.1","P12931","1O47","X-ray","1.80","A","145-251"
"SRC","6714","NP_005408.1","P12931","1O48","X-ray","1.55","A","145-251"
"SRC","6714","NP_005408.1","P12931","1O49","X-ray","1.70","A","145-251"
"SRC","6714","NP_005408.1","P12931","1O4A","X-ray","1.50","A","145-251"
"SRC","6714","NP_005408.1","P12931","1O4B","X-ray","1.85","A","145-251"
"SRC","6714","NP_005408.1","P12931","1O4C","X-ray","1.80","A","145-251"
"SRC","6714","NP_005408.1","P12931","1O4D","X-ray","1.85","A","145-251"
"SRC","6714","NP_005408.1","P12931","1O4E","X-ray","2.00","A","145-251"
"SRC","6714","NP_005408.1","P12931","1O4F","X-ray","2.00","A","145-251"
"SRC","6714","NP_005408.1","P12931","1O4G","X-ray","1.55","A","145-251"
"SRC","6714","NP_005408.1","P12931","1O4H","X-ray","2.25","A","145-251"
"SRC","6714","NP_005408.1","P12931","1O4I","X-ray","1.75","A","145-251"
"SRC","6714","NP_005408.1","P12931","1O4J","X-ray","1.70","A","145-251"
"SRC","6714","NP_005408.1","P12931","1O4K","X-ray","1.57","A","145-251"
"SRC","6714","NP_005408.1","P12931","1O4L","X-ray","1.65","A","145-251"
"SRC","6714","NP_005408.1","P12931","1O4M","X-ray","1.60","A","145-251"
"SRC","6714","NP_005408.1","P12931","1O4N","X-ray","1.60","A","145-251"
"SRC","6714","NP_005408.1","P12931","1O4O","X-ray","1.70","A","145-251"
"SRC","6714","NP_005408.1","P12931","1O4P","X-ray","1.90","A","145-251"
"SRC","6714","NP_005408.1","P12931","1O4Q","X-ray","1.70","A","145-251"
"SRC","6714","NP_005408.1","P12931","1O4R","X-ray","1.50","A","145-251"
"SRC","6714","NP_005408.1","P12931","1SHD","X-ray","2.00","A","144-248"
"SRC","6714","NP_005408.1","P12931","1Y57","X-ray","1.91","A","86-535"
"SRC","6714","NP_005408.1","P12931","1YI6","X-ray","2.00","A/B","261-535"
"SRC","6714","NP_005408.1","P12931","1YOJ","X-ray","1.95","A/B","254-535"
"SRC","6714","NP_005408.1","P12931","1YOL","X-ray","2.30","A/B","254-535"
"SRC","6714","NP_005408.1","P12931","1YOM","X-ray","2.90","A/B","254-535"
"SRC","6714","NP_005408.1","P12931","2BDF","X-ray","2.10","A/B","258-535"
"SRC","6714","NP_005408.1","P12931","2BDJ","X-ray","2.50","A","258-535"
"SRC","6714","NP_005408.1","P12931","2H8H","X-ray","2.20","A","2-535"
"SRC","6714","NP_005408.1","P12931","2SRC","X-ray","1.50","A","86-535"
"SRC","6714","NP_938033.1","P12931","1A07","X-ray","2.20","A/B","144-249"
"SRC","6714","NP_938033.1","P12931","1A08","X-ray","2.20","A/B","144-249"
"SRC","6714","NP_938033.1","P12931","1A09","X-ray","2.00","A/B","144-249"
"SRC","6714","NP_938033.1","P12931","1A1A","X-ray","2.00","A/B","144-249"
"SRC","6714","NP_938033.1","P12931","1A1B","X-ray","2.20","A/B","144-249"
"SRC","6714","NP_938033.1","P12931","1A1C","X-ray","2.40","A/B","144-249"
"SRC","6714","NP_938033.1","P12931","1A1E","X-ray","2.20","A/B","144-249"
"SRC","6714","NP_938033.1","P12931","1FMK","X-ray","1.50","A","86-536"
"SRC","6714","NP_938033.1","P12931","1HCS","NMR","0.00","B","144-249"
"SRC","6714","NP_938033.1","P12931","1HCT","NMR","0.00","B","144-249"
"SRC","6714","NP_938033.1","P12931","1KSW","X-ray","2.80","A","86-535"
"SRC","6714","NP_938033.1","P12931","1O41","X-ray","1.70","A","145-251"
"SRC","6714","NP_938033.1","P12931","1O42","X-ray","1.70","A","145-251"
"SRC","6714","NP_938033.1","P12931","1O43","X-ray","1.50","A","145-251"
"SRC","6714","NP_938033.1","P12931","1O44","X-ray","1.70","A","145-251"
"SRC","6714","NP_938033.1","P12931","1O45","X-ray","1.80","A","145-251"
"SRC","6714","NP_938033.1","P12931","1O46","X-ray","2.00","A","145-251"
"SRC","6714","NP_938033.1","P12931","1O47","X-ray","1.80","A","145-251"
"SRC","6714","NP_938033.1","P12931","1O48","X-ray","1.55","A","145-251"
"SRC","6714","NP_938033.1","P12931","1O49","X-ray","1.70","A","145-251"
"SRC","6714","NP_938033.1","P12931","1O4A","X-ray","1.50","A","145-251"
"SRC","6714","NP_938033.1","P12931","1O4B","X-ray","1.85","A","145-251"
"SRC","6714","NP_938033.1","P12931","1O4C","X-ray","1.80","A","145-251"
"SRC","6714","NP_938033.1","P12931","1O4D","X-ray","1.85","A","145-251"
"SRC","6714","NP_938033.1","P12931","1O4E","X-ray","2.00","A","145-251"
"SRC","6714","NP_938033.1","P12931","1O4F","X-ray","2.00","A","145-251"
"SRC","6714","NP_938033.1","P12931","1O4G","X-ray","1.55","A","145-251"
"SRC","6714","NP_938033.1","P12931","1O4H","X-ray","2.25","A","145-251"
"SRC","6714","NP_938033.1","P12931","1O4I","X-ray","1.75","A","145-251"
"SRC","6714","NP_938033.1","P12931","1O4J","X-ray","1.70","A","145-251"
"SRC","6714","NP_938033.1","P12931","1O4K","X-ray","1.57","A","145-251"
"SRC","6714","NP_938033.1","P12931","1O4L","X-ray","1.65","A","145-251"
"SRC","6714","NP_938033.1","P12931","1O4M","X-ray","1.60","A","145-251"
"SRC","6714","NP_938033.1","P12931","1O4N","X-ray","1.60","A","145-251"
"SRC","6714","NP_938033.1","P12931","1O4O","X-ray","1.70","A","145-251"
"SRC","6714","NP_938033.1","P12931","1O4P","X-ray","1.90","A","145-251"
"SRC","6714","NP_938033.1","P12931","1O4Q","X-ray","1.70","A","145-251"
"SRC","6714","NP_938033.1","P12931","1O4R","X-ray","1.50","A","145-251"
"SRC","6714","NP_938033.1","P12931","1SHD","X-ray","2.00","A","144-248"
"SRC","6714","NP_938033.1","P12931","1Y57","X-ray","1.91","A","86-535"
"SRC","6714","NP_938033.1","P12931","1YI6","X-ray","2.00","A/B","261-535"
"SRC","6714","NP_938033.1","P12931","1YOJ","X-ray","1.95","A/B","254-535"
"SRC","6714","NP_938033.1","P12931","1YOL","X-ray","2.30","A/B","254-535"
"SRC","6714","NP_938033.1","P12931","1YOM","X-ray","2.90","A/B","254-535"
"SRC","6714","NP_938033.1","P12931","2BDF","X-ray","2.10","A/B","258-535"
"SRC","6714","NP_938033.1","P12931","2BDJ","X-ray","2.50","A","258-535"
"SRC","6714","NP_938033.1","P12931","2H8H","X-ray","2.20","A","2-535"
"SRC","6714","NP_938033.1","P12931","2SRC","X-ray","1.50","A","86-535"
"SRPX","8406","NP_001164221.1","-","-","-","0.00","-","-"
"SRPX","8406","NP_001164222.1","-","-","-","0.00","-","-"
"ST6GAL1","6480","NP_003023.1","P15907","-","-","0.00","-","-"
"ST6GAL1","6480","NP_775323.1","P15907","-","-","0.00","-","-"
"ST6GAL1","6480","NP_775324.1","P15907","-","-","0.00","-","-"
"ST8SIA4","7903","NP_005659.1","Q92187","-","-","0.00","-","-"
"ST8SIA4","7903","NP_778222.1","-","-","-","0.00","-","-"
"STK11","6794","NP_000446.1","Q15831","2WTK","X-ray","2.65","C/F","43-347"
"SULT1A1","6817","NP_001046.2","P50225","1LS6","X-ray","1.90","A","1-295"
"SULT1A1","6817","NP_001046.2","P50225","1Z28","X-ray","2.30","A","1-295"
"SULT1A1","6817","NP_001046.2","P50225","2D06","X-ray","2.30","A/B","1-295"
"SULT1A1","6817","NP_001046.2","P50225","1LS6","X-ray","1.90","A","1-295"
"SULT1A1","6817","NP_001046.2","P50225","1Z28","X-ray","2.30","A","1-295"
"SULT1A1","6817","NP_001046.2","P50225","2D06","X-ray","2.30","A/B","1-295"
"SULT1A1","6817","NP_001046.2","P50225","1LS6","X-ray","1.90","A","1-295"
"SULT1A1","6817","NP_001046.2","P50225","1Z28","X-ray","2.30","A","1-295"
"SULT1A1","6817","NP_001046.2","P50225","2D06","X-ray","2.30","A/B","1-295"
"SULT1A1","6817","NP_001046.2","P50225","1LS6","X-ray","1.90","A","1-295"
"SULT1A1","6817","NP_001046.2","P50225","1Z28","X-ray","2.30","A","1-295"
"SULT1A1","6817","NP_001046.2","P50225","2D06","X-ray","2.30","A/B","1-295"
"SULT1A1","6817","NP_001046.2","P50225","1LS6","X-ray","1.90","A","1-295"
"SULT1A1","6817","NP_001046.2","P50225","1Z28","X-ray","2.30","A","1-295"
"SULT1A1","6817","NP_001046.2","P50225","2D06","X-ray","2.30","A/B","1-295"
"SULT1A1","6817","NP_803565.1","P50225","1LS6","X-ray","1.90","A","1-295"
"SULT1A1","6817","NP_803565.1","P50225","1Z28","X-ray","2.30","A","1-295"
"SULT1A1","6817","NP_803565.1","P50225","2D06","X-ray","2.30","A/B","1-295"
"SULT1A1","6817","NP_803565.1","P50225","1LS6","X-ray","1.90","A","1-295"
"SULT1A1","6817","NP_803565.1","P50225","1Z28","X-ray","2.30","A","1-295"
"SULT1A1","6817","NP_803565.1","P50225","2D06","X-ray","2.30","A/B","1-295"
"SULT1A1","6817","NP_803565.1","P50225","1LS6","X-ray","1.90","A","1-295"
"SULT1A1","6817","NP_803565.1","P50225","1Z28","X-ray","2.30","A","1-295"
"SULT1A1","6817","NP_803565.1","P50225","2D06","X-ray","2.30","A/B","1-295"
"SULT1A1","6817","NP_803565.1","P50225","1LS6","X-ray","1.90","A","1-295"
"SULT1A1","6817","NP_803565.1","P50225","1Z28","X-ray","2.30","A","1-295"
"SULT1A1","6817","NP_803565.1","P50225","2D06","X-ray","2.30","A/B","1-295"
"SULT1A1","6817","NP_803565.1","P50225","1LS6","X-ray","1.90","A","1-295"
"SULT1A1","6817","NP_803565.1","P50225","1Z28","X-ray","2.30","A","1-295"
"SULT1A1","6817","NP_803565.1","P50225","2D06","X-ray","2.30","A/B","1-295"
"SULT1A1","6817","NP_803566.1","P50225","1LS6","X-ray","1.90","A","1-295"
"SULT1A1","6817","NP_803566.1","P50225","1Z28","X-ray","2.30","A","1-295"
"SULT1A1","6817","NP_803566.1","P50225","2D06","X-ray","2.30","A/B","1-295"
"SULT1A1","6817","NP_803566.1","P50225","1LS6","X-ray","1.90","A","1-295"
"SULT1A1","6817","NP_803566.1","P50225","1Z28","X-ray","2.30","A","1-295"
"SULT1A1","6817","NP_803566.1","P50225","2D06","X-ray","2.30","A/B","1-295"
"SULT1A1","6817","NP_803566.1","P50225","1LS6","X-ray","1.90","A","1-295"
"SULT1A1","6817","NP_803566.1","P50225","1Z28","X-ray","2.30","A","1-295"
"SULT1A1","6817","NP_803566.1","P50225","2D06","X-ray","2.30","A/B","1-295"
"SULT1A1","6817","NP_803566.1","P50225","1LS6","X-ray","1.90","A","1-295"
"SULT1A1","6817","NP_803566.1","P50225","1Z28","X-ray","2.30","A","1-295"
"SULT1A1","6817","NP_803566.1","P50225","2D06","X-ray","2.30","A/B","1-295"
"SULT1A1","6817","NP_803566.1","P50225","1LS6","X-ray","1.90","A","1-295"
"SULT1A1","6817","NP_803566.1","P50225","1Z28","X-ray","2.30","A","1-295"
"SULT1A1","6817","NP_803566.1","P50225","2D06","X-ray","2.30","A/B","1-295"
"SULT1A1","6817","NP_803878.1","P50225","1LS6","X-ray","1.90","A","1-295"
"SULT1A1","6817","NP_803878.1","P50225","1Z28","X-ray","2.30","A","1-295"
"SULT1A1","6817","NP_803878.1","P50225","2D06","X-ray","2.30","A/B","1-295"
"SULT1A1","6817","NP_803878.1","P50225","1LS6","X-ray","1.90","A","1-295"
"SULT1A1","6817","NP_803878.1","P50225","1Z28","X-ray","2.30","A","1-295"
"SULT1A1","6817","NP_803878.1","P50225","2D06","X-ray","2.30","A/B","1-295"
"SULT1A1","6817","NP_803878.1","P50225","1LS6","X-ray","1.90","A","1-295"
"SULT1A1","6817","NP_803878.1","P50225","1Z28","X-ray","2.30","A","1-295"
"SULT1A1","6817","NP_803878.1","P50225","2D06","X-ray","2.30","A/B","1-295"
"SULT1A1","6817","NP_803878.1","P50225","1LS6","X-ray","1.90","A","1-295"
"SULT1A1","6817","NP_803878.1","P50225","1Z28","X-ray","2.30","A","1-295"
"SULT1A1","6817","NP_803878.1","P50225","2D06","X-ray","2.30","A/B","1-295"
"SULT1A1","6817","NP_803878.1","P50225","1LS6","X-ray","1.90","A","1-295"
"SULT1A1","6817","NP_803878.1","P50225","1Z28","X-ray","2.30","A","1-295"
"SULT1A1","6817","NP_803878.1","P50225","2D06","X-ray","2.30","A/B","1-295"
"SULT1A1","6817","NP_803880.1","P50225","1LS6","X-ray","1.90","A","1-295"
"SULT1A1","6817","NP_803880.1","P50225","1Z28","X-ray","2.30","A","1-295"
"SULT1A1","6817","NP_803880.1","P50225","2D06","X-ray","2.30","A/B","1-295"
"SULT1A1","6817","NP_803880.1","P50225","1LS6","X-ray","1.90","A","1-295"
"SULT1A1","6817","NP_803880.1","P50225","1Z28","X-ray","2.30","A","1-295"
"SULT1A1","6817","NP_803880.1","P50225","2D06","X-ray","2.30","A/B","1-295"
"SULT1A1","6817","NP_803880.1","P50225","1LS6","X-ray","1.90","A","1-295"
"SULT1A1","6817","NP_803880.1","P50225","1Z28","X-ray","2.30","A","1-295"
"SULT1A1","6817","NP_803880.1","P50225","2D06","X-ray","2.30","A/B","1-295"
"SULT1A1","6817","NP_803880.1","P50225","1LS6","X-ray","1.90","A","1-295"
"SULT1A1","6817","NP_803880.1","P50225","1Z28","X-ray","2.30","A","1-295"
"SULT1A1","6817","NP_803880.1","P50225","2D06","X-ray","2.30","A/B","1-295"
"SULT1A1","6817","NP_803880.1","P50225","1LS6","X-ray","1.90","A","1-295"
"SULT1A1","6817","NP_803880.1","P50225","1Z28","X-ray","2.30","A","1-295"
"SULT1A1","6817","NP_803880.1","P50225","2D06","X-ray","2.30","A/B","1-295"
"SULT1E1","6783","NP_005411.1","P49888","1G3M","X-ray","1.70","A/B","1-294"
"SULT1E1","6783","NP_005411.1","P49888","1HY3","X-ray","1.80","A/B","1-294"
"TBX3","6926","NP_005987.3","O15119","1H6F","X-ray","1.70","A/B","101-311"
"TBX3","6926","NP_057653.3","O15119","1H6F","X-ray","1.70","A/B","101-311"
"TCEAL7","56849","NP_689491.1","Q9BRU2","-","-","0.00","-","-"
"TCEB3","6924","NP_003189.2","Q14241","-","-","0.00","-","-"
"TFAM","7019","NP_003192.1","Q00059","3FGH","X-ray","1.35","A","153-218"
"TFAP2A","7020","NP_001027451.1","P05549","-","-","0.00","-","-"
"TFAP2A","7020","NP_001035890.1","P05549","-","-","0.00","-","-"
"TFAP2A","7020","NP_003211.1","P05549","-","-","0.00","-","-"
"TFF1","7031","NP_003216.1","P04155","1HI7","NMR","0.00","A/B","25-84"
"TFF1","7031","NP_003216.1","P04155","1PS2","NMR","0.00","A","25-84"
"TFF3","7033","NP_003217.3","Q07654","1E9T","NMR","0.00","A","22-80"
"TFF3","7033","NP_003217.3","Q07654","1PE3","NMR","0.00","40545","22-80"
"THBS2","7058","NP_003238.2","P35442","1YO8","X-ray","2.60","A","551-1172"
"THBS2","7058","NP_003238.2","P35442","2RHP","X-ray","2.90","A","551-1172"
"THRB","7068","NP_000452.2","P10828","1BSX","X-ray","3.70","A/B","202-461"
"THRB","7068","NP_000452.2","P10828","1N46","X-ray","2.20","A/B","204-461"
"THRB","7068","NP_000452.2","P10828","1NAX","X-ray","2.70","A","209-460"
"THRB","7068","NP_000452.2","P10828","1NQ0","X-ray","2.40","A","202-461"
"THRB","7068","NP_000452.2","P10828","1NQ1","X-ray","2.90","A","202-461"
"THRB","7068","NP_000452.2","P10828","1NQ2","X-ray","2.40","A","202-461"
"THRB","7068","NP_000452.2","P10828","1NUO","X-ray","3.10","A","202-461"
"THRB","7068","NP_000452.2","P10828","1Q4X","X-ray","2.80","A","209-461"
"THRB","7068","NP_000452.2","P10828","1R6G","X-ray","3.00","A","203-461"
"THRB","7068","NP_000452.2","P10828","1XZX","X-ray","2.50","X","202-461"
"THRB","7068","NP_000452.2","P10828","1Y0X","X-ray","3.10","X","202-461"
"THRB","7068","NP_000452.2","P10828","2J4A","X-ray","2.20","A","209-461"
"THRB","7068","NP_000452.2","P10828","2NLL","X-ray","1.90","B","104-204"
"THRB","7068","NP_000452.2","P10828","2PIN","X-ray","2.30","A/B","209-461"
"THRB","7068","NP_000452.2","P10828","3D57","X-ray","2.20","A/B","209-460"
"THRB","7068","NP_000452.2","P10828","3GWS","X-ray","2.20","X","202-460"
"THRB","7068","NP_000452.2","P10828","3IMY","X-ray","2.55","A","202-461"
"THRB","7068","NP_000452.2","P10828","3JZC","X-ray","2.50","A","202-461"
"THRB","7068","NP_001121648.1","P10828","1BSX","X-ray","3.70","A/B","202-461"
"THRB","7068","NP_001121648.1","P10828","1N46","X-ray","2.20","A/B","204-461"
"THRB","7068","NP_001121648.1","P10828","1NAX","X-ray","2.70","A","209-460"
"THRB","7068","NP_001121648.1","P10828","1NQ0","X-ray","2.40","A","202-461"
"THRB","7068","NP_001121648.1","P10828","1NQ1","X-ray","2.90","A","202-461"
"THRB","7068","NP_001121648.1","P10828","1NQ2","X-ray","2.40","A","202-461"
"THRB","7068","NP_001121648.1","P10828","1NUO","X-ray","3.10","A","202-461"
"THRB","7068","NP_001121648.1","P10828","1Q4X","X-ray","2.80","A","209-461"
"THRB","7068","NP_001121648.1","P10828","1R6G","X-ray","3.00","A","203-461"
"THRB","7068","NP_001121648.1","P10828","1XZX","X-ray","2.50","X","202-461"
"THRB","7068","NP_001121648.1","P10828","1Y0X","X-ray","3.10","X","202-461"
"THRB","7068","NP_001121648.1","P10828","2J4A","X-ray","2.20","A","209-461"
"THRB","7068","NP_001121648.1","P10828","2NLL","X-ray","1.90","B","104-204"
"THRB","7068","NP_001121648.1","P10828","2PIN","X-ray","2.30","A/B","209-461"
"THRB","7068","NP_001121648.1","P10828","3D57","X-ray","2.20","A/B","209-460"
"THRB","7068","NP_001121648.1","P10828","3GWS","X-ray","2.20","X","202-460"
"THRB","7068","NP_001121648.1","P10828","3IMY","X-ray","2.55","A","202-461"
"THRB","7068","NP_001121648.1","P10828","3JZC","X-ray","2.50","A","202-461"
"THRB","7068","NP_001121649.1","P10828","1BSX","X-ray","3.70","A/B","202-461"
"THRB","7068","NP_001121649.1","P10828","1N46","X-ray","2.20","A/B","204-461"
"THRB","7068","NP_001121649.1","P10828","1NAX","X-ray","2.70","A","209-460"
"THRB","7068","NP_001121649.1","P10828","1NQ0","X-ray","2.40","A","202-461"
"THRB","7068","NP_001121649.1","P10828","1NQ1","X-ray","2.90","A","202-461"
"THRB","7068","NP_001121649.1","P10828","1NQ2","X-ray","2.40","A","202-461"
"THRB","7068","NP_001121649.1","P10828","1NUO","X-ray","3.10","A","202-461"
"THRB","7068","NP_001121649.1","P10828","1Q4X","X-ray","2.80","A","209-461"
"THRB","7068","NP_001121649.1","P10828","1R6G","X-ray","3.00","A","203-461"
"THRB","7068","NP_001121649.1","P10828","1XZX","X-ray","2.50","X","202-461"
"THRB","7068","NP_001121649.1","P10828","1Y0X","X-ray","3.10","X","202-461"
"THRB","7068","NP_001121649.1","P10828","2J4A","X-ray","2.20","A","209-461"
"THRB","7068","NP_001121649.1","P10828","2NLL","X-ray","1.90","B","104-204"
"THRB","7068","NP_001121649.1","P10828","2PIN","X-ray","2.30","A/B","209-461"
"THRB","7068","NP_001121649.1","P10828","3D57","X-ray","2.20","A/B","209-460"
"THRB","7068","NP_001121649.1","P10828","3GWS","X-ray","2.20","X","202-460"
"THRB","7068","NP_001121649.1","P10828","3IMY","X-ray","2.55","A","202-461"
"THRB","7068","NP_001121649.1","P10828","3JZC","X-ray","2.50","A","202-461"
"TIMP1","7076","NP_003245.1","P01033","1D2B","NMR","0.00","A","24-149"
"TIMP1","7076","NP_003245.1","P01033","1LQN","model","0.00","A","1-207"
"TIMP1","7076","NP_003245.1","P01033","1OO9","NMR","0.00","B","24-149"
"TIMP1","7076","NP_003245.1","P01033","1UEA","X-ray","2.80","B/D","24-207"
"TIMP1","7076","NP_003245.1","P01033","2J0T","X-ray","0.00","D/E/F","24-149"
"TIMP1","7076","NP_003245.1","P01033","3MA2","X-ray","2.05","B/C","24-148"
"TMC5","79838","NP_001098718.1","Q6UXY8","-","-","0.00","-","-"
"TMC5","79838","NP_001098719.1","Q6UXY8","-","-","0.00","-","-"
"TMC5","79838","NP_079056.2","Q6UXY8","-","-","0.00","-","-"
"TMEFF1","8577","NP_003683.2","Q8IYR6","-","-","0.00","-","-"
"TMEM101","84336","NP_115752.1","Q96IK0","-","-","0.00","-","-"
"TMEM132C","92293","NP_001129575.2","Q8N3T6","-","-","0.00","-","-"
"TMEM9B","56674","NP_065695.1","Q9NQ34","-","-","0.00","-","-"
"TMSB10","9168","NP_066926.1","P63313","-","-","0.00","-","-"
"TNFAIP3","7128","NP_006281.1","P21580","2EQE","NMR","0.00","A","597-631"
"TNFAIP3","7128","NP_006281.1","P21580","2EQF","NMR","0.00","A","758-790"
"TNFAIP3","7128","NP_006281.1","P21580","2EQG","NMR","0.00","A","381-416"
"TNFAIP3","7128","NP_006281.1","P21580","2VFJ","X-ray","3.20","A/B/C/D","1-366"
"TNFAIP3","7128","NP_006281.1","P21580","3DKB","X-ray","2.50","A/B/C/D/E/F","1-370"
"TNFAIP3","7128","NP_006281.1","P21580","3OJ3","X-ray","2.50","I/J/K/L/M/N/O/P","592-635"
"TNFAIP3","7128","NP_006281.1","P21580","3OJ4","X-ray","3.40","C/F","592-635"
"TNFRSF10C","8794","NP_003832.2","O14798","-","-","0.00","-","-"
"TNXB","7148","NP_061978.6","P22105","2CUH","NMR","0.00","A","3890-3991"
"TNXB","7148","NP_061978.6","P22105","2CUI","NMR","0.00","A","3699-3797"
"TNXB","7148","NP_061978.6","P22105","2CUM","NMR","0.00","A","3977-4069"
"TP53","7157","NP_000537.3","P04637","1A1U","NMR","0.00","A/C","324-358"
"TP53","7157","NP_000537.3","P04637","1AIE","X-ray","1.50","A","326-356"
"TP53","7157","NP_000537.3","P04637","1C26","X-ray","1.70","A","325-356"
"TP53","7157","NP_000537.3","P04637","1DT7","NMR","0.00","X/Y","367-388"
"TP53","7157","NP_000537.3","P04637","1GZH","X-ray","2.60","A/C","95-292"
"TP53","7157","NP_000537.3","P04637","1H26","X-ray","2.24","E","376-386"
"TP53","7157","NP_000537.3","P04637","1HS5","NMR","0.00","A/B","324-357"
"TP53","7157","NP_000537.3","P04637","1JSP","NMR","0.00","A","367-386"
"TP53","7157","NP_000537.3","P04637","1KZY","X-ray","2.50","A/B","95-289"
"TP53","7157","NP_000537.3","P04637","1MA3","X-ray","2.00","B","372-389"
"TP53","7157","NP_000537.3","P04637","1OLG","NMR","0.00","A/B/C/D","319-360"
"TP53","7157","NP_000537.3","P04637","1OLH","NMR","0.00","A/B/C/D","319-360"
"TP53","7157","NP_000537.3","P04637","1PES","NMR","0.00","A/B/C/D","325-355"
"TP53","7157","NP_000537.3","P04637","1PET","NMR","0.00","A/B/C/D","325-355"
"TP53","7157","NP_000537.3","P04637","1SAE","NMR","0.00","A/B/C/D","319-360"
"TP53","7157","NP_000537.3","P04637","1SAF","NMR","0.00","A/B/C/D","319-360"
"TP53","7157","NP_000537.3","P04637","1SAH","NMR","0.00","A/B/C/D","319-360"
"TP53","7157","NP_000537.3","P04637","1SAJ","NMR","0.00","A/B/C/D","319-360"
"TP53","7157","NP_000537.3","P04637","1SAK","NMR","0.00","A/B/C/D","319-360"
"TP53","7157","NP_000537.3","P04637","1SAL","NMR","0.00","A/B/C/D","319-360"
"TP53","7157","NP_000537.3","P04637","1TSR","X-ray","2.20","A/B/C","94-312"
"TP53","7157","NP_000537.3","P04637","1TUP","X-ray","2.20","A/B/C","94-312"
"TP53","7157","NP_000537.3","P04637","1UOL","X-ray","1.90","A/B","94-312"
"TP53","7157","NP_000537.3","P04637","1XQH","X-ray","1.75","B/F","369-377"
"TP53","7157","NP_000537.3","P04637","1YC5","X-ray","1.40","B","372-389"
"TP53","7157","NP_000537.3","P04637","1YCQ","X-ray","2.30","B","13-29"
"TP53","7157","NP_000537.3","P04637","1YCR","X-ray","2.60","B","15-29"
"TP53","7157","NP_000537.3","P04637","1YCS","X-ray","2.20","A","94-292"
"TP53","7157","NP_000537.3","P04637","2AC0","X-ray","1.80","A/B/C/D","94-293"
"TP53","7157","NP_000537.3","P04637","2ADY","X-ray","2.50","A/B","94-293"
"TP53","7157","NP_000537.3","P04637","2AHI","X-ray","1.85","A/B/C/D","94-293"
"TP53","7157","NP_000537.3","P04637","2ATA","X-ray","2.20","A/B/C/D","94-293"
"TP53","7157","NP_000537.3","P04637","2B3G","X-ray","1.60","B","33-60"
"TP53","7157","NP_000537.3","P04637","2BIM","X-ray","1.98","A/B","94-312"
"TP53","7157","NP_000537.3","P04637","2BIN","X-ray","1.90","A","94-312"
"TP53","7157","NP_000537.3","P04637","2BIO","X-ray","1.90","A","94-312"
"TP53","7157","NP_000537.3","P04637","2BIP","X-ray","1.80","A","94-312"
"TP53","7157","NP_000537.3","P04637","2BIQ","X-ray","1.80","A","94-312"
"TP53","7157","NP_000537.3","P04637","2F1X","X-ray","2.30","A/B","359-368"
"TP53","7157","NP_000537.3","P04637","2FEJ","NMR","0.00","A","94-297"
"TP53","7157","NP_000537.3","P04637","2FOJ","X-ray","1.60","B","363-367"
"TP53","7157","NP_000537.3","P04637","2FOO","X-ray","2.20","B","358-363"
"TP53","7157","NP_000537.3","P04637","2GS0","NMR","0.00","B","20-73"
"TP53","7157","NP_000537.3","P04637","2H1L","X-ray","3.16","M/N/O/P/Q/R/S/T/U/V/","92-292"
"TP53","7157","NP_000537.3","P04637","2H2D","X-ray","1.70","B","372-389"
"TP53","7157","NP_000537.3","P04637","2H2F","X-ray","2.20","B","372-389"
"TP53","7157","NP_000537.3","P04637","2H4F","X-ray","2.00","D","372-389"
"TP53","7157","NP_000537.3","P04637","2H4H","X-ray","1.99","B","372-389"
"TP53","7157","NP_000537.3","P04637","2H4J","X-ray","2.10","D","372-389"
"TP53","7157","NP_000537.3","P04637","2H59","X-ray","1.90","D/E","372-389"
"TP53","7157","NP_000537.3","P04637","2J0Z","NMR","0.00","A/B/C/D","326-356"
"TP53","7157","NP_000537.3","P04637","2J10","NMR","0.00","A/B/C/D","326-356"
"TP53","7157","NP_000537.3","P04637","2J11","NMR","0.00","A/B/C/D","332-356"
"TP53","7157","NP_000537.3","P04637","2J1W","X-ray","1.80","A/B","94-312"
"TP53","7157","NP_000537.3","P04637","2J1X","X-ray","1.65","A/B","94-312"
"TP53","7157","NP_000537.3","P04637","2J1Y","X-ray","1.69","A/B/C/D","94-293"
"TP53","7157","NP_000537.3","P04637","2J1Z","X-ray","1.80","A/B","94-312"
"TP53","7157","NP_000537.3","P04637","2J20","X-ray","1.80","A/B","94-312"
"TP53","7157","NP_000537.3","P04637","2J21","X-ray","1.60","A/B","94-312"
"TP53","7157","NP_000537.3","P04637","2K8F","NMR","0.00","B","14246"
"TP53","7157","NP_000537.3","P04637","2L14","NMR","0.00","B","13-61"
"TP53","7157","NP_000537.3","P04637","2OCJ","X-ray","2.05","A/B/C/D","94-312"
"TP53","7157","NP_000537.3","P04637","2PCX","X-ray","1.54","A","94-292"
"TP53","7157","NP_000537.3","P04637","2QVQ","X-ray","2.00","A","94-289"
"TP53","7157","NP_000537.3","P04637","2QXA","X-ray","1.50","A/B/C/D","95-289"
"TP53","7157","NP_000537.3","P04637","2QXB","X-ray","2.50","A/B/C/D","95-289"
"TP53","7157","NP_000537.3","P04637","2QXC","X-ray","1.85","A/B/C/D","95-289"
"TP53","7157","NP_000537.3","P04637","2VUK","X-ray","1.50","A/B","94-312"
"TP53","7157","NP_000537.3","P04637","2WGX","X-ray","1.75","A/B","94-310"
"TP53","7157","NP_000537.3","P04637","2X0U","X-ray","1.60","A/B","94-312"
"TP53","7157","NP_000537.3","P04637","2X0V","X-ray","1.80","A/B","94-312"
"TP53","7157","NP_000537.3","P04637","2X0W","X-ray","2.10","A/B","94-312"
"TP53","7157","NP_000537.3","P04637","2Z5S","X-ray","2.30","P/Q/R","15-29"
"TP53","7157","NP_000537.3","P04637","2Z5T","X-ray","2.30","P/Q/R","15-29"
"TP53","7157","NP_000537.3","P04637","3D05","X-ray","1.70","A","94-293"
"TP53","7157","NP_000537.3","P04637","3D06","X-ray","1.20","A","94-293"
"TP53","7157","NP_000537.3","P04637","3D07","X-ray","2.20","A/B","94-293"
"TP53","7157","NP_000537.3","P04637","3D08","X-ray","1.40","A","94-293"
"TP53","7157","NP_000537.3","P04637","3D09","X-ray","1.90","A","94-293"
"TP53","7157","NP_000537.3","P04637","3D0A","X-ray","1.80","A/B/C/D","94-293"
"TP53","7157","NP_000537.3","P04637","3DAB","X-ray","1.90","B/D/F/H","15-29"
"TP53","7157","NP_000537.3","P04637","3DAC","X-ray","1.80","B/P","17-37"
"TP53","7157","NP_000537.3","P04637","3IGK","X-ray","1.70","A","94-293"
"TP53","7157","NP_000537.3","P04637","3IGL","X-ray","1.80","A","94-293"
"TP53","7157","NP_000537.3","P04637","3KMD","X-ray","2.15","A/B/C/D","92-291"
"TP53","7157","NP_000537.3","P04637","3KZ8","X-ray","1.91","A/B","94-293"
"TP53","7157","NP_000537.3","P04637","3LW1","X-ray","1.28","P","385-393"
"TP53","7157","NP_000537.3","P04637","3PDH","X-ray","1.80","D","372-389"
"TP53","7157","NP_000537.3","P04637","3SAK","NMR","0.00","A/B/C/D","319-360"
"TP53","7157","NP_001119584.1","P04637","1A1U","NMR","0.00","A/C","324-358"
"TP53","7157","NP_001119584.1","P04637","1AIE","X-ray","1.50","A","326-356"
"TP53","7157","NP_001119584.1","P04637","1C26","X-ray","1.70","A","325-356"
"TP53","7157","NP_001119584.1","P04637","1DT7","NMR","0.00","X/Y","367-388"
"TP53","7157","NP_001119584.1","P04637","1GZH","X-ray","2.60","A/C","95-292"
"TP53","7157","NP_001119584.1","P04637","1H26","X-ray","2.24","E","376-386"
"TP53","7157","NP_001119584.1","P04637","1HS5","NMR","0.00","A/B","324-357"
"TP53","7157","NP_001119584.1","P04637","1JSP","NMR","0.00","A","367-386"
"TP53","7157","NP_001119584.1","P04637","1KZY","X-ray","2.50","A/B","95-289"
"TP53","7157","NP_001119584.1","P04637","1MA3","X-ray","2.00","B","372-389"
"TP53","7157","NP_001119584.1","P04637","1OLG","NMR","0.00","A/B/C/D","319-360"
"TP53","7157","NP_001119584.1","P04637","1OLH","NMR","0.00","A/B/C/D","319-360"
"TP53","7157","NP_001119584.1","P04637","1PES","NMR","0.00","A/B/C/D","325-355"
"TP53","7157","NP_001119584.1","P04637","1PET","NMR","0.00","A/B/C/D","325-355"
"TP53","7157","NP_001119584.1","P04637","1SAE","NMR","0.00","A/B/C/D","319-360"
"TP53","7157","NP_001119584.1","P04637","1SAF","NMR","0.00","A/B/C/D","319-360"
"TP53","7157","NP_001119584.1","P04637","1SAH","NMR","0.00","A/B/C/D","319-360"
"TP53","7157","NP_001119584.1","P04637","1SAJ","NMR","0.00","A/B/C/D","319-360"
"TP53","7157","NP_001119584.1","P04637","1SAK","NMR","0.00","A/B/C/D","319-360"
"TP53","7157","NP_001119584.1","P04637","1SAL","NMR","0.00","A/B/C/D","319-360"
"TP53","7157","NP_001119584.1","P04637","1TSR","X-ray","2.20","A/B/C","94-312"
"TP53","7157","NP_001119584.1","P04637","1TUP","X-ray","2.20","A/B/C","94-312"
"TP53","7157","NP_001119584.1","P04637","1UOL","X-ray","1.90","A/B","94-312"
"TP53","7157","NP_001119584.1","P04637","1XQH","X-ray","1.75","B/F","369-377"
"TP53","7157","NP_001119584.1","P04637","1YC5","X-ray","1.40","B","372-389"
"TP53","7157","NP_001119584.1","P04637","1YCQ","X-ray","2.30","B","13-29"
"TP53","7157","NP_001119584.1","P04637","1YCR","X-ray","2.60","B","15-29"
"TP53","7157","NP_001119584.1","P04637","1YCS","X-ray","2.20","A","94-292"
"TP53","7157","NP_001119584.1","P04637","2AC0","X-ray","1.80","A/B/C/D","94-293"
"TP53","7157","NP_001119584.1","P04637","2ADY","X-ray","2.50","A/B","94-293"
"TP53","7157","NP_001119584.1","P04637","2AHI","X-ray","1.85","A/B/C/D","94-293"
"TP53","7157","NP_001119584.1","P04637","2ATA","X-ray","2.20","A/B/C/D","94-293"
"TP53","7157","NP_001119584.1","P04637","2B3G","X-ray","1.60","B","33-60"
"TP53","7157","NP_001119584.1","P04637","2BIM","X-ray","1.98","A/B","94-312"
"TP53","7157","NP_001119584.1","P04637","2BIN","X-ray","1.90","A","94-312"
"TP53","7157","NP_001119584.1","P04637","2BIO","X-ray","1.90","A","94-312"
"TP53","7157","NP_001119584.1","P04637","2BIP","X-ray","1.80","A","94-312"
"TP53","7157","NP_001119584.1","P04637","2BIQ","X-ray","1.80","A","94-312"
"TP53","7157","NP_001119584.1","P04637","2F1X","X-ray","2.30","A/B","359-368"
"TP53","7157","NP_001119584.1","P04637","2FEJ","NMR","0.00","A","94-297"
"TP53","7157","NP_001119584.1","P04637","2FOJ","X-ray","1.60","B","363-367"
"TP53","7157","NP_001119584.1","P04637","2FOO","X-ray","2.20","B","358-363"
"TP53","7157","NP_001119584.1","P04637","2GS0","NMR","0.00","B","20-73"
"TP53","7157","NP_001119584.1","P04637","2H1L","X-ray","3.16","M/N/O/P/Q/R/S/T/U/V/","92-292"
"TP53","7157","NP_001119584.1","P04637","2H2D","X-ray","1.70","B","372-389"
"TP53","7157","NP_001119584.1","P04637","2H2F","X-ray","2.20","B","372-389"
"TP53","7157","NP_001119584.1","P04637","2H4F","X-ray","2.00","D","372-389"
"TP53","7157","NP_001119584.1","P04637","2H4H","X-ray","1.99","B","372-389"
"TP53","7157","NP_001119584.1","P04637","2H4J","X-ray","2.10","D","372-389"
"TP53","7157","NP_001119584.1","P04637","2H59","X-ray","1.90","D/E","372-389"
"TP53","7157","NP_001119584.1","P04637","2J0Z","NMR","0.00","A/B/C/D","326-356"
"TP53","7157","NP_001119584.1","P04637","2J10","NMR","0.00","A/B/C/D","326-356"
"TP53","7157","NP_001119584.1","P04637","2J11","NMR","0.00","A/B/C/D","332-356"
"TP53","7157","NP_001119584.1","P04637","2J1W","X-ray","1.80","A/B","94-312"
"TP53","7157","NP_001119584.1","P04637","2J1X","X-ray","1.65","A/B","94-312"
"TP53","7157","NP_001119584.1","P04637","2J1Y","X-ray","1.69","A/B/C/D","94-293"
"TP53","7157","NP_001119584.1","P04637","2J1Z","X-ray","1.80","A/B","94-312"
"TP53","7157","NP_001119584.1","P04637","2J20","X-ray","1.80","A/B","94-312"
"TP53","7157","NP_001119584.1","P04637","2J21","X-ray","1.60","A/B","94-312"
"TP53","7157","NP_001119584.1","P04637","2K8F","NMR","0.00","B","14246"
"TP53","7157","NP_001119584.1","P04637","2L14","NMR","0.00","B","13-61"
"TP53","7157","NP_001119584.1","P04637","2OCJ","X-ray","2.05","A/B/C/D","94-312"
"TP53","7157","NP_001119584.1","P04637","2PCX","X-ray","1.54","A","94-292"
"TP53","7157","NP_001119584.1","P04637","2QVQ","X-ray","2.00","A","94-289"
"TP53","7157","NP_001119584.1","P04637","2QXA","X-ray","1.50","A/B/C/D","95-289"
"TP53","7157","NP_001119584.1","P04637","2QXB","X-ray","2.50","A/B/C/D","95-289"
"TP53","7157","NP_001119584.1","P04637","2QXC","X-ray","1.85","A/B/C/D","95-289"
"TP53","7157","NP_001119584.1","P04637","2VUK","X-ray","1.50","A/B","94-312"
"TP53","7157","NP_001119584.1","P04637","2WGX","X-ray","1.75","A/B","94-310"
"TP53","7157","NP_001119584.1","P04637","2X0U","X-ray","1.60","A/B","94-312"
"TP53","7157","NP_001119584.1","P04637","2X0V","X-ray","1.80","A/B","94-312"
"TP53","7157","NP_001119584.1","P04637","2X0W","X-ray","2.10","A/B","94-312"
"TP53","7157","NP_001119584.1","P04637","2Z5S","X-ray","2.30","P/Q/R","15-29"
"TP53","7157","NP_001119584.1","P04637","2Z5T","X-ray","2.30","P/Q/R","15-29"
"TP53","7157","NP_001119584.1","P04637","3D05","X-ray","1.70","A","94-293"
"TP53","7157","NP_001119584.1","P04637","3D06","X-ray","1.20","A","94-293"
"TP53","7157","NP_001119584.1","P04637","3D07","X-ray","2.20","A/B","94-293"
"TP53","7157","NP_001119584.1","P04637","3D08","X-ray","1.40","A","94-293"
"TP53","7157","NP_001119584.1","P04637","3D09","X-ray","1.90","A","94-293"
"TP53","7157","NP_001119584.1","P04637","3D0A","X-ray","1.80","A/B/C/D","94-293"
"TP53","7157","NP_001119584.1","P04637","3DAB","X-ray","1.90","B/D/F/H","15-29"
"TP53","7157","NP_001119584.1","P04637","3DAC","X-ray","1.80","B/P","17-37"
"TP53","7157","NP_001119584.1","P04637","3IGK","X-ray","1.70","A","94-293"
"TP53","7157","NP_001119584.1","P04637","3IGL","X-ray","1.80","A","94-293"
"TP53","7157","NP_001119584.1","P04637","3KMD","X-ray","2.15","A/B/C/D","92-291"
"TP53","7157","NP_001119584.1","P04637","3KZ8","X-ray","1.91","A/B","94-293"
"TP53","7157","NP_001119584.1","P04637","3LW1","X-ray","1.28","P","385-393"
"TP53","7157","NP_001119584.1","P04637","3PDH","X-ray","1.80","D","372-389"
"TP53","7157","NP_001119584.1","P04637","3SAK","NMR","0.00","A/B/C/D","319-360"
"TP53","7157","NP_001119585.1","P04637","1A1U","NMR","0.00","A/C","324-358"
"TP53","7157","NP_001119585.1","P04637","1AIE","X-ray","1.50","A","326-356"
"TP53","7157","NP_001119585.1","P04637","1C26","X-ray","1.70","A","325-356"
"TP53","7157","NP_001119585.1","P04637","1DT7","NMR","0.00","X/Y","367-388"
"TP53","7157","NP_001119585.1","P04637","1GZH","X-ray","2.60","A/C","95-292"
"TP53","7157","NP_001119585.1","P04637","1H26","X-ray","2.24","E","376-386"
"TP53","7157","NP_001119585.1","P04637","1HS5","NMR","0.00","A/B","324-357"
"TP53","7157","NP_001119585.1","P04637","1JSP","NMR","0.00","A","367-386"
"TP53","7157","NP_001119585.1","P04637","1KZY","X-ray","2.50","A/B","95-289"
"TP53","7157","NP_001119585.1","P04637","1MA3","X-ray","2.00","B","372-389"
"TP53","7157","NP_001119585.1","P04637","1OLG","NMR","0.00","A/B/C/D","319-360"
"TP53","7157","NP_001119585.1","P04637","1OLH","NMR","0.00","A/B/C/D","319-360"
"TP53","7157","NP_001119585.1","P04637","1PES","NMR","0.00","A/B/C/D","325-355"
"TP53","7157","NP_001119585.1","P04637","1PET","NMR","0.00","A/B/C/D","325-355"
"TP53","7157","NP_001119585.1","P04637","1SAE","NMR","0.00","A/B/C/D","319-360"
"TP53","7157","NP_001119585.1","P04637","1SAF","NMR","0.00","A/B/C/D","319-360"
"TP53","7157","NP_001119585.1","P04637","1SAH","NMR","0.00","A/B/C/D","319-360"
"TP53","7157","NP_001119585.1","P04637","1SAJ","NMR","0.00","A/B/C/D","319-360"
"TP53","7157","NP_001119585.1","P04637","1SAK","NMR","0.00","A/B/C/D","319-360"
"TP53","7157","NP_001119585.1","P04637","1SAL","NMR","0.00","A/B/C/D","319-360"
"TP53","7157","NP_001119585.1","P04637","1TSR","X-ray","2.20","A/B/C","94-312"
"TP53","7157","NP_001119585.1","P04637","1TUP","X-ray","2.20","A/B/C","94-312"
"TP53","7157","NP_001119585.1","P04637","1UOL","X-ray","1.90","A/B","94-312"
"TP53","7157","NP_001119585.1","P04637","1XQH","X-ray","1.75","B/F","369-377"
"TP53","7157","NP_001119585.1","P04637","1YC5","X-ray","1.40","B","372-389"
"TP53","7157","NP_001119585.1","P04637","1YCQ","X-ray","2.30","B","13-29"
"TP53","7157","NP_001119585.1","P04637","1YCR","X-ray","2.60","B","15-29"
"TP53","7157","NP_001119585.1","P04637","1YCS","X-ray","2.20","A","94-292"
"TP53","7157","NP_001119585.1","P04637","2AC0","X-ray","1.80","A/B/C/D","94-293"
"TP53","7157","NP_001119585.1","P04637","2ADY","X-ray","2.50","A/B","94-293"
"TP53","7157","NP_001119585.1","P04637","2AHI","X-ray","1.85","A/B/C/D","94-293"
"TP53","7157","NP_001119585.1","P04637","2ATA","X-ray","2.20","A/B/C/D","94-293"
"TP53","7157","NP_001119585.1","P04637","2B3G","X-ray","1.60","B","33-60"
"TP53","7157","NP_001119585.1","P04637","2BIM","X-ray","1.98","A/B","94-312"
"TP53","7157","NP_001119585.1","P04637","2BIN","X-ray","1.90","A","94-312"
"TP53","7157","NP_001119585.1","P04637","2BIO","X-ray","1.90","A","94-312"
"TP53","7157","NP_001119585.1","P04637","2BIP","X-ray","1.80","A","94-312"
"TP53","7157","NP_001119585.1","P04637","2BIQ","X-ray","1.80","A","94-312"
"TP53","7157","NP_001119585.1","P04637","2F1X","X-ray","2.30","A/B","359-368"
"TP53","7157","NP_001119585.1","P04637","2FEJ","NMR","0.00","A","94-297"
"TP53","7157","NP_001119585.1","P04637","2FOJ","X-ray","1.60","B","363-367"
"TP53","7157","NP_001119585.1","P04637","2FOO","X-ray","2.20","B","358-363"
"TP53","7157","NP_001119585.1","P04637","2GS0","NMR","0.00","B","20-73"
"TP53","7157","NP_001119585.1","P04637","2H1L","X-ray","3.16","M/N/O/P/Q/R/S/T/U/V/","92-292"
"TP53","7157","NP_001119585.1","P04637","2H2D","X-ray","1.70","B","372-389"
"TP53","7157","NP_001119585.1","P04637","2H2F","X-ray","2.20","B","372-389"
"TP53","7157","NP_001119585.1","P04637","2H4F","X-ray","2.00","D","372-389"
"TP53","7157","NP_001119585.1","P04637","2H4H","X-ray","1.99","B","372-389"
"TP53","7157","NP_001119585.1","P04637","2H4J","X-ray","2.10","D","372-389"
"TP53","7157","NP_001119585.1","P04637","2H59","X-ray","1.90","D/E","372-389"
"TP53","7157","NP_001119585.1","P04637","2J0Z","NMR","0.00","A/B/C/D","326-356"
"TP53","7157","NP_001119585.1","P04637","2J10","NMR","0.00","A/B/C/D","326-356"
"TP53","7157","NP_001119585.1","P04637","2J11","NMR","0.00","A/B/C/D","332-356"
"TP53","7157","NP_001119585.1","P04637","2J1W","X-ray","1.80","A/B","94-312"
"TP53","7157","NP_001119585.1","P04637","2J1X","X-ray","1.65","A/B","94-312"
"TP53","7157","NP_001119585.1","P04637","2J1Y","X-ray","1.69","A/B/C/D","94-293"
"TP53","7157","NP_001119585.1","P04637","2J1Z","X-ray","1.80","A/B","94-312"
"TP53","7157","NP_001119585.1","P04637","2J20","X-ray","1.80","A/B","94-312"
"TP53","7157","NP_001119585.1","P04637","2J21","X-ray","1.60","A/B","94-312"
"TP53","7157","NP_001119585.1","P04637","2K8F","NMR","0.00","B","14246"
"TP53","7157","NP_001119585.1","P04637","2L14","NMR","0.00","B","13-61"
"TP53","7157","NP_001119585.1","P04637","2OCJ","X-ray","2.05","A/B/C/D","94-312"
"TP53","7157","NP_001119585.1","P04637","2PCX","X-ray","1.54","A","94-292"
"TP53","7157","NP_001119585.1","P04637","2QVQ","X-ray","2.00","A","94-289"
"TP53","7157","NP_001119585.1","P04637","2QXA","X-ray","1.50","A/B/C/D","95-289"
"TP53","7157","NP_001119585.1","P04637","2QXB","X-ray","2.50","A/B/C/D","95-289"
"TP53","7157","NP_001119585.1","P04637","2QXC","X-ray","1.85","A/B/C/D","95-289"
"TP53","7157","NP_001119585.1","P04637","2VUK","X-ray","1.50","A/B","94-312"
"TP53","7157","NP_001119585.1","P04637","2WGX","X-ray","1.75","A/B","94-310"
"TP53","7157","NP_001119585.1","P04637","2X0U","X-ray","1.60","A/B","94-312"
"TP53","7157","NP_001119585.1","P04637","2X0V","X-ray","1.80","A/B","94-312"
"TP53","7157","NP_001119585.1","P04637","2X0W","X-ray","2.10","A/B","94-312"
"TP53","7157","NP_001119585.1","P04637","2Z5S","X-ray","2.30","P/Q/R","15-29"
"TP53","7157","NP_001119585.1","P04637","2Z5T","X-ray","2.30","P/Q/R","15-29"
"TP53","7157","NP_001119585.1","P04637","3D05","X-ray","1.70","A","94-293"
"TP53","7157","NP_001119585.1","P04637","3D06","X-ray","1.20","A","94-293"
"TP53","7157","NP_001119585.1","P04637","3D07","X-ray","2.20","A/B","94-293"
"TP53","7157","NP_001119585.1","P04637","3D08","X-ray","1.40","A","94-293"
"TP53","7157","NP_001119585.1","P04637","3D09","X-ray","1.90","A","94-293"
"TP53","7157","NP_001119585.1","P04637","3D0A","X-ray","1.80","A/B/C/D","94-293"
"TP53","7157","NP_001119585.1","P04637","3DAB","X-ray","1.90","B/D/F/H","15-29"
"TP53","7157","NP_001119585.1","P04637","3DAC","X-ray","1.80","B/P","17-37"
"TP53","7157","NP_001119585.1","P04637","3IGK","X-ray","1.70","A","94-293"
"TP53","7157","NP_001119585.1","P04637","3IGL","X-ray","1.80","A","94-293"
"TP53","7157","NP_001119585.1","P04637","3KMD","X-ray","2.15","A/B/C/D","92-291"
"TP53","7157","NP_001119585.1","P04637","3KZ8","X-ray","1.91","A/B","94-293"
"TP53","7157","NP_001119585.1","P04637","3LW1","X-ray","1.28","P","385-393"
"TP53","7157","NP_001119585.1","P04637","3PDH","X-ray","1.80","D","372-389"
"TP53","7157","NP_001119585.1","P04637","3SAK","NMR","0.00","A/B/C/D","319-360"
"TP53","7157","NP_001119586.1","P04637","1A1U","NMR","0.00","A/C","324-358"
"TP53","7157","NP_001119586.1","P04637","1AIE","X-ray","1.50","A","326-356"
"TP53","7157","NP_001119586.1","P04637","1C26","X-ray","1.70","A","325-356"
"TP53","7157","NP_001119586.1","P04637","1DT7","NMR","0.00","X/Y","367-388"
"TP53","7157","NP_001119586.1","P04637","1GZH","X-ray","2.60","A/C","95-292"
"TP53","7157","NP_001119586.1","P04637","1H26","X-ray","2.24","E","376-386"
"TP53","7157","NP_001119586.1","P04637","1HS5","NMR","0.00","A/B","324-357"
"TP53","7157","NP_001119586.1","P04637","1JSP","NMR","0.00","A","367-386"
"TP53","7157","NP_001119586.1","P04637","1KZY","X-ray","2.50","A/B","95-289"
"TP53","7157","NP_001119586.1","P04637","1MA3","X-ray","2.00","B","372-389"
"TP53","7157","NP_001119586.1","P04637","1OLG","NMR","0.00","A/B/C/D","319-360"
"TP53","7157","NP_001119586.1","P04637","1OLH","NMR","0.00","A/B/C/D","319-360"
"TP53","7157","NP_001119586.1","P04637","1PES","NMR","0.00","A/B/C/D","325-355"
"TP53","7157","NP_001119586.1","P04637","1PET","NMR","0.00","A/B/C/D","325-355"
"TP53","7157","NP_001119586.1","P04637","1SAE","NMR","0.00","A/B/C/D","319-360"
"TP53","7157","NP_001119586.1","P04637","1SAF","NMR","0.00","A/B/C/D","319-360"
"TP53","7157","NP_001119586.1","P04637","1SAH","NMR","0.00","A/B/C/D","319-360"
"TP53","7157","NP_001119586.1","P04637","1SAJ","NMR","0.00","A/B/C/D","319-360"
"TP53","7157","NP_001119586.1","P04637","1SAK","NMR","0.00","A/B/C/D","319-360"
"TP53","7157","NP_001119586.1","P04637","1SAL","NMR","0.00","A/B/C/D","319-360"
"TP53","7157","NP_001119586.1","P04637","1TSR","X-ray","2.20","A/B/C","94-312"
"TP53","7157","NP_001119586.1","P04637","1TUP","X-ray","2.20","A/B/C","94-312"
"TP53","7157","NP_001119586.1","P04637","1UOL","X-ray","1.90","A/B","94-312"
"TP53","7157","NP_001119586.1","P04637","1XQH","X-ray","1.75","B/F","369-377"
"TP53","7157","NP_001119586.1","P04637","1YC5","X-ray","1.40","B","372-389"
"TP53","7157","NP_001119586.1","P04637","1YCQ","X-ray","2.30","B","13-29"
"TP53","7157","NP_001119586.1","P04637","1YCR","X-ray","2.60","B","15-29"
"TP53","7157","NP_001119586.1","P04637","1YCS","X-ray","2.20","A","94-292"
"TP53","7157","NP_001119586.1","P04637","2AC0","X-ray","1.80","A/B/C/D","94-293"
"TP53","7157","NP_001119586.1","P04637","2ADY","X-ray","2.50","A/B","94-293"
"TP53","7157","NP_001119586.1","P04637","2AHI","X-ray","1.85","A/B/C/D","94-293"
"TP53","7157","NP_001119586.1","P04637","2ATA","X-ray","2.20","A/B/C/D","94-293"
"TP53","7157","NP_001119586.1","P04637","2B3G","X-ray","1.60","B","33-60"
"TP53","7157","NP_001119586.1","P04637","2BIM","X-ray","1.98","A/B","94-312"
"TP53","7157","NP_001119586.1","P04637","2BIN","X-ray","1.90","A","94-312"
"TP53","7157","NP_001119586.1","P04637","2BIO","X-ray","1.90","A","94-312"
"TP53","7157","NP_001119586.1","P04637","2BIP","X-ray","1.80","A","94-312"
"TP53","7157","NP_001119586.1","P04637","2BIQ","X-ray","1.80","A","94-312"
"TP53","7157","NP_001119586.1","P04637","2F1X","X-ray","2.30","A/B","359-368"
"TP53","7157","NP_001119586.1","P04637","2FEJ","NMR","0.00","A","94-297"
"TP53","7157","NP_001119586.1","P04637","2FOJ","X-ray","1.60","B","363-367"
"TP53","7157","NP_001119586.1","P04637","2FOO","X-ray","2.20","B","358-363"
"TP53","7157","NP_001119586.1","P04637","2GS0","NMR","0.00","B","20-73"
"TP53","7157","NP_001119586.1","P04637","2H1L","X-ray","3.16","M/N/O/P/Q/R/S/T/U/V/","92-292"
"TP53","7157","NP_001119586.1","P04637","2H2D","X-ray","1.70","B","372-389"
"TP53","7157","NP_001119586.1","P04637","2H2F","X-ray","2.20","B","372-389"
"TP53","7157","NP_001119586.1","P04637","2H4F","X-ray","2.00","D","372-389"
"TP53","7157","NP_001119586.1","P04637","2H4H","X-ray","1.99","B","372-389"
"TP53","7157","NP_001119586.1","P04637","2H4J","X-ray","2.10","D","372-389"
"TP53","7157","NP_001119586.1","P04637","2H59","X-ray","1.90","D/E","372-389"
"TP53","7157","NP_001119586.1","P04637","2J0Z","NMR","0.00","A/B/C/D","326-356"
"TP53","7157","NP_001119586.1","P04637","2J10","NMR","0.00","A/B/C/D","326-356"
"TP53","7157","NP_001119586.1","P04637","2J11","NMR","0.00","A/B/C/D","332-356"
"TP53","7157","NP_001119586.1","P04637","2J1W","X-ray","1.80","A/B","94-312"
"TP53","7157","NP_001119586.1","P04637","2J1X","X-ray","1.65","A/B","94-312"
"TP53","7157","NP_001119586.1","P04637","2J1Y","X-ray","1.69","A/B/C/D","94-293"
"TP53","7157","NP_001119586.1","P04637","2J1Z","X-ray","1.80","A/B","94-312"
"TP53","7157","NP_001119586.1","P04637","2J20","X-ray","1.80","A/B","94-312"
"TP53","7157","NP_001119586.1","P04637","2J21","X-ray","1.60","A/B","94-312"
"TP53","7157","NP_001119586.1","P04637","2K8F","NMR","0.00","B","14246"
"TP53","7157","NP_001119586.1","P04637","2L14","NMR","0.00","B","13-61"
"TP53","7157","NP_001119586.1","P04637","2OCJ","X-ray","2.05","A/B/C/D","94-312"
"TP53","7157","NP_001119586.1","P04637","2PCX","X-ray","1.54","A","94-292"
"TP53","7157","NP_001119586.1","P04637","2QVQ","X-ray","2.00","A","94-289"
"TP53","7157","NP_001119586.1","P04637","2QXA","X-ray","1.50","A/B/C/D","95-289"
"TP53","7157","NP_001119586.1","P04637","2QXB","X-ray","2.50","A/B/C/D","95-289"
"TP53","7157","NP_001119586.1","P04637","2QXC","X-ray","1.85","A/B/C/D","95-289"
"TP53","7157","NP_001119586.1","P04637","2VUK","X-ray","1.50","A/B","94-312"
"TP53","7157","NP_001119586.1","P04637","2WGX","X-ray","1.75","A/B","94-310"
"TP53","7157","NP_001119586.1","P04637","2X0U","X-ray","1.60","A/B","94-312"
"TP53","7157","NP_001119586.1","P04637","2X0V","X-ray","1.80","A/B","94-312"
"TP53","7157","NP_001119586.1","P04637","2X0W","X-ray","2.10","A/B","94-312"
"TP53","7157","NP_001119586.1","P04637","2Z5S","X-ray","2.30","P/Q/R","15-29"
"TP53","7157","NP_001119586.1","P04637","2Z5T","X-ray","2.30","P/Q/R","15-29"
"TP53","7157","NP_001119586.1","P04637","3D05","X-ray","1.70","A","94-293"
"TP53","7157","NP_001119586.1","P04637","3D06","X-ray","1.20","A","94-293"
"TP53","7157","NP_001119586.1","P04637","3D07","X-ray","2.20","A/B","94-293"
"TP53","7157","NP_001119586.1","P04637","3D08","X-ray","1.40","A","94-293"
"TP53","7157","NP_001119586.1","P04637","3D09","X-ray","1.90","A","94-293"
"TP53","7157","NP_001119586.1","P04637","3D0A","X-ray","1.80","A/B/C/D","94-293"
"TP53","7157","NP_001119586.1","P04637","3DAB","X-ray","1.90","B/D/F/H","15-29"
"TP53","7157","NP_001119586.1","P04637","3DAC","X-ray","1.80","B/P","17-37"
"TP53","7157","NP_001119586.1","P04637","3IGK","X-ray","1.70","A","94-293"
"TP53","7157","NP_001119586.1","P04637","3IGL","X-ray","1.80","A","94-293"
"TP53","7157","NP_001119586.1","P04637","3KMD","X-ray","2.15","A/B/C/D","92-291"
"TP53","7157","NP_001119586.1","P04637","3KZ8","X-ray","1.91","A/B","94-293"
"TP53","7157","NP_001119586.1","P04637","3LW1","X-ray","1.28","P","385-393"
"TP53","7157","NP_001119586.1","P04637","3PDH","X-ray","1.80","D","372-389"
"TP53","7157","NP_001119586.1","P04637","3SAK","NMR","0.00","A/B/C/D","319-360"
"TP53","7157","NP_001119587.1","P04637","1A1U","NMR","0.00","A/C","324-358"
"TP53","7157","NP_001119587.1","P04637","1AIE","X-ray","1.50","A","326-356"
"TP53","7157","NP_001119587.1","P04637","1C26","X-ray","1.70","A","325-356"
"TP53","7157","NP_001119587.1","P04637","1DT7","NMR","0.00","X/Y","367-388"
"TP53","7157","NP_001119587.1","P04637","1GZH","X-ray","2.60","A/C","95-292"
"TP53","7157","NP_001119587.1","P04637","1H26","X-ray","2.24","E","376-386"
"TP53","7157","NP_001119587.1","P04637","1HS5","NMR","0.00","A/B","324-357"
"TP53","7157","NP_001119587.1","P04637","1JSP","NMR","0.00","A","367-386"
"TP53","7157","NP_001119587.1","P04637","1KZY","X-ray","2.50","A/B","95-289"
"TP53","7157","NP_001119587.1","P04637","1MA3","X-ray","2.00","B","372-389"
"TP53","7157","NP_001119587.1","P04637","1OLG","NMR","0.00","A/B/C/D","319-360"
"TP53","7157","NP_001119587.1","P04637","1OLH","NMR","0.00","A/B/C/D","319-360"
"TP53","7157","NP_001119587.1","P04637","1PES","NMR","0.00","A/B/C/D","325-355"
"TP53","7157","NP_001119587.1","P04637","1PET","NMR","0.00","A/B/C/D","325-355"
"TP53","7157","NP_001119587.1","P04637","1SAE","NMR","0.00","A/B/C/D","319-360"
"TP53","7157","NP_001119587.1","P04637","1SAF","NMR","0.00","A/B/C/D","319-360"
"TP53","7157","NP_001119587.1","P04637","1SAH","NMR","0.00","A/B/C/D","319-360"
"TP53","7157","NP_001119587.1","P04637","1SAJ","NMR","0.00","A/B/C/D","319-360"
"TP53","7157","NP_001119587.1","P04637","1SAK","NMR","0.00","A/B/C/D","319-360"
"TP53","7157","NP_001119587.1","P04637","1SAL","NMR","0.00","A/B/C/D","319-360"
"TP53","7157","NP_001119587.1","P04637","1TSR","X-ray","2.20","A/B/C","94-312"
"TP53","7157","NP_001119587.1","P04637","1TUP","X-ray","2.20","A/B/C","94-312"
"TP53","7157","NP_001119587.1","P04637","1UOL","X-ray","1.90","A/B","94-312"
"TP53","7157","NP_001119587.1","P04637","1XQH","X-ray","1.75","B/F","369-377"
"TP53","7157","NP_001119587.1","P04637","1YC5","X-ray","1.40","B","372-389"
"TP53","7157","NP_001119587.1","P04637","1YCQ","X-ray","2.30","B","13-29"
"TP53","7157","NP_001119587.1","P04637","1YCR","X-ray","2.60","B","15-29"
"TP53","7157","NP_001119587.1","P04637","1YCS","X-ray","2.20","A","94-292"
"TP53","7157","NP_001119587.1","P04637","2AC0","X-ray","1.80","A/B/C/D","94-293"
"TP53","7157","NP_001119587.1","P04637","2ADY","X-ray","2.50","A/B","94-293"
"TP53","7157","NP_001119587.1","P04637","2AHI","X-ray","1.85","A/B/C/D","94-293"
"TP53","7157","NP_001119587.1","P04637","2ATA","X-ray","2.20","A/B/C/D","94-293"
"TP53","7157","NP_001119587.1","P04637","2B3G","X-ray","1.60","B","33-60"
"TP53","7157","NP_001119587.1","P04637","2BIM","X-ray","1.98","A/B","94-312"
"TP53","7157","NP_001119587.1","P04637","2BIN","X-ray","1.90","A","94-312"
"TP53","7157","NP_001119587.1","P04637","2BIO","X-ray","1.90","A","94-312"
"TP53","7157","NP_001119587.1","P04637","2BIP","X-ray","1.80","A","94-312"
"TP53","7157","NP_001119587.1","P04637","2BIQ","X-ray","1.80","A","94-312"
"TP53","7157","NP_001119587.1","P04637","2F1X","X-ray","2.30","A/B","359-368"
"TP53","7157","NP_001119587.1","P04637","2FEJ","NMR","0.00","A","94-297"
"TP53","7157","NP_001119587.1","P04637","2FOJ","X-ray","1.60","B","363-367"
"TP53","7157","NP_001119587.1","P04637","2FOO","X-ray","2.20","B","358-363"
"TP53","7157","NP_001119587.1","P04637","2GS0","NMR","0.00","B","20-73"
"TP53","7157","NP_001119587.1","P04637","2H1L","X-ray","3.16","M/N/O/P/Q/R/S/T/U/V/","92-292"
"TP53","7157","NP_001119587.1","P04637","2H2D","X-ray","1.70","B","372-389"
"TP53","7157","NP_001119587.1","P04637","2H2F","X-ray","2.20","B","372-389"
"TP53","7157","NP_001119587.1","P04637","2H4F","X-ray","2.00","D","372-389"
"TP53","7157","NP_001119587.1","P04637","2H4H","X-ray","1.99","B","372-389"
"TP53","7157","NP_001119587.1","P04637","2H4J","X-ray","2.10","D","372-389"
"TP53","7157","NP_001119587.1","P04637","2H59","X-ray","1.90","D/E","372-389"
"TP53","7157","NP_001119587.1","P04637","2J0Z","NMR","0.00","A/B/C/D","326-356"
"TP53","7157","NP_001119587.1","P04637","2J10","NMR","0.00","A/B/C/D","326-356"
"TP53","7157","NP_001119587.1","P04637","2J11","NMR","0.00","A/B/C/D","332-356"
"TP53","7157","NP_001119587.1","P04637","2J1W","X-ray","1.80","A/B","94-312"
"TP53","7157","NP_001119587.1","P04637","2J1X","X-ray","1.65","A/B","94-312"
"TP53","7157","NP_001119587.1","P04637","2J1Y","X-ray","1.69","A/B/C/D","94-293"
"TP53","7157","NP_001119587.1","P04637","2J1Z","X-ray","1.80","A/B","94-312"
"TP53","7157","NP_001119587.1","P04637","2J20","X-ray","1.80","A/B","94-312"
"TP53","7157","NP_001119587.1","P04637","2J21","X-ray","1.60","A/B","94-312"
"TP53","7157","NP_001119587.1","P04637","2K8F","NMR","0.00","B","14246"
"TP53","7157","NP_001119587.1","P04637","2L14","NMR","0.00","B","13-61"
"TP53","7157","NP_001119587.1","P04637","2OCJ","X-ray","2.05","A/B/C/D","94-312"
"TP53","7157","NP_001119587.1","P04637","2PCX","X-ray","1.54","A","94-292"
"TP53","7157","NP_001119587.1","P04637","2QVQ","X-ray","2.00","A","94-289"
"TP53","7157","NP_001119587.1","P04637","2QXA","X-ray","1.50","A/B/C/D","95-289"
"TP53","7157","NP_001119587.1","P04637","2QXB","X-ray","2.50","A/B/C/D","95-289"
"TP53","7157","NP_001119587.1","P04637","2QXC","X-ray","1.85","A/B/C/D","95-289"
"TP53","7157","NP_001119587.1","P04637","2VUK","X-ray","1.50","A/B","94-312"
"TP53","7157","NP_001119587.1","P04637","2WGX","X-ray","1.75","A/B","94-310"
"TP53","7157","NP_001119587.1","P04637","2X0U","X-ray","1.60","A/B","94-312"
"TP53","7157","NP_001119587.1","P04637","2X0V","X-ray","1.80","A/B","94-312"
"TP53","7157","NP_001119587.1","P04637","2X0W","X-ray","2.10","A/B","94-312"
"TP53","7157","NP_001119587.1","P04637","2Z5S","X-ray","2.30","P/Q/R","15-29"
"TP53","7157","NP_001119587.1","P04637","2Z5T","X-ray","2.30","P/Q/R","15-29"
"TP53","7157","NP_001119587.1","P04637","3D05","X-ray","1.70","A","94-293"
"TP53","7157","NP_001119587.1","P04637","3D06","X-ray","1.20","A","94-293"
"TP53","7157","NP_001119587.1","P04637","3D07","X-ray","2.20","A/B","94-293"
"TP53","7157","NP_001119587.1","P04637","3D08","X-ray","1.40","A","94-293"
"TP53","7157","NP_001119587.1","P04637","3D09","X-ray","1.90","A","94-293"
"TP53","7157","NP_001119587.1","P04637","3D0A","X-ray","1.80","A/B/C/D","94-293"
"TP53","7157","NP_001119587.1","P04637","3DAB","X-ray","1.90","B/D/F/H","15-29"
"TP53","7157","NP_001119587.1","P04637","3DAC","X-ray","1.80","B/P","17-37"
"TP53","7157","NP_001119587.1","P04637","3IGK","X-ray","1.70","A","94-293"
"TP53","7157","NP_001119587.1","P04637","3IGL","X-ray","1.80","A","94-293"
"TP53","7157","NP_001119587.1","P04637","3KMD","X-ray","2.15","A/B/C/D","92-291"
"TP53","7157","NP_001119587.1","P04637","3KZ8","X-ray","1.91","A/B","94-293"
"TP53","7157","NP_001119587.1","P04637","3LW1","X-ray","1.28","P","385-393"
"TP53","7157","NP_001119587.1","P04637","3PDH","X-ray","1.80","D","372-389"
"TP53","7157","NP_001119587.1","P04637","3SAK","NMR","0.00","A/B/C/D","319-360"
"TP53","7157","NP_001119588.1","P04637","1A1U","NMR","0.00","A/C","324-358"
"TP53","7157","NP_001119588.1","P04637","1AIE","X-ray","1.50","A","326-356"
"TP53","7157","NP_001119588.1","P04637","1C26","X-ray","1.70","A","325-356"
"TP53","7157","NP_001119588.1","P04637","1DT7","NMR","0.00","X/Y","367-388"
"TP53","7157","NP_001119588.1","P04637","1GZH","X-ray","2.60","A/C","95-292"
"TP53","7157","NP_001119588.1","P04637","1H26","X-ray","2.24","E","376-386"
"TP53","7157","NP_001119588.1","P04637","1HS5","NMR","0.00","A/B","324-357"
"TP53","7157","NP_001119588.1","P04637","1JSP","NMR","0.00","A","367-386"
"TP53","7157","NP_001119588.1","P04637","1KZY","X-ray","2.50","A/B","95-289"
"TP53","7157","NP_001119588.1","P04637","1MA3","X-ray","2.00","B","372-389"
"TP53","7157","NP_001119588.1","P04637","1OLG","NMR","0.00","A/B/C/D","319-360"
"TP53","7157","NP_001119588.1","P04637","1OLH","NMR","0.00","A/B/C/D","319-360"
"TP53","7157","NP_001119588.1","P04637","1PES","NMR","0.00","A/B/C/D","325-355"
"TP53","7157","NP_001119588.1","P04637","1PET","NMR","0.00","A/B/C/D","325-355"
"TP53","7157","NP_001119588.1","P04637","1SAE","NMR","0.00","A/B/C/D","319-360"
"TP53","7157","NP_001119588.1","P04637","1SAF","NMR","0.00","A/B/C/D","319-360"
"TP53","7157","NP_001119588.1","P04637","1SAH","NMR","0.00","A/B/C/D","319-360"
"TP53","7157","NP_001119588.1","P04637","1SAJ","NMR","0.00","A/B/C/D","319-360"
"TP53","7157","NP_001119588.1","P04637","1SAK","NMR","0.00","A/B/C/D","319-360"
"TP53","7157","NP_001119588.1","P04637","1SAL","NMR","0.00","A/B/C/D","319-360"
"TP53","7157","NP_001119588.1","P04637","1TSR","X-ray","2.20","A/B/C","94-312"
"TP53","7157","NP_001119588.1","P04637","1TUP","X-ray","2.20","A/B/C","94-312"
"TP53","7157","NP_001119588.1","P04637","1UOL","X-ray","1.90","A/B","94-312"
"TP53","7157","NP_001119588.1","P04637","1XQH","X-ray","1.75","B/F","369-377"
"TP53","7157","NP_001119588.1","P04637","1YC5","X-ray","1.40","B","372-389"
"TP53","7157","NP_001119588.1","P04637","1YCQ","X-ray","2.30","B","13-29"
"TP53","7157","NP_001119588.1","P04637","1YCR","X-ray","2.60","B","15-29"
"TP53","7157","NP_001119588.1","P04637","1YCS","X-ray","2.20","A","94-292"
"TP53","7157","NP_001119588.1","P04637","2AC0","X-ray","1.80","A/B/C/D","94-293"
"TP53","7157","NP_001119588.1","P04637","2ADY","X-ray","2.50","A/B","94-293"
"TP53","7157","NP_001119588.1","P04637","2AHI","X-ray","1.85","A/B/C/D","94-293"
"TP53","7157","NP_001119588.1","P04637","2ATA","X-ray","2.20","A/B/C/D","94-293"
"TP53","7157","NP_001119588.1","P04637","2B3G","X-ray","1.60","B","33-60"
"TP53","7157","NP_001119588.1","P04637","2BIM","X-ray","1.98","A/B","94-312"
"TP53","7157","NP_001119588.1","P04637","2BIN","X-ray","1.90","A","94-312"
"TP53","7157","NP_001119588.1","P04637","2BIO","X-ray","1.90","A","94-312"
"TP53","7157","NP_001119588.1","P04637","2BIP","X-ray","1.80","A","94-312"
"TP53","7157","NP_001119588.1","P04637","2BIQ","X-ray","1.80","A","94-312"
"TP53","7157","NP_001119588.1","P04637","2F1X","X-ray","2.30","A/B","359-368"
"TP53","7157","NP_001119588.1","P04637","2FEJ","NMR","0.00","A","94-297"
"TP53","7157","NP_001119588.1","P04637","2FOJ","X-ray","1.60","B","363-367"
"TP53","7157","NP_001119588.1","P04637","2FOO","X-ray","2.20","B","358-363"
"TP53","7157","NP_001119588.1","P04637","2GS0","NMR","0.00","B","20-73"
"TP53","7157","NP_001119588.1","P04637","2H1L","X-ray","3.16","M/N/O/P/Q/R/S/T/U/V/","92-292"
"TP53","7157","NP_001119588.1","P04637","2H2D","X-ray","1.70","B","372-389"
"TP53","7157","NP_001119588.1","P04637","2H2F","X-ray","2.20","B","372-389"
"TP53","7157","NP_001119588.1","P04637","2H4F","X-ray","2.00","D","372-389"
"TP53","7157","NP_001119588.1","P04637","2H4H","X-ray","1.99","B","372-389"
"TP53","7157","NP_001119588.1","P04637","2H4J","X-ray","2.10","D","372-389"
"TP53","7157","NP_001119588.1","P04637","2H59","X-ray","1.90","D/E","372-389"
"TP53","7157","NP_001119588.1","P04637","2J0Z","NMR","0.00","A/B/C/D","326-356"
"TP53","7157","NP_001119588.1","P04637","2J10","NMR","0.00","A/B/C/D","326-356"
"TP53","7157","NP_001119588.1","P04637","2J11","NMR","0.00","A/B/C/D","332-356"
"TP53","7157","NP_001119588.1","P04637","2J1W","X-ray","1.80","A/B","94-312"
"TP53","7157","NP_001119588.1","P04637","2J1X","X-ray","1.65","A/B","94-312"
"TP53","7157","NP_001119588.1","P04637","2J1Y","X-ray","1.69","A/B/C/D","94-293"
"TP53","7157","NP_001119588.1","P04637","2J1Z","X-ray","1.80","A/B","94-312"
"TP53","7157","NP_001119588.1","P04637","2J20","X-ray","1.80","A/B","94-312"
"TP53","7157","NP_001119588.1","P04637","2J21","X-ray","1.60","A/B","94-312"
"TP53","7157","NP_001119588.1","P04637","2K8F","NMR","0.00","B","14246"
"TP53","7157","NP_001119588.1","P04637","2L14","NMR","0.00","B","13-61"
"TP53","7157","NP_001119588.1","P04637","2OCJ","X-ray","2.05","A/B/C/D","94-312"
"TP53","7157","NP_001119588.1","P04637","2PCX","X-ray","1.54","A","94-292"
"TP53","7157","NP_001119588.1","P04637","2QVQ","X-ray","2.00","A","94-289"
"TP53","7157","NP_001119588.1","P04637","2QXA","X-ray","1.50","A/B/C/D","95-289"
"TP53","7157","NP_001119588.1","P04637","2QXB","X-ray","2.50","A/B/C/D","95-289"
"TP53","7157","NP_001119588.1","P04637","2QXC","X-ray","1.85","A/B/C/D","95-289"
"TP53","7157","NP_001119588.1","P04637","2VUK","X-ray","1.50","A/B","94-312"
"TP53","7157","NP_001119588.1","P04637","2WGX","X-ray","1.75","A/B","94-310"
"TP53","7157","NP_001119588.1","P04637","2X0U","X-ray","1.60","A/B","94-312"
"TP53","7157","NP_001119588.1","P04637","2X0V","X-ray","1.80","A/B","94-312"
"TP53","7157","NP_001119588.1","P04637","2X0W","X-ray","2.10","A/B","94-312"
"TP53","7157","NP_001119588.1","P04637","2Z5S","X-ray","2.30","P/Q/R","15-29"
"TP53","7157","NP_001119588.1","P04637","2Z5T","X-ray","2.30","P/Q/R","15-29"
"TP53","7157","NP_001119588.1","P04637","3D05","X-ray","1.70","A","94-293"
"TP53","7157","NP_001119588.1","P04637","3D06","X-ray","1.20","A","94-293"
"TP53","7157","NP_001119588.1","P04637","3D07","X-ray","2.20","A/B","94-293"
"TP53","7157","NP_001119588.1","P04637","3D08","X-ray","1.40","A","94-293"
"TP53","7157","NP_001119588.1","P04637","3D09","X-ray","1.90","A","94-293"
"TP53","7157","NP_001119588.1","P04637","3D0A","X-ray","1.80","A/B/C/D","94-293"
"TP53","7157","NP_001119588.1","P04637","3DAB","X-ray","1.90","B/D/F/H","15-29"
"TP53","7157","NP_001119588.1","P04637","3DAC","X-ray","1.80","B/P","17-37"
"TP53","7157","NP_001119588.1","P04637","3IGK","X-ray","1.70","A","94-293"
"TP53","7157","NP_001119588.1","P04637","3IGL","X-ray","1.80","A","94-293"
"TP53","7157","NP_001119588.1","P04637","3KMD","X-ray","2.15","A/B/C/D","92-291"
"TP53","7157","NP_001119588.1","P04637","3KZ8","X-ray","1.91","A/B","94-293"
"TP53","7157","NP_001119588.1","P04637","3LW1","X-ray","1.28","P","385-393"
"TP53","7157","NP_001119588.1","P04637","3PDH","X-ray","1.80","D","372-389"
"TP53","7157","NP_001119588.1","P04637","3SAK","NMR","0.00","A/B/C/D","319-360"
"TP53","7157","NP_001119589.1","P04637","1A1U","NMR","0.00","A/C","324-358"
"TP53","7157","NP_001119589.1","P04637","1AIE","X-ray","1.50","A","326-356"
"TP53","7157","NP_001119589.1","P04637","1C26","X-ray","1.70","A","325-356"
"TP53","7157","NP_001119589.1","P04637","1DT7","NMR","0.00","X/Y","367-388"
"TP53","7157","NP_001119589.1","P04637","1GZH","X-ray","2.60","A/C","95-292"
"TP53","7157","NP_001119589.1","P04637","1H26","X-ray","2.24","E","376-386"
"TP53","7157","NP_001119589.1","P04637","1HS5","NMR","0.00","A/B","324-357"
"TP53","7157","NP_001119589.1","P04637","1JSP","NMR","0.00","A","367-386"
"TP53","7157","NP_001119589.1","P04637","1KZY","X-ray","2.50","A/B","95-289"
"TP53","7157","NP_001119589.1","P04637","1MA3","X-ray","2.00","B","372-389"
"TP53","7157","NP_001119589.1","P04637","1OLG","NMR","0.00","A/B/C/D","319-360"
"TP53","7157","NP_001119589.1","P04637","1OLH","NMR","0.00","A/B/C/D","319-360"
"TP53","7157","NP_001119589.1","P04637","1PES","NMR","0.00","A/B/C/D","325-355"
"TP53","7157","NP_001119589.1","P04637","1PET","NMR","0.00","A/B/C/D","325-355"
"TP53","7157","NP_001119589.1","P04637","1SAE","NMR","0.00","A/B/C/D","319-360"
"TP53","7157","NP_001119589.1","P04637","1SAF","NMR","0.00","A/B/C/D","319-360"
"TP53","7157","NP_001119589.1","P04637","1SAH","NMR","0.00","A/B/C/D","319-360"
"TP53","7157","NP_001119589.1","P04637","1SAJ","NMR","0.00","A/B/C/D","319-360"
"TP53","7157","NP_001119589.1","P04637","1SAK","NMR","0.00","A/B/C/D","319-360"
"TP53","7157","NP_001119589.1","P04637","1SAL","NMR","0.00","A/B/C/D","319-360"
"TP53","7157","NP_001119589.1","P04637","1TSR","X-ray","2.20","A/B/C","94-312"
"TP53","7157","NP_001119589.1","P04637","1TUP","X-ray","2.20","A/B/C","94-312"
"TP53","7157","NP_001119589.1","P04637","1UOL","X-ray","1.90","A/B","94-312"
"TP53","7157","NP_001119589.1","P04637","1XQH","X-ray","1.75","B/F","369-377"
"TP53","7157","NP_001119589.1","P04637","1YC5","X-ray","1.40","B","372-389"
"TP53","7157","NP_001119589.1","P04637","1YCQ","X-ray","2.30","B","13-29"
"TP53","7157","NP_001119589.1","P04637","1YCR","X-ray","2.60","B","15-29"
"TP53","7157","NP_001119589.1","P04637","1YCS","X-ray","2.20","A","94-292"
"TP53","7157","NP_001119589.1","P04637","2AC0","X-ray","1.80","A/B/C/D","94-293"
"TP53","7157","NP_001119589.1","P04637","2ADY","X-ray","2.50","A/B","94-293"
"TP53","7157","NP_001119589.1","P04637","2AHI","X-ray","1.85","A/B/C/D","94-293"
"TP53","7157","NP_001119589.1","P04637","2ATA","X-ray","2.20","A/B/C/D","94-293"
"TP53","7157","NP_001119589.1","P04637","2B3G","X-ray","1.60","B","33-60"
"TP53","7157","NP_001119589.1","P04637","2BIM","X-ray","1.98","A/B","94-312"
"TP53","7157","NP_001119589.1","P04637","2BIN","X-ray","1.90","A","94-312"
"TP53","7157","NP_001119589.1","P04637","2BIO","X-ray","1.90","A","94-312"
"TP53","7157","NP_001119589.1","P04637","2BIP","X-ray","1.80","A","94-312"
"TP53","7157","NP_001119589.1","P04637","2BIQ","X-ray","1.80","A","94-312"
"TP53","7157","NP_001119589.1","P04637","2F1X","X-ray","2.30","A/B","359-368"
"TP53","7157","NP_001119589.1","P04637","2FEJ","NMR","0.00","A","94-297"
"TP53","7157","NP_001119589.1","P04637","2FOJ","X-ray","1.60","B","363-367"
"TP53","7157","NP_001119589.1","P04637","2FOO","X-ray","2.20","B","358-363"
"TP53","7157","NP_001119589.1","P04637","2GS0","NMR","0.00","B","20-73"
"TP53","7157","NP_001119589.1","P04637","2H1L","X-ray","3.16","M/N/O/P/Q/R/S/T/U/V/","92-292"
"TP53","7157","NP_001119589.1","P04637","2H2D","X-ray","1.70","B","372-389"
"TP53","7157","NP_001119589.1","P04637","2H2F","X-ray","2.20","B","372-389"
"TP53","7157","NP_001119589.1","P04637","2H4F","X-ray","2.00","D","372-389"
"TP53","7157","NP_001119589.1","P04637","2H4H","X-ray","1.99","B","372-389"
"TP53","7157","NP_001119589.1","P04637","2H4J","X-ray","2.10","D","372-389"
"TP53","7157","NP_001119589.1","P04637","2H59","X-ray","1.90","D/E","372-389"
"TP53","7157","NP_001119589.1","P04637","2J0Z","NMR","0.00","A/B/C/D","326-356"
"TP53","7157","NP_001119589.1","P04637","2J10","NMR","0.00","A/B/C/D","326-356"
"TP53","7157","NP_001119589.1","P04637","2J11","NMR","0.00","A/B/C/D","332-356"
"TP53","7157","NP_001119589.1","P04637","2J1W","X-ray","1.80","A/B","94-312"
"TP53","7157","NP_001119589.1","P04637","2J1X","X-ray","1.65","A/B","94-312"
"TP53","7157","NP_001119589.1","P04637","2J1Y","X-ray","1.69","A/B/C/D","94-293"
"TP53","7157","NP_001119589.1","P04637","2J1Z","X-ray","1.80","A/B","94-312"
"TP53","7157","NP_001119589.1","P04637","2J20","X-ray","1.80","A/B","94-312"
"TP53","7157","NP_001119589.1","P04637","2J21","X-ray","1.60","A/B","94-312"
"TP53","7157","NP_001119589.1","P04637","2K8F","NMR","0.00","B","14246"
"TP53","7157","NP_001119589.1","P04637","2L14","NMR","0.00","B","13-61"
"TP53","7157","NP_001119589.1","P04637","2OCJ","X-ray","2.05","A/B/C/D","94-312"
"TP53","7157","NP_001119589.1","P04637","2PCX","X-ray","1.54","A","94-292"
"TP53","7157","NP_001119589.1","P04637","2QVQ","X-ray","2.00","A","94-289"
"TP53","7157","NP_001119589.1","P04637","2QXA","X-ray","1.50","A/B/C/D","95-289"
"TP53","7157","NP_001119589.1","P04637","2QXB","X-ray","2.50","A/B/C/D","95-289"
"TP53","7157","NP_001119589.1","P04637","2QXC","X-ray","1.85","A/B/C/D","95-289"
"TP53","7157","NP_001119589.1","P04637","2VUK","X-ray","1.50","A/B","94-312"
"TP53","7157","NP_001119589.1","P04637","2WGX","X-ray","1.75","A/B","94-310"
"TP53","7157","NP_001119589.1","P04637","2X0U","X-ray","1.60","A/B","94-312"
"TP53","7157","NP_001119589.1","P04637","2X0V","X-ray","1.80","A/B","94-312"
"TP53","7157","NP_001119589.1","P04637","2X0W","X-ray","2.10","A/B","94-312"
"TP53","7157","NP_001119589.1","P04637","2Z5S","X-ray","2.30","P/Q/R","15-29"
"TP53","7157","NP_001119589.1","P04637","2Z5T","X-ray","2.30","P/Q/R","15-29"
"TP53","7157","NP_001119589.1","P04637","3D05","X-ray","1.70","A","94-293"
"TP53","7157","NP_001119589.1","P04637","3D06","X-ray","1.20","A","94-293"
"TP53","7157","NP_001119589.1","P04637","3D07","X-ray","2.20","A/B","94-293"
"TP53","7157","NP_001119589.1","P04637","3D08","X-ray","1.40","A","94-293"
"TP53","7157","NP_001119589.1","P04637","3D09","X-ray","1.90","A","94-293"
"TP53","7157","NP_001119589.1","P04637","3D0A","X-ray","1.80","A/B/C/D","94-293"
"TP53","7157","NP_001119589.1","P04637","3DAB","X-ray","1.90","B/D/F/H","15-29"
"TP53","7157","NP_001119589.1","P04637","3DAC","X-ray","1.80","B/P","17-37"
"TP53","7157","NP_001119589.1","P04637","3IGK","X-ray","1.70","A","94-293"
"TP53","7157","NP_001119589.1","P04637","3IGL","X-ray","1.80","A","94-293"
"TP53","7157","NP_001119589.1","P04637","3KMD","X-ray","2.15","A/B/C/D","92-291"
"TP53","7157","NP_001119589.1","P04637","3KZ8","X-ray","1.91","A/B","94-293"
"TP53","7157","NP_001119589.1","P04637","3LW1","X-ray","1.28","P","385-393"
"TP53","7157","NP_001119589.1","P04637","3PDH","X-ray","1.80","D","372-389"
"TP53","7157","NP_001119589.1","P04637","3SAK","NMR","0.00","A/B/C/D","319-360"
"TRO","7216","NP_001034794.1","Q12816","-","-","0.00","-","-"
"TRO","7216","NP_057241.2","-","-","-","0.00","-","-"
"TRO","7216","NP_808224.1","-","-","-","0.00","-","-"
"TRPC1","7220","NP_003295.1","-","-","-","0.00","-","-"
"TSHZ3","57616","NP_065907.2","Q63HK5","2DMI","NMR","0.00","A","202-303"
"TTC5","91875","NP_612385.2","Q8N0Z6","2XVS","X-ray","1.80","A","261-424"
"TTK","7272","NP_001160163.1","-","-","-","0.00","-","-"
"TTK","7272","NP_003309.2","P33981","2X9E","X-ray","3.10","A","514-828"
"TTK","7272","NP_003309.2","P33981","2ZMC","X-ray","3.14","A","510-857"
"TTK","7272","NP_003309.2","P33981","2ZMD","X-ray","2.88","A","510-857"
"TTK","7272","NP_003309.2","P33981","3CEK","X-ray","2.30","A","519-808"
"TTK","7272","NP_003309.2","P33981","3DBQ","X-ray","2.70","A","515-857"
"TTK","7272","NP_003309.2","P33981","3GFW","X-ray","2.74","A","519-808"
"TTK","7272","NP_003309.2","P33981","3H9F","X-ray","2.60","A","519-808"
"TTK","7272","NP_003309.2","P33981","3HMN","X-ray","2.70","A","510-809"
"TTK","7272","NP_003309.2","P33981","3HMO","X-ray","2.40","A","510-809"
"TTK","7272","NP_003309.2","P33981","3HMP","X-ray","2.30","A","510-809"
"TWIST2","117581","NP_476527.1","Q8WVJ9","-","-","0.00","-","-"
"TYMP","1890","NP_001107227.1","P19971","1UOU","X-ray","2.11","A","12-482"
"TYMP","1890","NP_001107227.1","P19971","2J0F","X-ray","2.31","A/B/C/D","1-482"
"TYMP","1890","NP_001107227.1","P19971","2WK5","X-ray","2.99","A/B/C/D","1-482"
"TYMP","1890","NP_001107227.1","P19971","2WK6","X-ray","2.50","A/B","1-482"
"TYMP","1890","NP_001107228.1","P19971","1UOU","X-ray","2.11","A","12-482"
"TYMP","1890","NP_001107228.1","P19971","2J0F","X-ray","2.31","A/B/C/D","1-482"
"TYMP","1890","NP_001107228.1","P19971","2WK5","X-ray","2.99","A/B/C/D","1-482"
"TYMP","1890","NP_001107228.1","P19971","2WK6","X-ray","2.50","A/B","1-482"
"TYMP","1890","NP_001944.1","P19971","1UOU","X-ray","2.11","A","12-482"
"TYMP","1890","NP_001944.1","P19971","2J0F","X-ray","2.31","A/B/C/D","1-482"
"TYMP","1890","NP_001944.1","P19971","2WK5","X-ray","2.99","A/B/C/D","1-482"
"TYMP","1890","NP_001944.1","P19971","2WK6","X-ray","2.50","A/B","1-482"
"TYMS","7298","NP_001062.1","P04818","1HVY","X-ray","1.90","A/B/C/D","26-313"
"TYMS","7298","NP_001062.1","P04818","1HW3","X-ray","2.00","A","1-313"
"TYMS","7298","NP_001062.1","P04818","1HW4","X-ray","2.06","A","1-313"
"TYMS","7298","NP_001062.1","P04818","1HZW","X-ray","2.00","A/B","30-313"
"TYMS","7298","NP_001062.1","P04818","1I00","X-ray","2.50","A/B","30-313"
"TYMS","7298","NP_001062.1","P04818","1JU6","X-ray","2.89","A/B/C/D","1-313"
"TYMS","7298","NP_001062.1","P04818","1JUJ","X-ray","3.00","A/B/C/D","1-313"
"TYMS","7298","NP_001062.1","P04818","1YPV","X-ray","1.80","A","1-313"
"TYMS","7298","NP_001062.1","P04818","2ONB","X-ray","2.70","A","1-313"
"TYMS","7298","NP_001062.1","P04818","2RD8","X-ray","2.50","A/B","1-313"
"TYMS","7298","NP_001062.1","P04818","2RDA","X-ray","2.67","A/B/C/D/E/F","1-313"
"TYMS","7298","NP_001062.1","P04818","3EAW","X-ray","1.86","X","1-313"
"TYMS","7298","NP_001062.1","P04818","3EBU","X-ray","2.05","A","1-313"
"TYMS","7298","NP_001062.1","P04818","3ED7","X-ray","1.56","A","26-313"
"TYMS","7298","NP_001062.1","P04818","3EDW","X-ray","1.75","X","1-313"
"TYMS","7298","NP_001062.1","P04818","3EF9","X-ray","3.20","A","1-313"
"TYMS","7298","NP_001062.1","P04818","3EGY","X-ray","2.18","X","1-313"
"TYMS","7298","NP_001062.1","P04818","3EHI","X-ray","2.00","X","1-313"
"TYMS","7298","NP_001062.1","P04818","3EJL","X-ray","3.20","A/B/C/D","1-313"
"TYMS","7298","NP_001062.1","P04818","3GG5","X-ray","2.77","A/B/C/D","1-313"
"TYMS","7298","NP_001062.1","P04818","3GH0","X-ray","1.56","A","1-313"
"TYMS","7298","NP_001062.1","P04818","3GH2","X-ray","1.75","X","1-313"
"TYMS","7298","NP_001062.1","P04818","3H9K","X-ray","2.65","A/B/C/D/E","1-313"
"TYMS","7298","NP_001062.1","P04818","3HB8","X-ray","2.74","A/B/C/D/E","1-313"
"TYMS","7298","NP_001062.1","P04818","3OB7","X-ray","2.75","A/B/C/D/E","1-313"
"UBE2E2","7325","NP_689866.1","Q96LR5","1Y6L","X-ray","1.85","A/B/C","55-201"
"UCHL1","7345","NP_004172.2","P09936","2ETL","X-ray","2.40","A/B","1-223"
"UCHL1","7345","NP_004172.2","P09936","3IFW","X-ray","2.40","A","1-223"
"UCHL1","7345","NP_004172.2","P09936","3IRT","X-ray","2.80","A/B","1-223"
"UCHL1","7345","NP_004172.2","P09936","3KVF","X-ray","2.80","A","1-223"
"UCHL1","7345","NP_004172.2","P09936","3KW5","X-ray","2.83","A","1-223"
"UGT1A1","54658","NP_000454.1","P22309","-","-","0.00","-","-"
"USP37","57695","NP_065986.2","Q86T82","-","-","0.00","-","-"
"VEGFA","7422","NP_001020537.2","P15692","1BJ1","X-ray","2.40","V/W","34-135"
"VEGFA","7422","NP_001020537.2","P15692","1CZ8","X-ray","2.40","V/W","40-133"
"VEGFA","7422","NP_001020537.2","P15692","1FLT","X-ray","1.70","V/W","38-135"
"VEGFA","7422","NP_001020537.2","P15692","1KAT","NMR","0.00","V/W","37-135"
"VEGFA","7422","NP_001020537.2","P15692","1KMX","NMR","0.00","A","183-232"
"VEGFA","7422","NP_001020537.2","P15692","1MJV","X-ray","2.10","A/B","40-134"
"VEGFA","7422","NP_001020537.2","P15692","1MKG","X-ray","2.50","A/B/C/D","40-134"
"VEGFA","7422","NP_001020537.2","P15692","1MKK","X-ray","1.32","A/B","40-134"
"VEGFA","7422","NP_001020537.2","P15692","1QTY","X-ray","2.70","R/S/V/W","34-135"
"VEGFA","7422","NP_001020537.2","P15692","1TZH","X-ray","2.60","V/W","34-135"
"VEGFA","7422","NP_001020537.2","P15692","1TZI","X-ray","2.80","V","34-135"
"VEGFA","7422","NP_001020537.2","P15692","1VGH","NMR","0.00","A","183-232"
"VEGFA","7422","NP_001020537.2","P15692","1VPF","X-ray","2.50","A/B/C/D","34-135"
"VEGFA","7422","NP_001020537.2","P15692","1VPP","X-ray","1.90","V/W","34-135"
"VEGFA","7422","NP_001020537.2","P15692","2FJG","X-ray","2.80","V/W","34-135"
"VEGFA","7422","NP_001020537.2","P15692","2FJH","X-ray","3.10","V/W","34-135"
"VEGFA","7422","NP_001020537.2","P15692","2QR0","X-ray","3.50","C/D/I/J/O/P/U/V","39-135"
"VEGFA","7422","NP_001020537.2","P15692","2VGH","NMR","0.00","A","183-232"
"VEGFA","7422","NP_001020537.2","P15692","2VPF","X-ray","1.93","A/B/C/D/E/F/G/H","34-135"
"VEGFA","7422","NP_001020537.2","P15692","3BDY","X-ray","2.60","V","34-135"
"VEGFA","7422","NP_001020538.2","P15692","1BJ1","X-ray","2.40","V/W","34-135"
"VEGFA","7422","NP_001020538.2","P15692","1CZ8","X-ray","2.40","V/W","40-133"
"VEGFA","7422","NP_001020538.2","P15692","1FLT","X-ray","1.70","V/W","38-135"
"VEGFA","7422","NP_001020538.2","P15692","1KAT","NMR","0.00","V/W","37-135"
"VEGFA","7422","NP_001020538.2","P15692","1KMX","NMR","0.00","A","183-232"
"VEGFA","7422","NP_001020538.2","P15692","1MJV","X-ray","2.10","A/B","40-134"
"VEGFA","7422","NP_001020538.2","P15692","1MKG","X-ray","2.50","A/B/C/D","40-134"
"VEGFA","7422","NP_001020538.2","P15692","1MKK","X-ray","1.32","A/B","40-134"
"VEGFA","7422","NP_001020538.2","P15692","1QTY","X-ray","2.70","R/S/V/W","34-135"
"VEGFA","7422","NP_001020538.2","P15692","1TZH","X-ray","2.60","V/W","34-135"
"VEGFA","7422","NP_001020538.2","P15692","1TZI","X-ray","2.80","V","34-135"
"VEGFA","7422","NP_001020538.2","P15692","1VGH","NMR","0.00","A","183-232"
"VEGFA","7422","NP_001020538.2","P15692","1VPF","X-ray","2.50","A/B/C/D","34-135"
"VEGFA","7422","NP_001020538.2","P15692","1VPP","X-ray","1.90","V/W","34-135"
"VEGFA","7422","NP_001020538.2","P15692","2FJG","X-ray","2.80","V/W","34-135"
"VEGFA","7422","NP_001020538.2","P15692","2FJH","X-ray","3.10","V/W","34-135"
"VEGFA","7422","NP_001020538.2","P15692","2QR0","X-ray","3.50","C/D/I/J/O/P/U/V","39-135"
"VEGFA","7422","NP_001020538.2","P15692","2VGH","NMR","0.00","A","183-232"
"VEGFA","7422","NP_001020538.2","P15692","2VPF","X-ray","1.93","A/B/C/D/E/F/G/H","34-135"
"VEGFA","7422","NP_001020538.2","P15692","3BDY","X-ray","2.60","V","34-135"
"VEGFA","7422","NP_001020539.2","P15692","1BJ1","X-ray","2.40","V/W","34-135"
"VEGFA","7422","NP_001020539.2","P15692","1CZ8","X-ray","2.40","V/W","40-133"
"VEGFA","7422","NP_001020539.2","P15692","1FLT","X-ray","1.70","V/W","38-135"
"VEGFA","7422","NP_001020539.2","P15692","1KAT","NMR","0.00","V/W","37-135"
"VEGFA","7422","NP_001020539.2","P15692","1KMX","NMR","0.00","A","183-232"
"VEGFA","7422","NP_001020539.2","P15692","1MJV","X-ray","2.10","A/B","40-134"
"VEGFA","7422","NP_001020539.2","P15692","1MKG","X-ray","2.50","A/B/C/D","40-134"
"VEGFA","7422","NP_001020539.2","P15692","1MKK","X-ray","1.32","A/B","40-134"
"VEGFA","7422","NP_001020539.2","P15692","1QTY","X-ray","2.70","R/S/V/W","34-135"
"VEGFA","7422","NP_001020539.2","P15692","1TZH","X-ray","2.60","V/W","34-135"
"VEGFA","7422","NP_001020539.2","P15692","1TZI","X-ray","2.80","V","34-135"
"VEGFA","7422","NP_001020539.2","P15692","1VGH","NMR","0.00","A","183-232"
"VEGFA","7422","NP_001020539.2","P15692","1VPF","X-ray","2.50","A/B/C/D","34-135"
"VEGFA","7422","NP_001020539.2","P15692","1VPP","X-ray","1.90","V/W","34-135"
"VEGFA","7422","NP_001020539.2","P15692","2FJG","X-ray","2.80","V/W","34-135"
"VEGFA","7422","NP_001020539.2","P15692","2FJH","X-ray","3.10","V/W","34-135"
"VEGFA","7422","NP_001020539.2","P15692","2QR0","X-ray","3.50","C/D/I/J/O/P/U/V","39-135"
"VEGFA","7422","NP_001020539.2","P15692","2VGH","NMR","0.00","A","183-232"
"VEGFA","7422","NP_001020539.2","P15692","2VPF","X-ray","1.93","A/B/C/D/E/F/G/H","34-135"
"VEGFA","7422","NP_001020539.2","P15692","3BDY","X-ray","2.60","V","34-135"
"VEGFA","7422","NP_001020540.2","P15692","1BJ1","X-ray","2.40","V/W","34-135"
"VEGFA","7422","NP_001020540.2","P15692","1CZ8","X-ray","2.40","V/W","40-133"
"VEGFA","7422","NP_001020540.2","P15692","1FLT","X-ray","1.70","V/W","38-135"
"VEGFA","7422","NP_001020540.2","P15692","1KAT","NMR","0.00","V/W","37-135"
"VEGFA","7422","NP_001020540.2","P15692","1KMX","NMR","0.00","A","183-232"
"VEGFA","7422","NP_001020540.2","P15692","1MJV","X-ray","2.10","A/B","40-134"
"VEGFA","7422","NP_001020540.2","P15692","1MKG","X-ray","2.50","A/B/C/D","40-134"
"VEGFA","7422","NP_001020540.2","P15692","1MKK","X-ray","1.32","A/B","40-134"
"VEGFA","7422","NP_001020540.2","P15692","1QTY","X-ray","2.70","R/S/V/W","34-135"
"VEGFA","7422","NP_001020540.2","P15692","1TZH","X-ray","2.60","V/W","34-135"
"VEGFA","7422","NP_001020540.2","P15692","1TZI","X-ray","2.80","V","34-135"
"VEGFA","7422","NP_001020540.2","P15692","1VGH","NMR","0.00","A","183-232"
"VEGFA","7422","NP_001020540.2","P15692","1VPF","X-ray","2.50","A/B/C/D","34-135"
"VEGFA","7422","NP_001020540.2","P15692","1VPP","X-ray","1.90","V/W","34-135"
"VEGFA","7422","NP_001020540.2","P15692","2FJG","X-ray","2.80","V/W","34-135"
"VEGFA","7422","NP_001020540.2","P15692","2FJH","X-ray","3.10","V/W","34-135"
"VEGFA","7422","NP_001020540.2","P15692","2QR0","X-ray","3.50","C/D/I/J/O/P/U/V","39-135"
"VEGFA","7422","NP_001020540.2","P15692","2VGH","NMR","0.00","A","183-232"
"VEGFA","7422","NP_001020540.2","P15692","2VPF","X-ray","1.93","A/B/C/D/E/F/G/H","34-135"
"VEGFA","7422","NP_001020540.2","P15692","3BDY","X-ray","2.60","V","34-135"
"VEGFA","7422","NP_001020541.2","P15692","1BJ1","X-ray","2.40","V/W","34-135"
"VEGFA","7422","NP_001020541.2","P15692","1CZ8","X-ray","2.40","V/W","40-133"
"VEGFA","7422","NP_001020541.2","P15692","1FLT","X-ray","1.70","V/W","38-135"
"VEGFA","7422","NP_001020541.2","P15692","1KAT","NMR","0.00","V/W","37-135"
"VEGFA","7422","NP_001020541.2","P15692","1KMX","NMR","0.00","A","183-232"
"VEGFA","7422","NP_001020541.2","P15692","1MJV","X-ray","2.10","A/B","40-134"
"VEGFA","7422","NP_001020541.2","P15692","1MKG","X-ray","2.50","A/B/C/D","40-134"
"VEGFA","7422","NP_001020541.2","P15692","1MKK","X-ray","1.32","A/B","40-134"
"VEGFA","7422","NP_001020541.2","P15692","1QTY","X-ray","2.70","R/S/V/W","34-135"
"VEGFA","7422","NP_001020541.2","P15692","1TZH","X-ray","2.60","V/W","34-135"
"VEGFA","7422","NP_001020541.2","P15692","1TZI","X-ray","2.80","V","34-135"
"VEGFA","7422","NP_001020541.2","P15692","1VGH","NMR","0.00","A","183-232"
"VEGFA","7422","NP_001020541.2","P15692","1VPF","X-ray","2.50","A/B/C/D","34-135"
"VEGFA","7422","NP_001020541.2","P15692","1VPP","X-ray","1.90","V/W","34-135"
"VEGFA","7422","NP_001020541.2","P15692","2FJG","X-ray","2.80","V/W","34-135"
"VEGFA","7422","NP_001020541.2","P15692","2FJH","X-ray","3.10","V/W","34-135"
"VEGFA","7422","NP_001020541.2","P15692","2QR0","X-ray","3.50","C/D/I/J/O/P/U/V","39-135"
"VEGFA","7422","NP_001020541.2","P15692","2VGH","NMR","0.00","A","183-232"
"VEGFA","7422","NP_001020541.2","P15692","2VPF","X-ray","1.93","A/B/C/D/E/F/G/H","34-135"
"VEGFA","7422","NP_001020541.2","P15692","3BDY","X-ray","2.60","V","34-135"
"VEGFA","7422","NP_001028928.1","P15692","1BJ1","X-ray","2.40","V/W","34-135"
"VEGFA","7422","NP_001028928.1","P15692","1CZ8","X-ray","2.40","V/W","40-133"
"VEGFA","7422","NP_001028928.1","P15692","1FLT","X-ray","1.70","V/W","38-135"
"VEGFA","7422","NP_001028928.1","P15692","1KAT","NMR","0.00","V/W","37-135"
"VEGFA","7422","NP_001028928.1","P15692","1KMX","NMR","0.00","A","183-232"
"VEGFA","7422","NP_001028928.1","P15692","1MJV","X-ray","2.10","A/B","40-134"
"VEGFA","7422","NP_001028928.1","P15692","1MKG","X-ray","2.50","A/B/C/D","40-134"
"VEGFA","7422","NP_001028928.1","P15692","1MKK","X-ray","1.32","A/B","40-134"
"VEGFA","7422","NP_001028928.1","P15692","1QTY","X-ray","2.70","R/S/V/W","34-135"
"VEGFA","7422","NP_001028928.1","P15692","1TZH","X-ray","2.60","V/W","34-135"
"VEGFA","7422","NP_001028928.1","P15692","1TZI","X-ray","2.80","V","34-135"
"VEGFA","7422","NP_001028928.1","P15692","1VGH","NMR","0.00","A","183-232"
"VEGFA","7422","NP_001028928.1","P15692","1VPF","X-ray","2.50","A/B/C/D","34-135"
"VEGFA","7422","NP_001028928.1","P15692","1VPP","X-ray","1.90","V/W","34-135"
"VEGFA","7422","NP_001028928.1","P15692","2FJG","X-ray","2.80","V/W","34-135"
"VEGFA","7422","NP_001028928.1","P15692","2FJH","X-ray","3.10","V/W","34-135"
"VEGFA","7422","NP_001028928.1","P15692","2QR0","X-ray","3.50","C/D/I/J/O/P/U/V","39-135"
"VEGFA","7422","NP_001028928.1","P15692","2VGH","NMR","0.00","A","183-232"
"VEGFA","7422","NP_001028928.1","P15692","2VPF","X-ray","1.93","A/B/C/D/E/F/G/H","34-135"
"VEGFA","7422","NP_001028928.1","P15692","3BDY","X-ray","2.60","V","34-135"
"VEGFA","7422","NP_001165093.1","P15692","1BJ1","X-ray","2.40","V/W","34-135"
"VEGFA","7422","NP_001165093.1","P15692","1CZ8","X-ray","2.40","V/W","40-133"
"VEGFA","7422","NP_001165093.1","P15692","1FLT","X-ray","1.70","V/W","38-135"
"VEGFA","7422","NP_001165093.1","P15692","1KAT","NMR","0.00","V/W","37-135"
"VEGFA","7422","NP_001165093.1","P15692","1KMX","NMR","0.00","A","183-232"
"VEGFA","7422","NP_001165093.1","P15692","1MJV","X-ray","2.10","A/B","40-134"
"VEGFA","7422","NP_001165093.1","P15692","1MKG","X-ray","2.50","A/B/C/D","40-134"
"VEGFA","7422","NP_001165093.1","P15692","1MKK","X-ray","1.32","A/B","40-134"
"VEGFA","7422","NP_001165093.1","P15692","1QTY","X-ray","2.70","R/S/V/W","34-135"
"VEGFA","7422","NP_001165093.1","P15692","1TZH","X-ray","2.60","V/W","34-135"
"VEGFA","7422","NP_001165093.1","P15692","1TZI","X-ray","2.80","V","34-135"
"VEGFA","7422","NP_001165093.1","P15692","1VGH","NMR","0.00","A","183-232"
"VEGFA","7422","NP_001165093.1","P15692","1VPF","X-ray","2.50","A/B/C/D","34-135"
"VEGFA","7422","NP_001165093.1","P15692","1VPP","X-ray","1.90","V/W","34-135"
"VEGFA","7422","NP_001165093.1","P15692","2FJG","X-ray","2.80","V/W","34-135"
"VEGFA","7422","NP_001165093.1","P15692","2FJH","X-ray","3.10","V/W","34-135"
"VEGFA","7422","NP_001165093.1","P15692","2QR0","X-ray","3.50","C/D/I/J/O/P/U/V","39-135"
"VEGFA","7422","NP_001165093.1","P15692","2VGH","NMR","0.00","A","183-232"
"VEGFA","7422","NP_001165093.1","P15692","2VPF","X-ray","1.93","A/B/C/D/E/F/G/H","34-135"
"VEGFA","7422","NP_001165093.1","P15692","3BDY","X-ray","2.60","V","34-135"
"VEGFA","7422","NP_001165094.1","P15692","1BJ1","X-ray","2.40","V/W","34-135"
"VEGFA","7422","NP_001165094.1","P15692","1CZ8","X-ray","2.40","V/W","40-133"
"VEGFA","7422","NP_001165094.1","P15692","1FLT","X-ray","1.70","V/W","38-135"
"VEGFA","7422","NP_001165094.1","P15692","1KAT","NMR","0.00","V/W","37-135"
"VEGFA","7422","NP_001165094.1","P15692","1KMX","NMR","0.00","A","183-232"
"VEGFA","7422","NP_001165094.1","P15692","1MJV","X-ray","2.10","A/B","40-134"
"VEGFA","7422","NP_001165094.1","P15692","1MKG","X-ray","2.50","A/B/C/D","40-134"
"VEGFA","7422","NP_001165094.1","P15692","1MKK","X-ray","1.32","A/B","40-134"
"VEGFA","7422","NP_001165094.1","P15692","1QTY","X-ray","2.70","R/S/V/W","34-135"
"VEGFA","7422","NP_001165094.1","P15692","1TZH","X-ray","2.60","V/W","34-135"
"VEGFA","7422","NP_001165094.1","P15692","1TZI","X-ray","2.80","V","34-135"
"VEGFA","7422","NP_001165094.1","P15692","1VGH","NMR","0.00","A","183-232"
"VEGFA","7422","NP_001165094.1","P15692","1VPF","X-ray","2.50","A/B/C/D","34-135"
"VEGFA","7422","NP_001165094.1","P15692","1VPP","X-ray","1.90","V/W","34-135"
"VEGFA","7422","NP_001165094.1","P15692","2FJG","X-ray","2.80","V/W","34-135"
"VEGFA","7422","NP_001165094.1","P15692","2FJH","X-ray","3.10","V/W","34-135"
"VEGFA","7422","NP_001165094.1","P15692","2QR0","X-ray","3.50","C/D/I/J/O/P/U/V","39-135"
"VEGFA","7422","NP_001165094.1","P15692","2VGH","NMR","0.00","A","183-232"
"VEGFA","7422","NP_001165094.1","P15692","2VPF","X-ray","1.93","A/B/C/D/E/F/G/H","34-135"
"VEGFA","7422","NP_001165094.1","P15692","3BDY","X-ray","2.60","V","34-135"
"VEGFA","7422","NP_001165095.1","P15692","1BJ1","X-ray","2.40","V/W","34-135"
"VEGFA","7422","NP_001165095.1","P15692","1CZ8","X-ray","2.40","V/W","40-133"
"VEGFA","7422","NP_001165095.1","P15692","1FLT","X-ray","1.70","V/W","38-135"
"VEGFA","7422","NP_001165095.1","P15692","1KAT","NMR","0.00","V/W","37-135"
"VEGFA","7422","NP_001165095.1","P15692","1KMX","NMR","0.00","A","183-232"
"VEGFA","7422","NP_001165095.1","P15692","1MJV","X-ray","2.10","A/B","40-134"
"VEGFA","7422","NP_001165095.1","P15692","1MKG","X-ray","2.50","A/B/C/D","40-134"
"VEGFA","7422","NP_001165095.1","P15692","1MKK","X-ray","1.32","A/B","40-134"
"VEGFA","7422","NP_001165095.1","P15692","1QTY","X-ray","2.70","R/S/V/W","34-135"
"VEGFA","7422","NP_001165095.1","P15692","1TZH","X-ray","2.60","V/W","34-135"
"VEGFA","7422","NP_001165095.1","P15692","1TZI","X-ray","2.80","V","34-135"
"VEGFA","7422","NP_001165095.1","P15692","1VGH","NMR","0.00","A","183-232"
"VEGFA","7422","NP_001165095.1","P15692","1VPF","X-ray","2.50","A/B/C/D","34-135"
"VEGFA","7422","NP_001165095.1","P15692","1VPP","X-ray","1.90","V/W","34-135"
"VEGFA","7422","NP_001165095.1","P15692","2FJG","X-ray","2.80","V/W","34-135"
"VEGFA","7422","NP_001165095.1","P15692","2FJH","X-ray","3.10","V/W","34-135"
"VEGFA","7422","NP_001165095.1","P15692","2QR0","X-ray","3.50","C/D/I/J/O/P/U/V","39-135"
"VEGFA","7422","NP_001165095.1","P15692","2VGH","NMR","0.00","A","183-232"
"VEGFA","7422","NP_001165095.1","P15692","2VPF","X-ray","1.93","A/B/C/D/E/F/G/H","34-135"
"VEGFA","7422","NP_001165095.1","P15692","3BDY","X-ray","2.60","V","34-135"
"VEGFA","7422","NP_001165096.1","P15692","1BJ1","X-ray","2.40","V/W","34-135"
"VEGFA","7422","NP_001165096.1","P15692","1CZ8","X-ray","2.40","V/W","40-133"
"VEGFA","7422","NP_001165096.1","P15692","1FLT","X-ray","1.70","V/W","38-135"
"VEGFA","7422","NP_001165096.1","P15692","1KAT","NMR","0.00","V/W","37-135"
"VEGFA","7422","NP_001165096.1","P15692","1KMX","NMR","0.00","A","183-232"
"VEGFA","7422","NP_001165096.1","P15692","1MJV","X-ray","2.10","A/B","40-134"
"VEGFA","7422","NP_001165096.1","P15692","1MKG","X-ray","2.50","A/B/C/D","40-134"
"VEGFA","7422","NP_001165096.1","P15692","1MKK","X-ray","1.32","A/B","40-134"
"VEGFA","7422","NP_001165096.1","P15692","1QTY","X-ray","2.70","R/S/V/W","34-135"
"VEGFA","7422","NP_001165096.1","P15692","1TZH","X-ray","2.60","V/W","34-135"
"VEGFA","7422","NP_001165096.1","P15692","1TZI","X-ray","2.80","V","34-135"
"VEGFA","7422","NP_001165096.1","P15692","1VGH","NMR","0.00","A","183-232"
"VEGFA","7422","NP_001165096.1","P15692","1VPF","X-ray","2.50","A/B/C/D","34-135"
"VEGFA","7422","NP_001165096.1","P15692","1VPP","X-ray","1.90","V/W","34-135"
"VEGFA","7422","NP_001165096.1","P15692","2FJG","X-ray","2.80","V/W","34-135"
"VEGFA","7422","NP_001165096.1","P15692","2FJH","X-ray","3.10","V/W","34-135"
"VEGFA","7422","NP_001165096.1","P15692","2QR0","X-ray","3.50","C/D/I/J/O/P/U/V","39-135"
"VEGFA","7422","NP_001165096.1","P15692","2VGH","NMR","0.00","A","183-232"
"VEGFA","7422","NP_001165096.1","P15692","2VPF","X-ray","1.93","A/B/C/D/E/F/G/H","34-135"
"VEGFA","7422","NP_001165096.1","P15692","3BDY","X-ray","2.60","V","34-135"
"VEGFA","7422","NP_001165097.1","P15692","1BJ1","X-ray","2.40","V/W","34-135"
"VEGFA","7422","NP_001165097.1","P15692","1CZ8","X-ray","2.40","V/W","40-133"
"VEGFA","7422","NP_001165097.1","P15692","1FLT","X-ray","1.70","V/W","38-135"
"VEGFA","7422","NP_001165097.1","P15692","1KAT","NMR","0.00","V/W","37-135"
"VEGFA","7422","NP_001165097.1","P15692","1KMX","NMR","0.00","A","183-232"
"VEGFA","7422","NP_001165097.1","P15692","1MJV","X-ray","2.10","A/B","40-134"
"VEGFA","7422","NP_001165097.1","P15692","1MKG","X-ray","2.50","A/B/C/D","40-134"
"VEGFA","7422","NP_001165097.1","P15692","1MKK","X-ray","1.32","A/B","40-134"
"VEGFA","7422","NP_001165097.1","P15692","1QTY","X-ray","2.70","R/S/V/W","34-135"
"VEGFA","7422","NP_001165097.1","P15692","1TZH","X-ray","2.60","V/W","34-135"
"VEGFA","7422","NP_001165097.1","P15692","1TZI","X-ray","2.80","V","34-135"
"VEGFA","7422","NP_001165097.1","P15692","1VGH","NMR","0.00","A","183-232"
"VEGFA","7422","NP_001165097.1","P15692","1VPF","X-ray","2.50","A/B/C/D","34-135"
"VEGFA","7422","NP_001165097.1","P15692","1VPP","X-ray","1.90","V/W","34-135"
"VEGFA","7422","NP_001165097.1","P15692","2FJG","X-ray","2.80","V/W","34-135"
"VEGFA","7422","NP_001165097.1","P15692","2FJH","X-ray","3.10","V/W","34-135"
"VEGFA","7422","NP_001165097.1","P15692","2QR0","X-ray","3.50","C/D/I/J/O/P/U/V","39-135"
"VEGFA","7422","NP_001165097.1","P15692","2VGH","NMR","0.00","A","183-232"
"VEGFA","7422","NP_001165097.1","P15692","2VPF","X-ray","1.93","A/B/C/D/E/F/G/H","34-135"
"VEGFA","7422","NP_001165097.1","P15692","3BDY","X-ray","2.60","V","34-135"
"VEGFA","7422","NP_001165098.1","P15692","1BJ1","X-ray","2.40","V/W","34-135"
"VEGFA","7422","NP_001165098.1","P15692","1CZ8","X-ray","2.40","V/W","40-133"
"VEGFA","7422","NP_001165098.1","P15692","1FLT","X-ray","1.70","V/W","38-135"
"VEGFA","7422","NP_001165098.1","P15692","1KAT","NMR","0.00","V/W","37-135"
"VEGFA","7422","NP_001165098.1","P15692","1KMX","NMR","0.00","A","183-232"
"VEGFA","7422","NP_001165098.1","P15692","1MJV","X-ray","2.10","A/B","40-134"
"VEGFA","7422","NP_001165098.1","P15692","1MKG","X-ray","2.50","A/B/C/D","40-134"
"VEGFA","7422","NP_001165098.1","P15692","1MKK","X-ray","1.32","A/B","40-134"
"VEGFA","7422","NP_001165098.1","P15692","1QTY","X-ray","2.70","R/S/V/W","34-135"
"VEGFA","7422","NP_001165098.1","P15692","1TZH","X-ray","2.60","V/W","34-135"
"VEGFA","7422","NP_001165098.1","P15692","1TZI","X-ray","2.80","V","34-135"
"VEGFA","7422","NP_001165098.1","P15692","1VGH","NMR","0.00","A","183-232"
"VEGFA","7422","NP_001165098.1","P15692","1VPF","X-ray","2.50","A/B/C/D","34-135"
"VEGFA","7422","NP_001165098.1","P15692","1VPP","X-ray","1.90","V/W","34-135"
"VEGFA","7422","NP_001165098.1","P15692","2FJG","X-ray","2.80","V/W","34-135"
"VEGFA","7422","NP_001165098.1","P15692","2FJH","X-ray","3.10","V/W","34-135"
"VEGFA","7422","NP_001165098.1","P15692","2QR0","X-ray","3.50","C/D/I/J/O/P/U/V","39-135"
"VEGFA","7422","NP_001165098.1","P15692","2VGH","NMR","0.00","A","183-232"
"VEGFA","7422","NP_001165098.1","P15692","2VPF","X-ray","1.93","A/B/C/D/E/F/G/H","34-135"
"VEGFA","7422","NP_001165098.1","P15692","3BDY","X-ray","2.60","V","34-135"
"VEGFA","7422","NP_001165099.1","P15692","1BJ1","X-ray","2.40","V/W","34-135"
"VEGFA","7422","NP_001165099.1","P15692","1CZ8","X-ray","2.40","V/W","40-133"
"VEGFA","7422","NP_001165099.1","P15692","1FLT","X-ray","1.70","V/W","38-135"
"VEGFA","7422","NP_001165099.1","P15692","1KAT","NMR","0.00","V/W","37-135"
"VEGFA","7422","NP_001165099.1","P15692","1KMX","NMR","0.00","A","183-232"
"VEGFA","7422","NP_001165099.1","P15692","1MJV","X-ray","2.10","A/B","40-134"
"VEGFA","7422","NP_001165099.1","P15692","1MKG","X-ray","2.50","A/B/C/D","40-134"
"VEGFA","7422","NP_001165099.1","P15692","1MKK","X-ray","1.32","A/B","40-134"
"VEGFA","7422","NP_001165099.1","P15692","1QTY","X-ray","2.70","R/S/V/W","34-135"
"VEGFA","7422","NP_001165099.1","P15692","1TZH","X-ray","2.60","V/W","34-135"
"VEGFA","7422","NP_001165099.1","P15692","1TZI","X-ray","2.80","V","34-135"
"VEGFA","7422","NP_001165099.1","P15692","1VGH","NMR","0.00","A","183-232"
"VEGFA","7422","NP_001165099.1","P15692","1VPF","X-ray","2.50","A/B/C/D","34-135"
"VEGFA","7422","NP_001165099.1","P15692","1VPP","X-ray","1.90","V/W","34-135"
"VEGFA","7422","NP_001165099.1","P15692","2FJG","X-ray","2.80","V/W","34-135"
"VEGFA","7422","NP_001165099.1","P15692","2FJH","X-ray","3.10","V/W","34-135"
"VEGFA","7422","NP_001165099.1","P15692","2QR0","X-ray","3.50","C/D/I/J/O/P/U/V","39-135"
"VEGFA","7422","NP_001165099.1","P15692","2VGH","NMR","0.00","A","183-232"
"VEGFA","7422","NP_001165099.1","P15692","2VPF","X-ray","1.93","A/B/C/D/E/F/G/H","34-135"
"VEGFA","7422","NP_001165099.1","P15692","3BDY","X-ray","2.60","V","34-135"
"VEGFA","7422","NP_001165100.1","P15692","1BJ1","X-ray","2.40","V/W","34-135"
"VEGFA","7422","NP_001165100.1","P15692","1CZ8","X-ray","2.40","V/W","40-133"
"VEGFA","7422","NP_001165100.1","P15692","1FLT","X-ray","1.70","V/W","38-135"
"VEGFA","7422","NP_001165100.1","P15692","1KAT","NMR","0.00","V/W","37-135"
"VEGFA","7422","NP_001165100.1","P15692","1KMX","NMR","0.00","A","183-232"
"VEGFA","7422","NP_001165100.1","P15692","1MJV","X-ray","2.10","A/B","40-134"
"VEGFA","7422","NP_001165100.1","P15692","1MKG","X-ray","2.50","A/B/C/D","40-134"
"VEGFA","7422","NP_001165100.1","P15692","1MKK","X-ray","1.32","A/B","40-134"
"VEGFA","7422","NP_001165100.1","P15692","1QTY","X-ray","2.70","R/S/V/W","34-135"
"VEGFA","7422","NP_001165100.1","P15692","1TZH","X-ray","2.60","V/W","34-135"
"VEGFA","7422","NP_001165100.1","P15692","1TZI","X-ray","2.80","V","34-135"
"VEGFA","7422","NP_001165100.1","P15692","1VGH","NMR","0.00","A","183-232"
"VEGFA","7422","NP_001165100.1","P15692","1VPF","X-ray","2.50","A/B/C/D","34-135"
"VEGFA","7422","NP_001165100.1","P15692","1VPP","X-ray","1.90","V/W","34-135"
"VEGFA","7422","NP_001165100.1","P15692","2FJG","X-ray","2.80","V/W","34-135"
"VEGFA","7422","NP_001165100.1","P15692","2FJH","X-ray","3.10","V/W","34-135"
"VEGFA","7422","NP_001165100.1","P15692","2QR0","X-ray","3.50","C/D/I/J/O/P/U/V","39-135"
"VEGFA","7422","NP_001165100.1","P15692","2VGH","NMR","0.00","A","183-232"
"VEGFA","7422","NP_001165100.1","P15692","2VPF","X-ray","1.93","A/B/C/D/E/F/G/H","34-135"
"VEGFA","7422","NP_001165100.1","P15692","3BDY","X-ray","2.60","V","34-135"
"VEGFA","7422","NP_001165101.1","P15692","1BJ1","X-ray","2.40","V/W","34-135"
"VEGFA","7422","NP_001165101.1","P15692","1CZ8","X-ray","2.40","V/W","40-133"
"VEGFA","7422","NP_001165101.1","P15692","1FLT","X-ray","1.70","V/W","38-135"
"VEGFA","7422","NP_001165101.1","P15692","1KAT","NMR","0.00","V/W","37-135"
"VEGFA","7422","NP_001165101.1","P15692","1KMX","NMR","0.00","A","183-232"
"VEGFA","7422","NP_001165101.1","P15692","1MJV","X-ray","2.10","A/B","40-134"
"VEGFA","7422","NP_001165101.1","P15692","1MKG","X-ray","2.50","A/B/C/D","40-134"
"VEGFA","7422","NP_001165101.1","P15692","1MKK","X-ray","1.32","A/B","40-134"
"VEGFA","7422","NP_001165101.1","P15692","1QTY","X-ray","2.70","R/S/V/W","34-135"
"VEGFA","7422","NP_001165101.1","P15692","1TZH","X-ray","2.60","V/W","34-135"
"VEGFA","7422","NP_001165101.1","P15692","1TZI","X-ray","2.80","V","34-135"
"VEGFA","7422","NP_001165101.1","P15692","1VGH","NMR","0.00","A","183-232"
"VEGFA","7422","NP_001165101.1","P15692","1VPF","X-ray","2.50","A/B/C/D","34-135"
"VEGFA","7422","NP_001165101.1","P15692","1VPP","X-ray","1.90","V/W","34-135"
"VEGFA","7422","NP_001165101.1","P15692","2FJG","X-ray","2.80","V/W","34-135"
"VEGFA","7422","NP_001165101.1","P15692","2FJH","X-ray","3.10","V/W","34-135"
"VEGFA","7422","NP_001165101.1","P15692","2QR0","X-ray","3.50","C/D/I/J/O/P/U/V","39-135"
"VEGFA","7422","NP_001165101.1","P15692","2VGH","NMR","0.00","A","183-232"
"VEGFA","7422","NP_001165101.1","P15692","2VPF","X-ray","1.93","A/B/C/D/E/F/G/H","34-135"
"VEGFA","7422","NP_001165101.1","P15692","3BDY","X-ray","2.60","V","34-135"
"VEGFA","7422","NP_001191313.1","P15692","1BJ1","X-ray","2.40","V/W","34-135"
"VEGFA","7422","NP_001191313.1","P15692","1CZ8","X-ray","2.40","V/W","40-133"
"VEGFA","7422","NP_001191313.1","P15692","1FLT","X-ray","1.70","V/W","38-135"
"VEGFA","7422","NP_001191313.1","P15692","1KAT","NMR","0.00","V/W","37-135"
"VEGFA","7422","NP_001191313.1","P15692","1KMX","NMR","0.00","A","183-232"
"VEGFA","7422","NP_001191313.1","P15692","1MJV","X-ray","2.10","A/B","40-134"
"VEGFA","7422","NP_001191313.1","P15692","1MKG","X-ray","2.50","A/B/C/D","40-134"
"VEGFA","7422","NP_001191313.1","P15692","1MKK","X-ray","1.32","A/B","40-134"
"VEGFA","7422","NP_001191313.1","P15692","1QTY","X-ray","2.70","R/S/V/W","34-135"
"VEGFA","7422","NP_001191313.1","P15692","1TZH","X-ray","2.60","V/W","34-135"
"VEGFA","7422","NP_001191313.1","P15692","1TZI","X-ray","2.80","V","34-135"
"VEGFA","7422","NP_001191313.1","P15692","1VGH","NMR","0.00","A","183-232"
"VEGFA","7422","NP_001191313.1","P15692","1VPF","X-ray","2.50","A/B/C/D","34-135"
"VEGFA","7422","NP_001191313.1","P15692","1VPP","X-ray","1.90","V/W","34-135"
"VEGFA","7422","NP_001191313.1","P15692","2FJG","X-ray","2.80","V/W","34-135"
"VEGFA","7422","NP_001191313.1","P15692","2FJH","X-ray","3.10","V/W","34-135"
"VEGFA","7422","NP_001191313.1","P15692","2QR0","X-ray","3.50","C/D/I/J/O/P/U/V","39-135"
"VEGFA","7422","NP_001191313.1","P15692","2VGH","NMR","0.00","A","183-232"
"VEGFA","7422","NP_001191313.1","P15692","2VPF","X-ray","1.93","A/B/C/D/E/F/G/H","34-135"
"VEGFA","7422","NP_001191313.1","P15692","3BDY","X-ray","2.60","V","34-135"
"VEGFA","7422","NP_001191314.1","P15692","1BJ1","X-ray","2.40","V/W","34-135"
"VEGFA","7422","NP_001191314.1","P15692","1CZ8","X-ray","2.40","V/W","40-133"
"VEGFA","7422","NP_001191314.1","P15692","1FLT","X-ray","1.70","V/W","38-135"
"VEGFA","7422","NP_001191314.1","P15692","1KAT","NMR","0.00","V/W","37-135"
"VEGFA","7422","NP_001191314.1","P15692","1KMX","NMR","0.00","A","183-232"
"VEGFA","7422","NP_001191314.1","P15692","1MJV","X-ray","2.10","A/B","40-134"
"VEGFA","7422","NP_001191314.1","P15692","1MKG","X-ray","2.50","A/B/C/D","40-134"
"VEGFA","7422","NP_001191314.1","P15692","1MKK","X-ray","1.32","A/B","40-134"
"VEGFA","7422","NP_001191314.1","P15692","1QTY","X-ray","2.70","R/S/V/W","34-135"
"VEGFA","7422","NP_001191314.1","P15692","1TZH","X-ray","2.60","V/W","34-135"
"VEGFA","7422","NP_001191314.1","P15692","1TZI","X-ray","2.80","V","34-135"
"VEGFA","7422","NP_001191314.1","P15692","1VGH","NMR","0.00","A","183-232"
"VEGFA","7422","NP_001191314.1","P15692","1VPF","X-ray","2.50","A/B/C/D","34-135"
"VEGFA","7422","NP_001191314.1","P15692","1VPP","X-ray","1.90","V/W","34-135"
"VEGFA","7422","NP_001191314.1","P15692","2FJG","X-ray","2.80","V/W","34-135"
"VEGFA","7422","NP_001191314.1","P15692","2FJH","X-ray","3.10","V/W","34-135"
"VEGFA","7422","NP_001191314.1","P15692","2QR0","X-ray","3.50","C/D/I/J/O/P/U/V","39-135"
"VEGFA","7422","NP_001191314.1","P15692","2VGH","NMR","0.00","A","183-232"
"VEGFA","7422","NP_001191314.1","P15692","2VPF","X-ray","1.93","A/B/C/D/E/F/G/H","34-135"
"VEGFA","7422","NP_001191314.1","P15692","3BDY","X-ray","2.60","V","34-135"
"VEGFA","7422","NP_003367.4","P15692","1BJ1","X-ray","2.40","V/W","34-135"
"VEGFA","7422","NP_003367.4","P15692","1CZ8","X-ray","2.40","V/W","40-133"
"VEGFA","7422","NP_003367.4","P15692","1FLT","X-ray","1.70","V/W","38-135"
"VEGFA","7422","NP_003367.4","P15692","1KAT","NMR","0.00","V/W","37-135"
"VEGFA","7422","NP_003367.4","P15692","1KMX","NMR","0.00","A","183-232"
"VEGFA","7422","NP_003367.4","P15692","1MJV","X-ray","2.10","A/B","40-134"
"VEGFA","7422","NP_003367.4","P15692","1MKG","X-ray","2.50","A/B/C/D","40-134"
"VEGFA","7422","NP_003367.4","P15692","1MKK","X-ray","1.32","A/B","40-134"
"VEGFA","7422","NP_003367.4","P15692","1QTY","X-ray","2.70","R/S/V/W","34-135"
"VEGFA","7422","NP_003367.4","P15692","1TZH","X-ray","2.60","V/W","34-135"
"VEGFA","7422","NP_003367.4","P15692","1TZI","X-ray","2.80","V","34-135"
"VEGFA","7422","NP_003367.4","P15692","1VGH","NMR","0.00","A","183-232"
"VEGFA","7422","NP_003367.4","P15692","1VPF","X-ray","2.50","A/B/C/D","34-135"
"VEGFA","7422","NP_003367.4","P15692","1VPP","X-ray","1.90","V/W","34-135"
"VEGFA","7422","NP_003367.4","P15692","2FJG","X-ray","2.80","V/W","34-135"
"VEGFA","7422","NP_003367.4","P15692","2FJH","X-ray","3.10","V/W","34-135"
"VEGFA","7422","NP_003367.4","P15692","2QR0","X-ray","3.50","C/D/I/J/O/P/U/V","39-135"
"VEGFA","7422","NP_003367.4","P15692","2VGH","NMR","0.00","A","183-232"
"VEGFA","7422","NP_003367.4","P15692","2VPF","X-ray","1.93","A/B/C/D/E/F/G/H","34-135"
"VEGFA","7422","NP_003367.4","P15692","3BDY","X-ray","2.60","V","34-135"
"VGLL1","51442","NP_057351.1","Q99990","-","-","0.00","-","-"
"VGLL3","389136","NP_057290.2","A8MV65","-","-","0.00","-","-"
"VIM","7431","NP_003371.2","P08670","1GK4","X-ray","2.30","A/B/C/D/E/F","328-411"
"VIM","7431","NP_003371.2","P08670","1GK6","X-ray","1.90","A/B","385-412"
"VIM","7431","NP_003371.2","P08670","1GK7","X-ray","1.40","A","102-138"
"VIM","7431","NP_003371.2","P08670","3G1E","X-ray","1.83","A/B","102-138"
"VIM","7431","NP_003371.2","P08670","3KLT","X-ray","2.70","A/B/C/D","263-334"
"VIM","7431","NP_003371.2","P08670","3OL1","X-ray","2.81","A/B/C/D","144-251"
"VOPP1","81552","NP_110423.3","Q96AW1","-","-","0.00","-","-"
"VPS36","51028","NP_057159.2","Q86VN1","2HTH","X-ray","2.70","B","1-138"
"VPS36","51028","NP_057159.2","Q86VN1","2ZME","X-ray","2.90","B","149-386"
"VPS36","51028","NP_057159.2","Q86VN1","3CUQ","X-ray","2.61","B","169-386"
"WNT7A","7476","NP_004616.2","O00755","-","-","0.00","-","-"
"XYLT1","64131","NP_071449.1","Q86Y38","-","-","0.00","-","-"
"YES1","7525","NP_005424.1","P07947","2HDA","X-ray","1.90","A","91-152"
"YWHAB","7529","NP_003395.1","P31946","2BQ0","X-ray","2.50","A/B","1-239"
"YWHAB","7529","NP_003395.1","P31946","2C23","X-ray","2.65","A","1-239"
"YWHAB","7529","NP_647539.1","P31946","2BQ0","X-ray","2.50","A/B","1-239"
"YWHAB","7529","NP_647539.1","P31946","2C23","X-ray","2.65","A","1-239"
"ZBED1","9189","NP_001164606.1","O96006","2CT5","NMR","0.00","A","23-82"
"ZBED1","9189","NP_001164607.1","O96006","2CT5","NMR","0.00","A","23-82"
"ZBED1","9189","NP_004720.1","O96006","2CT5","NMR","0.00","A","23-82"
"ZEB1","6935","NP_001121600.1","P37275","2E19","NMR","0.00","A","586-642"
"ZEB1","6935","NP_001167564.1","-","-","-","0.00","-","-"
"ZEB1","6935","NP_001167565.1","P37275","2E19","NMR","0.00","A","586-642"
"ZEB1","6935","NP_001167566.1","P37275","2E19","NMR","0.00","A","586-642"
"ZEB1","6935","NP_001167567.1","P37275","2E19","NMR","0.00","A","586-642"
"ZEB1","6935","NP_110378.3","-","-","-","0.00","-","-"
"ZIC1","7545","NP_003403.2","Q15915","-","-","0.00","-","-"
"ZMYND19","116225","NP_612471.1","Q96E35","-","-","0.00","-","-"
"ZNF207","7756","NP_001027464.1","O43670","-","-","0.00","-","-"
"ZNF207","7756","NP_001091977.1","O43670","-","-","0.00","-","-"
"ZNF207","7756","NP_003448.1","O43670","-","-","0.00","-","-"
"","0","","","","","0.00","",""
"","0","","","","","0.00","",""
"","0","","","","","0.00","",""
"","0","","","","","0.00","",""
"","0","","","","","0.00","",""
"","0","","","","","0.00","",""
"","0","","","","","0.00","",""
"","0","","","","","0.00","",""
"","0","","","","","0.00","",""
"","0","","","","","0.00","",""
"","0","","","","","0.00","",""
"","0","","","","","0.00","",""
"","0","","","","","0.00","",""
"","0","","","","","0.00","",""
"","0","","","","","0.00","",""
"","0","","","","","0.00","",""
"","0","","","","","0.00","",""
"","0","","","","","0.00","",""
"","0","","","","","0.00","",""
"","0","","","","","0.00","",""
"","0","","","","","0.00","",""
"","0","","","","","0.00","",""
"","0","","","","","0.00","",""
"","0","","","","","0.00","",""
"","0","","","","","0.00","",""
"","0","","","","","0.00","",""
"","0","","","","","0.00","",""
"","0","","","","","0.00","",""
"","0","","","","","0.00","",""
"","0","","","","","0.00","",""
"","0","","","","","0.00","",""
"","0","","","","","0.00","",""
"","0","","","","","0.00","",""
"","0","","","","","0.00","",""
"","0","","","","","0.00","",""
"","0","","","","","0.00","",""
"","0","","","","","0.00","",""
"","0","","","","","0.00","",""
"","0","","","","","0.00","",""
"","0","","","","","0.00","",""
"","0","","","","","0.00","",""
"","0","","","","","0.00","",""
"","0","","","","","0.00","",""
"","0","","","","","0.00","",""
"","0","","","","","0.00","",""
"","0","","","","","0.00","",""
"","0","","","","","0.00","",""
"","0","","","","","0.00","",""
"","0","","","","","0.00","",""
"","0","","","","","0.00","",""
"","0","","","","","0.00","",""
"","0","","","","","0.00","",""
"","0","","","","","0.00","",""
"","0","","","","","0.00","",""
"","0","","","","","0.00","",""
"","0","","","","","0.00","",""
"","0","","","","","0.00","",""
"","0","","","","","0.00","",""
"","0","","","","","0.00","",""
"","0","","","","","0.00","",""
"","0","","","","","0.00","",""
"","0","","","","","0.00","",""
"","0","","","","","0.00","",""
"","0","","","","","0.00","",""
"","0","","","","","0.00","",""
"","0","","","","","0.00","",""
"","0","","","","","0.00","",""
"","0","","","","","0.00","",""
"","0","","","","","0.00","",""
"","0","","","","","0.00","",""
"","0","","","","","0.00","",""
"","0","","","","","0.00","",""
"","0","","","","","0.00","",""
"","0","","","","","0.00","",""
"","0","","","","","0.00","",""
"","0","","","","","0.00","",""
"","0","","","","","0.00","",""
"","0","","","","","0.00","",""
"","0","","","","","0.00","",""
"","0","","","","","0.00","",""
"","0","","","","","0.00","",""
"","0","","","","","0.00","",""
"","0","","","","","0.00","",""
"","0","","","","","0.00","",""
"","0","","","","","0.00","",""
"","0","","","","","0.00","",""
"","0","","","","","0.00","",""
"","0","","","","","0.00","",""
"","0","","","","","0.00","",""
"","0","","","","","0.00","",""
"","0","","","","","0.00","",""
"","0","","","","","0.00","",""
"","0","","","","","0.00","",""
"","0","","","","","0.00","",""
"","0","","","","","0.00","",""
"","0","","","","","0.00","",""
"","0","","","","","0.00","",""
"","0","","","","","0.00","",""
"","0","","","","","0.00","",""
"","0","","","","","0.00","",""
"","0","","","","","0.00","",""
"","0","","","","","0.00","",""
"","0","","","","","0.00","",""
"","0","","","","","0.00","",""
"","0","","","","","0.00","",""
"","0","","","","","0.00","",""
"","0","","","","","0.00","",""
"","0","","","","","0.00","",""
"","0","","","","","0.00","",""
"","0","","","","","0.00","",""
"","0","","","","","0.00","",""
"","0","","","","","0.00","",""
"","0","","","","","0.00","",""
"","0","","","","","0.00","",""
"","0","","","","","0.00","",""
"","0","","","","","0.00","",""
"","0","","","","","0.00","",""
"","0","","","","","0.00","",""
"","0","","","","","0.00","",""
"","0","","","","","0.00","",""
"","0","","","","","0.00","",""
"","0","","","","","0.00","",""
"","0","","","","","0.00","",""
"","0","","","","","0.00","",""
"","0","","","","","0.00","",""
"","0","","","","","0.00","",""
"","0","","","","","0.00","",""
"","0","","","","","0.00","",""
"","0","","","","","0.00","",""
"","0","","","","","0.00","",""
"","0","","","","","0.00","",""
"","0","","","","","0.00","",""
"","0","","","","","0.00","",""
"","0","","","","","0.00","",""
"","0","","","","","0.00","",""
"","0","","","","","0.00","",""
"","0","","","","","0.00","",""
"","0","","","","","0.00","",""
"","0","","","","","0.00","",""
"","0","","","","","0.00","",""
"","0","","","","","0.00","",""
"","0","","","","","0.00","",""
"","0","","","","","0.00","",""
"","0","","","","","0.00","",""
"","0","","","","","0.00","",""
"","0","","","","","0.00","",""
"","0","","","","","0.00","",""
"","0","","","","","0.00","",""
"","0","","","","","0.00","",""
