"Gene_Name","Gene_ID","Protein_ID","Domain_No","Range","Superfamily","Family"
"ABCB1","5243","NP_000918.2","3","39-376","ABC transporter transmembrane region","ABC transporter transmembrane region"
"ABCB1","5243","NP_000918.2","1","383-629","P-loop containing nucleoside triphosphate hydrolases","ABC transporter ATPase domain-like"
"ABCB1","5243","NP_000918.2","4","699-1008","ABC transporter transmembrane region","ABC transporter transmembrane region"
"ABCB1","5243","NP_000918.2","2","1026-1274","P-loop containing nucleoside triphosphate hydrolases","ABC transporter ATPase domain-like"
"ABCC3","8714","NP_001137542.1","1","300-545","ABC transporter transmembrane region","ABC transporter transmembrane region"
"ABCC3","8714","NP_003777.2","4","295-610","ABC transporter transmembrane region","ABC transporter transmembrane region"
"ABCC3","8714","NP_003777.2","2","623-849","P-loop containing nucleoside triphosphate hydrolases","ABC transporter ATPase domain-like"
"ABCC3","8714","NP_003777.2","3","972-1269","ABC transporter transmembrane region","ABC transporter transmembrane region"
"ABCC3","8714","NP_003777.2","1","1281-1521","P-loop containing nucleoside triphosphate hydrolases","ABC transporter ATPase domain-like"
"ACOT2","10965","NP_006812.3","1","129-427;458-480","alpha/beta-Hydrolases","Lipase"
"ADAM3","80332","NP_079496.1","1","209-409",""Metalloproteases (""zincins""); catalytic domain"","Reprolysin-like"
"ADAM3","80332","NP_079496.1","2","426-501","Blood coagulation inhibitor (disintegrin)","Blood coagulation inhibitor (disintegrin)"
"ADAM3","80332","NP_694882.1","1","209-409",""Metalloproteases (""zincins""); catalytic domain"","Reprolysin-like"
"ADAM3","80332","NP_694882.1","2","426-501","Blood coagulation inhibitor (disintegrin)","Blood coagulation inhibitor (disintegrin)"
"ADAM9","8754","NP_003807.1","1","211-404",""Metalloproteases (""zincins""); catalytic domain"","Reprolysin-like"
"ADAM9","8754","NP_003807.1","2","423-499","Blood coagulation inhibitor (disintegrin)","Blood coagulation inhibitor (disintegrin)"
"ADAMTS5","11096","NP_008969.2","1","265-474",""Metalloproteases (""zincins""); catalytic domain"","Reprolysin-like"
"ADAMTS5","11096","NP_008969.2","2","567-621","TSP-1 type 1 repeat","TSP-1 type 1 repeat"
"ADAMTS5","11096","NP_008969.2","3","877-930","TSP-1 type 1 repeat","TSP-1 type 1 repeat"
"ADD3","120","NP_001112.2","1","134-326","AraD/HMP-PK domain-like","AraD-like aldolase/epimerase"
"ADD3","120","NP_058432.1","1","134-326","AraD/HMP-PK domain-like","AraD-like aldolase/epimerase"
"ADD3","120","NP_063968.1","1","134-326","AraD/HMP-PK domain-like","AraD-like aldolase/epimerase"
"AGR2","10551","NP_006399.1","1","49-146","Thioredoxin-like","Thioltransferase"
"AKT1","207","NP_001014431.1","2","1-113","PH domain-like","Pleckstrin-homology domain (PH domain)"
"AKT1","207","NP_001014431.1","1","145-459","Protein kinase-like (PK-like)","Protein kinases; catalytic subunit"
"AKT1","207","NP_001014432.1","2","1-113","PH domain-like","Pleckstrin-homology domain (PH domain)"
"AKT1","207","NP_001014432.1","1","145-459","Protein kinase-like (PK-like)","Protein kinases; catalytic subunit"
"AKT1","207","NP_005154.2","2","1-113","PH domain-like","Protein kinases; catalytic subunit"
"AKT1","207","NP_005154.2","1","145-459","Protein kinase-like (PK-like)","Protein kinases; catalytic subunit"
"ALDH1A2","8854","NP_001193826.1","1","13-492","ALDH-like","ALDH-like"
"ALDH1A2","8854","NP_003879.2","1","28-513","ALDH-like","ALDH-like"
"ALDH1A2","8854","NP_733797.1","1","28-475","ALDH-like","ALDH-like"
"ALDH1A2","8854","NP_733798.1","1","1-417","ALDH-like","ALDH-like"
"ALPPL2","251","NP_112603.2","1","21-493","Alkaline phosphatase-like","Alkaline phosphatase"
"ANXA2","302","NP_001002857.1","1","17-336","Annexin","Annexin"
"ANXA2","302","NP_001002858.1","1","34-354","Annexin","Annexin"
"ANXA2","302","NP_001129487.1","1","17-336","Annexin","Annexin"
"ANXA2","302","NP_004030.1","1","17-336","Annexin","Annexin"
"APC","324","NP_000029.2","3","3-54","N-terminal coiled coil domain from apc","N-terminal coiled coil domain from apc"
"APC","324","NP_000029.2","1","130-239","Tumor suppressor gene product Apc","Tumor suppressor gene product Apc"
"APC","324","NP_000029.2","2","350-745","ARM repeat","Armadillo repeat"
"APC","324","NP_001120982.1","3","3-54","N-terminal coiled coil domain from apc","N-terminal coiled coil domain from apc"
"APC","324","NP_001120982.1","1","130-239","Tumor suppressor gene product Apc","Tumor suppressor gene product Apc"
"APC","324","NP_001120982.1","2","350-745","ARM repeat","Armadillo repeat"
"APC","324","NP_001120983.2","2","140-226","Tumor suppressor gene product Apc","Tumor suppressor gene product Apc"
"APC","324","NP_001120983.2","1","332-727","ARM repeat","Armadillo repeat"
"AR","367","NP_000035.2","2","557-634","Glucocorticoid receptor-like (DNA-binding domain)","Nuclear receptor"
"AR","367","NP_000035.2","1","674-918","Nuclear receptor ligand-binding domain","Nuclear receptor ligand-binding domain"
"AR","367","NP_001011645.1","2","25-102","Glucocorticoid receptor-like (DNA-binding domain)","Nuclear receptor"
"AR","367","NP_001011645.1","1","142-386","Nuclear receptor ligand-binding domain","Nuclear receptor ligand-binding domain"
"AREG","374","NP_001648.1","1","141-186","EGF/Laminin","EGF-type module"
"AREG","374","NP_001648.1","1","141-186","EGF/Laminin","EGF-type module"
"ARL4A","10124","NP_001032241.1","1","21-191","P-loop containing nucleoside triphosphate hydrolases","G proteins"
"ARL4A","10124","NP_001182325.1","1","21-191","P-loop containing nucleoside triphosphate hydrolases","G proteins"
"ARL4A","10124","NP_005729.1","1","21-191","P-loop containing nucleoside triphosphate hydrolases","G proteins"
"ARL4A","10124","NP_997625.1","1","21-191","P-loop containing nucleoside triphosphate hydrolases","G proteins"
"ASRGL1","80150","NP_001077395.1","1","18-295","N-terminal nucleophile aminohydrolases (Ntn hydrolases)","(Glycosyl)asparaginase"
"ASRGL1","80150","NP_079356.3","1","18-295","N-terminal nucleophile aminohydrolases (Ntn hydrolases)","(Glycosyl)asparaginase"
"ATAD2","29028","NP_054828.2","1","423-688","P-loop containing nucleoside triphosphate hydrolases","Extended AAA-ATPase domain"
"ATAD2","29028","NP_054828.2","3","790-940;967-1025","P-loop containing nucleoside triphosphate hydrolases","Extended AAA-ATPase domain"
"ATAD2","29028","NP_054828.2","2","964-1097","Bromodomain","Bromodomain"
"ATAD2","29028","NP_054828.2","0","251-290","ARM repeat","GUN4-associated domain"
"ATP2C2","9914","NP_055676.2","4","167-277","Calcium ATPase; transduction domain A","Calcium ATPase; transduction domain A"
"ATP2C2","9914","NP_055676.2","3","383-582","Metal cation-transporting ATPase; ATP-binding domain N","Metal cation-transporting ATPase; ATP-binding domain N"
"ATP2C2","9914","NP_055676.2","2","375-395;537-775","HAD-like","Meta-cation ATPase; catalytic domain P"
"ATP2C2","9914","NP_055676.2","1","58-168;278-371;722-9","Calcium ATPase; transmembrane domain M","Calcium ATPase; transmembrane domain M"
"ATP8A2","51761","NP_057613.4","4","152-222;258-298","Calcium ATPase; transduction domain A","Calcium ATPase; transduction domain A"
"ATP8A2","51761","NP_057613.4","3","432-462;495-686","Metal cation-transporting ATPase; ATP-binding domain N","Metal cation-transporting ATPase; ATP-binding domain N"
"ATP8A2","51761","NP_057613.4","2","414-438;626-735;783-","HAD-like","Meta-cation ATPase; catalytic domain P"
"ATP8A2","51761","NP_057613.4","1","64-155;300-420;868-1","Calcium ATPase; transmembrane domain M","Calcium ATPase; transmembrane domain M"
"ATP8B2","57198","NP_001005855.1","2","112-183;218-258","Calcium ATPase; transduction domain A","Calcium ATPase; transduction domain A"
"ATP8B2","57198","NP_001005855.1","1","28-116;260-354","Calcium ATPase; transmembrane domain M","Calcium ATPase; transmembrane domain M"
"ATP8B2","57198","NP_065185.1","4","145-216;251-291","Calcium ATPase; transduction domain A","Calcium ATPase; transduction domain A"
"ATP8B2","57198","NP_065185.1","3","430-642","Metal cation-transporting ATPase; ATP-binding domain N","Metal cation-transporting ATPase; ATP-binding domain N"
"ATP8B2","57198","NP_065185.1","2","418-434;617-723;801-","HAD-like","Meta-cation ATPase; catalytic domain P"
"ATP8B2","57198","NP_065185.1","1","61-149;293-417;894-1","Calcium ATPase; transmembrane domain M","Calcium ATPase; transmembrane domain M"
"ATP9B","374868","NP_940933.3","3","224-284;323-358","Calcium ATPase; transduction domain A","Calcium ATPase; transduction domain A"
"ATP9B","374868","NP_940933.3","4","472-504;539-742","Metal cation-transporting ATPase; ATP-binding domain N","Metal cation-transporting ATPase; ATP-binding domain N"
"ATP9B","374868","NP_940933.3","2","455-478;687-792;846-","HAD-like","Meta-cation ATPase; catalytic domain P"
"ATP9B","374868","NP_940933.3","1","126-217;364-460;921-","Calcium ATPase; transmembrane domain M","Calcium ATPase; transmembrane domain M"
"ATR","545","NP_001175.2","2","236-359;581-1084;114","ARM repeat","HEAT repeat"
"ATR","545","NP_001175.2","4","1709-1733;1910-1987","TPR-like","Tetratricopeptide repeat (TPR)"
"ATR","545","NP_001175.2","3","1235-1253;1282-1492;","ARM repeat","RPA1889-like"
"ATR","545","NP_001175.2","1","2221-2399;2431-2567","Protein kinase-like (PK-like)","Phoshoinositide 3-kinase (PI3K); catalytic domain"
"B3GAT3","26229","NP_036332.2","1","75-334","Nucleotide-diphospho-sugar transferases","1;3-glucuronyltransferase"
"BAMBI","25805","NP_036474.1","1","242-333","Winged helix DNA-binding domain","ets domain"
"BCAM","4059","NP_001013275.1","2","35-150","Immunoglobulin","I set domains"
"BCAM","4059","NP_001013275.1","5","143-242","Immunoglobulin","I set domains"
"BCAM","4059","NP_001013275.1","3","276-359","Immunoglobulin","I set domains"
"BCAM","4059","NP_001013275.1","1","371-449","Immunoglobulin","I set domains"
"BCAM","4059","NP_001013275.1","4","460-537","Immunoglobulin","I set domains"
"BCAM","4059","NP_005572.2","2","35-150","Immunoglobulin","I set domains"
"BCAM","4059","NP_005572.2","5","143-242","Immunoglobulin","C2 set domains"
"BCAM","4059","NP_005572.2","3","276-359","Immunoglobulin","I set domains"
"BCAM","4059","NP_005572.2","1","371-449","Immunoglobulin","I set domains"
"BCAM","4059","NP_005572.2","4","460-537","Immunoglobulin","I set domains"
"BCL2L1","598","NP_001182.1","1","1-124","Bcl-2 inhibitors of programmed cell death","Bcl-2 inhibitors of programmed cell death"
"BCL2L1","598","NP_612815.1","1","1-207","Bcl-2 inhibitors of programmed cell death","Bcl-2 inhibitors of programmed cell death"
"BEX5","340542","NP_001012996.1","0","-","-","-"
"BEX5","340542","NP_001153032.1","0","-","-","-"
"BIRC5","332","NP_001012270.1","1","7-75","Inhibitor of apoptosis (IAP) repeat","Inhibitor of apoptosis (IAP) repeat"
"BIRC5","332","NP_001012271.1","1","7-74","Inhibitor of apoptosis (IAP) repeat","Inhibitor of apoptosis (IAP) repeat"
"BIRC5","332","NP_001012271.1","2","97-153","Inhibitor of apoptosis (IAP) repeat","Inhibitor of apoptosis (IAP) repeat"
"BIRC5","332","NP_001159.2","1","7-130","Inhibitor of apoptosis (IAP) repeat","Inhibitor of apoptosis (IAP) repeat"
"BRAF","673","NP_004324.2","2","155-227","Ubiquitin-like","Ras-binding domain; RBD"
"BRAF","673","NP_004324.2","3","227-280","Cysteine-rich domain","Protein kinase cysteine-rich domain (cys2; phorbol-binding domain)"
"BRAF","673","NP_004324.2","1","449-717","Protein kinase-like (PK-like)","Protein kinases; catalytic subunit"
"BST2","684","NP_004326.1","0","-","-","-"
"BTN2A1","11120","NP_001184162.1","2","2-81","Immunoglobulin","V set domains (antibody variable domain-like)"
"BTN2A1","11120","NP_001184162.1","3","97-169","Immunoglobulin","C1 set domains (antibody constant domain-like)"
"BTN2A1","11120","NP_001184162.1","1","259-440","Concanavalin A-like lectins/glucanases","SPRY domain"
"BTN2A1","11120","NP_001184163.1","1","30-142","Immunoglobulin","V set domains (antibody variable domain-like)"
"BTN2A1","11120","NP_001184163.1","2","158-230","Immunoglobulin","C1 set domains (antibody constant domain-like)"
"BTN2A1","11120","NP_008980.1","2","30-142","Immunoglobulin","V set domains (antibody variable domain-like)"
"BTN2A1","11120","NP_008980.1","3","158-230","Immunoglobulin","C1 set domains (antibody constant domain-like)"
"BTN2A1","11120","NP_008980.1","1","320-501","Concanavalin A-like lectins/glucanases","SPRY domain"
"BTN2A1","11120","NP_510961.1","1","30-142","Immunoglobulin","V set domains (antibody variable domain-like)"
"BTN2A1","11120","NP_510961.1","2","158-230","Immunoglobulin","C1 set domains (antibody constant domain-like)"
"C19ORF33","64073","NP_277055.1","0","-","-","-"
"C1QTNF3","114899","NP_112207.1","1","116-244","TNF-like","TNF-like"
"C1QTNF3","114899","NP_852100.3","1","189-317","TNF-like","TNF-like"
"C20orf32","25927","NP_001104571.1","0","-","-","-"
"C20orf32","25927","NP_056278.1","0","-","-","-"
"C8A","731","NP_000553.1","3","37-84","TSP-1 type 1 repeat","TSP-1 type 1 repeat"
"C8A","731","NP_000553.1","2","74-142;193-206;492-5","Growth factor receptor domain","Growth factor receptor domain"
"C8A","731","NP_000553.1","1","539-584","TSP-1 type 1 repeat","TSP-1 type 1 repeat"
"C8A","731","NP_000553.1","3","37-84","TSP-1 type 1 repeat","TSP-1 type 1 repeat"
"C8A","731","NP_000553.1","2","74-142;193-206;492-5","Growth factor receptor domain","Growth factor receptor domain"
"C8A","731","NP_000553.1","1","539-584","TSP-1 type 1 repeat","TSP-1 type 1 repeat"
"CAPG","822","NP_001738.2","1","17-147","Actin depolymerizing proteins","Gelsolin-like"
"CAPG","822","NP_001738.2","2","134-238","Actin depolymerizing proteins","Gelsolin-like"
"CAPG","822","NP_001738.2","3","244-347","Actin depolymerizing proteins","Gelsolin-like"
"CAPZA1","829","NP_006126.1","1","8-281","Subunits of heterodimeric actin filament capping protein Capz","Capz alpha-1 subunit"
"CASC2","255082","-","0","-","-","-"
"CASP3","836","NP_004337.2","1","36-276","Caspase-like","Caspase catalytic domain"
"CASP3","836","NP_116786.1","1","36-276","Caspase-like","Caspase catalytic domain"
"CASP7","840","NP_001218.1","1","58-301","Caspase-like","Caspase catalytic domain"
"CASP7","840","NP_203124.1","1","91-334","Caspase-like","Caspase catalytic domain"
"CASP7","840","NP_203125.1","1","58-301","Caspase-like","Caspase catalytic domain"
"CASP7","840","NP_203126.1","1","56-149","Caspase-like","Caspase catalytic domain"
"CCL2","6347","NP_002973.1","1","27-98","Interleukin 8-like chemokines","Interleukin 8-like chemokines"
"CCL20","6364","NP_001123518.1","1","26-94","Interleukin 8-like chemokines","Interleukin 8-like chemokines"
"CCL20","6364","NP_004582.1","1","28-95","Interleukin 8-like chemokines","Interleukin 8-like chemokines"
"CCNA2","890","NP_001228.1","1","175-306","Cyclin-like","Cyclin"
"CCNA2","890","NP_001228.1","2","309-430","Cyclin-like","Cyclin"
"CCND1","595","NP_444284.1","1","21-152","Cyclin-like","Cyclin"
"CCND1","595","NP_444284.1","2","154-255","Cyclin-like","Cyclin"
"CCNE1","898","NP_001229.1","2","243-372","Cyclin-like","Cyclin"
"CCNE1","898","NP_001229.1","1","108-241","Cyclin-like","Cyclin"
"CCNE1","898","NP_476530.1","2","93-226","Cyclin-like","Cyclin"
"CCNE1","898","NP_476530.1","1","228-357","Cyclin-like","Cyclin"
"CCR2","729230","NP_001116513.2","1","30-327","Family A G protein-coupled receptor-like","Rhodopsin-like"
"CCR2","729230","NP_001116868.1","1","30-346","Family A G protein-coupled receptor-like","Rhodopsin-like"
"CD24","100133941","NP_037362.1","0","-","-","-"
"CD248","57124","NP_065137.1","1","31-163","C-type lectin-like","C-type lectin domain"
"CD248","57124","NP_065137.1","2","233-352","Growth factor receptor domain","Growth factor receptor domain"
"CD44","960","NP_000601.3","1","21-167","C-type lectin-like","Link domain"
"CD44","960","NP_001001389.1","1","21-167","C-type lectin-like","Link domain"
"CD44","960","NP_001001390.1","1","21-167","C-type lectin-like","Link domain"
"CD44","960","NP_001001391.1","1","21-167","C-type lectin-like","Link domain"
"CD44","960","NP_001001392.1","1","21-89","C-type lectin-like","Link domain"
"CD44","960","NP_001189484.1","1","21-167","C-type lectin-like","Link domain"
"CD44","960","NP_001189485.1","1","21-167","C-type lectin-like","Link domain"
"CD44","960","NP_001189486.1","1","21-167","C-type lectin-like","Link domain"
"CD69","969","NP_001772.1","1","21-167","C-type lectin-like","Link domain"
"CDC20B","166979","NP_001139206.2","1","230-475","WD40 repeat-like","WD40 repeat-like"
"CDC20B","166979","NP_001163873.1","1","230-518","WD40 repeat-like","WD40 repeat-like"
"CDC20B","166979","NP_689836.2","1","230-514","WD40 repeat-like","WD40 repeat-like"
"CDC25B","994","NP_004349.1","1","375-550","Rhodanese/Cell cycle control phosphatase","Cell cycle control phosphatase; catalytic domain"
"CDC25B","994","NP_068658.1","1","348-523","Rhodanese/Cell cycle control phosphatase","Cell cycle control phosphatase; catalytic domain"
"CDC25B","994","NP_068659.1","1","389-564","Rhodanese/Cell cycle control phosphatase","Cell cycle control phosphatase; catalytic domain"
"CDCP1","64866","NP_073753.3","1","232-274","Spermadhesin; CUB domain","Spermadhesin; CUB domain"
"CDCP1","64866","NP_835488.1","1","232-274","Spermadhesin; CUB domain","Spermadhesin; CUB domain"
"CDH1","999","NP_004351.1","2","27-173","Cadherin-like","Cadherin"
"CDH1","999","NP_004351.1","5","159-254","Cadherin-like","Cadherin"
"CDH1","999","NP_004351.1","1","250-387","Cadherin-like","Cadherin"
"CDH1","999","NP_004351.1","4","369-480","Cadherin-like","Cadherin"
"CDH1","999","NP_004351.1","3","369-480","Cadherin-like","Cadherin"
"CDH1","999","NP_004351.1","6","589-691","Cadherin-like","Cadherin"
"CDH3","1001","NP_001784.2","4","111-207","Cadherin-like","Cadherin"
"CDH3","1001","NP_001784.2","1","209-320","Cadherin-like","Cadherin"
"CDH3","1001","NP_001784.2","2","322-434","Cadherin-like","Cadherin"
"CDH3","1001","NP_001784.2","3","429-556","Cadherin-like","Cadherin"
"CDH3","1001","NP_001784.2","5","542-644","Cadherin-like","Cadherin"
"CDH6","1004","NP_004923.1","5","77-159","Cadherin-like","Cadherin"
"CDH6","1004","NP_004923.1","1","152-260","Cadherin-like","Cadherin"
"CDH6","1004","NP_004923.1","2","261-377","Cadherin-like","Cadherin"
"CDH6","1004","NP_004923.1","3","372-489","Cadherin-like","Cadherin"
"CDH6","1004","NP_004923.1","4","481-589","Cadherin-like","Cadherin"
"CDK4","1019","NP_000066.1","1","3-297","Protein kinase-like (PK-like)","Protein kinases; catalytic subunit"
"CDKN1A","1026","NP_000380.1","0","-","-","-"
"CDKN1A","1026","NP_510867.1","0","-","-","-"
"CDKN1B","1027","NP_004055.1","0","-","-","-"
"CDKN2A","1029","NP_000068.1","1","21-136","Ankyrin repeat","Ankyrin repeat"
"CDKN2A","1029","NP_001182061.1","1","21-137","Ankyrin repeat","Ankyrin repeat"
"CDKN2A","1029","NP_478102.2","0","-","-","-"
"CDKN2A","1029","NP_478104.2","1","13-52","Ankyrin repeat","Ankyrin repeat"
"CDKN3","1033","NP_001124323.1","1","11-156","(Phosphotyrosine protein) phosphatases II","Dual specificity phosphatase-like"
"CDKN3","1033","NP_005183.2","1","27-196","(Phosphotyrosine protein) phosphatases II","Dual specificity phosphatase-like"
"CDR2L","30850","NP_055418.2","0","32-136","Methyl-accepting chemotaxis protein (MCP) signaling domain","Methyl-accepting chemotaxis protein (MCP) signaling domain"
"CEACAM1","634","NP_001020083.1","1","35-141","Immunoglobulin","V set domains (antibody variable domain-like)"
"CEACAM1","634","NP_001020083.1","2","143-234","Immunoglobulin","I set domains"
"CEACAM1","634","NP_001020083.1","4","237-319","Immunoglobulin","I set domains"
"CEACAM1","634","NP_001020083.1","3","324-411","Immunoglobulin","I set domains"
"CEACAM1","634","NP_001171742.1","1","35-141","Immunoglobulin","V set domains (antibody variable domain-like)"
"CEACAM1","634","NP_001171742.1","2","143-234","Immunoglobulin","I set domains"
"CEACAM1","634","NP_001171742.1","4","237-319","Immunoglobulin","I set domains"
"CEACAM1","634","NP_001171742.1","3","324-411","Immunoglobulin","I set domains"
"CEACAM1","634","NP_001171744.1","1","35-141","Immunoglobulin","V set domains (antibody variable domain-like)"
"CEACAM1","634","NP_001171744.1","2","143-234","Immunoglobulin","I set domains"
"CEACAM1","634","NP_001171744.1","3","237-319","Immunoglobulin","I set domains"
"CEACAM1","634","NP_001171745.1","1","35-141","Immunoglobulin","V set domains (antibody variable domain-like)"
"CEACAM1","634","NP_001171745.1","2","143-234","Immunoglobulin","I set domains"
"CEACAM1","634","NP_001171745.1","3","237-319","Immunoglobulin","I set domains"
"CEACAM1","634","NP_001192273.1","1","35-141","Immunoglobulin","V set domains (antibody variable domain-like)"
"CEACAM1","634","NP_001192273.1","2","143-234","Immunoglobulin","I set domains"
"CEACAM1","634","NP_001192273.1","4","237-319","Immunoglobulin","I set domains"
"CEACAM1","634","NP_001192273.1","3","324-411","Immunoglobulin","I set domains"
"CEACAM1","634","NP_001703.2","1","35-141","Immunoglobulin","V set domains (antibody variable domain-like)"
"CEACAM1","634","NP_001703.2","2","143-234","Immunoglobulin","I set domains"
"CEACAM1","634","NP_001703.2","4","237-319","Immunoglobulin","I set domains"
"CEACAM1","634","NP_001703.2","3","324-411","Immunoglobulin","I set domains"
"CEP290","80184","NP_079390.3","0","-","-","-"
"CLDN1","9076","NP_066924.1","0","-","-","-"
"CLMP","79827","NP_079045.1","1","26-132","Immunoglobulin","V set domains (antibody variable domain-like)"
"CLMP","79827","NP_079045.1","2","128-228","Immunoglobulin","I set domains"
"CMTM8","152189","NP_849199.2","0","-","-","-"
"CNR2","1269","NP_001832.1","1","11-323","Family A G protein-coupled receptor-like","Rhodopsin-like"
"CNTF","1270","NP_000605.1","1","11-185","4-helical cytokines","Long-chain cytokines"
"CNTF","1270","NP_000605.1","1","11-185","4-helical cytokines","Long-chain cytokines"
"COL3A1","1281","NP_000081.1","1","30-90","FnI-like domain","VWC domain"
"COL4A5","1287","NP_000486.1","2","1460-1569","C-type lectin-like","Noncollagenous (NC1) domain of collagen IV"
"COL4A5","1287","NP_000486.1","1","1572-1684","C-type lectin-like","Noncollagenous (NC1) domain of collagen IV"
"COL4A5","1287","NP_203699.1","2","1466-1575","C-type lectin-like","Noncollagenous (NC1) domain of collagen IV"
"COL4A5","1287","NP_203699.1","1","1578-1690","C-type lectin-like","Noncollagenous (NC1) domain of collagen IV"
"COLEC11","78989","NP_076932.1","1","149-268","C-type lectin-like","C-type lectin domain"
"COLEC11","78989","NP_954705.1","1","146-265","C-type lectin-like","C-type lectin domain"
"COPS2","9318","NP_001137359.1","2","137-193;240-351","TPR-like","Tetratricopeptide repeat (TPR)"
"COPS2","9318","NP_001137359.1","1","346-422","Winged helix DNA-binding domain","PCI domain (PINT motif)"
"COPS2","9318","NP_004227.1","2","123-186;233-344","TPR-like","Tetratricopeptide repeat (TPR)"
"COPS2","9318","NP_004227.1","1","339-415","Winged helix DNA-binding domain","PCI domain (PINT motif)"
"COX7A1","1346","NP_001855.1","1","22-78","Mitochondrial cytochrome c oxidase subunit VIIa","Mitochondrial cytochrome c oxidase subunit VIIa"
"CRABP2","1382","NP_001186652.1","1","3-137","Lipocalins","Fatty acid binding protein-like"
"CRABP2","1382","NP_001869.1","1","3-137","Lipocalins","Fatty acid binding protein-like"
"CREB1","1385","NP_004370.1","1","271-322","Leucine zipper domain","Leucine zipper domain"
"CREB1","1385","NP_604391.1","1","285-336","Leucine zipper domain","Leucine zipper domain"
"CREB1","1385","NP_004370.1","1","271-322","Leucine zipper domain","Leucine zipper domain"
"CREB1","1385","NP_604391.1","1","285-336","Leucine zipper domain","Leucine zipper domain"
"CRISPLD2","83716","NP_113664.1","1","37-215","PR-1-like","PR-1-like"
"CRISPLD2","83716","NP_113664.1","2","284-382","LCCL domain","LCCL domain"
"CRISPLD2","83716","NP_113664.1","3","386-491","LCCL domain","LCCL domain"
"CSNK2B","1460","NP_001311.3","1","6-201","Casein kinase II beta subunit","Casein kinase II beta subunit"
"CTHRC1","115908","NP_612464.1","0","-","-","-"
"CTNNB1","1499","NP_001091679.1","1","135-664","ARM repeat","Armadillo repeat"
"CTNNB1","1499","NP_001091680.1","1","135-664","ARM repeat","Armadillo repeat"
"CTNNB1","1499","NP_001895.1","1","135-664","ARM repeat","Armadillo repeat"
"CTNND1","1500","NP_001078927.1","1","367-601;653-838","ARM repeat","Plakophilin 1 helical region"
"CTNND1","1500","NP_001078928.1","1","367-611;647-832","ARM repeat","Plakophilin 1 helical region"
"CTNND1","1500","NP_001078929.1","1","367-611;647-832","ARM repeat","Plakophilin 1 helical region"
"CTNND1","1500","NP_001078930.1","1","367-611;647-832","ARM repeat","Plakophilin 1 helical region"
"CTNND1","1500","NP_001078931.1","1","367-611;647-832","ARM repeat","Plakophilin 1 helical region"
"CTNND1","1500","NP_001078932.1","1","266-500;552-737","ARM repeat","Plakophilin 1 helical region"
"CTNND1","1500","NP_001078933.1","1","266-510;546-731","ARM repeat","Plakophilin 1 helical region"
"CTNND1","1500","NP_001078934.1","1","266-510;546-731","ARM repeat","Plakophilin 1 helical region"
"CTNND1","1500","NP_001078935.1","1","266-500;552-737","ARM repeat","Plakophilin 1 helical region"
"CTNND1","1500","NP_001078936.1","1","266-510;546-731","ARM repeat","Plakophilin 1 helical region"
"CTNND1","1500","NP_001078937.1","1","266-510;546-731","ARM repeat","Plakophilin 1 helical region"
"CTNND1","1500","NP_001078938.1","1","266-510;546-731","ARM repeat","Plakophilin 1 helical region"
"CTNND1","1500","NP_001322.1","1","367-611;647-832","ARM repeat","Plakophilin 1 helical region"
"CTSB","1508","NP_001899.1","1","20-331","Cysteine proteinases","Papain-like"
"CTSB","1508","NP_680090.1","1","20-331","Cysteine proteinases","Papain-like"
"CTSB","1508","NP_680091.1","1","20-331","Cysteine proteinases","Papain-like"
"CTSB","1508","NP_680092.1","1","20-331","Cysteine proteinases","Papain-like"
"CTSB","1508","NP_680093.1","1","20-331","Cysteine proteinases","Papain-like"
"CTSD","1509","NP_001900.1","1","7-409","Acid proteases","Pepsin-like"
"CTSH","1512","NP_004381.2","1","32-333","Cysteine proteinases","Papain-like"
"CTSW","1521","NP_001326.2","1","36-361","Cysteine proteinases","Papain-like"
"CXCL12","6387","NP_000600.1","1","11-89","Interleukin 8-like chemokines","Interleukin 8-like chemokines"
"CXCL12","6387","NP_001029058.1","1","11-89","Interleukin 8-like chemokines","Interleukin 8-like chemokines"
"CXCL12","6387","NP_001171605.1","1","11-88","Interleukin 8-like chemokines","Interleukin 8-like chemokines"
"CXCL12","6387","NP_954637.1","1","11-89","Interleukin 8-like chemokines","Interleukin 8-like chemokines"
"CXCL17","284340","NP_940879.1","1","169-264",""""Winged helix"" DNA-binding domain"","Forkhead DNA-binding domain"
"CXCL5","6374","NP_002985.1","1","25-108","Interleukin 8-like chemokines","Interleukin 8-like chemokines"
"CXCL9","4283","NP_002407.1","1","13-91","Interleukin 8-like chemokines","Interleukin 8-like chemokines"
"CXCR4","7852","NP_001008540.1","1","30-326","Family A G protein-coupled receptor-like","Rhodopsin-like"
"CXCR4","7852","NP_003458.1","1","27-322","Family A G protein-coupled receptor-like","Rhodopsin-like"
"CYP17A1","1586","NP_000093.1","1","32-496","Cytochrome P450","Cytochrome P450"
"CYP19A1","1588","NP_000094.2","1","41-482","Cytochrome P450","Cytochrome P450"
"CYP19A1","1588","NP_112503.1","1","41-482","Cytochrome P450","Cytochrome P450"
"CYP1A1","1543","NP_000490.1","1","40-504","Cytochrome P450","Cytochrome P450"
"CYP1B1","1545","NP_000095.2","1","40-504","Cytochrome P450","Cytochrome P450"
"CYP39A1","51302","NP_057677.2","1","24-468","Cytochrome P450","Cytochrome P450"
"CYP3A7","1551","NP_000756.2","1","32-497","Cytochrome P450","Cytochrome P450"
"CYP4X1","260293","NP_828847.1","1","38-505","Cytochrome P450","Cytochrome P450"
"Cyr61","3491","NP_001545.2","1","28-103","Growth factor receptor domain","Growth factor receptor domain"
"Cyr61","3491","NP_001545.2","2","98-163","FnI-like domain","Fibronectin type I module"
"Cyr61","3491","NP_001545.2","3","227-272","TSP-1 type 1 repeat","TSP-1 type 1 repeat"
"DAB2IP","153090","NP_115941.2","3","134-183","PH domain-like","Pleckstrin-homology domain (PH domain)"
"DAB2IP","153090","NP_115941.2","2","186-307","C2 domain (Calcium/lipid-binding domain; CaLB)","PLC-like (P variant)"
"DAB2IP","153090","NP_115941.2","1","312-629","GTPase activation domain; GAP","p120GAP domain-like"
"DAB2IP","153090","NP_619723.1","3","38-87","PH domain-like","Pleckstrin-homology domain (PH domain)"
"DAB2IP","153090","NP_619723.1","2","90-211","C2 domain (Calcium/lipid-binding domain; CaLB)","PLC-like (P variant)"
"DAB2IP","153090","NP_619723.1","1","216-533","GTPase activation domain; GAP","p120GAP domain-like"
"DACH1","1602","NP_004383.3","1","185-283","Putative DNA-binding domain","Dachshund-homology domain"
"DACH1","1602","NP_542937.2","1","185-283","Putative DNA-binding domain","Dachshund-homology domain"
"DACH1","1602","NP_542938.2","1","185-283","Putative DNA-binding domain","Dachshund-homology domain"
"DARS","1615","NP_001340.2","2","26-151","Nucleic acid-binding proteins","Anticodon-binding domain"
"DARS","1615","NP_001340.2","1","172-500","Class II aaRS and biotin synthetases","Class II aminoacyl-tRNA synthetase (aaRS)-like; catalytic domain"
"DDR1","780","NP_001189450.1","1","29-187","Galactose-binding domain-like","Discoidin domain (FA58C; coagulation factor 5/8 C-terminal domain)"
"DDR1","780","NP_001189451.1","2","29-187","Galactose-binding domain-like","Discoidin domain (FA58C; coagulation factor 5/8 C-terminal domain)"
"DDR1","780","NP_001189451.1","1","502-758","Protein kinase-like (PK-like)","Discoidin domain (FA58C; coagulation factor 5/8 C-terminal domain)"
"DDR1","780","NP_001189452.1","2","47-205","Galactose-binding domain-like","Discoidin domain (FA58C; coagulation factor 5/8 C-terminal domain)"
"DDR1","780","NP_001189452.1","1","584-885","Protein kinase-like (PK-like)","Protein kinases; catalytic subunit"
"DDR1","780","NP_001945.3","2","29-187","Galactose-binding domain-like","Discoidin domain (FA58C; coagulation factor 5/8 C-terminal domain)"
"DDR1","780","NP_001945.3","1","566-867","Protein kinase-like (PK-like)","Protein kinases; catalytic subunit"
"DDR1","780","NP_054699.2","2","29-187","Galactose-binding domain-like","Discoidin domain (FA58C; coagulation factor 5/8 C-terminal domain)"
"DDR1","780","NP_054699.2","1","603-904","Protein kinase-like (PK-like)","Protein kinases; catalytic subunit"
"DDR1","780","NP_054700.2","2","29-187","Galactose-binding domain-like","Discoidin domain (FA58C; coagulation factor 5/8 C-terminal domain)"
"DDR1","780","NP_054700.2","1","603-910","Protein kinase-like (PK-like)","Protein kinases; catalytic subunit"
"DEPDC1","55635","NP_001107592.1","1","12-157","Winged helix DNA-binding domain","DEP domain"
"DEPDC1","55635","NP_001107592.1","2","228-300;587-682","GTPase activation domain; GAP","BCR-homology GTPase activation domain (BH-domain)"
"DEPDC1","55635","NP_060249.2","1","12-157","Winged helix DNA-binding domain","DEP domain"
"DEPDC1","55635","NP_060249.2","2","228-398","GTPase activation domain; GAP","BCR-homology GTPase activation domain (BH-domain)"
"DHX16","8449","NP_001157711.1","1","324-901","P-loop containing nucleoside triphosphate hydrolases","Tandem AAA-ATPase domain"
"DHX16","8449","NP_003578.2","1","384-961","P-loop containing nucleoside triphosphate hydrolases","Tandem AAA-ATPase domain"
"DKK4","27121","NP_055235.1","0","-","-","-"
"DLX5","1749","NP_005212.1","1","133-198","Homeodomain-like","Homeodomain"
"DNAJA2","10294","NP_005871.1","1","5-101","Chaperone J-domain","Chaperone J-domain"
"DNAJA2","10294","NP_005871.1","3","140-212","DnaJ/Hsp40 cysteine-rich domain","DnaJ/Hsp40 cysteine-rich domain"
"DNAJA2","10294","NP_005871.1","4","114-148;215-258","HSP40/DnaJ peptide-binding domain","HSP40/DnaJ peptide-binding domain"
"DNAJA2","10294","NP_005871.1","2","259-346","HSP40/DnaJ peptide-binding domain","HSP40/DnaJ peptide-binding domain"
"DNMT1","1786","NP_001124295.1","1","1154-1457;1522-1608","S-adenosyl-L-methionine-dependent methyltransferases","C5 cytosine-specific DNA methylase; DCM"
"DNMT1","1786","NP_001370.1","1","1138-1441;1506-1592","S-adenosyl-L-methionine-dependent methyltransferases","C5 cytosine-specific DNA methylase; DCM"
"DPP6","1804","NP_001034439.1","1","64-527","DPP6 N-terminal domain-like","DPP6 N-terminal domain-like"
"DPP6","1804","NP_001034439.1","2","536-783","alpha/beta-Hydrolases","DPP6 catalytic domain-like"
"DPP6","1804","NP_001927.3","1","66-529","DPP6 N-terminal domain-like","DPP6 N-terminal domain-like"
"DPP6","1804","NP_001927.3","2","538-785","alpha/beta-Hydrolases","DPP6 catalytic domain-like"
"DPP6","1804","NP_570629.2","1","128-591","DPP6 N-terminal domain-like","DPP6 N-terminal domain-like"
"DPP6","1804","NP_570629.2","2","600-847","alpha/beta-Hydrolases","DPP6 catalytic domain-like"
"ECM2","1842","NP_001184224.1","2","101-158","FnI-like domain","VWC domain"
"ECM2","1842","NP_001184224.1","1","303-653","RNI-like","28-residue LRR"
"ECM2","1842","NP_001184225.1","2","101-158","FnI-like domain","VWC domain"
"ECM2","1842","NP_001184225.1","1","305-626","L domain-like","Ngr ectodomain-like"
"ECM2","1842","NP_001384.1","2","101-159","FnI-like domain","VWC domain"
"ECM2","1842","NP_001384.1","1","325-675","RNI-like","28-residue LRR"
"EDNRB","1910","NP_000106.1","0","-","-","-"
"EDNRB","1910","NP_001116131.1","1","80-410","Family A G protein-coupled receptor-like","Rhodopsin-like"
"EDNRB","1910","NP_001188326.1","1","170-500","Family A G protein-coupled receptor-like","Rhodopsin-like"
"EFEMP1","2202","NP_001034437.1","2","170-220","EGF/Laminin","EGF-type module"
"EFEMP1","2202","NP_001034437.1","1","212-334","Growth factor receptor domain","Growth factor receptor domain"
"EFEMP1","2202","NP_001034438.1","2","170-220","EGF/Laminin","EGF-type module"
"EFEMP1","2202","NP_001034438.1","1","212-334","Growth factor receptor domain","Growth factor receptor domain"
"EFHA2","286097","NP_859074.1","2","185-278;332-366","EF-hand","Calmodulin-like"
"EFHA2","286097","NP_859074.1","1","351-500","EF-hand","Calmodulin-like"
"EFNB2","1948","NP_004084.1","1","30-166","Cupredoxins","Ephrin ectodomain"
"EFS","10278","NP_005855.1","1","8-92","SH3-domain","SH3-domain"
"EFS","10278","NP_115835.1","0","-","-","-"
"EGF","1950","NP_001171601.1","2","46-288","YWTD domain","YWTD domain"
"EGF","1950","NP_001171601.1","4","26-42;317-408","Growth factor receptor domain","Growth factor receptor domain"
"EGF","1950","NP_001171601.1","3","400-476;733-784","Growth factor receptor domain","Growth factor receptor domain"
"EGF","1950","NP_001171601.1","1","483-737","YWTD domain","YWTD domain"
"EGF","1950","NP_001171601.1","6","833-973","Growth factor receptor domain","Growth factor receptor domain"
"EGF","1950","NP_001171601.1","5","933-977","EGF/Laminin","EGF-type module"
"EGF","1950","NP_001171602.1","2","46-288","YWTD domain","YWTD domain"
"EGF","1950","NP_001171602.1","5","314-360","EGF/Laminin","EGF-type module"
"EGF","1950","NP_001171602.1","3","359-434;691-742","Growth factor receptor domain","Growth factor receptor domain"
"EGF","1950","NP_001171602.1","1","441-695","YWTD domain","YWTD domain"
"EGF","1950","NP_001171602.1","6","702-739;792-868","Growth factor receptor domain","Growth factor receptor domain"
"EGF","1950","NP_001171602.1","7","864-907","EGF/Laminin","EGF-type module"
"EGF","1950","NP_001171602.1","4","932-976","EGF/Laminin","EGF-type module"
"EGF","1950","NP_001954.2","2","46-288","YWTD domain","YWTD domain"
"EGF","1950","NP_001954.2","4","27-42;317-408","Growth factor receptor domain","Growth factor receptor domain"
"EGF","1950","NP_001954.2","3","401-476;733-784","Growth factor receptor domain","Growth factor receptor domain"
"EGF","1950","NP_001954.2","1","483-737","YWTD domain","YWTD domain"
"EGF","1950","NP_001954.2","7","831-881","EGF/Laminin","EGF-type module"
"EGF","1950","NP_001954.2","6","870-923","EGF/Laminin","EGF-type module"
"EGF","1950","NP_001954.2","8","909-954","EGF/Laminin","EGF-type module"
"EGF","1950","NP_001954.2","5","974-1018","EGF/Laminin","EGF-type module"
"EGFL6","25975","NP_001161362.1","3","94-143","EGF/Laminin","EGF-type module"
"EGFL6","25975","NP_001161362.1","2","138-263","Growth factor receptor domain","Growth factor receptor domain"
"EGFL6","25975","NP_001161362.1","1","400-545","Concanavalin A-like lectins/glucanases","MAM domain"
"EGFL6","25975","NP_056322.2","3","94-143","EGF/Laminin","EGF-type module"
"EGFL6","25975","NP_056322.2","2","138-263","Growth factor receptor domain","Growth factor receptor domain"
"EGFL6","25975","NP_056322.2","1","399-544","Concanavalin A-like lectins/glucanases","MAM domain"
"EGFR","1956","NP_005219.2","3","31-209","L domain-like","L domain"
"EGFR","1956","NP_005219.2","5","186-339","Growth factor receptor domain","Growth factor receptor domain"
"EGFR","1956","NP_005219.2","2","328-520","L domain-like","L domain"
"EGFR","1956","NP_005219.2","4","505-636","Growth factor receptor domain","Growth factor receptor domain"
"EGFR","1956","NP_005219.2","1","708-1003","Protein kinase-like (PK-like)","Protein kinases; catalytic subunit"
"EGFR","1956","NP_958439.1","2","31-209","L domain-like","L domain"
"EGFR","1956","NP_958439.1","4","186-339","Growth factor receptor domain","Growth factor receptor domain"
"EGFR","1956","NP_958439.1","1","328-520","L domain-like","L domain"
"EGFR","1956","NP_958439.1","3","505-624","Growth factor receptor domain","Growth factor receptor domain"
"EGFR","1956","NP_958440.1","1","31-209","L domain-like","L domain"
"EGFR","1956","NP_958440.1","2","186-339","Growth factor receptor domain","Growth factor receptor domain"
"EGFR","1956","NP_958440.1","3","328-403","L domain-like","L domain"
"EGFR","1956","NP_958441.1","2","31-209","L domain-like","L domain"
"EGFR","1956","NP_958441.1","4","186-339","Growth factor receptor domain","Growth factor receptor domain"
"EGFR","1956","NP_958441.1","1","328-520","L domain-like","L domain"
"EGFR","1956","NP_958441.1","3","505-624","Growth factor receptor domain","Growth factor receptor domain"
"EHD2","30846","NP_055416.2","1","53-322","P-loop containing nucleoside triphosphate hydrolases","G proteins"
"EHD2","30846","NP_055416.2","2","447-536","EF-hand","Eps15 homology domain (EH domain)"
"EIF4EBP1","1978","NP_004086.1","0","-","-","-"
"ELF1","1997","NP_001138825.1","1","182-320","Winged helix DNA-binding domain","ets domain"
"ELF1","1997","NP_758961.1","1","206-344","Winged helix DNA-binding domain","ets domain"
"ELF5","2001","NP_001413.1","2","22-118","SAM/Pointed domain","Pointed domain"
"ELF5","2001","NP_001413.1","1","155-250","Winged helix DNA-binding domain","ets domain"
"ELF5","2001","NP_938195.1","2","32-128","SAM/Pointed domain","Pointed domain"
"ELF5","2001","NP_938195.1","1","165-260","Winged helix DNA-binding domain","ets domain"
"EMILIN1","11117","NP_008977.1","1","869-1009","TNF-like","TNF-like"
"EMP2","2013","NP_001415.1","0","-","-","-"
"ENOSF1","55556","NP_001119595.1","2","12-60","Enolase N-terminal domain-like","Enolase N-terminal domain-like"
"ENOSF1","55556","NP_001119595.1","1","104-352","Enolase C-terminal domain-like","D-glucarate dehydratase-like"
"ENOSF1","55556","NP_059982.2","2","5-141","Enolase N-terminal domain-like","Enolase N-terminal domain-like"
"ENOSF1","55556","NP_059982.2","1","186-434","Enolase C-terminal domain-like","D-glucarate dehydratase-like"
"ENOSF1","55556","NP_974487.1","2","44-162","Enolase N-terminal domain-like","Enolase N-terminal domain-like"
"ENOSF1","55556","NP_974487.1","1","207-441","Enolase C-terminal domain-like","D-glucarate dehydratase-like"
"ENSA","2029","NP_004427.1","0","-","-","-"
"ENSA","2029","NP_996925.1","0","-","-","-"
"ENSA","2029","NP_996926.1","0","-","-","-"
"ENSA","2029","NP_996927.1","0","-","-","-"
"ENSA","2029","NP_996928.1","0","-","-","-"
"ENSA","2029","NP_996929.1","0","-","-","-"
"ENSA","2029","NP_996930.1","0","-","-","-"
"ENSA","2029","NP_997051.1","0","-","-","-"
"EPDR1","54749","NP_060019.1","0","-","-","-"
"EPHB2","2048","NP_004433.2","2","20-195","Galactose-binding domain-like","Ephrin receptor ligand binding domain"
"EPHB2","2048","NP_004433.2","5","253-324;362-381","Growth factor receptor domain","Growth factor receptor domain"
"EPHB2","2048","NP_004433.2","3","324-529","Fibronectin type III","Fibronectin type III"
"EPHB2","2048","NP_004433.2","1","614-915","Protein kinase-like (PK-like)","Protein kinases; catalytic subunit"
"EPHB2","2048","NP_004433.2","4","911-985","SAM/Pointed domain","SAM (sterile alpha motif) domain"
"EPHB2","2048","NP_059145.2","2","20-195","Galactose-binding domain-like","Ephrin receptor ligand binding domain"
"EPHB2","2048","NP_059145.2","5","253-324;362-381","Growth factor receptor domain","Growth factor receptor domain"
"EPHB2","2048","NP_059145.2","3","324-529","Fibronectin type III","Fibronectin type III"
"EPHB2","2048","NP_059145.2","1","613-914","Protein kinase-like (PK-like)","Protein kinases; catalytic subunit"
"EPHB2","2048","NP_059145.2","4","910-984","SAM/Pointed domain","SAM (sterile alpha motif) domain"
"EPHB4","2050","NP_004435.3","2","17-196","Galactose-binding domain-like","Ephrin receptor ligand binding domain"
"EPHB4","2050","NP_004435.3","5","250-320;361-375","Growth factor receptor domain","Growth factor receptor domain"
"EPHB4","2050","NP_004435.3","3","322-527","Fibronectin type III","Fibronectin type III"
"EPHB4","2050","NP_004435.3","1"," 609-886","Protein kinase-like (PK-like)","Protein kinases; catalytic subunit"
"EPHB4","2050","NP_004435.3","4","905-974","SAM/Pointed domain","SAM (sterile alpha motif) domain"
"EPPK1","83481","NP_112598.2","13","39-231","Plakin repeat","Plakin repeat"
"EPPK1","83481","NP_112598.2","12","234-469","Plakin repeat","Plakin repeat"
"EPPK1","83481","NP_112598.2","6","560-799","Plakin repeat","Plakin repeat"
"EPPK1","83481","NP_112598.2","11","880-1115","Plakin repeat","Plakin repeat"
"EPPK1","83481","NP_112598.2","10","1196-1434","Plakin repeat","Plakin repeat"
"EPPK1","83481","NP_112598.2","1","1520-1759","Plakin repeat","Plakin repeat"
"EPPK1","83481","NP_112598.2","9","1849-2085","Plakin repeat","Plakin repeat"
"EPPK1","83481","NP_112598.2","8","2174-2417","Plakin repeat","Plakin repeat"
"EPPK1","83481","NP_112598.2","2","2708-2951","Plakin repeat","Plakin repeat"
"EPPK1","83481","NP_112598.2","3","3242-3485","Plakin repeat","Plakin repeat"
"EPPK1","83481","NP_112598.2","4","3776-4019","Plakin repeat","Plakin repeat"
"EPPK1","83481","NP_112598.2","5","4310-4553","Plakin repeat","Plakin repeat"
"EPPK1","83481","NP_112598.2","7","4844-5087","Plakin repeat","Plakin repeat"
"ErbB2","2064","NP_001005862.1","2","17-184","L domain-like","L domain"
"ErbB2","2064","NP_001005862.1","5","159-313","Growth factor receptor domain","Growth factor receptor domain"
"ErbB2","2064","NP_001005862.1","3","307-495","L domain-like","L domain"
"ErbB2","2064","NP_001005862.1","4","481-612","Growth factor receptor domain","Growth factor receptor domain"
"ErbB2","2064","NP_001005862.1","1","686-962","Protein kinase-like (PK-like)","Protein kinases; catalytic subunit"
"ErbB2","2064","NP_004439.2","2","47-214","L domain-like","L domain"
"ErbB2","2064","NP_004439.2","5","189-343","Growth factor receptor domain","Growth factor receptor domain"
"ErbB2","2064","NP_004439.2","3","337-525","L domain-like","L domain"
"ErbB2","2064","NP_004439.2","4","511-642","Growth factor receptor domain","Growth factor receptor domain"
"ErbB2","2064","NP_004439.2","1","716-992","Protein kinase-like (PK-like)","Protein kinases; catalytic subunit"
"ERO1L","30001","NP_055399.1","1","48-466","ERO1-like","ERO1-like"
"ESM1","11082","NP_001129076.1","1","24-101","Growth factor receptor domain","Growth factor receptor domain"
"ESM1","11082","NP_008967.1","1","24-101","Growth factor receptor domain","Growth factor receptor domain"
"ESPN","83715","NP_113663.2","1","8-332","Ankyrin repeat","Ankyrin repeat"
"ESR1","2099","NP_000116.2","2","183-262","Glucocorticoid receptor-like (DNA-binding domain)","Nuclear receptor"
"ESR1","2099","NP_000116.2","1","315-547","Nuclear receptor ligand-binding domain","Nuclear receptor ligand-binding domain"
"ESR1","2099","NP_001116212.1","2","183-262","Glucocorticoid receptor-like (DNA-binding domain)","Nuclear receptor"
"ESR1","2099","NP_001116212.1","1","315-547","Nuclear receptor ligand-binding domain","Nuclear receptor ligand-binding domain"
"ESR1","2099","NP_001116213.1","2","183-262","Glucocorticoid receptor-like (DNA-binding domain)","Nuclear receptor"
"ESR1","2099","NP_001116213.1","1","315-547","Nuclear receptor ligand-binding domain","Nuclear receptor ligand-binding domain"
"ESR1","2099","NP_001116214.1","2","183-262","Glucocorticoid receptor-like (DNA-binding domain)","Nuclear receptor"
"ESR1","2099","NP_001116214.1","1","315-547","Nuclear receptor ligand-binding domain","Nuclear receptor ligand-binding domain"
"ESR2","2100","NP_001035365.1","2","147-225","Glucocorticoid receptor-like (DNA-binding domain)","Nuclear receptor"
"ESR2","2100","NP_001035365.1","1","262-476","Nuclear receptor ligand-binding domain","Nuclear receptor ligand-binding domain"
"ESR2","2100","NP_001035366.1","2","147-225","Glucocorticoid receptor-like (DNA-binding domain)","Nuclear receptor"
"ESR2","2100","NP_001035366.1","1","262-476","Nuclear receptor ligand-binding domain","Nuclear receptor ligand-binding domain"
"ESR2","2100","NP_001428.1","2","147-225","Glucocorticoid receptor-like (DNA-binding domain)","Nuclear receptor"
"ESR2","2100","NP_001428.1","1","262-498","Nuclear receptor ligand-binding domain","Nuclear receptor ligand-binding domain"
"ETS1","2113","NP_001137292.1","2","74-179","SAM/Pointed domain","Pointed domain"
"ETS1","2113","NP_001137292.1","1","347-479","Winged helix DNA-binding domain","ets domain"
"ETS1","2113","NP_001155894.1","1","87-219","Winged helix DNA-binding domain","ets domain"
"ETS1","2113","NP_005229.1","2","30-135","SAM/Pointed domain","Pointed domain"
"ETS1","2113","NP_005229.1","1","303-435","Winged helix DNA-binding domain","ets domain"
"ETV5","2119","NP_004445.1","1","366-484","Winged helix DNA-binding domain","ets domain"
"ETV5","2119","NP_004445.1","1","366-484","Winged helix DNA-binding domain","ets domain"
"F10","2159","NP_000495.1","2","40-103","GLA-domain","GLA-domain"
"F10","2159","NP_000495.1","3","93-124","EGF/Laminin","EGF-type module"
"F10","2159","NP_000495.1","1","145-174;227-467","Trypsin-like serine proteases","Eukaryotic proteases"
"F13A1","2162","NP_000120.2","2","8-191","E set domains","Transglutaminase N-terminal domain"
"F13A1","2162","NP_000120.2","1","192-502","Cysteine proteinases","Transglutaminase core"
"F13A1","2162","NP_000120.2","3","517-628","Transglutaminase; two C-terminal domains","Transglutaminase; two C-terminal domains"
"F13A1","2162","NP_000120.2","4","630-728","Transglutaminase; two C-terminal domains","Transglutaminase; two C-terminal domains"
"FAM20A","54757","NP_060035.2","0","-","-","-"
"FAM46C","54855","NP_060179.2","0","-","-","-"
"FAM65C","140876","NP_543019.2","0","-","-","-"
"FAM89B","23625","NP_001092254.1","0","-","-","-"
"FAM89B","23625","NP_001092255.1","0","-","-","-"
"FAM89B","23625","NP_690045.1","0","-","-","-"
"Fas","355","NP_000034.1","2","48-101","TNF receptor-like","TNF receptor-like"
"Fas","355","NP_000034.1","3","106-150","TNF receptor-like","TNF receptor-like"
"Fas","355","NP_000034.1","1","218-334","DEATH domain","DEATH domain; DD"
"Fas","355","NP_690610.1","2","48-101","TNF receptor-like","TNF receptor-like"
"Fas","355","NP_690610.1","3","106-150","TNF receptor-like","TNF receptor-like"
"Fas","355","NP_690610.1","1","197-313","DEATH domain","DEATH domain; DD"
"Fas","355","NP_690611.1","1","48-101","TNF receptor-like","TNF receptor-like"
"Fas","355","NP_690611.1","2","106-150","TNF receptor-like","TNF receptor-like"
"FBN1","2200","NP_000129.3","13","179-264","TB module/8-cys domain","TB module/8-cys domain"
"FBN1","2200","NP_000129.3","22","284-330","EGF/Laminin","EGF-type module"
"FBN1","2200","NP_000129.3","15","325-391","TB module/8-cys domain","TB module/8-cys domain"
"FBN1","2200","NP_000129.3","7","448-576","Growth factor receptor domain","Growth factor receptor domain"
"FBN1","2200","NP_000129.3","3","534-654","Growth factor receptor domain","Growth factor receptor domain"
"FBN1","2200","NP_000129.3","17","649-719","TB module/8-cys domain","TB module/8-cys domain"
"FBN1","2200","NP_000129.3","20","723-849","Growth factor receptor domain","Growth factor receptor domain"
"FBN1","2200","NP_000129.3","16","844-928","TB module/8-cys domain","TB module/8-cys domain"
"FBN1","2200","NP_000129.3","2","947-1016","TB module/8-cys domain","TB module/8-cys domain"
"FBN1","2200","NP_000129.3","6","1025-1155","Growth factor receptor domain","Growth factor receptor domain"
"FBN1","2200","NP_000129.3","19","1153-1209","EGF/Laminin","EGF-type module"
"FBN1","2200","NP_000129.3","11","1194-1333","Growth factor receptor domain","Growth factor receptor domain"
"FBN1","2200","NP_000129.3","12","1316-1450","Growth factor receptor domain","Growth factor receptor domain"
"FBN1","2200","NP_000129.3","26","1439-1487","EGF/Laminin","EGF-type module"
"FBN1","2200","NP_000129.3","27","1481-1528","EGF/Laminin","EGF-type module"
"FBN1","2200","NP_000129.3","10","1530-1625","TB module/8-cys domain","TB module/8-cys domain"
"FBN1","2200","NP_000129.3","21","1604-1653","EGF/Laminin","EGF-type module"
"FBN1","2200","NP_000129.3","31","1646-1689","EGF/Laminin","EGF-type module"
"FBN1","2200","NP_000129.3","14","1684-1750","TB module/8-cys domain","TB module/8-cys domain"
"FBN1","2200","NP_000129.3","23","1765-1813","EGF/Laminin","EGF-type module"
"FBN1","2200","NP_000129.3","30","1808-1844","EGF/Laminin","EGF-type module"
"FBN1","2200","NP_000129.3","1","1846-1977","Growth factor receptor domain","Growth factor receptor domain"
"FBN1","2200","NP_000129.3","25","1966-2008","EGF/Laminin","EGF-type module"
"FBN1","2200","NP_000129.3","24","2007-2055","EGF/Laminin","EGF-type module"
"FBN1","2200","NP_000129.3","5","2052-2121","TB module/8-cys domain","TB module/8-cys domain"
"FBN1","2200","NP_000129.3","9","2129-2258","Growth factor receptor domain","Growth factor receptor domain"
"FBN1","2200","NP_000129.3","28","2221-2339","Growth factor receptor domain","Growth factor receptor domain"
"FBN1","2200","NP_000129.3","4","2331-2403","TB module/8-cys domain","TB module/8-cys domain"
"FBN1","2200","NP_000129.3","29","2402-2450","EGF/Laminin","EGF-type module"
"FBN1","2200","NP_000129.3","8","2446-2571","Growth factor receptor domain","Growth factor receptor domain"
"FBN1","2200","NP_000129.3","18","2571-2687","Growth factor receptor domain","Growth factor receptor domain"
"FBXO32","114907","NP_001229392.1","1","124-239","F-box domain","F-box domain"
"FBXO32","114907","NP_478136.1","1","218-332","F-box domain","F-box domain"
"FBXO32","114907","NP_680482.1","1","73-187","F-box domain","F-box domain"
"FBXW7","55294","NP_001013433.1","2","146-245","F-box domain","F-box domain"
"FBXW7","55294","NP_001013433.1","1","250-574","WD40 repeat-like","WD40-repeat"
"FBXW7","55294","NP_060785.2","2","184-283","F-box domain","F-box domain"
"FBXW7","55294","NP_060785.2","1","288-612","WD40 repeat-like","WD40-repeat"
"FBXW7","55294","NP_361014.1","2","184-283","F-box domain","F-box domain"
"FBXW7","55294","NP_361014.1","1","288-612","WD40 repeat-like","WD40-repeat"
"FGF2","2247","NP_001997.5","1","136-286","Cytokine","Fibroblast growth factors (FGF)"
"FGFR1","2260","NP_001167534.1","4","40-126","Immunoglobulin","I set domains"
"FGFR1","2260","NP_001167534.1","3","163-249","Immunoglobulin","I set domains"
"FGFR1","2260","NP_001167534.1","2","255-358","Immunoglobulin","I set domains"
"FGFR1","2260","NP_001167534.1","1","466-752","Protein kinase-like (PK-like)","Protein kinases; catalytic subunit"
"FGFR1","2260","NP_001167535.1","4","32-118","Immunoglobulin","I set domains"
"FGFR1","2260","NP_001167535.1","3","155-241","Immunoglobulin","I set domains"
"FGFR1","2260","NP_001167535.1","2","247-350","Immunoglobulin","I set domains"
"FGFR1","2260","NP_001167535.1","1","458-744","Protein kinase-like (PK-like)","Protein kinases; catalytic subunit"
"FGFR1","2260","NP_001167537.1","3","74-160","Immunoglobulin","I set domains"
"FGFR1","2260","NP_001167537.1","2","166-269","Immunoglobulin","I set domains"
"FGFR1","2260","NP_001167537.1","1","379-665","Protein kinase-like (PK-like)","Protein kinases; catalytic subunit"
"FGFR1","2260","NP_001167538.1","4","73-159","Immunoglobulin","I set domains"
"FGFR1","2260","NP_001167538.1","3","195-280","Immunoglobulin","I set domains"
"FGFR1","2260","NP_001167538.1","2","286-389","Immunoglobulin","I set domains"
"FGFR1","2260","NP_001167538.1","1","499-785","Protein kinase-like (PK-like)","Protein kinases; catalytic subunit"
"FGFR1","2260","NP_056934.2","4","40-126","Immunoglobulin","I set domains"
"FGFR1","2260","NP_056934.2","3","162-247","Immunoglobulin","I set domains"
"FGFR1","2260","NP_056934.2","2","253-356","Immunoglobulin","I set domains"
"FGFR1","2260","NP_056934.2","1","466-752","Protein kinase-like (PK-like)","Protein kinases; catalytic subunit"
"FGFR1","2260","NP_075593.1","3","74-160","Immunoglobulin","I set domains"
"FGFR1","2260","NP_075593.1","2","166-269","Immunoglobulin","I set domains"
"FGFR1","2260","NP_075593.1","1","379-665","Protein kinase-like (PK-like)","Protein kinases; catalytic subunit"
"FGFR1","2260","NP_075594.1","3","73-158","Immunoglobulin","I set domains"
"FGFR1","2260","NP_075594.1","2","164-267","Immunoglobulin","I set domains"
"FGFR1","2260","NP_075594.1","1","377-663","Protein kinase-like (PK-like)","Protein kinases; catalytic subunit"
"FGFR1","2260","NP_075598.2","4","40-126","Immunoglobulin","I set domains"
"FGFR1","2260","NP_075598.2","3","163-249","Immunoglobulin","I set domains"
"FGFR1","2260","NP_075598.2","2","255-358","Immunoglobulin","I set domains"
"FGFR1","2260","NP_075598.2","1","468-754","Protein kinase-like (PK-like)","Protein kinases; catalytic subunit"
"FHIT","2272","NP_001159715.1","1","3-146","HIT-like","HIT (HINT; histidine triad) family of protein kinase-interacting proteins"
"FHIT","2272","NP_002003.1","1","3-146","HIT-like","HIT (HINT; histidine triad) family of protein kinase-interacting proteins"
"FLRT2","23768","NP_037363.1","1","80-360","L domain-like","Ngr ectodomain-like"
"FLRT2","23768","NP_037363.1","2","417-496","Fibronectin type III","Fibronectin type III"
"FOLH1","2346","NP_001014986.1","2","115-359","PA domain","PA domain"
"FOLH1","2346","NP_001014986.1","1","61-108;341-592","Zn-dependent exopeptidases","FolH catalytic domain-like"
"FOLH1","2346","NP_001014986.1","3","594-717","Transferrin receptor-like dimerisation domain","Transferrin receptor-like dimerisation domain"
"FOLH1","2346","NP_001180400.1","2","100-344","PA domain","PA domain"
"FOLH1","2346","NP_001180400.1","1","46-93;326-577","Zn-dependent exopeptidases","FolH catalytic domain-like"
"FOLH1","2346","NP_001180400.1","3","579-733","Transferrin receptor-like dimerisation domain","Transferrin receptor-like dimerisation domain"
"FOLH1","2346","NP_001180401.1","2","100-344","PA domain","PA domain"
"FOLH1","2346","NP_001180401.1","1","46-93;326-577","Zn-dependent exopeptidases","FolH catalytic domain-like"
"FOLH1","2346","NP_001180401.1","3","579-702","Transferrin receptor-like dimerisation domain","Transferrin receptor-like dimerisation domain"
"FOLH1","2346","NP_001180402.1","1","29-284","Zn-dependent exopeptidases","FolH catalytic domain-like"
"FOLH1","2346","NP_001180402.1","2"," 286-440","Transferrin receptor-like dimerisation domain","Transferrin receptor-like dimerisation domain"
"FOLH1","2346","NP_004467.1","2","115-359","PA domain","PA domain"
"FOLH1","2346","NP_004467.1","1","61-108;341-592","Zn-dependent exopeptidases","FolH catalytic domain-like"
"FOLH1","2346","NP_004467.1","3","594-748","Transferrin receptor-like dimerisation domain","Transferrin receptor-like dimerisation domain"
"FOXA1","3169","NP_004487.2","0","-","-","-"
"FOXA2","3170","NP_068556.2","1","164-259","Winged helix DNA-binding domain","Forkhead DNA-binding domain"
"FOXA2","3170","NP_710141.1","1","158-253","Winged helix DNA-binding domain","Forkhead DNA-binding domain"
"FOXC1","2296","NP_001444.2","1","77-172",""""Winged helix"" DNA-binding domain"","Forkhead DNA-binding domain"
"FOXL2","668","NP_075555.1","1","53-148","Winged helix DNA-binding domain","Forkhead DNA-binding domain"
"FUCA1","2517","NP_000138.2","1","36-370","(Trans)glycosidases","Putative alpha-L-fucosidase; catalytic domain"
"FUCA1","2517","NP_000138.2","1","36-370","(Trans)glycosidases","Putative alpha-L-fucosidase; catalytic domain"
"GAD1","2571","NP_000808.2","1"," 111-593","PLP-dependent transferases","Pyridoxal-dependent decarboxylase"
"GAD1","2571","NP_038473.2","1","111-213","PLP-dependent transferases","Pyridoxal-dependent decarboxylase"
"GADD45G","10912","NP_006696.1","1","23-126","L30e-like","L30e/L7ae ribosomal proteins"
"GAS6","2621","NP_000811.1","3","49-106","GLA-domain","GLA-domain"
"GAS6","2621","NP_000811.1","5","118-161","EGF/Laminin","EGF-type module"
"GAS6","2621","NP_000811.1","4","152-283","Growth factor receptor domain","Growth factor receptor domain"
"GAS6","2621","NP_000811.1","1","261-450","Concanavalin A-like lectins/glucanases","Laminin G-like module"
"GAS6","2621","NP_000811.1","2","464-673","Concanavalin A-like lectins/glucanases","Laminin G-like module"
"GAS6","2621","NP_001137417.1","2","2-151","Concanavalin A-like lectins/glucanases","Laminin G-like module"
"GAS6","2621","NP_001137417.1","1","165-374","Concanavalin A-like lectins/glucanases","Laminin G-like module"
"GAS6","2621","NP_001137418.1","2","464-673","Concanavalin A-like lectins/glucanases","Laminin G-like module"
"GAS6","2621","NP_001137418.1","1","165-374","Concanavalin A-like lectins/glucanases","Laminin G-like module"
"GCNT3","9245","NP_004742.1","0","-","-","-"
"GLT8D2","83468","NP_112592.1","1","51-345","Nucleotide-diphospho-sugar transferases","Galactosyltransferase LgtC"
"GLTP","51228","NP_057517.1","1","9-208","Glycolipid transfer protein; GLTP","Glycolipid transfer protein; GLTP"
"GNLY","10578","NP_006424.2","1","68-134","Saposin","NKL-like"
"GNLY","10578","NP_036615.2","1","53-119","Saposin","NKL-like"
"GP2","2813","NP_001007241.2","0","-","-","-"
"GP2","2813","NP_001007242.2","0","-","-","-"
"GP2","2813","NP_001007243.2","0","-","-","-"
"GP2","2813","NP_001493.2","0","-","-","-"
"GP2","2813","NP_001007241.2","0","-","-","-"
"GP2","2813","NP_001007242.2","0","-","-","-"
"GP2","2813","NP_001007243.2","0","-","-","-"
"GP2","2813","NP_001493.2","0","-","-","-"
"GPR133","283383","NP_942122.2","1","44-245","Concanavalin A-like lectins/glucanases","Pentraxin (pentaxin)"
"GPR133","283383","NP_942122.2","2","568-826","Family A G protein-coupled receptor-like","Rhodopsin-like"
"GSTP1","2950","NP_000843.1","2","2-75","Thioredoxin-like","Glutathione S-transferase (GST); N-terminal domain"
"GSTP1","2950","NP_000843.1","1","79-206","GST C-terminal domain-like","Glutathione S-transferase (GST); C-terminal domain"
"GZMA","3001","NP_006135.1","1","29-258","Trypsin-like serine proteases","Eukaryotic proteases"
"GZMA","3001","NP_006135.1","1","29-258","Trypsin-like serine proteases","Eukaryotic proteases"
"HDAC2","3066","NP_001518.3","1","10-374","Arginase/deacetylase","Histone deacetylase; HDAC"
"HGD","3081","NP_000178.2","1","3-439","RmlC-like cupins","Homogentisate dioxygenase"
"HIF1A","3091","NP_001521.1","3","15-69","HLH; helix-loop-helix DNA-binding domain","HLH; helix-loop-helix DNA-binding domain"
"HIF1A","3091","NP_001521.1","2","96-207","PYP-like sensor domain (PAS domain)","Hypoxia-inducible factor Hif2a; C-terminal domain"
"HIF1A","3091","NP_001521.1","1","242-343","PYP-like sensor domain (PAS domain)","Hypoxia-inducible factor Hif2a; C-terminal domain"
"HIF1A","3091","NP_851397.1","3","15-70","HLH; helix-loop-helix DNA-binding domain","HLH; helix-loop-helix DNA-binding domain"
"HIF1A","3091","NP_851397.1","2","96-207","PYP-like sensor domain (PAS domain)","Hypoxia-inducible factor Hif2a; C-terminal domain"
"HIF1A","3091","NP_851397.1","1","242-343","PYP-like sensor domain (PAS domain)","Hypoxia-inducible factor Hif2a; C-terminal domain"
"HIF1A","3091","NP_851397.1","3","15-70","HLH; helix-loop-helix DNA-binding domain","HLH; helix-loop-helix DNA-binding domain"
"HIF1A","3091","NP_851397.1","2","96-207","PYP-like sensor domain (PAS domain)","Hypoxia-inducible factor Hif2a; C-terminal domain"
"HIF1A","3091","NP_851397.1","1","242-343","PYP-like sensor domain (PAS domain)","Hypoxia-inducible factor Hif2a; C-terminal domain"
"HKDC1","80201","NP_079406.3","4","3-221","Actin-like ATPase domain","Hexokinase"
"HKDC1","80201","NP_079406.3","2","224-463","Actin-like ATPase domain","Hexokinase"
"HKDC1","80201","NP_079406.3","3","454-668","Actin-like ATPase domain","Hexokinase"
"HKDC1","80201","NP_079406.3","1","670-910","Actin-like ATPase domain","Hexokinase"
"HMGB1","3146","NP_002119.1","2","3-81","HMG-box","HMG-box"
"HMGB1","3146","NP_002119.1","1","78-164","HMG-box","HMG-box"
"HOXA10","3206","NP_061824.3","1","221-301","Homeodomain-like","Homeodomain"
"HOXA11","3207","NP_005514.1","1","5-187","Actin-like ATPase domain","Actin/HSP70"
"HOXA11","3207","NP_005514.1","2","192-382","Actin-like ATPase domain","Actin/HSP70"
"HOXA11","3207","NP_005514.1","3","386-543","Heat shock protein 70kD (HSP70); peptide-binding domain","Heat shock protein 70kD (HSP70); peptide-binding domain"
"HOXA11","3207","NP_005514.1","4","538-619","Heat shock protein 70kD (HSP70); peptide-binding domain","Heat shock protein 70kD (HSP70); peptide-binding domain"
"HP","3240","NP_001119574.1","2","33-95","Complement control module/SCR domain","Complement control module/SCR domain"
"HP","3240","NP_001119574.1","1","79-346","Trypsin-like serine proteases","Eukaryotic proteases"
"HP","3240","NP_005134.1","3","33-88","Complement control module/SCR domain","Complement control module/SCR domain"
"HP","3240","NP_005134.1","2","92-154","Complement control module/SCR domain","Complement control module/SCR domain"
"HP","3240","NP_005134.1","1","138-405","Trypsin-like serine proteases","Eukaryotic proteases"
"HSPA8","3312","NP_694881.1","1","5-187","Actin-like ATPase domain","Actin/HSP70"
"HSPA8","3312","NP_694881.1","2","192-382","Actin-like ATPase domain","Actin/HSP70"
"HSPA8","3312","NP_694881.1","3","386-467","Heat shock protein 70kD (HSP70); peptide-binding domain","Heat shock protein 70kD (HSP70); peptide-binding domain"
"HTR1B","3351","NP_000854.1","1","23-251;308-389","Family A G protein-coupled receptor-like","Rhodopsin-like"
"HTR1B","3351","NP_000854.1","1","23-251;308-389","Family A G protein-coupled receptor-like","Rhodopsin-like"
"HTRA1","5654","NP_002766.1","3","34-122","Growth factor receptor domain","Growth factor receptor domain"
"HTRA1","5654","NP_002766.1","4","110-155","Kazal-type serine protease inhibitors","Ovomucoid domain III-like"
"HTRA1","5654","NP_002766.1","1","170-366","Trypsin-like serine proteases","Prokaryotic proteases"
"HTRA1","5654","NP_002766.1","2","381-477","PDZ domain-like","HtrA-like serine proteases"
"HTRA2","27429","NP_037379.1","1","147-344","Trypsin-like serine proteases","Prokaryotic proteases"
"HTRA2","27429","NP_037379.1","2","359-455","PDZ domain-like","HtrA-like serine proteases"
"HTRA2","27429","NP_659540.1","1","147-279","Trypsin-like serine proteases","Prokaryotic proteases"
"HTRA2","27429","NP_659540.1","2","305-358","PDZ domain-like","HtrA-like serine proteases"
"HTRA3","94031","NP_444272.1","3","24-94","Growth factor receptor domain","Growth factor receptor domain"
"HTRA3","94031","NP_444272.1","4","80-126","Kazal-type serine protease inhibitors","Ovomucoid domain III-like"
"HTRA3","94031","NP_444272.1","1","140-346","Trypsin-like serine proteases","Prokaryotic proteases"
"HTRA3","94031","NP_444272.1","2","355-450","PDZ domain-like","HtrA-like serine proteases"
"HYAL1","3373","NP_009296.1","1","31-350","(Trans)glycosidases","Bee venom hyaluronidase"
"HYAL1","3373","NP_149349.2","1","31-350","(Trans)glycosidases","Bee venom hyaluronidase"
"HYAL1","3373","NP_695013.1","1","31-350","(Trans)glycosidases","Bee venom hyaluronidase"
"HYAL1","3373","NP_695014.1","1","31-320","(Trans)glycosidases","Bee venom hyaluronidase"
"HYAL1","3373","NP_695015.1","1","1-168","(Trans)glycosidases","Bee venom hyaluronidase"
"HYAL1","3373","NP_695017.1","1","2-91","(Trans)glycosidases","Bee venom hyaluronidase"
"HYAL1","3373","NP_695017.1","0","154-173","EGF/Laminin","EGF-type module"
"HYAL2","8692","NP_003764.3","1","35-357","(Trans)glycosidases","Bee venom hyaluronidase"
"HYAL2","8692","NP_003764.3","0","423-443","EGF/Laminin","EGF-type module"
"HYAL2","8692","NP_149348.2","1","35-357","(Trans)glycosidases","Bee venom hyaluronidase"
"HYAL2","8692","NP_149348.2","0","423-443","EGF/Laminin","EGF-type module"
"ID4","3400","NP_001537.1","1","67-128","HLH; helix-loop-helix DNA-binding domain","HLH; helix-loop-helix DNA-binding domain"
"ID4","3400","NP_001537.1","0","24-76","Tryptophan synthase beta subunit-like PLP-dependent enzymes","Tryptophan synthase beta subunit-like PLP-dependent enzymes"
"IFIT4","3437","NP_001026853.1","2","50-129","TPR-like","Tetratricopeptide repeat (TPR)"
"IFIT4","3437","NP_001026853.1","1","136-278;312-339","TPR-like","Tetratricopeptide repeat (TPR)"
"IFIT4","3437","NP_001026853.1","0","413-444","TPR-like","Tetratricopeptide repeat (TPR)"
"IFIT4","3437","NP_001540.2","2","50-129","TPR-like","Tetratricopeptide repeat (TPR)"
"IFIT4","3437","NP_001540.2","1","136-278;312-339","TPR-like","Tetratricopeptide repeat (TPR)"
"IFIT4","3437","NP_001540.2","0","413-444","TPR-like","Tetratricopeptide repeat (TPR)"
"IGF1","3479","NP_000609.1","1","37-115","Insulin-like","Insulin-like"
"IGF1","3479","NP_001104753.1","1","37-115","Insulin-like","Insulin-like"
"IGF1","3479","NP_001104754.1","1","21-99","Insulin-like","Insulin-like"
"IGF1","3479","NP_001104755.1","1","37-115","Insulin-like","Insulin-like"
"IGF2","3481","NP_000603.1","1","16-91","Insulin-like","Insulin-like"
"IGF2","3481","NP_001007140.2","1","16-91","Insulin-like","Insulin-like"
"IGF2","3481","NP_001121070.1","1","72-147","Insulin-like","Insulin-like"
"IGF2BP2","10644","NP_001007226.1","1","3-159","RNA-binding domain; RBD","Canonical RBD"
"IGF2BP2","10644","NP_001007226.1","4","192-269","Eukaryotic type KH-domain (KH-domain type I)","Eukaryotic type KH-domain (KH-domain type I)"
"IGF2BP2","10644","NP_001007226.1","3","273-348","Eukaryotic type KH-domain (KH-domain type I)","Eukaryotic type KH-domain (KH-domain type I)"
"IGF2BP2","10644","NP_001007226.1","2","373-459","Eukaryotic type KH-domain (KH-domain type I)","Eukaryotic type KH-domain (KH-domain type I)"
"IGF2BP2","10644","NP_001007226.1","5","468-547","Eukaryotic type KH-domain (KH-domain type I)","Eukaryotic type KH-domain (KH-domain type I)"
"IGF2BP2","10644","NP_006539.3","1","3-159","RNA-binding domain; RBD","Canonical RBD"
"IGF2BP2","10644","NP_006539.3","3","191-265","Eukaryotic type KH-domain (KH-domain type I)","Eukaryotic type KH-domain (KH-domain type I)"
"IGF2BP2","10644","NP_006539.3","4","273-355","Eukaryotic type KH-domain (KH-domain type I)","Eukaryotic type KH-domain (KH-domain type I)"
"IGF2BP2","10644","NP_006539.3","2","416-502","Eukaryotic type KH-domain (KH-domain type I)","Eukaryotic type KH-domain (KH-domain type I)"
"IGF2BP2","10644","NP_006539.3","5","511-590","Eukaryotic type KH-domain (KH-domain type I)","Eukaryotic type KH-domain (KH-domain type I)"
"IGF2BP3","10643","NP_006538.2","1","2-155","RNA-binding domain; RBD","Canonical RBD"
"IGF2BP3","10643","NP_006538.2","5","193-270","Eukaryotic type KH-domain (KH-domain type I)","Eukaryotic type KH-domain (KH-domain type I)"
"IGF2BP3","10643","NP_006538.2","2","276-354","Eukaryotic type KH-domain (KH-domain type I)","Eukaryotic type KH-domain (KH-domain type I)"
"IGF2BP3","10643","NP_006538.2","3","396-480","Eukaryotic type KH-domain (KH-domain type I)","Eukaryotic type KH-domain (KH-domain type I)"
"IGF2BP3","10643","NP_006538.2","4","489-561","Eukaryotic type KH-domain (KH-domain type I)","Eukaryotic type KH-domain (KH-domain type I)"
"IGFBP1","3484","NP_000587.1","2","28-110","Growth factor receptor domain","Growth factor receptor domain"
"IGFBP1","3484","NP_000587.1","1","170-256","Thyroglobulin type-1 domain","Thyroglobulin type-1 domain"
"IGFBP3","3486","NP_000589.2","2","37-119","Growth factor receptor domain","Growth factor receptor domain"
"IGFBP3","3486","NP_000589.2","1","205-289","Thyroglobulin type-1 domain","Thyroglobulin type-1 domain"
"IGFBP3","3486","NP_001013416.1","2","37-119","Growth factor receptor domain","Growth factor receptor domain"
"IGFBP3","3486","NP_001013416.1","1","211-295","Thyroglobulin type-1 domain","Thyroglobulin type-1 domain"
"IGFBP6","3489","NP_002169.1","2","65-107","Growth factor receptor domain","Growth factor receptor domain"
"IGFBP6","3489","NP_002169.1","1","150-236","Thyroglobulin type-1 domain","Thyroglobulin type-1 domain"
"IGJ","3512","NP_653247.1","0","-","-","-"
"IL11","3589","NP_000632.1","1","35-196","4-helical cytokines","4-helical cytokines"
"IL20RA","53832","NP_055247.2","1","37-132","Fibronectin type III","Fibronectin type III"
"IL20RA","53832","NP_055247.2","2","120-239","Fibronectin type III","Fibronectin type III"
"IL8","3576","NP_000575.1","1","19-95","Interleukin 8-like chemokines","Interleukin 8-like chemokines"
"INPP5F","22876","NP_055752.1","0","-","-","-"
"IP6K1","9807","NP_001006115.1","1","40-178;227-273","SAICAR synthase-like","Inositol polyphosphate kinase (IPK)"
"IP6K1","9807","NP_695005.1","1","28-84;205-343;392-43","SAICAR synthase-like","Inositol polyphosphate kinase (IPK)"
"ITGAV","3685","NP_001138471.1","1","20-422","Integrin alpha N-terminal domain","Integrin alpha N-terminal domain"
"ITGAV","3685","NP_001138471.1","3","423-582","Integrin domains","Integrin domains"
"ITGAV","3685","NP_001138471.1","4","583-715","Integrin domains","Integrin domains"
"ITGAV","3685","NP_001138471.1","2","723-951","Integrin domains","Integrin domains"
"ITGAV","3685","NP_001138472.1","1","31-432","Integrin alpha N-terminal domain","Integrin alpha N-terminal domain"
"ITGAV","3685","NP_001138472.1","3","433-592","Integrin domains","Integrin domains"
"ITGAV","3685","NP_001138472.1","4","593-725","Integrin domains","Integrin domains"
"ITGAV","3685","NP_001138472.1","2","733-961","Integrin domains","Integrin domains"
"ITGAV","3685","NP_002201.1","1","31-468","Integrin alpha N-terminal domain","Integrin alpha N-terminal domain"
"ITGAV","3685","NP_002201.1","3","469-628","Integrin domains","Integrin domains"
"ITGAV","3685","NP_002201.1","4","629-761","Integrin domains","Integrin domains"
"ITGAV","3685","NP_002201.1","2","769-997","Integrin domains","Integrin domains"
"ITPKC","80271","NP_079470.1","1","409-681","SAICAR synthase-like","Inositol polyphosphate kinase (IPK)"
"JPH4","84502","NP_001139500.1","3","9-96","Histone H3 K4-specific methyltransferase SET7/9 N-terminal domain","Histone H3 K4-specific methyltransferase SET7/9 N-terminal domain"
"JPH4","84502","NP_001139500.1","2","81-144","Histone H3 K4-specific methyltransferase SET7/9 N-terminal domain","Histone H3 K4-specific methyltransferase SET7/9 N-terminal domain"
"JPH4","84502","NP_001139500.1","1","281-339","Histone H3 K4-specific methyltransferase SET7/9 N-terminal domain","Histone H3 K4-specific methyltransferase SET7/9 N-terminal domain"
"JPH4","84502","NP_115828.2","3","9-96","Histone H3 K4-specific methyltransferase SET7/9 N-terminal domain","Histone H3 K4-specific methyltransferase SET7/9 N-terminal domain"
"JPH4","84502","NP_115828.2","2","81-144","Histone H3 K4-specific methyltransferase SET7/9 N-terminal domain","Histone H3 K4-specific methyltransferase SET7/9 N-terminal domain"
"JPH4","84502","NP_115828.2","1","281-339","Histone H3 K4-specific methyltransferase SET7/9 N-terminal domain","Histone H3 K4-specific methyltransferase SET7/9 N-terminal domain"
"KANK4","163782","NP_859063.3","1","816-986","Ankyrin repeat","Ankyrin repeat"
"KIAA1324","57535","NP_065826.2","2","273-413","Growth factor receptor domain","Growth factor receptor domain"
"KIAA1324","57535","NP_065826.2","3","579-659","Growth factor receptor domain","Growth factor receptor domain"
"KIAA1324","57535","NP_065826.2","1","655-857","Mannose 6-phosphate receptor domain","Mannose 6-phosphate receptor domain"
"KIAA1324","57535","NP_065826.2","0","70-116","Growth factor receptor domain","Growth factor receptor domain"
"KIF1A","547","NP_004312.2","1","5-364","P-loop containing nucleoside triphosphate hydrolases","Motor proteins"
"KIF1A","547","NP_004312.2","2","491-596","SMAD/FHA domain","FHA domain"
"KIF1A","547","NP_004312.2","3","1520-1669","PH domain-like ","Pleckstrin-homology domain (PH domain)"
"KIF26A","26153","NP_056471.1","1","348-724","P-loop containing nucleoside triphosphate hydrolases","Motor proteins"
"KLK10","5655","NP_001070968.1","1","46-275","Trypsin-like serine proteases","Eukaryotic proteases"
"KLK10","5655","NP_002767.2","1","46-275","Trypsin-like serine proteases","Eukaryotic proteases"
"KLK10","5655","NP_665895.1","1","46-275","Trypsin-like serine proteases","Eukaryotic proteases"
"KLK6","5653","NP_001012982.1","1","9-242","Trypsin-like serine proteases","Eukaryotic proteases"
"KLK6","5653","NP_001012983.1","1","1-135","Trypsin-like serine proteases","Eukaryotic proteases"
"KLK6","5653","NP_002765.1","1","9-242","Trypsin-like serine proteases","Eukaryotic proteases"
"KLRT32","3882","NP_002269.3","3","12-71;404-447","Growth factor receptor domain","Growth factor receptor domain"
"KLRT32","3882","NP_002269.3","2","94-129","Intermediate filament protein; coiled coil region","Intermediate filament protein; coiled coil region"
"KLRT32","3882","NP_002269.3","1","334-405","Intermediate filament protein; coiled coil region","Intermediate filament protein; coiled coil region"
"KRAS","3845","NP_004976.2","1","3-181","P-loop containing nucleoside triphosphate hydrolases","G proteins"
"KRAS","3845","NP_203524.1","1","3-164","P-loop containing nucleoside triphosphate hydrolases","G proteins"
"KYNU","8942","NP_001028170.1","1","29-304","PLP-dependent transferases","Cystathionine synthase-like"
"KYNU","8942","NP_001186170.1","1","29-460","PLP-dependent transferases","Cystathionine synthase-like"
"KYNU","8942","NP_003928.1","1","29-460","PLP-dependent transferases","Cystathionine synthase-like"
"LAMB1","3912","NP_002282.2","5","271-337","EGF/Laminin","Laminin-type module"
"LAMB1","3912","NP_002282.2","4","335-387","EGF/Laminin","Laminin-type module"
"LAMB1","3912","NP_002282.2","11","415-460","EGF/Laminin","Laminin-type module"
"LAMB1","3912","NP_002282.2","8","458-502","EGF/Laminin","Laminin-type module"
"LAMB1","3912","NP_002282.2","9","510-550","EGF/Laminin","Laminin-type module"
"LAMB1","3912","NP_002282.2","2","773-823","EGF/Laminin","Laminin-type module"
"LAMB1","3912","NP_002282.2","3","821-869","EGF/Laminin","Laminin-type module"
"LAMB1","3912","NP_002282.2","1","867-919","EGF/Laminin","Laminin-type module"
"LAMB1","3912","NP_002282.2","7","928-978","EGF/Laminin","Laminin-type module"
"LAMB1","3912","NP_002282.2","6","976-1027","EGF/Laminin","Laminin-type module"
"LAMB1","3912","NP_002282.2","12","1028-1081","EGF/Laminin","Laminin-type module"
"LAMB1","3912","NP_002282.2","10","1084-1126","EGF/Laminin","Laminin-type module"
"LAMB1","3912","NP_002282.2","13","1132-1179","EGF/Laminin","Laminin-type module"
"LAMB1","3912","NP_002282.2","14","1538-1662","Prefoldin","Prefoldin"
"LAMB1","3912","NP_002282.2","0","1209-1357","Methyl-accepting chemotaxis protein (MCP) signaling domain","Methyl-accepting chemotaxis protein (MCP) signaling domain"
"LCN2","3934","NP_005555.2","1","26-196","Lipocalins","Retinol binding protein-like"
"LDB2","9079","NP_001124306.1","0","-","-","-"
"LDB2","9079","NP_001281.1","0","-","-","-"
"LGALS3","3958","NP_001170859.1","1","115-190","Concanavalin A-like lectins/glucanases","Galectin (animal S-lectin)"
"LGALS3","3958","NP_002297.2","1","115-247","Concanavalin A-like lectins/glucanases","Galectin (animal S-lectin)"
"LIMS1","3987","NP_001180411.1","5","5-39","Glucocorticoid receptor-like (DNA-binding domain)","LIM domain"
"LIMS1","3987","NP_001180411.1","1","42-104","Glucocorticoid receptor-like (DNA-binding domain)","LIM domain"
"LIMS1","3987","NP_001180411.1","6","100-131","Glucocorticoid receptor-like (DNA-binding domain)","LIM domain"
"LIMS1","3987","NP_001180411.1","4","129-163","Glucocorticoid receptor-like (DNA-binding domain)","LIM domain"
"LIMS1","3987","NP_001180411.1","2","165-226","Glucocorticoid receptor-like (DNA-binding domain)","LIM domain"
"LIMS1","3987","NP_001180411.1","3","223-286","Glucocorticoid receptor-like (DNA-binding domain)","LIM domain"
"LIMS1","3987","NP_001180411.1","0","282-311","Glucocorticoid receptor-like (DNA-binding domain)","LIM domain"
"LIMS1","3987","NP_001180412.1","5","13-47","Glucocorticoid receptor-like (DNA-binding domain)","LIM domain"
"LIMS1","3987","NP_001180412.1","1","50-112","Glucocorticoid receptor-like (DNA-binding domain)","LIM domain"
"LIMS1","3987","NP_001180412.1","6","108-139","Glucocorticoid receptor-like (DNA-binding domain)","LIM domain"
"LIMS1","3987","NP_001180412.1","4","137-171","Glucocorticoid receptor-like (DNA-binding domain)","LIM domain"
"LIMS1","3987","NP_001180412.1","2","173-234","Glucocorticoid receptor-like (DNA-binding domain)","LIM domain"
"LIMS1","3987","NP_001180412.1","3","231-294","Glucocorticoid receptor-like (DNA-binding domain)","LIM domain"
"LIMS1","3987","NP_001180412.1","0","290-319","Glucocorticoid receptor-like (DNA-binding domain)","LIM domain"
"LIMS1","3987","NP_001180413.1","5","38-72","Glucocorticoid receptor-like (DNA-binding domain)","LIM domain"
"LIMS1","3987","NP_001180413.1","1","75-137","Glucocorticoid receptor-like (DNA-binding domain)","LIM domain"
"LIMS1","3987","NP_001180413.1","6","133-164","Glucocorticoid receptor-like (DNA-binding domain)","LIM domain"
"LIMS1","3987","NP_001180413.1","4","162-196","Glucocorticoid receptor-like (DNA-binding domain)","LIM domain"
"LIMS1","3987","NP_001180413.1","2","198-259","Glucocorticoid receptor-like (DNA-binding domain)","LIM domain"
"LIMS1","3987","NP_001180413.1","3","256-319","Glucocorticoid receptor-like (DNA-binding domain)","LIM domain"
"LIMS1","3987","NP_001180413.1","0","315-344","Glucocorticoid receptor-like (DNA-binding domain)","LIM domain"
"LIMS1","3987","NP_001180414.1","5","63-97","Glucocorticoid receptor-like (DNA-binding domain)","LIM domain"
"LIMS1","3987","NP_001180414.1","1","100-162","Glucocorticoid receptor-like (DNA-binding domain)","LIM domain"
"LIMS1","3987","NP_001180414.1","6","158-189","Glucocorticoid receptor-like (DNA-binding domain)","LIM domain"
"LIMS1","3987","NP_001180414.1","4","187-221","Glucocorticoid receptor-like (DNA-binding domain)","LIM domain"
"LIMS1","3987","NP_001180414.1","2","223-284","Glucocorticoid receptor-like (DNA-binding domain)","LIM domain"
"LIMS1","3987","NP_001180414.1","3","281-344","Glucocorticoid receptor-like (DNA-binding domain)","LIM domain"
"LIMS1","3987","NP_001180414.1","0","340-369","Glucocorticoid receptor-like (DNA-binding domain)","LIM domain"
"LIMS1","3987","NP_001180417.1","5","1-35","Glucocorticoid receptor-like (DNA-binding domain)","LIM domain"
"LIMS1","3987","NP_001180417.1","1","38-100","Glucocorticoid receptor-like (DNA-binding domain)","LIM domain"
"LIMS1","3987","NP_001180417.1","6","96-127","Glucocorticoid receptor-like (DNA-binding domain)","LIM domain"
"LIMS1","3987","NP_001180417.1","4","125-159","Glucocorticoid receptor-like (DNA-binding domain)","LIM domain"
"LIMS1","3987","NP_001180417.1","2","161-222","Glucocorticoid receptor-like (DNA-binding domain)","LIM domain"
"LIMS1","3987","NP_001180417.1","3","219-282","Glucocorticoid receptor-like (DNA-binding domain)","LIM domain"
"LIMS1","3987","NP_001180417.1","0","278-307","Glucocorticoid receptor-like (DNA-binding domain)","LIM domain"
"LIMS1","3987","NP_004978.2","5","1-35","Glucocorticoid receptor-like (DNA-binding domain)","LIM domain"
"LIMS1","3987","NP_004978.2","1","38-100","Glucocorticoid receptor-like (DNA-binding domain)","LIM domain"
"LIMS1","3987","NP_004978.2","6","96-127","Glucocorticoid receptor-like (DNA-binding domain)","LIM domain"
"LIMS1","3987","NP_004978.2","4","125-159","Glucocorticoid receptor-like (DNA-binding domain)","LIM domain"
"LIMS1","3987","NP_004978.2","2","161-222","Glucocorticoid receptor-like (DNA-binding domain)","LIM domain"
"LIMS1","3987","NP_004978.2","3","219-282","Glucocorticoid receptor-like (DNA-binding domain)","LIM domain"
"LIMS1","3987","NP_004978.2","0","278-307","Glucocorticoid receptor-like (DNA-binding domain)","LIM domain"
"LMOD1","25802","NP_036266.2","1","317-479","RNI-like","28-residue LRR"
"LOX","4015","NP_001171573.1","0","-","-","-"
"LOX","4015","NP_002308.2","0","-","-","-"
"LOXL3","84695","NP_115992.1","2","43-148","SRCR-like","Scavenger receptor cysteine-rich (SRCR) domain"
"LOXL3","84695","NP_115992.1","4","185-283","SRCR-like","Scavenger receptor cysteine-rich (SRCR) domain"
"LOXL3","84695","NP_115992.1","1","305-407","SRCR-like","Scavenger receptor cysteine-rich (SRCR) domain"
"LOXL3","84695","NP_115992.1","3"," 415-530","SRCR-like","Scavenger receptor cysteine-rich (SRCR) domain"
"LRCH2","57631","NP_065922.3","1","92-321","L domain-like","Leucine rich effector protein YopM"
"LRCH2","57631","NP_065922.3","2","645-755","Calponin-homology domain; CH-domain","Calponin-homology domain; CH-domain"
"LRP1","4035","NP_002323.2","15","24-63","LDL receptor-like module","LDL receptor-like module"
"LRP1","4035","NP_002323.2","13","3569-3609","LDL receptor-like module","LDL receptor-like module"
"LRP1","4035","NP_002323.2","12","105-190;477-519","Growth factor receptor domain","Growth factor receptor domain"
"LRP1","4035","NP_002323.2","7","200-469","YWTD domain","YWTD domain"
"LRP1","4035","NP_002323.2","6","536-769","YWTD domain","YWTD domain"
"LRP1","4035","NP_002323.2","38","802-847","EGF/Laminin","EGF-type module"
"LRP1","4035","NP_002323.2","11","848-890","LDL receptor-like module","LDL receptor-like module"
"LRP1","4035","NP_002323.2","22","889-931","LDL receptor-like module","LDL receptor-like module"
"LRP1","4035","NP_002323.2","14","929-968","LDL receptor-like module","LDL receptor-like module"
"LRP1","4035","NP_002323.2","23","974-1011","LDL receptor-like module","LDL receptor-like module"
"LRP1","4035","NP_002323.2","19","1013-1050","LDL receptor-like module","LDL receptor-like module"
"LRP1","4035","NP_002323.2","25","1057-1097","LDL receptor-like module","LDL receptor-like module"
"LRP1","4035","NP_002323.2","40","1105-1140","LDL receptor-like module","LDL receptor-like module"
"LRP1","4035","NP_002323.2","41","1143-1178","LDL receptor-like module","LDL receptor-like module"
"LRP1","4035","NP_002323.2","10","1182-1261;1527-1579","Growth factor receptor domain","Growth factor receptor domain"
"LRP1","4035","NP_002323.2","2","1269-1534","YWTD domain","YWTD domain"
"LRP1","4035","NP_002323.2","5","1584-1841","YWTD domain","YWTD domain"
"LRP1","4035","NP_002323.2","3","1892-2152","YWTD domain","YWTD domain"
"LRP1","4035","NP_002323.2","8","1892-2152","YWTD domain","YWTD domain"
"LRP1","4035","NP_002323.2","35","1846-1887;2158-2194;","Growth factor receptor domain","Growth factor receptor domain"
"LRP1","4035","NP_002323.2","37","2524-2561","LDL receptor-like module","LDL receptor-like module"
"LRP1","4035","NP_002323.2","26","2560-2600","LDL receptor-like module","LDL receptor-like module"
"LRP1","4035","NP_002323.2","30","2600-2639","LDL receptor-like module","LDL receptor-like module"
"LRP1","4035","NP_002323.2","42","2659-2689","LDL receptor-like module","LDL receptor-like module"
"LRP1","4035","NP_002323.2","20","2693-2730","LDL receptor-like module","LDL receptor-like module"
"LRP1","4035","NP_002323.2","28","2733-2767","LDL receptor-like module","LDL receptor-like module"
"LRP1","4035","NP_002323.2","34","2773-2807","LDL receptor-like module","LDL receptor-like module"
"LRP1","4035","NP_002323.2","29","2815-2851","LDL receptor-like module","LDL receptor-like module"
"LRP1","4035","NP_002323.2","33","2853-2892","LDL receptor-like module","LDL receptor-like module"
"LRP1","4035","NP_002323.2","9","2917-3021;3280-3341","Growth factor receptor domain","Growth factor receptor domain"
"LRP1","4035","NP_002323.2","1","3029-3287","YWTD domain","YWTD domain"
"LRP1","4035","NP_002323.2","32","3331-3366","LDL receptor-like module","LDL receptor-like module"
"LRP1","4035","NP_002323.2","21","3369-3409","LDL receptor-like module","LDL receptor-like module"
"LRP1","4035","NP_002323.2","31","3411-3449","LDL receptor-like module","LDL receptor-like module"
"LRP1","4035","NP_002323.2","27","3448-3485","LDL receptor-like module","LDL receptor-like module"
"LRP1","4035","NP_002323.2","17","3487-3527","LDL receptor-like module","LDL receptor-like module"
"LRP1","4035","NP_002323.2","24","3531-3570","LDL receptor-like module","LDL receptor-like module"
"LRP1","4035","NP_002323.2","13","3569-3609","LDL receptor-like module","LDL receptor-like module"
"LRP1","4035","NP_002323.2","18","3611-3647","LDL receptor-like module","LDL receptor-like module"
"LRP1","4035","NP_002323.2","16","3653-3698","LDL receptor-like module","LDL receptor-like module"
"LRP1","4035","NP_002323.2","45","3695-3731","LDL receptor-like module","LDL receptor-like module"
"LRP1","4035","NP_002323.2","36","3740-3776","LDL receptor-like module","LDL receptor-like module"
"LRP1","4035","NP_002323.2","43","3785-3831","EGF/Laminin","EGF-type module"
"LRP1","4035","NP_002323.2","4","3874-4145","YWTD domain","YWTD domain"
"LRP1","4035","NP_002323.2","44","4197-4232","EGF/Laminin","EGF-type module"
"LRP1","4035","NP_002323.2","0","3824-3860","EGF/Laminin","EGF-type module"
"LRP1","4035","NP_002323.2","0","4234-4272","EGF/Laminin","EGF-type module"
"LRP1","4035","NP_002323.2","0","4269-4305","EGF/Laminin","EGF-type module"
"LRP1","4035","NP_002323.2","0","4376-4414","EGF/Laminin","EGF-type module"
"LRP1","4035","NP_002323.2","0","4153-4186","EGF/Laminin","EGF-type module"
"LRRN1","57633","NP_065924.3","1","34-391","L domain-like","Ngr ectodomain-like"
"LRRN1","57633","NP_065924.3","2","424-516","Immunoglobulin","I set domains"
"LRRN1","57633","NP_065924.3","3","527-603","Fibronectin type III","Fibronectin type III"
"LTBP4","8425","NP_001036009.1","14","156-183","EGF/Laminin","EGF-type module"
"LTBP4","8425","NP_001036009.1","12","286-352","TB module/8-cys domain","TB module/8-cys domain"
"LTBP4","8425","NP_001036009.1","10","355-410","EGF/Laminin","EGF-type module"
"LTBP4","8425","NP_001036009.1","1","402-469","TB module/8-cys domain","TB module/8-cys domain"
"LTBP4","8425","NP_001036009.1","2","547-675","Growth factor receptor domain","Growth factor receptor domain"
"LTBP4","8425","NP_001036009.1","3","670-798","Growth factor receptor domain","Growth factor receptor domain"
"LTBP4","8425","NP_001036009.1","6","760-868","Growth factor receptor domain","Growth factor receptor domain"
"LTBP4","8425","NP_001036009.1","7","882-1002","Growth factor receptor domain","Growth factor receptor domain"
"LTBP4","8425","NP_001036009.1","9","991-1134","Growth factor receptor domain","Growth factor receptor domain"
"LTBP4","8425","NP_001036009.1","4","1180-1242","TB module/8-cys domain","TB module/8-cys domain"
"LTBP4","8425","NP_001036009.1","13","1252-1301","EGF/Laminin","EGF-type module"
"LTBP4","8425","NP_001036009.1","11","1287-1337","EGF/Laminin","EGF-type module"
"LTBP4","8425","NP_001036009.1","5","1344-1407","TB module/8-cys domain","TB module/8-cys domain"
"LTBP4","8425","NP_001036009.1","8","1536-1619","Growth factor receptor domain","Growth factor receptor domain"
"LTBP4","8425","NP_001036010.1","14","89-116","EGF/Laminin","EGF-type module"
"LTBP4","8425","NP_001036010.1","12","219-285","TB module/8-cys domain","TB module/8-cys domain"
"LTBP4","8425","NP_001036010.1","10","288-343","EGF/Laminin","EGF-type module"
"LTBP4","8425","NP_001036010.1","1","335-402","TB module/8-cys domain","TB module/8-cys domain"
"LTBP4","8425","NP_001036010.1","2","480-611","Growth factor receptor domain","Growth factor receptor domain"
"LTBP4","8425","NP_001036010.1","3","603-731","Growth factor receptor domain","Growth factor receptor domain"
"LTBP4","8425","NP_001036010.1","6","696-801","Growth factor receptor domain","Growth factor receptor domain"
"LTBP4","8425","NP_001036010.1","7","814-938","Growth factor receptor domain","Growth factor receptor domain"
"LTBP4","8425","NP_001036010.1","15","946-992","EGF/Laminin","EGF-type module"
"LTBP4","8425","NP_001036010.1","9","980-1035","EGF/Laminin","EGF-type module"
"LTBP4","8425","NP_001036010.1","4","1113-1175","TB module/8-cys domain","TB module/8-cys domain"
"LTBP4","8425","NP_001036010.1","13","1185-1234","EGF/Laminin","EGF-type module"
"LTBP4","8425","NP_001036010.1","11","1220-1270","EGF/Laminin","EGF-type module"
"LTBP4","8425","NP_001036010.1","5","1277-1340","TB module/8-cys domain","TB module/8-cys domain"
"LTBP4","8425","NP_001036010.1","8","1469-1552","Growth factor receptor domain","Growth factor receptor domain"
"LTBP4","8425","NP_003564.2 ","14","119-146","EGF/Laminin","EGF-type module"
"LTBP4","8425","NP_003564.2 ","12","249-315","TB module/8-cys domain","TB module/8-cys domain"
"LTBP4","8425","NP_003564.2 ","10","318-373","EGF/Laminin","EGF-type module"
"LTBP4","8425","NP_003564.2 ","1","365-432","TB module/8-cys domain","TB module/8-cys domain"
"LTBP4","8425","NP_003564.2 ","2","510-638","Growth factor receptor domain","Growth factor receptor domain"
"LTBP4","8425","NP_003564.2 ","3","633-761","Growth factor receptor domain","Growth factor receptor domain"
"LTBP4","8425","NP_003564.2 ","6","764-887","Growth factor receptor domain","Growth factor receptor domain"
"LTBP4","8425","NP_003564.2 ","7","844-968","Growth factor receptor domain","Growth factor receptor domain"
"LTBP4","8425","NP_003564.2 ","15","976-1022","EGF/Laminin","EGF-type module"
"LTBP4","8425","NP_003564.2 ","9","1010-1065","EGF/Laminin","EGF-type module"
"LTBP4","8425","NP_003564.2 ","4","1143-1205","TB module/8-cys domain","TB module/8-cys domain"
"LTBP4","8425","NP_003564.2 ","13","1215-1264","EGF/Laminin","EGF-type module"
"LTBP4","8425","NP_003564.2 ","11","1250-1300","EGF/Laminin","EGF-type module"
"LTBP4","8425","NP_003564.2 ","5","1307-1370","TB module/8-cys domain","TB module/8-cys domain"
"LTBP4","8425","NP_003564.2 ","8","1499-1582","Growth factor receptor domain","Growth factor receptor domain"
"MAPRE1","22919","NP_036457.1","1","1-130","Calponin-homology domain; CH-domain","Calponin-homology domain; CH-domain"
"MAPRE1","22919","NP_036457.1","2","194-254","EB1 dimerisation domain-like","EB1 dimerisation domain-like"
"MARCO","8685","NP_006761.1","1","420-519","SRCR-like","Scavenger receptor cysteine-rich (SRCR) domain"
"MASP1","5648","NP_001027019.1","1","24-138","Spermadhesin; CUB domain","Spermadhesin; CUB domain"
"MASP1","5648","NP_001027019.1","4","134-182","EGF/Laminin","EGF-type module"
"MASP1","5648","NP_001027019.1","2","184-296","Spermadhesin; CUB domain","Spermadhesin; CUB domain"
"MASP1","5648","NP_001027019.1","3","300-363","Complement control module/SCR domain","Complement control module/SCR domain"
"MASP1","5648","NP_001870.3","1","24-138","Spermadhesin; CUB domain","Spermadhesin; CUB domain"
"MASP1","5648","NP_001870.3","4","134-182","EGF/Laminin","EGF-type module"
"MASP1","5648","NP_001870.3","2","184-296","Spermadhesin; CUB domain","Spermadhesin; CUB domain"
"MASP1","5648","NP_001870.3","3","300-363","Complement control module/SCR domain","Complement control module/SCR domain"
"MASP1","5648","NP_624302.1","2","24-138","Spermadhesin; CUB domain","Spermadhesin; CUB domain"
"MASP1","5648","NP_624302.1","6","134-182","EGF/Laminin","EGF-type module"
"MASP1","5648","NP_624302.1","3","184-296","Spermadhesin; CUB domain","Spermadhesin; CUB domain"
"MASP1","5648","NP_624302.1","5","300-370","Complement control module/SCR domain","Complement control module/SCR domain"
"MASP1","5648","NP_624302.1","4","367-440","Complement control module/SCR domain","Complement control module/SCR domain"
"MASP1","5648","NP_624302.1","1","409-696","Trypsin-like serine proteases","Eukaryotic proteases"
"MDM2","4193","NP_002383.2","1","24-126","SWIB/MDM2 domain","SWIB/MDM2 domain"
"MDM2","4193","NP_002383.2","2","195-289","SWIB/MDM2 domain","SWIB/MDM2 domain"
"MDM2","4193","NP_002383.2","3","296-340","Ran binding protein zinc finger-like","Ran binding protein zinc finger-like"
"MDM2","4193","NP_002383.2","4","443-491","RING/U-box","RING finger domain; C3HC4"
"MED13L","23389","NP_056150.1","0","-","-","-"
"MEG3","55384","-","0","-","-","-"
"MLH1","4292","NP_000240.1","1","8-221","ATPase domain of HSP90 chaperone/DNA topoisomerase II/histidine kinase","DNA gyrase/MutL; N-terminal domain"
"MLH1","4292","NP_000240.1","2","202-334","Ribosomal protein S5 domain 2-like","DNA gyrase/MutL; N-terminal domain"
"MLH1","4292","NP_001161089.1","2","5-123","ATPase domain of HSP90 chaperone/DNA topoisomerase II/histidine kinase","DNA gyrase/MutL; N-terminal domain"
"MLH1","4292","NP_001161089.1","1","104-236","Ribosomal protein S5 domain 2-like","DNA gyrase/MutL; N-terminal domain"
"MLH1","4292","NP_001161090.1","1","2-93","Ribosomal protein S5 domain 2-like","DNA gyrase/MutL; N-terminal domain"
"MLH1","4292","NP_001161091.1","1","2-93","Ribosomal protein S5 domain 2-like","DNA gyrase/MutL; N-terminal domain"
"MLH3","27030","NP_001035197.1","1"," 2-216","ATPase domain of HSP90 chaperone/DNA topoisomerase II/histidine kinase","DNA gyrase/MutL; N-terminal domain"
"MLH3","27030","NP_001035197.1","3","195-349","Ribosomal protein S5 domain 2-like","DNA gyrase/MutL; second domain"
"MLH3","27030","NP_001035197.1","2","1189-1403","DNA mismatch repair protein MutL","DNA mismatch repair protein MutL"
"MLH3","27030","NP_055196.2","1","2-216","ATPase domain of HSP90 chaperone/DNA topoisomerase II/histidine kinase","DNA gyrase/MutL; N-terminal domain"
"MLH3","27030","NP_055196.2","2","195-349","Ribosomal protein S5 domain 2-like","DNA gyrase/MutL; second domain"
"MLH3","27030","NP_055196.2","3","1228-1379","DNA mismatch repair protein MutL","DNA mismatch repair protein MutL"
"MME","4311","NP_000893.2","1","56-750",""Metalloproteases (""zincins""); catalytic domain "","Neutral endopeptidase (neprilysin)"
"MME","4311","NP_009218.2","1","56-750",""Metalloproteases (""zincins""); catalytic domain "","Neutral endopeptidase (neprilysin)"
"MME","4311","NP_009219.2","1","56-750",""Metalloproteases (""zincins""); catalytic domain "","Neutral endopeptidase (neprilysin)"
"MME","4311","NP_009220.2","1","56-750",""Metalloproteases (""zincins""); catalytic domain "","Neutral endopeptidase (neprilysin)"
"MMP10","4319","NP_002416.1","3","25-96","PGBD-like","MMP N-terminal domain"
"MMP10","4319","NP_002416.1","2","102-265",""Metalloproteases (""zincins""); catalytic domain"","Matrix metalloproteases; catalytic domain"
"MMP10","4319","NP_002416.1","1","284-476","Hemopexin-like domain","Hemopexin-like domain"
"MMP26","56547","NP_068573.2","1","94-254",""Metalloproteases (""zincins""); catalytic domain"","Matrix metalloproteases; catalytic domain"
"MMP26","56547","NP_068573.2","0","20-86","PGBD-like","MMP N-terminal domain"
"MMP7","4316","NP_002414.1","2","23-92","PGBD-like","MMP N-terminal domain"
"MMP7","4316","NP_002414.1","1","97-261",""Metalloproteases (""zincins""); catalytic domain"","Matrix metalloproteases; catalytic domain"
"MMP9","4318","NP_004985.2","6","30-104","PGBD-like","MMP N-terminal domain"
"MMP9","4318","NP_004985.2","2","114-213;387-444",""Metalloproteases (""zincins""); catalytic domain"","Matrix metalloproteases; catalytic domain"
"MMP9","4318","NP_004985.2","5","219-273","Kringle-like","Fibronectin type II module"
"MMP9","4318","NP_004985.2","4","274-331","Kringle-like","Fibronectin type II module"
"MMP9","4318","NP_004985.2","3","335-390","Kringle-like","Fibronectin type II module"
"MMP9","4318","NP_004985.2","1","513-706","Hemopexin-like domain","Hemopexin-like domain"
"MRPL3","11222","NP_009139.1","1","72-324","Translation proteins","Ribosomal protein L3"
"MS4A6","64231","NP_071744.2","0","-","-","-"
"MS4A6","64231","NP_690590.1","0","-","-","-"
"MS4A6","64231","NP_690591.1","0","-","-","-"
"MSX2","4488","NP_002440.2","1","121-201","Homeodomain-like","Homeodomain"
"MT1E","4493","NP_783316.2","1","1-61","Metallothionein","Metallothionein"
"MTHFR","4524","NP_005948.3","1","48-339","FAD-linked oxidoreductase","Methylenetetrahydrofolate reductase"
"MUM1L1","139221","NP_001164491.1","1","385-497","Tudor/PWWP/MBT","PWWP domain"
"MUM1L1","139221","NP_689636.3","1","385-497","Tudor/PWWP/MBT","PWWP domain"
"MVD","4597","NP_002452.1","2","10-193","Ribosomal protein S5 domain 2-like","GHMP Kinase; N-terminal domain"
"MVD","4597","NP_002452.1","1","194-390","GHMP Kinase; C-terminal domain","Mevalonate 5-diphosphate decarboxylase"
"NCOA3","8202","NP_001167558.1","4","34-90","HLH; helix-loop-helix DNA-binding domain","HLH; helix-loop-helix DNA-binding domain"
"NCOA3","8202","NP_001167558.1","3","121-186","PYP-like sensor domain (PAS domain)","Hypoxia-inducible factor Hif2a; C-terminal domain"
"NCOA3","8202","NP_001167558.1","2","265-370","PYP-like sensor domain (PAS domain)","PAS domain of steroid receptor coactivator 1A; NCo-A1"
"NCOA3","8202","NP_001167558.1","1","1042-1090","Nuclear receptor coactivator interlocking domain","Nuclear receptor coactivator interlocking domain"
"NCOA3","8202","NP_001167559.1","4","34-90","HLH; helix-loop-helix DNA-binding domain","HLH; helix-loop-helix DNA-binding domain"
"NCOA3","8202","NP_001167559.1","3","121-186","PYP-like sensor domain (PAS domain)","Hypoxia-inducible factor Hif2a; C-terminal domain"
"NCOA3","8202","NP_001167559.1","2","265-380","PYP-like sensor domain (PAS domain)","PAS domain of steroid receptor coactivator 1A; NCo-A1"
"NCOA3","8202","NP_001167559.1","1","1037-1085","Nuclear receptor coactivator interlocking domain","Nuclear receptor coactivator interlocking domain"
"NCOA3","8202","NP_858045.1","4","34-90","HLH; helix-loop-helix DNA-binding domain","HLH; helix-loop-helix DNA-binding domain"
"NCOA3","8202","NP_858045.1","3","121-186","PYP-like sensor domain (PAS domain)","Hypoxia-inducible factor Hif2a; C-terminal domain"
"NCOA3","8202","NP_858045.1","2","265-370","PYP-like sensor domain (PAS domain)","PAS domain of steroid receptor coactivator 1A; NCo-A1"
"NCOA3","8202","NP_858045.1","1","1042-1090","Nuclear receptor coactivator interlocking domain","Nuclear receptor coactivator interlocking domain"
"NDC80","10403","NP_006092.1","0","482-551","Fibrinogen coiled-coil and central regions","Fibrinogen coiled-coil and central regions"
"NDC80","10403","NP_006092.1","0","343-424","Influenza hemagglutinin (stalk)","Influenza hemagglutinin (stalk)"
"NDN","4692","NP_002478.1","0","-","-","-"
"NDRG1","10397","NP_001128714.1","1","30-310","alpha/beta-Hydrolases","Biotin biosynthesis protein BioH"
"NDRG1","10397","NP_006087.2","1","30-310","alpha/beta-Hydrolases","Biotin biosynthesis protein BioH"
"NDUFA2","4695","NP_001171941.1","1","16-72","Thioredoxin-like","Mitochondrial ribosomal protein L51/S25/CI-B8 domain"
"NDUFA2","4695","NP_002479.1","1","16-97","Thioredoxin-like","Mitochondrial ribosomal protein L51/S25/CI-B8 domain"
"NDUFA2","4695","NP_001171941.1","1","16-72","Thioredoxin-like","Mitochondrial ribosomal protein L51/S25/CI-B8 domain"
"NDUFA2","4695","NP_002479.1","1","16-97","Thioredoxin-like","Mitochondrial ribosomal protein L51/S25/CI-B8 domain"
"NFE2L2","4780","NP_001138884.1","1","438-505","A DNA-binding domain in eukaryotic transcription factors","A DNA-binding domain in eukaryotic transcription factors"
"NFE2L2","4780","NP_001138884.1","2","490-542","Leucine zipper domain","Leucine zipper domain"
"NFE2L2","4780","NP_001138885.1","1","431-498","A DNA-binding domain in eukaryotic transcription factors","A DNA-binding domain in eukaryotic transcription factors"
"NFE2L2","4780","NP_001138885.1","2","483-535","Leucine zipper domain","Leucine zipper domain"
"NFE2L2","4780","NP_006155.2","1","454-521","A DNA-binding domain in eukaryotic transcription factors","A DNA-binding domain in eukaryotic transcription factors"
"NFE2L2","4780","NP_006155.2","2","506-558","Leucine zipper domain","Leucine zipper domain"
"NFIB","4781","NP_001177666.1","0","63-170","SMAD MH1 domain","SMAD MH1 domain"
"NFIB","4781","NP_001177667.1","0","89-196","SMAD MH1 domain","SMAD MH1 domain"
"NFIB","4781","NP_005587.2","0","63-170","SMAD MH1 domain","SMAD MH1 domain"
"NFKB1","4790","NP_001158884.1","1","41-252","p53-like transcription factors","Rel/Dorsal transcription factors; DNA-binding domain"
"NFKB1","4790","NP_001158884.1","3","248-380","E set domains","NF-kappa-B/REL/DORSAL transcription factors; C-terminal domain"
"NFKB1","4790","NP_001158884.1","2","542-760","Ankyrin repeat","Ankyrin repeat"
"NFKB1","4790","NP_001158884.1","4","808-889","DEATH domain","DEATH domain; DD"
"NFKB1","4790","NP_003989.2","1","42-253","p53-like transcription factors","Rel/Dorsal transcription factors; DNA-binding domain"
"NFKB1","4790","NP_003989.2","3","249-381","E set domains","NF-kappa-B/REL/DORSAL transcription factors; C-terminal domain"
"NFKB1","4790","NP_003989.2","2","543-761","Ankyrin repeat","Ankyrin repeat"
"NFKB1","4790","NP_003989.2","4","809-890","DEATH domain","DEATH domain; DD"
"NGFRAP1","27018","NP_055195.1","0","-","-","-"
"NGFRAP1","27018","NP_996798.1","0","-","-","-"
"NGFRAP1","27018","NP_996800.1","0","-","-","-"
"NID1","4811","NP_002499.2","1","429-660","GFP-like","Domain G2 of nidogen-1"
"NID1","4811","NP_002499.2","5","385-426;671-769","Growth factor receptor domain","Growth factor receptor domain"
"NID1","4811","NP_002499.2","3","811-919","Thyroglobulin type-1 domain","Thyroglobulin type-1 domain"
"NID1","4811","NP_002499.2","2","943-1179","YWTD domain","YWTD domain"
"NID1","4811","NP_002499.2","4","762-841;877-890;1200","Growth factor receptor domain","Growth factor receptor domain"
"NKX2-1","7080","NP_001073136.1","1","169-251","Homeodomain-like","Homeodomain"
"NKX2-1","7080","NP_003308.1","1","139-221","Homeodomain-like","Homeodomain"
"NME1","4830","NP_000260.1","1","3-152","Nucleoside diphosphate kinase; NDK","Nucleoside diphosphate kinase; NDK"
"NME1","4830","NP_937818.1","1","28-177","Nucleoside diphosphate kinase; NDK","Nucleoside diphosphate kinase; NDK"
"NME2","4831","NP_001018147.1","1","3-152","Nucleoside diphosphate kinase; NDK","Nucleoside diphosphate kinase; NDK"
"NME2","4831","NP_001018148.1","1","3-152","Nucleoside diphosphate kinase; NDK","Nucleoside diphosphate kinase; NDK"
"NME2","4831","NP_001018149.1","1","3-152","Nucleoside diphosphate kinase; NDK","Nucleoside diphosphate kinase; NDK"
"NME2","4831","NP_001185611.1","1","3-78","Nucleoside diphosphate kinase; NDK","Nucleoside diphosphate kinase; NDK"
"NME2","4831","NP_002503.1","1","3-152","Nucleoside diphosphate kinase; NDK","Nucleoside diphosphate kinase; NDK"
"NPDC1","56654","NP_056207.3","0","-","-","-"
"NPR1","4881","NP_000897.3","1","33-457","Periplasmic binding protein-like I","L-arabinose binding protein-like"
"NPR1","4881","NP_000897.3","3","555-842","Protein kinase-like (PK-like)","Protein kinases; catalytic subunit"
"NPR1","4881","NP_000897.3","2","861-1052","Nucleotide cyclase","Adenylyl and guanylyl cyclase catalytic domain"
"NPTX1","4884","NP_002513.2","1","229-422","Concanavalin A-like lectins/glucanases","Pentraxin (pentaxin)"
"NPTX1","4884","NP_002513.2","0","124-186","Apolipoprotein","Apolipoprotein"
"NPTX1","4884","NP_002513.2","1","229-422","Concanavalin A-like lectins/glucanases","Pentraxin (pentaxin)"
"NR3C1","2908","NP_000167.1","2","418-500","Glucocorticoid receptor-like (DNA-binding domain)","Nuclear receptor"
"NR3C1","2908","NP_000167.1","1","530-776","Nuclear receptor ligand-binding domain","Nuclear receptor ligand-binding domain"
"NR3C1","2908","NP_001018084.1","2","418-500","Glucocorticoid receptor-like (DNA-binding domain)","Nuclear receptor"
"NR3C1","2908","NP_001018084.1","1","530-776","Nuclear receptor ligand-binding domain","Nuclear receptor ligand-binding domain"
"NR3C1","2908","NP_001018085.1","2","418-500","Glucocorticoid receptor-like (DNA-binding domain)","Nuclear receptor"
"NR3C1","2908","NP_001018085.1","1","530-776","Nuclear receptor ligand-binding domain","Nuclear receptor ligand-binding domain"
"NR3C1","2908","NP_001018086.1","2","418-500","Glucocorticoid receptor-like (DNA-binding domain)","Nuclear receptor"
"NR3C1","2908","NP_001018086.1","1","530-776","Nuclear receptor ligand-binding domain","Nuclear receptor ligand-binding domain"
"NR3C1","2908","NP_001018087.1","2","418-500","Glucocorticoid receptor-like (DNA-binding domain)","Nuclear receptor"
"NR3C1","2908","NP_001018087.1","1","530-776","Nuclear receptor ligand-binding domain","Nuclear receptor ligand-binding domain"
"NR3C1","2908","NP_001018661.1","2","418-500","Glucocorticoid receptor-like (DNA-binding domain)","Nuclear receptor"
"NR3C1","2908","NP_001018661.1","1","471-727","Nuclear receptor ligand-binding domain","Nuclear receptor ligand-binding domain"
"NR3C1","2908","NP_001019265.1","2","418-501","Glucocorticoid receptor-like (DNA-binding domain)","Nuclear receptor"
"NR3C1","2908","NP_001019265.1","1","531-777","Nuclear receptor ligand-binding domain","Nuclear receptor ligand-binding domain"
"NR3C1","2908","NP_001191187.1","2","392-474","Glucocorticoid receptor-like (DNA-binding domain)","Nuclear receptor"
"NR3C1","2908","NP_001191187.1","1","504-750","Nuclear receptor ligand-binding domain","Nuclear receptor ligand-binding domain"
"NR3C1","2908","NP_001191188.1","2","333-415","Glucocorticoid receptor-like (DNA-binding domain)","Nuclear receptor"
"NR3C1","2908","NP_001191188.1","1","445-691","Nuclear receptor ligand-binding domain","Nuclear receptor ligand-binding domain"
"NR3C1","2908","NP_001191189.1","2","329-411","Glucocorticoid receptor-like (DNA-binding domain)","Nuclear receptor"
"NR3C1","2908","NP_001191189.1","1","441-687","Nuclear receptor ligand-binding domain","Nuclear receptor ligand-binding domain"
"NR3C1","2908","NP_001191190.1","2","321-403","Glucocorticoid receptor-like (DNA-binding domain)","Nuclear receptor"
"NR3C1","2908","NP_001191190.1","1","433-679","Nuclear receptor ligand-binding domain","Nuclear receptor ligand-binding domain"
"NR3C1","2908","NP_001191191.1","2","103-185","Glucocorticoid receptor-like (DNA-binding domain)","Nuclear receptor"
"NR3C1","2908","NP_001191191.1","1","215-461","Nuclear receptor ligand-binding domain","Nuclear receptor ligand-binding domain"
"NR3C1","2908","NP_001191192.1","2","88-170","Glucocorticoid receptor-like (DNA-binding domain)","Nuclear receptor"
"NR3C1","2908","NP_001191192.1","1","200-446","Nuclear receptor ligand-binding domain","Nuclear receptor ligand-binding domain"
"NR3C1","2908","NP_001191193.1","2","83-165","Glucocorticoid receptor-like (DNA-binding domain)","Nuclear receptor"
"NR3C1","2908","NP_001191193.1","1","195-441","Nuclear receptor ligand-binding domain","Nuclear receptor ligand-binding domain"
"NR3C1","2908","NP_001191194.1","2","418-500","Glucocorticoid receptor-like (DNA-binding domain)","Nuclear receptor"
"NR3C1","2908","NP_001191194.1","1","471-674","Nuclear receptor ligand-binding domain","Nuclear receptor ligand-binding domain"
"NSDHL","50814","NP_001123237.1","1","38-306;338-368","NAD(P)-binding Rossmann-fold domains","Tyrosine-dependent oxidoreductases"
"NSDHL","50814","NP_057006.1","1","38-306;338-368","NAD(P)-binding Rossmann-fold domains","Tyrosine-dependent oxidoreductases"
"NT5E","4907","NP_001191742.1","1","28-332","Metallo-dependent phosphatases","5'-nucleotidase (syn. UDP-sugar hydrolase); N-terminal domain"
"NT5E","4907","NP_001191742.1","2","337-498","5'-nucleotidase (syn. UDP-sugar hydrolase); N-terminal domain","5'-nucleotidase (syn. UDP-sugar hydrolase); N-terminal domain"
"NT5E","4907","NP_002517.1","1"," 29-333","Metallo-dependent phosphatases","5'-nucleotidase (syn. UDP-sugar hydrolase); N-terminal domain"
"NT5E","4907","NP_002517.1","2","338-549","5'-nucleotidase (syn. UDP-sugar hydrolase); N-terminal domain","5'-nucleotidase (syn. UDP-sugar hydrolase); N-terminal domain"
"NUP107","57122","NP_065134.1","0","583-629","SufE/NifU","NifU/IscU domain"
"NUP107","57122","NP_065134.1","0","207-277","BolA-like","BolA-like"
"OGN","4969","NP_054776.1","1","92-276","L domain-like","Ngr ectodomain-like"
"OGN","4969","NP_148935.1","1","92-276","L domain-like","Ngr ectodomain-like"
"OLFM1","10439","NP_006325.1","0","-","-","-"
"OLFM1","10439","NP_055094.1","1","40-87;280-453","YVTN repeat-like/Quinoprotein amine dehydrogenase","YVTN repeat"
"OSR2","116039","NP_001135934.1","3","170-222","beta-beta-alpha zinc fingers","Classic zinc finger; C2H2"
"OSR2","116039","NP_001135934.1","2","208-265","beta-beta-alpha zinc fingers","Classic zinc finger; C2H2"
"OSR2","116039","NP_001135934.1","1","250-302","beta-beta-alpha zinc fingers","Classic zinc finger; C2H2"
"OSR2","116039","NP_443727.2","2","169-203","beta-beta-alpha zinc fingers","Classic zinc finger; C2H2"
"OSR2","116039","NP_443727.2","1","194-246","beta-beta-alpha zinc fingers","Classic zinc finger; C2H2"
"P2RY14","9934","NP_001074924.1","1","3-313","Family A G protein-coupled receptor-like","Rhodopsin-like"
"P2RY14","9934","NP_055694.3","1","3-313","Family A G protein-coupled receptor-like","Rhodopsin-like"
"PA2G4","5036","NP_006182.2","1","8-238;310-338","Creatinase/aminopeptidase","Creatinase/aminopeptidase"
"PA2G4","5036","NP_006182.2","2","235-311","Winged helix DNA-binding domain","Methionine aminopeptidase; insert domain"
"PAFAHIB3","5050","NP_001139411.1","1","6-216","SGNH hydrolase","Acetylhydrolase"
"PAFAHIB3","5050","NP_001139412.1","1","6-216","SGNH hydrolase","SGNH hydrolase"
"PAFAHIB3","5050","NP_002564.1","1","6-216","SGNH hydrolase","SGNH hydrolase"
"PAK3","5063","NP_001121638.1","1","259-521","Protein kinase-like (PK-like)","Protein kinases; catalytic subunit"
"PAK3","5063","NP_001121639.1","1","259-521","Protein kinase-like (PK-like)","Protein kinases; catalytic subunit"
"PAK3","5063","NP_001121640.1","1","295-557","Protein kinase-like (PK-like)","Protein kinases; catalytic subunit"
"PAK3","5063","NP_001121644.1","1","280-542","Protein kinase-like (PK-like)","Protein kinases; catalytic subunit"
"PAK3","5063","NP_001121645.1","1","274-536","Protein kinase-like (PK-like)","Protein kinases; catalytic subunit"
"PAK3","5063","NP_002569.1","1","259-521","Protein kinase-like (PK-like)","Protein kinases; catalytic subunit"
"PAPPA","5069","NP_002572.2","1","91-273","Concanavalin A-like lectins/glucanases","Clostridium neurotoxins; the second last domain"
"PAPPA","5069","NP_002572.2","2","365-485;550-617",""Metalloproteases (""zincins""); catalytic domain"","Reprolysin-like"
"PAPPA","5069","NP_002572.2","6","1215-1288","Complement control module/SCR domain","Complement control module/SCR domain"
"PAPPA","5069","NP_002572.2","5","1284-1354","Complement control module/SCR domain","Complement control module/SCR domain"
"PAPPA","5069","NP_002572.2","4","1346-1418","Complement control module/SCR domain","Complement control module/SCR domain"
"PAPPA","5069","NP_002572.2","3","1410-1473","Complement control module/SCR domain","Complement control module/SCR domain"
"PARM1","25849","NP_056208.2","0","-","-","-"
"PARP1","142","NP_001609.2","5","7-101","Glucocorticoid receptor-like (DNA-binding domain)","PARP-type zinc finger"
"PARP1","142","NP_001609.2","4","111-216","Glucocorticoid receptor-like (DNA-binding domain)","PARP-type zinc finger"
"PARP1","142","NP_001609.2","6","387-465","BRCT domain","DNA ligase"
"PARP1","142","NP_001609.2","3","520-643","WGR domain-like","WGR domain"
"PARP1","142","NP_001609.2","2","662-798","Domain of poly(ADP-ribose) polymerase","Domain of poly(ADP-ribose) polymerase"
"PARP1","142","NP_001609.2","1","797-1010","ADP-ribosylation","Poly(ADP-ribose) polymerase; C-terminal domain"
"PAWR","5074","NP_002574.2","0","-","-","-"
"PDGFRA","5156","NP_006197.1","5","34-106","Immunoglobulin","C1 set domains (antibody constant domain-like)"
"PDGFRA","5156","NP_006197.1","4","117-206","Immunoglobulin","I set domains"
"PDGFRA","5156","NP_006197.1","3","224-298","Immunoglobulin","I set domains"
"PDGFRA","5156","NP_006197.1","2","316-414","Immunoglobulin","I set domains"
"PDGFRA","5156","NP_006197.1","1","566-700;776-947","Protein kinase-like (PK-like)","Protein kinases; catalytic subunit"
"PDYN","5173","NP_001177821.1","0","-","-","-"
"PDYN","5173","NP_001177827.1","0","-","-","-"
"PDYN","5173","NP_001177828.1","0","-","-","-"
"PDYN","5173","NP_001177829.1","0","-","-","-"
"PDYN","5173","NP_077722.1","0","-","-","-"
"PEG3","5178","NP_001139656.1","1","39-128","Retrovirus capsid dimerization domain-like","SCAN domain"
"PEG3","5178","NP_001139656.1","3","451-527","beta-beta-alpha zinc fingers","Classic zinc finger; C2H2"
"PEG3","5178","NP_001139656.1","7","538-588","beta-beta-alpha zinc fingers","Classic zinc finger; C2H2"
"PEG3","5178","NP_001139656.1","4","607-656","beta-beta-alpha zinc fingers","Classic zinc finger; C2H2"
"PEG3","5178","NP_001139656.1","8","968-996","beta-beta-alpha zinc fingers","Classic zinc finger; C2H2"
"PEG3","5178","NP_001139656.1","2","1105-1129;1158-1185","beta-beta-alpha zinc fingers","Classic zinc finger; C2H2"
"PEG3","5178","NP_001139656.1","6","1226-1247;1277-1304","beta-beta-alpha zinc fingers","Classic zinc finger; C2H2"
"PEG3","5178","NP_001139656.1","9","1331-135","beta-beta-alpha zinc fingers","Classic zinc finger; C2H2"
"PEG3","5178","NP_001139656.1","5","1504-1527;1559-1586","beta-beta-alpha zinc fingers","Classic zinc finger; C2H2"
"PEG3","5178","NP_001139657.1","2","325-401","beta-beta-alpha zinc fingers","Classic zinc finger; C2H2"
"PEG3","5178","NP_001139657.1","6","412-462","beta-beta-alpha zinc fingers","Classic zinc finger; C2H2"
"PEG3","5178","NP_001139657.1","3","481-530","beta-beta-alpha zinc fingers","Classic zinc finger; C2H2"
"PEG3","5178","NP_001139657.1","7","842-870","beta-beta-alpha zinc fingers","Classic zinc finger; C2H2"
"PEG3","5178","NP_001139657.1","1","979-1003;1032-1059","beta-beta-alpha zinc fingers","Classic zinc finger; C2H2"
"PEG3","5178","NP_001139657.1","5","1100-1121;1151-1178","beta-beta-alpha zinc fingers","Classic zinc finger; C2H2"
"PEG3","5178","NP_001139657.1","8","1205-1232","beta-beta-alpha zinc fingers","Classic zinc finger; C2H2"
"PEG3","5178","NP_001139657.1","4","1378-1401;1433-1460","beta-beta-alpha zinc fingers","Classic zinc finger; C2H2"
"PEG3","5178","NP_001139658.1","1","39-128","Retrovirus capsid dimerization domain-like","SCAN domain"
"PEG3","5178","NP_001139658.1","3","451-527","beta-beta-alpha zinc fingers","Classic zinc finger; C2H2"
"PEG3","5178","NP_001139658.1","7","538-588","beta-beta-alpha zinc fingers","Classic zinc finger; C2H2"
"PEG3","5178","NP_001139658.1","4","607-656","beta-beta-alpha zinc fingers","Classic zinc finger; C2H2"
"PEG3","5178","NP_001139658.1","8","968-996","beta-beta-alpha zinc fingers","Classic zinc finger; C2H2"
"PEG3","5178","NP_001139658.1","2","1105-1129;1158-1185","beta-beta-alpha zinc fingers","Classic zinc finger; C2H2"
"PEG3","5178","NP_001139658.1","6","1226-1247;1277-1304","beta-beta-alpha zinc fingers","Classic zinc finger; C2H2"
"PEG3","5178","NP_001139658.1","9","1331-1358","beta-beta-alpha zinc fingers","Classic zinc finger; C2H2"
"PEG3","5178","NP_001139658.1","5","1504-1527;1559-1586","beta-beta-alpha zinc fingers","Classic zinc finger; C2H2"
"PEG3","5178","NP_001139659.1","2","327-403","beta-beta-alpha zinc fingers","Classic zinc finger; C2H2"
"PEG3","5178","NP_001139659.1","6","414-464","beta-beta-alpha zinc fingers","Classic zinc finger; C2H2"
"PEG3","5178","NP_001139659.1","3","483-532","beta-beta-alpha zinc fingers","Classic zinc finger; C2H2"
"PEG3","5178","NP_001139659.1","7","844-872","beta-beta-alpha zinc fingers","Classic zinc finger; C2H2"
"PEG3","5178","NP_001139659.1","1","981-1005;1034-1061","beta-beta-alpha zinc fingers","Classic zinc finger; C2H2"
"PEG3","5178","NP_001139659.1","5","1102-1123;1153-1180","beta-beta-alpha zinc fingers","Classic zinc finger; C2H2"
"PEG3","5178","NP_001139659.1","8","1207-1234","beta-beta-alpha zinc fingers","Classic zinc finger; C2H2"
"PEG3","5178","NP_001139659.1","4","1380-1403;1435-1462","beta-beta-alpha zinc fingers","Classic zinc finger; C2H2"
"PEG3","5178","NP_006201.1","1","39-128","Retrovirus capsid dimerization domain-like","SCAN domain"
"PEG3","5178","NP_006201.1","3","451-527","beta-beta-alpha zinc fingers","Classic zinc finger; C2H2"
"PEG3","5178","NP_006201.1","7","538-588","beta-beta-alpha zinc fingers","Classic zinc finger; C2H2"
"PEG3","5178","NP_006201.1","4","607-656","beta-beta-alpha zinc fingers","Classic zinc finger; C2H2"
"PEG3","5178","NP_006201.1","8","968-996","beta-beta-alpha zinc fingers","Classic zinc finger; C2H2"
"PEG3","5178","NP_006201.1","2","1105-1129;1158-1185","beta-beta-alpha zinc fingers","Classic zinc finger; C2H2"
"PEG3","5178","NP_006201.1","6","1226-1247;1277-1304","beta-beta-alpha zinc fingers","Classic zinc finger; C2H2"
"PEG3","5178","NP_006201.1","9","1331-1358","beta-beta-alpha zinc fingers","Classic zinc finger; C2H2"
"PEG3","5178","NP_006201.1","5","1504-1527;1559-1586","beta-beta-alpha zinc fingers","Classic zinc finger; C2H2"
"PGGT1B","5229","NP_005014.2","1","15-361","Terpenoid cyclases/Protein prenyltransferases","Protein prenyltransferases"
"PGR","5241","NP_000917.3","2","564-641","Glucocorticoid receptor-like (DNA-binding domain)","Nuclear receptor"
"PGR","5241","NP_000917.3","1","617-643;674-913","Nuclear receptor ligand-binding domain","Nuclear receptor ligand-binding domain"
"PGR","5241","NP_001189403.1","2","400-477","Glucocorticoid receptor-like (DNA-binding domain)","Nuclear receptor"
"PGR","5241","NP_001189403.1","1","453-479;510-749","Nuclear receptor ligand-binding domain","Nuclear receptor ligand-binding domain"
"PID1","55022","NP_001094288.1","1","54-194","PH domain-like","Phosphotyrosine-binding domain (PTB)"
"PID1","55022","NP_060403.3","1","85-225","PH domain-like","Phosphotyrosine-binding domain (PTB)"
"PITX1","5307","NP_002644.4","1","75-149","Homeodomain-like","Homeodomain"
"PLA2G4A","5321","NP_077734.1","2","16-137","C2 domain (Calcium/lipid-binding domain; CaLB)","PLC-like (P variant)"
"PLA2G4A","5321","NP_077734.1","1","143-721","FabD/lysophospholipase-like","Lysophospholipase"
"PLAG1","5324","NP_001108106.1","1","42-101","beta-beta-alpha zinc fingers","Classic zinc finger; C2H2"
"PLAG1","5324","NP_001108106.1","3","87-132","beta-beta-alpha zinc fingers","Classic zinc finger; C2H2"
"PLAG1","5324","NP_001108106.1","4","120-172","beta-beta-alpha zinc fingers","Classic zinc finger; C2H2"
"PLAG1","5324","NP_001108106.1","2","183-233","beta-beta-alpha zinc fingers","Classic zinc finger; C2H2"
"PLAG1","5324","NP_001108107.1","2","4-57","beta-beta-alpha zinc fingers","Classic zinc finger; C2H2"
"PLAG1","5324","NP_001108107.1","1","101-151","beta-beta-alpha zinc fingers","Classic zinc finger; C2H2"
"PLAG1","5324","NP_002646.2","1","42-101","beta-beta-alpha zinc fingers","Classic zinc finger; C2H2"
"PLAG1","5324","NP_002646.2","3","87-132","beta-beta-alpha zinc fingers","Classic zinc finger; C2H2"
"PLAG1","5324","NP_002646.2","4","120-172","beta-beta-alpha zinc fingers","Classic zinc finger; C2H2"
"PLAG1","5324","NP_002646.2","2","183-233","beta-beta-alpha zinc fingers","Classic zinc finger; C2H2"
"PLAU","5328","NP_001138503.1","2","31-144","Kringle-like","Kringle modules"
"PLAU","5328","NP_001138503.1","1","149-406","Trypsin-like serine proteases","Eukaryotic proteases"
"PLAU","5328","NP_002649.1","2","48-161","Kringle-like","Kringle modules"
"PLAU","5328","NP_002649.1","1","166-423","Trypsin-like serine proteases","Eukaryotic proteases"
"PLAUR","5329","NP_001005376.1","2","23-101","Snake toxin-like","Extracellular domain of cell surface receptors"
"PLAUR","5329","NP_001005376.1","1","109-209","Snake toxin-like","Extracellular domain of cell surface receptors"
"PLAUR","5329","NP_001005376.1","3","215-253","Snake toxin-like","Extracellular domain of cell surface receptors"
"PLAUR","5329","NP_001005377.1","3","23-101","Snake toxin-like","Extracellular domain of cell surface receptors"
"PLAUR","5329","NP_001005377.1","1","109-167","Snake toxin-like","Extracellular domain of cell surface receptors"
"PLAUR","5329","NP_001005377.1","2","170-250","Snake toxin-like","Extracellular domain of cell surface receptors"
"PLAUR","5329","NP_002650.1","3","23-101","Snake toxin-like","Extracellular domain of cell surface receptors"
"PLAUR","5329","NP_002650.1","1","109-209","Snake toxin-like","Extracellular domain of cell surface receptors"
"PLAUR","5329","NP_002650.1","2","215-295","Snake toxin-like","Extracellular domain of cell surface receptors"
"PLEKHH2","130271","NP_742066.2","1","598-662;700-798","PH domain-like","Pleckstrin-homology domain (PH domain)"
"PLEKHH2","130271","NP_742066.2","2","805-922","PH domain-like","Pleckstrin-homology domain (PH domain)"
"PLEKHH2","130271","NP_742066.2","3","1216-1349","Second domain of FERM","Second domain of FERM"
"POLE3","54107","NP_059139.3","1","6-139","Histone-fold","TBP-associated factors; TAFs"
"POLR2H","5437","NP_006223.2 ","1","3-147","Nucleic acid-binding proteins","RNA polymerase subunit RBP8"
"POM121","9883","NP_742017.1","0","-","-","-"
"PPAP2C","8612","NP_003703.1","1","6-242","Acid phosphatase/Vanadium-dependent haloperoxidase","Type 2 phosphatidic acid phosphatase; PAP2"
"PPAP2C","8612","NP_803545.1","1","41-186","Acid phosphatase/Vanadium-dependent haloperoxidase","Type 2 phosphatidic acid phosphatase; PAP2"
"PPAP2C","8612","NP_808211.1","1","50-263","Acid phosphatase/Vanadium-dependent haloperoxidase","Type 2 phosphatidic acid phosphatase; PAP2"
"PPM1D","8493","NP_003611.1","1","4-29;90-376","PP2C-like","PP2C-like"
"PPPDE1","51029","NP_057160.2","0","-","-","-"
"PRKAR1B","5575","NP_001158230.1","3","15-62","Dimerization-anchoring domain of cAMP-dependent PK regulatory subunit","Dimerization-anchoring domain of cAMP-dependent PK regulatory subunit"
"PRKAR1B","5575","NP_001158230.1","1","119-240","cAMP-binding domain-like","cAMP-binding domain-like"
"PRKAR1B","5575","NP_001158230.1","2","248-372","cAMP-binding domain-like","cAMP-binding domain-like"
"PRKAR1B","5575","NP_001158231.1","3","15-62","Dimerization-anchoring domain of cAMP-dependent PK regulatory subunit","Dimerization-anchoring domain of cAMP-dependent PK regulatory subunit"
"PRKAR1B","5575","NP_001158231.1","1","119-240","cAMP-binding domain-like","cAMP-binding domain-like"
"PRKAR1B","5575","NP_001158231.1","2","248-372","cAMP-binding domain-like","cAMP-binding domain-like"
"PRKAR1B","5575","NP_001158232.1","3","15-62","Dimerization-anchoring domain of cAMP-dependent PK regulatory subunit","Dimerization-anchoring domain of cAMP-dependent PK regulatory subunit"
"PRKAR1B","5575","NP_001158232.1","1","119-240","cAMP-binding domain-like","cAMP-binding domain-like"
"PRKAR1B","5575","NP_001158232.1","2","248-372","cAMP-binding domain-like","cAMP-binding domain-like"
"PRKAR1B","5575","NP_001158233.1","3","15-62","Dimerization-anchoring domain of cAMP-dependent PK regulatory subunit","Dimerization-anchoring domain of cAMP-dependent PK regulatory subunit"
"PRKAR1B","5575","NP_001158233.1","1","119-240","cAMP-binding domain-like","cAMP-binding domain-like"
"PRKAR1B","5575","NP_001158233.1","2","248-372","cAMP-binding domain-like","cAMP-binding domain-like"
"PRKAR1B","5575","NP_001158234.1","3","15-62","Dimerization-anchoring domain of cAMP-dependent PK regulatory subunit","Dimerization-anchoring domain of cAMP-dependent PK regulatory subunit"
"PRKAR1B","5575","NP_001158234.1","1","119-240","cAMP-binding domain-like","cAMP-binding domain-like"
"PRKAR1B","5575","NP_001158234.1","2","248-372","cAMP-binding domain-like","cAMP-binding domain-like"
"PRKAR1B","5575","NP_002726.1","3","15-62","Dimerization-anchoring domain of cAMP-dependent PK regulatory subunit","Dimerization-anchoring domain of cAMP-dependent PK regulatory subunit"
"PRKAR1B","5575","NP_002726.1","1","119-240","cAMP-binding domain-like","cAMP-binding domain-like"
"PRKAR1B","5575","NP_002726.1","2","248-372","cAMP-binding domain-like","cAMP-binding domain-like"
"PRKCA","5578","NP_002728.1","3","25-87","Cysteine-rich domain","Protein kinase cysteine-rich domain (cys2; phorbol-binding domain)"
"PRKCA","5578","NP_002728.1","4","99-154","Cysteine-rich domain","Protein kinase cysteine-rich domain (cys2; phorbol-binding domain)"
"PRKCA","5578","NP_002728.1","2","157-284","C2 domain (Calcium/lipid-binding domain; CaLB)","Synaptotagmin-like (S variant)"
"PRKCA","5578","NP_002728.1","1","335-631","Protein kinase-like (PK-like)","Protein kinases; catalytic subunit"
"PRKCD","5580","NP_006245.2","2","2-122","C2 domain (Calcium/lipid-binding domain; CaLB)","PLC-like (P variant)"
"PRKCD","5580","NP_006245.2","4","141-210","Cysteine-rich domain","Protein kinase cysteine-rich domain (cys2; phorbol-binding domain)"
"PRKCD","5580","NP_006245.2","3","217-284","Cysteine-rich domain","Protein kinase cysteine-rich domain (cys2; phorbol-binding domain)"
"PRKCD","5580","NP_006245.2","1","345-669","Protein kinase-like (PK-like)","Protein kinases; catalytic subunit"
"PRKCD","5580","NP_997704.1","2","2-122","C2 domain (Calcium/lipid-binding domain; CaLB)","PLC-like (P variant)"
"PRKCD","5580","NP_997704.1","4","141-210","Cysteine-rich domain","Protein kinase cysteine-rich domain (cys2; phorbol-binding domain)"
"PRKCD","5580","NP_997704.1","3","217-284","Cysteine-rich domain","Protein kinase cysteine-rich domain (cys2; phorbol-binding domain)"
"PRKCD","5580","NP_997704.1","1","345-669","Protein kinase-like (PK-like)","Protein kinases; catalytic subunit"
"PSMA3","5684","NP_002779.1","1","3-245","N-terminal nucleophile aminohydrolases (Ntn hydrolases)","Proteasome subunits"
"PSMA3","5684","NP_687033.1","1","3-238","N-terminal nucleophile aminohydrolases (Ntn hydrolases)","Proteasome subunits"
"PTEN","5728","NP_000305.3","1","20-185","(Phosphotyrosine protein) phosphatases II","Dual specificity phosphatase-like"
"PTEN","5728","NP_000305.3","2","188-349","C2 domain (Calcium/lipid-binding domain; CaLB)","PLC-like (P variant)"
"PTGS1","5742","NP_000953.2","2","32-70","EGF/Laminin","EGF-type module"
"PTGS1","5742","NP_000953.2","1","73-581","Heme-dependent peroxidases","Myeloperoxidase-like"
"PTGS1","5742","NP_542158.1","2","32-70","EGF/Laminin","EGF-type module"
"PTGS1","5742","NP_542158.1","1","73-544","Heme-dependent peroxidases","Myeloperoxidase-like"
"PTGS2","5743","NP_000954.1","2","18-56","EGF/Laminin","EGF-type module"
"PTGS2","5743","NP_000954.1","1","59-568","Heme-dependent peroxidases","Myeloperoxidase-like"
"PTPRC","5788","NP_002829.2","3","389-562","Fibronectin type III","Fibronectin type III"
"PTPRC","5788","NP_002829.2","1","630-910","(Phosphotyrosine protein) phosphatases II","Higher-molecular-weight phosphotyrosine protein phosphatases"
"PTPRC","5788","NP_002829.2","2","921-1225","(Phosphotyrosine protein) phosphatases II","Higher-molecular-weight phosphotyrosine protein phosphatases"
"PTPRC","5788","NP_563578.1","3","228-401","Fibronectin type III","Fibronectin type III"
"PTPRC","5788","NP_563578.1","1","469-749","(Phosphotyrosine protein) phosphatases II","Higher-molecular-weight phosphotyrosine protein phosphatases"
"PTPRC","5788","NP_563578.1","2","760-1064","(Phosphotyrosine protein) phosphatases II","Higher-molecular-weight phosphotyrosine protein phosphatases"
"PTPRC","5788","NP_563580.1","0","-","-","-"
"PYCARD","29108","NP_037390.2","1","1-90","DEATH domain","Pyrin domain; PYD"
"PYCARD","29108","NP_037390.2","2","109-193","DEATH domain","Caspase recruitment domain; CARD"
"PYCARD","29108","NP_660183.1","1","1-90","DEATH domain","Pyrin domain; PYD"
"PYCARD","29108","NP_660183.1","2","91-174","DEATH domain","Caspase recruitment domain; CARD"
"RAB2A","5862","NP_002856.1","1","3-180","P-loop containing nucleoside triphosphate hydrolases","G proteins"
"RAD51","5888","NP_001157741.1","2","17-79","Rad51 N-terminal domain-like","DNA repair protein Rad51; N-terminal domain"
"RAD51","5888","NP_001157741.1","1","114-336","P-loop containing nucleoside triphosphate hydrolases","RecA protein-like (ATPase-domain)"
"RAD51","5888","NP_001157742.1","2","17-85","Rad51 N-terminal domain-like","DNA repair protein Rad51; N-terminal domain"
"RAD51","5888","NP_001157742.1","1","101-258","P-loop containing nucleoside triphosphate hydrolases","RecA protein-like (ATPase-domain)"
"RAD51","5888","NP_002866.2","2","17-85","Rad51 N-terminal domain-like","DNA repair protein Rad51; N-terminal domain"
"RAD51","5888","NP_002866.2","1","101-335","P-loop containing nucleoside triphosphate hydrolases","RecA protein-like (ATPase-domain)"
"RAD51 ","5888","NP_597994.3","2","17-79","Rad51 N-terminal domain-like","DNA repair protein Rad51; N-terminal domain"
"RAD51 ","5888","NP_597994.3","1","114-336","P-loop containing nucleoside triphosphate hydrolases","RecA protein-like (ATPase-domain)"
"RAMP1","10267","NP_005846.1","0","-","-","-"
"RARRES1","5918","NP_002879.2","1","51-151","Cystatin/monellin","Latexin-like"
"RARRES1","5918","NP_002879.2","2","155-227","Cystatin/monellin","Latexin-like"
"RARRES1","5918","NP_996846.1","1","51-151","Cystatin/monellin","Latexin-like"
"RARRES1","5918","NP_996846.1","2","155-227","Cystatin/monellin","Latexin-like"
"RASGEF1A","221002","NP_660356.2","1","41-477","Ras GEF","Ras GEF"
"RASSF1","11186","NP_009113.3","1","43-102","Cysteine-rich domain","Protein kinase cysteine-rich domain (cys2; phorbol-binding domain)"
"RASSF1","11186","NP_009113.3","2","205-287","Ubiquitin-like","Ras-binding domain; RBD"
"RASSF1","11186","NP_733830.1","1","53-136","Ubiquitin-like","Ras-binding domain; RBD"
"RASSF1","11186","NP_733831.1","1","135-217","Ubiquitin-like","Ras-binding domain; RBD"
"RASSF1","11186","NP_733832.1","1","43-106","Cysteine-rich domain","Protein kinase cysteine-rich domain (cys2; phorbol-binding domain)"
"RASSF1","11186","NP_733832.1","2","209-291","Ubiquitin-like","Ras-binding domain; RBD"
"RASSF2","9770","NP_055552.1","1","192-249","Ubiquitin-like","Ras-binding domain; RBD"
"RASSF2","9770","NP_055552.1","0","247-310","C-terminal domain of PLC-beta","C-terminal domain of PLC-beta"
"RASSF2","9770","NP_739580.1","1","192-249","Ubiquitin-like","Ras-binding domain; RBD"
"RASSF2","9770","NP_739580.1","0","247-310","C-terminal domain of PLC-beta","C-terminal domain of PLC-beta"
"RASSF6","166824","NP_803876.1","1","203-269","Ubiquitin-like","Ras-binding domain; RBD"
"RASSF6","166824","NP_958834.1","1","235-301","Ubiquitin-like","Ras-binding domain; RBD"
"RBP1","5947","NP_001124464.1","1","65-150","Lipocalins","Fatty acid binding protein-like"
"RBP1","5947","NP_001124465.1","1","65-147","Lipocalins","Fatty acid binding protein-like"
"RBP1","5947","NP_002890.2","1","65-196","Lipocalins","Fatty acid binding protein-like"
"RBP7","116362","NP_443192.1","1","3-133","Lipocalins","Fatty acid binding protein-like"
"RHOC","389","NP_001036143.1","1","6-177","P-loop containing nucleoside triphosphate hydrolases","G proteins"
"RHOC","389","NP_001036144.1","1","6-177","P-loop containing nucleoside triphosphate hydrolases","G proteins"
"RHOC","389","NP_786886.1","1","6-177","P-loop containing nucleoside triphosphate hydrolases","G proteins"
"RNF213","57674","NP_065965.4","2","2452-2576;2618-2693","P-loop containing nucleoside triphosphate hydrolases","Extended AAA-ATPase domain"
"RNF213","57674","NP_065965.4","3","2806-3019","P-loop containing nucleoside triphosphate hydrolases","Extended AAA-ATPase domain"
"RNF213","57674","NP_065965.4","1","4046-4090","RING/U-box","RING finger domain; C3HC4"
"RNF213","57674","NP_066005.2","0","2-24","NOB1 zinc finger-like","NOB1 zinc finger-like"
"RORB","6096","NP_008845.2","1","997-1151","Pentapeptide repeat-like","Pentapeptide repeats"
"RP54X","6191","NP_000998.1","0","51-108","Alpha-L RNA-binding motif","Tyrosyl-tRNA synthetase (TyrRS); C-terminal domain"
"RPS6KB1","6198","NP_003152.1","1","86-409","Protein kinase-like (PK-like)","Protein kinases; catalytic subunit"
"RPS6KB2","6199","NP_003943.2","1","65-385","Protein kinase-like (PK-like)","Protein kinases; catalytic subunit"
"RUNX1","861","NP_001001890.1","1","52-178","p53-like transcription factors","RUNT domain"
"RUNX1","861","NP_001116079.1","1","52-178","p53-like transcription factors","RUNT domain"
"RUNX1","861","NP_001745.2","1","79-205","p53-like transcription factors","RUNT domain"
"RUNX1","861","NP_001001890.1","1","52-178","p53-like transcription factors","RUNT domain"
"RUNX1","861","NP_001116079.1","1","52-178","p53-like transcription factors","RUNT domain"
"RUNX1","861","NP_001745.2","1","79-205","p53-like transcription factors","RUNT domain"
"RUNX1T1","862","NP_001185554.1","1","93-195","TAFH domain-like","TAFH domain-like"
"RUNX1T1","862","NP_001185554.1","2","485-527","HIT/MYND zinc finger-like","MYND zinc finger"
"RUNX1T1","862","NP_001185555.1","1","120-222","TAFH domain-like","TAFH domain-like"
"RUNX1T1","862","NP_001185555.1","2","512-554","HIT/MYND zinc finger-like","MYND zinc finger"
"RUNX1T1","862","NP_001185556.1","1","120-222","TAFH domain-like","TAFH domain-like"
"RUNX1T1","862","NP_001185556.1","2","512-554","HIT/MYND zinc finger-like","MYND zinc finger"
"RUNX1T1","862","NP_001185557.1","1","120-222","TAFH domain-like","TAFH domain-like"
"RUNX1T1","862","NP_001185557.1","2","512-554","HIT/MYND zinc finger-like","MYND zinc finger"
"RUNX1T1","862","NP_001185558.1","1","120-222","TAFH domain-like","TAFH domain-like"
"RUNX1T1","862","NP_001185558.1","2","512-554","HIT/MYND zinc finger-like","MYND zinc finger"
"RUNX1T1","862","NP_001185559.1","1","120-222","TAFH domain-like","TAFH domain-like"
"RUNX1T1","862","NP_001185559.1","2","512-554","HIT/MYND zinc finger-like","MYND zinc finger"
"RUNX1T1","862","NP_001185560.1","1","93-195","HIT/MYND zinc finger-like","MYND zinc finger"
"RUNX1T1","862","NP_001185560.1","2","485-527","HIT/MYND zinc finger-like","MYND zinc finger"
"RUNX1T1","862","NP_001185561.1 ","1","93-195","TAFH domain-like","TAFH domain-like"
"RUNX1T1","862","NP_001185561.1 ","2","485-527","HIT/MYND zinc finger-like","MYND zinc finger"
"RUNX1T1","862","NP_001185562.1","1","100-202","TAFH domain-like","TAFH domain-like"
"RUNX1T1","862","NP_001185562.1","2","492-534","HIT/MYND zinc finger-like","MYND zinc finger"
"RUNX1T1","862","NP_001185563.1","1","131-233","TAFH domain-like","TAFH domain-like"
"RUNX1T1","862","NP_001185563.1","2","523-565","HIT/MYND zinc finger-like","MYND zinc finger"
"RUNX1T1","862","NP_001185608.1","1","179-281","TAFH domain-like","TAFH domain-like"
"RUNX1T1","862","NP_001185608.1","2","571-613","HIT/MYND zinc finger-like","MYND zinc finger"
"RUNX1T1","862","NP_004340.1 ","1","93-195","TAFH domain-like","TAFH domain-like"
"RUNX1T1","862","NP_004340.1 ","2","485-527","HIT/MYND zinc finger-like","MYND zinc finger"
"RUNX1T1","862","NP_783552.1","1","120-222","TAFH domain-like","TAFH domain-like"
"RUNX1T1","862","NP_783552.1","2","512-554","HIT/MYND zinc finger-like","MYND zinc finger"
"RUNX1T1","862","NP_783553.1","1","83-185","TAFH domain-like","TAFH domain-like"
"RUNX1T1","862","NP_783553.1","2","475-517","HIT/MYND zinc finger-like","MYND zinc finger"
"RUNX1T1","862","NP_783554.1","1","83-185","TAFH domain-like","TAFH domain-like"
"RUNX1T1","862","NP_783554.1","2","475-517","HIT/MYND zinc finger-like","MYND zinc finger"
"RUVBL1","8607","NP_003698.1","1","37-152;198-436","P-loop containing nucleoside triphosphate hydrolases","Extended AAA-ATPase domain"
"S100A2","6273","NP_005969.1","1","3-91","EF-hand","S100 proteins"
"S100A4","6275","NP_002952.1","1","4-92","EF-hand","S100 proteins"
"S100A4","6275","NP_062427.1","1"," 4-92","EF-hand","S100 proteins"
"SAA1","6288","NP_000322.2","0","-","-","-"
"SAA1","6288","NP_001171477.1","0","-","-","-"
"SAA1","6288","NP_954630.1","0","-","-","-"
"SAA2","6289","NP_001120852.1","0","-","-","-"
"SAA2","6289","NP_110381.2","0","-","-","-"
"SAT1","6303","NP_002961.1","1","4-164","Acyl-CoA N-acyltransferases (Nat)","N-acetyl transferase; NAT"
"SCARA5","286133","NP_776194.2","1","391-493","SRCR-like","Scavenger receptor cysteine-rich (SRCR) domain"
"SCGB2A2","4250","NP_002402.1","1","20-90","Uteroglobin-like","Uteroglobin-like"
"SDC1","6382","NP_001006947.1","0","-","-","-"
"SDC1","6382","NP_002988.3","0","-","-","-"
"SELP","6403","NP_002996.2","1","42-159","C-type lectin-like","C-type lectin domain"
"SELP","6403","NP_002996.2","11","162-196","EGF/Laminin","EGF-type module"
"SELP","6403","NP_002996.2","7","200-264","Complement control module/SCR domain","Complement control module/SCR domain"
"SELP","6403","NP_002996.2","2","262-328","Complement control module/SCR domain","Complement control module/SCR domain"
"SELP","6403","NP_002996.2","3","317-383","Complement control module/SCR domain","Complement control module/SCR domain"
"SELP","6403","NP_002996.2","8","378-445","Complement control module/SCR domain","Complement control module/SCR domain"
"SELP","6403","NP_002996.2","6","441-507","Complement control module/SCR domain","Complement control module/SCR domain"
"SELP","6403","NP_002996.2","5","503-569","Complement control module/SCR domain","Complement control module/SCR domain"
"SELP","6403","NP_002996.2","4","565-630","Complement control module/SCR domain","Complement control module/SCR domain"
"SELP","6403","NP_002996.2","9","642-707","Complement control module/SCR domain","Complement control module/SCR domain"
"SELP","6403","NP_002996.2","10","697-762","Complement control module/SCR domain","Complement control module/SCR domain"
"SERPINA3","12","NP_001076.2","1","3-420","Serpins","Serpins"
"SERPINB2","5055","NP_001137290.1","1","3-64;98-415","Serpins","Serpins"
"SERPINB2","5055","NP_002566.1","1","3-64;98-415","Serpins","Serpins"
"SESN3","143686","NP_653266.2 ","1","60-217","AhpD-like","Atu0492-like"
"SFN","2810","NP_006133.1","1","1-232","14-3-3 protein","14-3-3 protein"
"SFRS3","6428","NP_003008.1","1","9-112","RNA-binding domain; RBD","Canonical RBD"
"SHBG","6462","NP_001031.2","1","23-197","Concanavalin A-like lectins/glucanases","Laminin G-like module"
"SHBG","6462","NP_001031.2","2","220-394","Concanavalin A-like lectins/glucanases","Laminin G-like module"
"SHBG","6462","NP_001139751.1","1","23-185","Concanavalin A-like lectins/glucanases","Laminin G-like module"
"SHBG","6462","NP_001139751.1","2","202-376","Concanavalin A-like lectins/glucanases","Laminin G-like module"
"SHBG","6462","NP_001139752.1","1","23-197","Concanavalin A-like lectins/glucanases","Laminin G-like module"
"SHBG","6462","NP_001139752.1","0","217-284","Concanavalin A-like lectins/glucanases","Laminin G-like module"
"SHBG","6462","NP_001139753.1","1","23-197","Concanavalin A-like lectins/glucanases","Laminin G-like module"
"SHBG","6462","NP_001139753.1","0","234-279","Concanavalin A-like lectins/glucanases","Laminin G-like module"
"SHD","56961","NP_064594.3","1","216-335","SH2 domain","SH2 domain"
"SIN3B","23309","NP_056075.1","2","35-105","PAH2 domain","PAH2 domain"
"SIN3B","23309","NP_056075.1","1","157-237","PAH2 domain","PAH2 domain"
"SIN3B","23309","NP_056075.1","3","300-368","PAH2 domain","PAH2 domain"
"SKP2","6502","NP_005974.2","2","89-143","F-box domain","F-box domain"
"SKP2","6502","NP_005974.2","1","157-395","RNI-like","Cyclin A/CDK2-associated p19; Skp2"
"SKP2","6502","NP_116026.1","2","89-143","F-box domain","F-box domain"
"SKP2","6502","NP_116026.1","1","157-353","RNI-like","Cyclin A/CDK2-associated p19; Skp2"
"SLC18A2","6751","NP_001040.1","1","47-343","Family A G protein-coupled receptor-like","Rhodopsin-like"
"SLC24A3","57419","NP_065740.2","0","-","-","-"
"SLC26A2","1836","NP_000103.2","0","199-267","Dhaf3308-like","Dhaf3308-like"
"SLC26A2","1836","NP_000103.2","1","572-602;641-719","SpoIIaa-like","Anti-sigma factor antagonist SpoIIaa"
"SLC29A2","3177","NP_001523.2","1","17-231;274-451","MFS general substrate transporter","LacY-like proton/sugar symporter"
"SLC2A5","6518","NP_001129057.1","1","19-182","MFS general substrate transporter","LacY-like proton/sugar symporter"
"SLC2A5","6518","NP_003030.1","1","19-467","MFS general substrate transporter","LacY-like proton/sugar symporter"
"SLC38A1","81539","NP_001070952.1","0","-","-","-"
"SLC38A1","81539","NP_109599.3","0","-","-","-"
"SLC47A1","55244","NP_060712.2","0","-","-","-"
"SMYD2","56950","NP_064582.2","1","8-263","SET domain","Viral histone H3 Lysine 27 Methyltransferase"
"SMYD2","56950","NP_064582.2","2","344-416","TPR-like","Tetratricopeptide repeat (TPR)"
"SNAPC1","6617","NP_003073.1","0","-","-","-"
"SORBS2","8470","NP_001139142.1","1","408-481","SH3-domain","SH3-domain"
"SORBS2","8470","NP_001139142.1","2","472-561","SH3-domain","SH3-domain"
"SORBS2","8470","NP_001139142.1","3","583-643","SH3-domain","SH3-domain"
"SORBS2","8470","NP_001139143.1","1","495-567","SH3-domain","SH3-domain"
"SORBS2","8470","NP_001139143.1","2","559-648","SH3-domain","SH3-domain"
"SORBS2","8470","NP_001139143.1","3","670-730","SH3-domain","SH3-domain"
"SORBS2","8470","NP_001139144.1","1","425-498","SH3-domain","SH3-domain"
"SORBS2","8470","NP_001139144.1","2","489-578","SH3-domain","SH3-domain"
"SORBS2","8470","NP_001139144.1","3","600-660","SH3-domain","SH3-domain"
"SORBS2","8470","NP_001139145.1","1","588-661","SH3-domain","SH3-domain"
"SORBS2","8470","NP_001139145.1","2","652-741","SH3-domain","SH3-domain"
"SORBS2","8470","NP_001139145.1","3","763-823","SH3-domain","SH3-domain"
"SORBS2","8470","NP_001139146.1","1","768-841","SH3-domain","SH3-domain"
"SORBS2","8470","NP_001139146.1","2","832-920","SH3-domain","SH3-domain"
"SORBS2","8470","NP_001139146.1","3","943-1003","SH3-domain","SH3-domain"
"SORBS2","8470","NP_001139147.1","1","256-329","SH3-domain","SH3-domain"
"SORBS2","8470","NP_001139147.1","2","320-409","SH3-domain","SH3-domain"
"SORBS2","8470","NP_001139147.1","3","431-491","SH3-domain","SH3-domain"
"SORBS2","8470","NP_003594.3","1","430-503","SH3-domain","SH3-domain"
"SORBS2","8470","NP_003594.3","2","494-583","SH3-domain","SH3-domain"
"SORBS2","8470","NP_003594.3","3","605-665","SH3-domain","SH3-domain"
"SORBS2","8470","NP_066547.1","1","864-937","SH3-domain","SH3-domain"
"SORBS2","8470","NP_066547.1","2","928-1016","SH3-domain","SH3-domain"
"SORBS2","8470","NP_066547.1","3","1039-1099","SH3-domain","SH3-domain"
"SOX2","6657","NP_003097.1","1","34-113","HMG-box","HMG-box"
"SPDEF","25803","NP_036523.1","2","114-214","SAM/Pointed domain","Pointed domain"
"SPHK1","8877","NP_001136073.1","1","13-212;248-362","NAD kinase/diacylglycerol kinase-like","Diacylglycerol kinase-like"
"SPHK1","8877","NP_001136074.1","1","13-212;248-362","NAD kinase/diacylglycerol kinase-like","Diacylglycerol kinase-like"
"SPHK1","8877","NP_068807.2","1","27-226;262-376","NAD kinase/diacylglycerol kinase-like","Diacylglycerol kinase-like"
"SPHK1","8877","NP_892010.2","1","99-298;334-448","NAD kinase/diacylglycerol kinase-like","Diacylglycerol kinase-like"
"SPP1","6696","NP_000573.1","0","-","-","-"
"SPP1","6696","NP_001035147.1","0","-","-","-"
"SPP1","6696","NP_001035149.1","0","-","-","-"
"SPRY2","10253","NP_005833.1","0","-","-","-"
"SPTLC1","10558","NP_006406.1","1","58-469","PLP-dependent transferases","GABA-aminotransferase-like"
"SPTLC1","10558","NP_847894.1","1","56-142","PLP-dependent transferases","GABA-aminotransferase-like"
"SRC","6714","NP_005408.1","3","64-156","SH3-domain","SH3-domain"
"SRC","6714","NP_005408.1","2","146-290","SH2 domain","SH2 domain"
"SRC","6714","NP_005408.1","1","259-529","Protein kinase-like (PK-like)","Protein kinases; catalytic subunit"
"SRPX","8406","NP_001164221.1","3","57-109","Complement control module/SCR domain","Complement control module/SCR domain"
"SRPX","8406","NP_001164221.1","2","94-155","Complement control module/SCR domain","Complement control module/SCR domain"
"SRPX","8406","NP_001164221.1","1","241-299","Complement control module/SCR domain","Complement control module/SCR domain"
"SRPX","8406","NP_001164222.1","2","56-117","Complement control module/SCR domain","Complement control module/SCR domain"
"SRPX","8406","NP_001164222.1","1","202-260","Complement control module/SCR domain","Complement control module/SCR domain"
"SRPX","8406","NP_001164223.1","3","77-129","Complement control module/SCR domain","Complement control module/SCR domain"
"SRPX","8406","NP_001164223.1","2","114-175","Complement control module/SCR domain","Complement control module/SCR domain"
"SRPX","8406","NP_001164223.1","1","261-319","Complement control module/SCR domain","Complement control module/SCR domain"
"SRPX","8406","NP_006298.1","3","77-129","Complement control module/SCR domain","Complement control module/SCR domain"
"SRPX","8406","NP_006298.1","2","114-175","Complement control module/SCR domain","Complement control module/SCR domain"
"SRPX","8406","NP_006298.1","1","261-319","Complement control module/SCR domain","Complement control module/SCR domain"
"ST6GAL1","6480","NP_003023.1","0","90-121","eIF4e-like","Translation initiation factor eIF4e"
"ST6GAL1","6480","NP_775323.1","0","90-121","eIF4e-like","Translation initiation factor eIF4e"
"ST6GAL1","6480","NP_775324.1","0","-","-","-"
"ST8SIA4","7903","NP_005659.1","0","-","-","-"
"ST8SIA4","7903","NP_778222.1","0","-","-","-"
"STK11","6794","NP_000446.1","1","41-336","Protein kinase-like (PK-like)","Protein kinases; catalytic subunit"
"SULT1A1","6817","NP_001046.2","1","9-293","P-loop containing nucleoside triphosphate hydrolases","PAPS sulfotransferase"
"SULT1A1","6817","NP_803565.1","1","9-293","P-loop containing nucleoside triphosphate hydrolases","PAPS sulfotransferase"
"SULT1A1","6817","NP_803566.1","1","9-293","P-loop containing nucleoside triphosphate hydrolases","PAPS sulfotransferase"
"SULT1A1","6817","NP_803878.1","1","9-293","P-loop containing nucleoside triphosphate hydrolases","PAPS sulfotransferase"
"SULT1A1","6817","NP_803880.1","1","42-215","P-loop containing nucleoside triphosphate hydrolases","PAPS sulfotransferase"
"SULT1E1","6783","NP_005411.1","1","10-293","P-loop containing nucleoside triphosphate hydrolases","PAPS sulfotransferase"
"TBX3","6926","NP_005987.3","1","103-285","p53-like transcription factors","T-box"
"TBX3","6926","NP_057653.3","1","103-305","p53-like transcription factors","T-box"
"TCEAL7","56849","NP_689491.1","0","-","-","-"
"TCEB3","6924","NP_003189.2","1","29-117","Conserved domain common to transcription factors TFIIS; elongin A; CRSP70","Conserved domain common to transcription factors TFIIS; elongin A; CRSP70"
"TCEB3","6924","NP_003189.2","0","599-659","F-box domain","F-box domain"
"TFAM","7019","NP_003192.1","2","49-136","HMG-box","HMG-box"
"TFAM","7019","NP_003192.1","1","144-232","HMG-box","HMG-box"
"TFAP2A","7020","NP_001027451.1","1","340-606;792-832;884-","Cysteine proteinases","Ubiquitin carboxyl-terminal hydrolase; UCH"
"TFAP2A","7020","NP_001035890.1","0","-","-","-"
"TFAP2A","7020","NP_003211.1","0","-","-","-"
"TFF1","7031","NP_003216.1","1","28-83","Trefoil","Trefoil"
"TFF3","7033","NP_003217.3","1","41-88","Trefoil","Trefoil"
"THBS2","7058","NP_003238.2","2","25-226","Concanavalin A-like lectins/glucanases","Laminin G-like module"
"THBS2","7058","NP_003238.2","7","318-376","FnI-like domain","VWC domain"
"THBS2","7058","NP_003238.2","9","382-430","TSP-1 type 1 repeat","TSP-1 type 1 repeat"
"THBS2","7058","NP_003238.2","6","436-491","TSP-1 type 1 repeat","TSP-1 type 1 repeat"
"THBS2","7058","NP_003238.2","5","493-544","TSP-1 type 1 repeat","TSP-1 type 1 repeat"
"THBS2","7058","NP_003238.2","10","549-602","EGF/Laminin","EGF-type module"
"THBS2","7058","NP_003238.2","8","693-777","TSP type-3 repeat","TSP type-3 repeat"
"THBS2","7058","NP_003238.2","4","766-837","TSP type-3 repeat","TSP type-3 repeat"
"THBS2","7058","NP_003238.2","3","834-956","TSP type-3 repeat","TSP type-3 repeat"
"THBS2","7058","NP_003238.2","1","957-1171","Concanavalin A-like lectins/glucanases","Thrombospondin C-terminal domain"
"THRB","7068","NP_000452.2","2","105-194","Glucocorticoid receptor-like (DNA-binding domain)","Nuclear receptor"
"THRB","7068","NP_000452.2","1","215-459","Nuclear receptor ligand-binding domain","Nuclear receptor ligand-binding domain"
"THRB","7068","NP_001121648.1","2","105-194","Glucocorticoid receptor-like (DNA-binding domain)","Nuclear receptor"
"THRB","7068","NP_001121648.1","1","215-459","Nuclear receptor ligand-binding domain","Nuclear receptor ligand-binding domain"
"THRB","7068","NP_001121649.1","2","105-194","Glucocorticoid receptor-like (DNA-binding domain)","Nuclear receptor"
"THRB","7068","NP_001121649.1","1","215-459","Nuclear receptor ligand-binding domain","Nuclear receptor ligand-binding domain"
"TIMP1","7076","NP_003245.1","1","24-202","TIMP-like","Tissue inhibitor of metalloproteinases; TIMP"
"TMC5","79838","NP_001098718.1","0","-","-","-"
"TMC5","79838","NP_001098719.1","0","-","-","-"
"TMC5","79838","NP_079056.2","0","-","-","-"
"TMEFF1","8577","NP_003683.2","1","78-143","Kazal-type serine protease inhibitors","Ovomucoid domain III-like"
"TMEFF1","8577","NP_003683.2","3","178-235","Kazal-type serine protease inhibitors","Ovomucoid domain III-like"
"TMEFF1","8577","NP_003683.2","2","270-315","EGF/Laminin","EGF-type module"
"TMEM101","84336","NP_115752.1","0","50-96","2-methylcitrate dehydratase PrpD","2-methylcitrate dehydratase PrpD"
"TMEM132C","92293","NP_001129575.2","0","-","-","-"
"TMEM9B","56674","NP_065695.1","0","-","-","-"
"TMSB10","9168","NP_066926.1","0","-","-","-"
"TNFAIP3","7128","NP_006281.1","0","610-640","Glucocorticoid receptor-like (DNA-binding domain)","A20-like zinc finger"
"TNFAIP3","7128","NP_006281.1","0","661-698","Glucocorticoid receptor-like (DNA-binding domain)","A20-like zinc finger"
"TNFAIP3","7128","NP_006281.1","0","476-562","Multiheme cytochromes","Di-heme elbow motif"
"TNFRSF10C","8794","NP_003832.2","1","41-86","TNF receptor-like","TNF receptor-like"
"TNFRSF10C","8794","NP_003832.2","3","88-126","TNF receptor-like","TNF receptor-like"
"TNFRSF10C","8794","NP_003832.2","2","127-155","TNF receptor-like","TNF receptor-like"
"TNXB","7148","NP_061978.6","29","757-838","Fibronectin type III","Fibronectin type III"
"TNXB","7148","NP_061978.6","24","838-926","Fibronectin type III","Fibronectin type III"
"TNXB","7148","NP_061978.6","30","959-1039","Fibronectin type III","Fibronectin type III"
"TNXB","7148","NP_061978.6","2","1062-1230","Fibronectin type III","Fibronectin type III"
"TNXB","7148","NP_061978.6","23","1265-1347","Fibronectin type III","Fibronectin type III"
"TNXB","7148","NP_061978.6","25","1373-1458","Fibronectin type III","Fibronectin type III"
"TNXB","7148","NP_061978.6","5","1478-1648","Fibronectin type III","Fibronectin type III"
"TNXB","7148","NP_061978.6","20","1673-1759","Fibronectin type III","Fibronectin type III"
"TNXB","7148","NP_061978.6","26","1774-1862","Fibronectin type III","Fibronectin type III"
"TNXB","7148","NP_061978.6","28","1885-1967","Fibronectin type III","Fibronectin type III"
"TNXB","7148","NP_061978.6","7","1990-2073","Fibronectin type III","Fibronectin type III"
"TNXB","7148","NP_061978.6","18","2099-2181","Fibronectin type III","Fibronectin type III"
"TNXB","7148","NP_061978.6","22","2198-2280","Fibronectin type III","Fibronectin type III"
"TNXB","7148","NP_061978.6","8","2307-2389","Fibronectin type III","Fibronectin type III"
"TNXB","7148","NP_061978.6","11","2408-2497","Fibronectin type III","Fibronectin type III"
"TNXB","7148","NP_061978.6","17","2517-2608","Fibronectin type III","Fibronectin type III"
"TNXB","7148","NP_061978.6","12","2631-2714","Fibronectin type III","Fibronectin type III"
"TNXB","7148","NP_061978.6","14","2732-2822","Fibronectin type III","Fibronectin type III"
"TNXB","7148","NP_061978.6","6","2838-2928","Fibronectin type III","Fibronectin type III"
"TNXB","7148","NP_061978.6","15","2946-3036","Fibronectin type III","Fibronectin type III"
"TNXB","7148","NP_061978.6","9","3061-3144","Fibronectin type III","Fibronectin type III"
"TNXB","7148","NP_061978.6","10","3164-3250","Fibronectin type III","Fibronectin type III"
"TNXB","7148","NP_061978.6","27","3266-3353","Fibronectin type III","Fibronectin type III"
"TNXB","7148","NP_061978.6","16","3355-3439","Fibronectin type III","Fibronectin type III"
"TNXB","7148","NP_061978.6","13","3445-3533","Fibronectin type III","Fibronectin type III"
"TNXB","7148","NP_061978.6","19","3558-3640","Fibronectin type III","Fibronectin type III"
"TNXB","7148","NP_061978.6","21","3656-3749","Fibronectin type III","Fibronectin type III"
"TNXB","7148","NP_061978.6","3","3753-3841","Fibronectin type III","Fibronectin type III"
"TNXB","7148","NP_061978.6","4","3841-4003","Fibronectin type III","Fibronectin type III"
"TNXB","7148","NP_061978.6","1","4023-4236","Fibrinogen C-terminal domain-like","Fibrinogen C-terminal domain-like"
"TNXB","7148","NP_115859.2","5","1-71","Fibronectin type III","Fibronectin type III"
"TNXB","7148","NP_115859.2","4"," 87-180","Fibronectin type III","Fibronectin type III"
"TNXB","7148","NP_115859.2","2","184-272","Fibronectin type III","Fibronectin type III"
"TNXB","7148","NP_115859.2","3","272-434","Fibronectin type III","Fibronectin type III"
"TNXB","7148","NP_115859.2","1","454-667","Fibrinogen C-terminal domain-like","Fibrinogen C-terminal domain-like"
"TP53","7157","NP_000537.3","1","97-287","p53-like transcription factors","p53 DNA-binding domain-like"
"TP53","7157","NP_000537.3","2","319-357","p53 tetramerization domain","p53 tetramerization domain"
"TP53","7157","NP_001119584.1","1","97-287","p53-like transcription factors","p53 DNA-binding domain-like"
"TP53","7157","NP_001119584.1","2","319-357","p53 tetramerization domain","p53 tetramerization domain"
"TP53","7157","NP_001119585.1","1","97-287","p53-like transcription factors","p53 DNA-binding domain-like"
"TP53","7157","NP_001119586.1","1","97-287","p53-like transcription factors","p53 DNA-binding domain-like"
"TP53","7157","NP_001119587.1","1","1-155","p53-like transcription factors","p53 DNA-binding domain-like"
"TP53","7157","NP_001119587.1","2","187-225","p53 tetramerization domain","p53 tetramerization domain"
"TP53","7157","NP_001119588.1","1","1-155","p53-like transcription factors","p53 DNA-binding domain-like"
"TP53","7157","NP_001119589.1","1","1-155","p53-like transcription factors","p53 DNA-binding domain-like"
"TRO","7216","NP_001034794.1","1","997-1151","Pentapeptide repeat-like","Pentapeptide repeats"
"TRO","7216","NP_057241.2","0","-","-","-"
"TRO","7216","NP_808224.1","0","-","-","-"
"TRPC1","7220","NP_003295.1","1","44-168","Ankyrin repeat","Ankyrin repeat"
"TSHZ3","57616","NP_065907.2","0","-","-","-"
"TTC5","91875","NP_612385.2","1","91-140;168-274","TPR-like","Tetratricopeptide repeat (TPR)"
"TTC5","91875","NP_612385.2","0","8-94","Spectrin repeat","Spectrin repeat"
"TTK","7272","NP_001160163.1","2","91-179","TPR-like","Tetratricopeptide repeat (TPR)"
"TTK","7272","NP_001160163.1","1","515-791","Protein kinase-like (PK-like)","Protein kinases; catalytic subunit"
"TTK","7272","NP_003309.2","2","91-179","TPR-like","Tetratricopeptide repeat (TPR)"
"TTK","7272","NP_003309.2","1","516-792","Protein kinase-like (PK-like)","Protein kinases; catalytic subunit"
"TWIST2","117581","NP_476527.1","1","66-142","HLH; helix-loop-helix DNA-binding domain","HLH; helix-loop-helix DNA-binding domain"
"TYMP","1890","NP_001107227.1","3","36-102","Nucleoside phosphorylase/phosphoribosyltransferase N-terminal domain","Nucleoside phosphorylase/phosphoribosyltransferase N-terminal domain"
"TYMP","1890","NP_001107227.1","1","106-357","Nucleoside phosphorylase/phosphoribosyltransferase catalytic domain","Nucleoside phosphorylase/phosphoribosyltransferase catalytic domain"
"TYMP","1890","NP_001107227.1","2","375-471","Pyrimidine nucleoside phosphorylase C-terminal domain","Pyrimidine nucleoside phosphorylase C-terminal domain"
"TYMP","1890","NP_001107228.1","3","36-102","Nucleoside phosphorylase/phosphoribosyltransferase N-terminal domain","Nucleoside phosphorylase/phosphoribosyltransferase N-terminal domain"
"TYMP","1890","NP_001107228.1","1","106-357","Nucleoside phosphorylase/phosphoribosyltransferase catalytic domain","Nucleoside phosphorylase/phosphoribosyltransferase catalytic domain"
"TYMP","1890","NP_001107228.1","2","375-471","Pyrimidine nucleoside phosphorylase C-terminal domain","Pyrimidine nucleoside phosphorylase C-terminal domain"
"TYMP","1890","NP_001944.1","3","36-102","Nucleoside phosphorylase/phosphoribosyltransferase N-terminal domain","Nucleoside phosphorylase/phosphoribosyltransferase N-terminal domain"
"TYMP","1890","NP_001944.1","1","106-357","Nucleoside phosphorylase/phosphoribosyltransferase catalytic domain","Nucleoside phosphorylase/phosphoribosyltransferase catalytic domain"
"TYMP","1890","NP_001944.1","2","375-471","Pyrimidine nucleoside phosphorylase C-terminal domain","Pyrimidine nucleoside phosphorylase C-terminal domain"
"TYMS","7298","NP_001062.1","1","26-313","Thymidylate synthase/dCMP hydroxymethylase","Thymidylate synthase/dCMP hydroxymethylase"
"UBE2E2","7325","NP_689866.1","1","37-200","UBC-like","UBC-related"
"UCHL1","7345","NP_004172.2","1","3-221","Cysteine proteinases","Ubiquitin carboxyl-terminal hydrolase UCH-L"
"UGT1A1","54658","NP_000454.1","1","29-471","UDP-Glycosyltransferase/glycogen phosphorylase","UDPGT-like"
"USP37","57695","NP_065986.2","0","-","-","-"
"VEGFA","7422","NP_001020537.2","1","216-314","Cystine-knot cytokines","Platelet-derived growth factor-like"
"VEGFA","7422","NP_001020537.2","2","362-412","Heparin-binding domain from vascular endothelial growth factor","Heparin-binding domain from vascular endothelial growth factor"
"VEGFA","7422","NP_001020538.2","1","216-314","Cystine-knot cytokines","Platelet-derived growth factor-like"
"VEGFA","7422","NP_001020538.2","2","337-389","Heparin-binding domain from vascular endothelial growth factor","Heparin-binding domain from vascular endothelial growth factor"
"VEGFA","7422","NP_001020539.2","1","216-314","Cystine-knot cytokines","Platelet-derived growth factor-like"
"VEGFA","7422","NP_001020539.2","2","318-371","Heparin-binding domain from vascular endothelial growth factor","Heparin-binding domain from vascular endothelial growth factor"
"VEGFA","7422","NP_001020540.2","1","216-314","Cystine-knot cytokines","Platelet-derived growth factor-like"
"VEGFA","7422","NP_001020540.2","2","318-353","Heparin-binding domain from vascular endothelial growth factor","Heparin-binding domain from vascular endothelial growth factor"
"VEGFA","7422","NP_001020541.2","1","216-314","Cystine-knot cytokines","Platelet-derived growth factor-like"
"VEGFA","7422","NP_001028928.1","1","216-314","Cystine-knot cytokines","Platelet-derived growth factor-like"
"VEGFA","7422","NP_001028928.1","2","318-366","Heparin-binding domain from vascular endothelial growth factor","Heparin-binding domain from vascular endothelial growth factor"
"VEGFA","7422","NP_001165093.1","1","216-313","Cystine-knot cytokines","Platelet-derived growth factor-like"
"VEGFA","7422","NP_001165094.1","1","36-134","Cystine-knot cytokines","Platelet-derived growth factor-like"
"VEGFA","7422","NP_001165094.1","2","182-232","Heparin-binding domain from vascular endothelial growth factor","Heparin-binding domain from vascular endothelial growth factor"
"VEGFA","7422","NP_001165095.1","1","36-134","Cystine-knot cytokines","Platelet-derived growth factor-like"
"VEGFA","7422","NP_001165095.1","2","163-215","Heparin-binding domain from vascular endothelial growth factor","Heparin-binding domain from vascular endothelial growth factor"
"VEGFA","7422","NP_001165096.1","1","36-134","Cystine-knot cytokines","Platelet-derived growth factor-like"
"VEGFA","7422","NP_001165096.1","2","157-209","Heparin-binding domain from vascular endothelial growth factor","Heparin-binding domain from vascular endothelial growth factor"
"VEGFA","7422","NP_001165097.1","1","36-134","Cystine-knot cytokines","Platelet-derived growth factor-like"
"VEGFA","7422","NP_001165097.1","2","138-191","Heparin-binding domain from vascular endothelial growth factor","Heparin-binding domain from vascular endothelial growth factor"
"VEGFA","7422","NP_001165098.1","1","36-134","Cystine-knot cytokines","Platelet-derived growth factor-like"
"VEGFA","7422","NP_001165098.1","2","138-173","Heparin-binding domain from vascular endothelial growth factor","Heparin-binding domain from vascular endothelial growth factor"
"VEGFA","7422","NP_001165099.1","1","36-134","Cystine-knot cytokines","Platelet-derived growth factor-like"
"VEGFA","7422","NP_001165100.1","1","36-134","Heparin-binding domain from vascular endothelial growth factor","Heparin-binding domain from vascular endothelial growth factor"
"VEGFA","7422","NP_001165100.1","2","138-186","Cystine-knot cytokines","Platelet-derived growth factor-like"
"VEGFA","7422","NP_001165101.1","1","36-133","Cystine-knot cytokines","Platelet-derived growth factor-like"
"VEGFA","7422","NP_001191313.1","1","36-134","Cystine-knot cytokines","Platelet-derived growth factor-like"
"VEGFA","7422","NP_001191314.1","1","216-314","Cystine-knot cytokines","Platelet-derived growth factor-like"
"VEGFA","7422","NP_003367.4","1","216-314","Cystine-knot cytokines","Platelet-derived growth factor-like"
"VEGFA","7422","NP_003367.4","2","343-395","Heparin-binding domain from vascular endothelial growth factor","Heparin-binding domain from vascular endothelial growth factor"
"VGLL1","51442","NP_057351.1","0","-","-","-"
"VGLL3","389136","NP_057290.2","0","-","-","-"
"VIM","7431","NP_003371.2","2","101-138","Intermediate filament protein; coiled coil region","Intermediate filament protein; coiled coil region"
"VIM","7431","NP_003371.2","1","328-406","Intermediate filament protein; coiled coil region","Intermediate filament protein; coiled coil region"
"VOPP1","81552","NP_110423.3","0","-","-","-"
"VPS36","51028","NP_057159.2","1","5-131","PH domain-like","VPS36 N-terminal domain-like"
"VPS36","51028","NP_057159.2","3","189-311","Winged helix DNA-binding domain","Vacuolar sorting protein domain"
"VPS36","51028","NP_057159.2","2","277-385","Winged helix DNA-binding domain","MarR-like transcriptional regulators"
"WNT7A","7476","NP_004616.2","0","-","-","-"
"XYLT1","64131","NP_071449.1","0","-","-","-"
"YES1","7525","NP_005424.1","3","82-204","SH3-domain","SH3-domain"
"YES1","7525","NP_005424.1","2","153-297","SH2 domain","SH2 domain"
"YES1","7525","NP_005424.1","1","266-535","Protein kinase-like (PK-like)","Protein kinases; catalytic subunit"
"YWHAB","7529","NP_003395.1","1","3-233","14-3-3 protein","14-3-3 protein"
"YWHAB","7529","NP_647539.1","1","3-233","14-3-3 protein","14-3-3 protein"
"ZBED1","9189","NP_001164606.1","2","23-80","beta-beta-alpha zinc fingers","BED zinc finger"
"ZBED1","9189","NP_001164606.1","3","120-178","Hermes dimerisation domain","Hermes dimerisation domain"
"ZBED1","9189","NP_001164606.1","1","184-652","Ribonuclease H-like","Hermes transposase-like"
"ZBED1","9189","NP_001164607.1","2","23-80","beta-beta-alpha zinc fingers","BED zinc finger"
"ZBED1","9189","NP_001164607.1","3","120-178","Hermes dimerisation domain","Hermes dimerisation domain"
"ZBED1","9189","NP_001164607.1","1","184-652","Ribonuclease H-like","Hermes transposase-like"
"ZBED1","9189","NP_004720.1","2","23-80","beta-beta-alpha zinc fingers","BED zinc finger"
"ZBED1","9189","NP_004720.1","3","120-178","Hermes dimerisation domain","Hermes dimerisation domain"
"ZBED1","9189","NP_004720.1","1","184-652","Ribonuclease H-like","Hermes transposase-like"
"ZEB1","6935","NP_001121600.1","4","154-206","beta-beta-alpha zinc fingers","Classic zinc finger; C2H2"
"ZEB1","6935","NP_001121600.1","2","222-271","beta-beta-alpha zinc fingers","Classic zinc finger; C2H2"
"ZEB1","6935","NP_001121600.1","5","577-624","Homeodomain-like","Homeodomain"
"ZEB1","6935","NP_001121600.1","3","883-918","beta-beta-alpha zinc fingers","Classic zinc finger; C2H2"
"ZEB1","6935","NP_001121600.1","1","910-962","beta-beta-alpha zinc fingers","Classic zinc finger; C2H2"
"ZEB1","6935","NP_001167564.1","4","150-202","beta-beta-alpha zinc fingers","Classic zinc finger; C2H2"
"ZEB1","6935","NP_001167564.1","2","218-267","beta-beta-alpha zinc fingers","Classic zinc finger; C2H2"
"ZEB1","6935","NP_001167564.1","5","573-620","Homeodomain-like","Homeodomain"
"ZEB1","6935","NP_001167564.1","3","879-914","beta-beta-alpha zinc fingers","Classic zinc finger; C2H2"
"ZEB1","6935","NP_001167564.1","1","906-958","beta-beta-alpha zinc fingers","Classic zinc finger; C2H2"
"ZEB1","6935","NP_001167565.1","4","153-205","beta-beta-alpha zinc fingers","Classic zinc finger; C2H2"
"ZEB1","6935","NP_001167565.1","2","221-270","beta-beta-alpha zinc fingers","Classic zinc finger; C2H2"
"ZEB1","6935","NP_001167565.1","5","576-623","Homeodomain-like","Homeodomain"
"ZEB1","6935","NP_001167565.1","3","882-917","beta-beta-alpha zinc fingers","Classic zinc finger; C2H2"
"ZEB1","6935","NP_001167565.1","1","909-961","beta-beta-alpha zinc fingers","Classic zinc finger; C2H2"
"ZEB1","6935","NP_001167566.1","4","103-155","beta-beta-alpha zinc fingers","Classic zinc finger; C2H2"
"ZEB1","6935","NP_001167566.1","2","171-220","beta-beta-alpha zinc fingers","Classic zinc finger; C2H2"
"ZEB1","6935","NP_001167566.1","5","526-573","Homeodomain-like","Homeodomain"
"ZEB1","6935","NP_001167566.1","3","832-868","beta-beta-alpha zinc fingers","Classic zinc finger; C2H2"
"ZEB1","6935","NP_001167566.1","1","859-911","beta-beta-alpha zinc fingers","Classic zinc finger; C2H2"
"ZEB1","6935","NP_001167567.1","4","171-223","beta-beta-alpha zinc fingers","Classic zinc finger; C2H2"
"ZEB1","6935","NP_001167567.1","2","239-288","beta-beta-alpha zinc fingers","Classic zinc finger; C2H2"
"ZEB1","6935","NP_001167567.1","5","594-641","Homeodomain-like","Homeodomain"
"ZEB1","6935","NP_001167567.1","3","900-935","beta-beta-alpha zinc fingers","Classic zinc finger; C2H2"
"ZEB1","6935","NP_001167567.1","1","927-979","beta-beta-alpha zinc fingers","Classic zinc finger; C2H2"
"ZEB1","6935","NP_110378.3","4","170-222","beta-beta-alpha zinc fingers","Classic zinc finger; C2H2"
"ZEB1","6935","NP_110378.3","2","238-287","beta-beta-alpha zinc fingers","Classic zinc finger; C2H2"
"ZEB1","6935","NP_110378.3","5","593-640","Homeodomain-like","Homeodomain"
"ZEB1","6935","NP_110378.3","3","899-934","beta-beta-alpha zinc fingers","Classic zinc finger; C2H2"
"ZEB1","6935","NP_110378.3","1","926-978","beta-beta-alpha zinc fingers","Classic zinc finger; C2H2"
"ZIC1","7545","NP_003403.2","1","283-338","beta-beta-alpha zinc fingers ","Classic zinc finger; C2H2"
"ZIC1","7545","NP_003403.2","2","330-384","beta-beta-alpha zinc fingers ","Classic zinc finger; C2H2"
"ZMYND19","116225","NP_612471.1","2","57-106","His-Me finger endonucleases","Intron-encoded homing endonucleases"
"ZMYND19","116225","NP_612471.1","1","166-215","HIT/MYND zinc finger-like","MYND zinc finger"
"ZNF207","7756","NP_001027464.1","0","12-60","beta-beta-alpha zinc fingers","Classic zinc finger; C2H2"
"ZNF207","7756","NP_001091977.1","0","12-60","beta-beta-alpha zinc fingers","Classic zinc finger; C2H2"
"ZNF207","7756","NP_003448.1","0","12-60","beta-beta-alpha zinc fingers","Classic zinc finger; C2H2"
"","0","","0","","",""
"","0","","0","","",""
"","0","","0","","",""
"","0","","0","","",""
"","0","","0","","",""
"","0","","0","","",""
"","0","","0","","",""
"","0","","0","","",""
"","0","","0","","",""
"","0","","0","","",""
"","0","","0","","",""
"","0","","0","","",""
"","0","","0","","",""
"","0","","0","","",""
"","0","","0","","",""
"","0","","0","","",""
"","0","","0","","",""
"","0","","0","","",""
"","0","","0","","",""
"","0","","0","","",""
"","0","","0","","",""
"","0","","0","","",""
"","0","","0","","",""
"","0","","0","","",""
"","0","","0","","",""
"","0","","0","","",""
"","0","","0","","",""
"","0","","0","","",""
"","0","","0","","",""
"","0","","0","","",""
